ISO-10303-21;
HEADER;
FILE_DESCRIPTION(('FreeCAD Model'),'2;1');
FILE_NAME('Open CASCADE Shape Model','2026-01-12T17:16:15',(''),(''),
  'Open CASCADE STEP processor 7.8','FreeCAD','Unknown');
FILE_SCHEMA(('AUTOMOTIVE_DESIGN { 1 0 10303 214 1 1 1 1 }'));
ENDSEC;
DATA;
#1 = APPLICATION_PROTOCOL_DEFINITION('international standard',
  'automotive_design',2000,#2);
#2 = APPLICATION_CONTEXT(
  'core data for automotive mechanical design processes');
#3 = SHAPE_DEFINITION_REPRESENTATION(#4,#10);
#4 = PRODUCT_DEFINITION_SHAPE('','',#5);
#5 = PRODUCT_DEFINITION('design','',#6,#9);
#6 = PRODUCT_DEFINITION_FORMATION('','',#7);
#7 = PRODUCT('TopPlate_left','TopPlate_left','',(#8));
#8 = PRODUCT_CONTEXT('',#2,'mechanical');
#9 = PRODUCT_DEFINITION_CONTEXT('part definition',#2,'design');
#10 = ADVANCED_BREP_SHAPE_REPRESENTATION('',(#11,#15),#21454);
#11 = AXIS2_PLACEMENT_3D('',#12,#13,#14);
#12 = CARTESIAN_POINT('',(0.,0.,0.));
#13 = DIRECTION('',(0.,0.,1.));
#14 = DIRECTION('',(1.,0.,-0.));
#15 = MANIFOLD_SOLID_BREP('',#16);
#16 = CLOSED_SHELL('',(#17,#57,#88,#119,#150,#181,#212,#243,#274,#305,
    #336,#367,#398,#429,#460,#491,#522,#553,#584,#615,#646,#677,#708,
    #739,#770,#801,#832,#863,#894,#925,#956,#987,#1018,#1049,#1080,#1111
    ,#1142,#1173,#1204,#1235,#1266,#1297,#1328,#1359,#1390,#1421,#6340,
    #6371,#6395,#6419,#6443,#6467,#6491,#6515,#6539,#6563,#6587,#6611,
    #6635,#6659,#6683,#6707,#6731,#6755,#6779,#6803,#6827,#6851,#6875,
    #6899,#6923,#6940,#6971,#6995,#7019,#7043,#7067,#7091,#7115,#7139,
    #7163,#7187,#7211,#7235,#7259,#7283,#7307,#7331,#7355,#7379,#7403,
    #7427,#7451,#7475,#7499,#7516,#7547,#7571,#7595,#7619,#7643,#7667,
    #7691,#7715,#7739,#7763,#7787,#7811,#7835,#7859,#7883,#7900,#7931,
    #7955,#7979,#8003,#8027,#8051,#8075,#8099,#8123,#8147,#8171,#8195,
    #8219,#8243,#8267,#8291,#8315,#8339,#8363,#8387,#8411,#8435,#8459,
    #8476,#8507,#8531,#8555,#8579,#8603,#8627,#8651,#8675,#8699,#8723,
    #8747,#8771,#8795,#8819,#8843,#8867,#8891,#8915,#8939,#8963,#8987,
    #9011,#9035,#9052,#9083,#9107,#9131,#9155,#9179,#9203,#9227,#9251,
    #9275,#9299,#9323,#9347,#9371,#9395,#9419,#9443,#9467,#9491,#9515,
    #9539,#9563,#9587,#9611,#9628,#9659,#9683,#9707,#9731,#9755,#9779,
    #9803,#9827,#9851,#9875,#9899,#9923,#9947,#9971,#9995,#10019,#10043,
    #10067,#10091,#10115,#10139,#10163,#10187,#10204,#10235,#10259,
    #10283,#10307,#10331,#10355,#10379,#10403,#10427,#10451,#10475,
    #10499,#10523,#10547,#10571,#10595,#10619,#10643,#10667,#10691,
    #10715,#10739,#10763,#10780,#10811,#10835,#10859,#10883,#10907,
    #10931,#10955,#10979,#11003,#11027,#11051,#11075,#11099,#11123,
    #11147,#11171,#11195,#11219,#11243,#11267,#11291,#11315,#11339,
    #11356,#11387,#11411,#11435,#11459,#11483,#11507,#11531,#11555,
    #11579,#11603,#11627,#11651,#11675,#11699,#11723,#11747,#11771,
    #11795,#11819,#11843,#11867,#11891,#11915,#11932,#11963,#11987,
    #12011,#12035,#12059,#12083,#12107,#12131,#12155,#12179,#12203,
    #12227,#12251,#12275,#12299,#12323,#12347,#12371,#12395,#12419,
    #12443,#12467,#12491,#12508,#12539,#12563,#12587,#12611,#12635,
    #12659,#12683,#12707,#12731,#12755,#12779,#12803,#12827,#12851,
    #12875,#12899,#12923,#12947,#12971,#12995,#13019,#13043,#13067,
    #13084,#13115,#13139,#13163,#13187,#13211,#13235,#13259,#13283,
    #13307,#13331,#13355,#13379,#13403,#13427,#13451,#13475,#13499,
    #13523,#13547,#13571,#13595,#13619,#13643,#13660,#13691,#13715,
    #13739,#13763,#13787,#13811,#13835,#13859,#13883,#13907,#13931,
    #13955,#13979,#14003,#14027,#14051,#14075,#14099,#14123,#14147,
    #14171,#14195,#14219,#14236,#14267,#14291,#14315,#14339,#14363,
    #14387,#14411,#14435,#14459,#14483,#14507,#14531,#14555,#14579,
    #14603,#14627,#14651,#14675,#14699,#14723,#14747,#14771,#14795,
    #14812,#14843,#14867,#14891,#14915,#14939,#14963,#14987,#15011,
    #15035,#15059,#15083,#15107,#15131,#15155,#15179,#15203,#15227,
    #15251,#15275,#15299,#15323,#15347,#15371,#15388,#15419,#15443,
    #15467,#15491,#15515,#15539,#15563,#15587,#15611,#15635,#15659,
    #15683,#15707,#15731,#15755,#15779,#15803,#15827,#15851,#15875,
    #15899,#15923,#15947,#15964,#15995,#16019,#16043,#16067,#16091,
    #16115,#16139,#16163,#16187,#16211,#16235,#16259,#16283,#16307,
    #16331,#16355,#16379,#16403,#16427,#16451,#16475,#16499,#16523,
    #16540,#16571,#16595,#16619,#16643,#16667,#16691,#16715,#16739,
    #16763,#16787,#16811,#16835,#16859,#16883,#16907,#16931,#16955,
    #16979,#17003,#17027,#17051,#17075,#17099,#17116,#17147,#17171,
    #17195,#17219,#17243,#17267,#17291,#17315,#17339,#17363,#17387,
    #17411,#17435,#17459,#17483,#17507,#17531,#17555,#17579,#17603,
    #17627,#17651,#17675,#17692,#17723,#17747,#17771,#17795,#17819,
    #17843,#17867,#17891,#17915,#17939,#17963,#17987,#18011,#18035,
    #18059,#18083,#18107,#18131,#18155,#18179,#18203,#18227,#18251,
    #18268,#18299,#18323,#18347,#18371,#18395,#18419,#18443,#18467,
    #18491,#18515,#18539,#18563,#18587,#18611,#18635,#18659,#18683,
    #18707,#18731,#18755,#18779,#18803,#18827,#18844,#18875,#18899,
    #18923,#18947,#18971,#18995,#19019,#19043,#19067,#19091,#19115,
    #19139,#19163,#19187,#19211,#19235,#19259,#19283,#19307,#19331,
    #19355,#19379,#19403,#19420,#19451,#19475,#19499,#19523,#19547,
    #19571,#19595,#19619,#19643,#19667,#19691,#19715,#19739,#19763,
    #19787,#19811,#19835,#19859,#19883,#19907,#19931,#19955,#19979,
    #19996,#20027,#20051,#20075,#20099,#20123,#20147,#20171,#20195,
    #20219,#20243,#20267,#20291,#20315,#20339,#20363,#20387,#20411,
    #20435,#20459,#20483,#20507,#20531,#20555,#20572,#20597,#20622,
    #20647,#20672,#20697,#20722,#21442));
#17 = ADVANCED_FACE('',(#18),#52,.T.);
#18 = FACE_BOUND('',#19,.T.);
#19 = EDGE_LOOP('',(#20,#30,#38,#46));
#20 = ORIENTED_EDGE('',*,*,#21,.T.);
#21 = EDGE_CURVE('',#22,#24,#26,.T.);
#22 = VERTEX_POINT('',#23);
#23 = CARTESIAN_POINT('',(129.828719,0.62329,0.));
#24 = VERTEX_POINT('',#25);
#25 = CARTESIAN_POINT('',(129.828719,0.62329,1.7));
#26 = LINE('',#27,#28);
#27 = CARTESIAN_POINT('',(129.828719,0.62329,0.));
#28 = VECTOR('',#29,1.);
#29 = DIRECTION('',(0.,0.,1.));
#30 = ORIENTED_EDGE('',*,*,#31,.T.);
#31 = EDGE_CURVE('',#24,#32,#34,.T.);
#32 = VERTEX_POINT('',#33);
#33 = CARTESIAN_POINT('',(129.819245,0.625144,1.7));
#34 = LINE('',#35,#36);
#35 = CARTESIAN_POINT('',(129.828719,0.62329,1.7));
#36 = VECTOR('',#37,1.);
#37 = DIRECTION('',(-0.981385015884,0.19205064592,0.));
#38 = ORIENTED_EDGE('',*,*,#39,.F.);
#39 = EDGE_CURVE('',#40,#32,#42,.T.);
#40 = VERTEX_POINT('',#41);
#41 = CARTESIAN_POINT('',(129.819245,0.625144,0.));
#42 = LINE('',#43,#44);
#43 = CARTESIAN_POINT('',(129.819245,0.625144,0.));
#44 = VECTOR('',#45,1.);
#45 = DIRECTION('',(0.,0.,1.));
#46 = ORIENTED_EDGE('',*,*,#47,.F.);
#47 = EDGE_CURVE('',#22,#40,#48,.T.);
#48 = LINE('',#49,#50);
#49 = CARTESIAN_POINT('',(129.828719,0.62329,0.));
#50 = VECTOR('',#51,1.);
#51 = DIRECTION('',(-0.981385015884,0.19205064592,0.));
#52 = PLANE('',#53);
#53 = AXIS2_PLACEMENT_3D('',#54,#55,#56);
#54 = CARTESIAN_POINT('',(129.828719,0.62329,0.));
#55 = DIRECTION('',(-0.19205064592,-0.981385015884,0.));
#56 = DIRECTION('',(-0.981385015884,0.19205064592,0.));
#57 = ADVANCED_FACE('',(#58),#83,.T.);
#58 = FACE_BOUND('',#59,.T.);
#59 = EDGE_LOOP('',(#60,#61,#69,#77));
#60 = ORIENTED_EDGE('',*,*,#39,.T.);
#61 = ORIENTED_EDGE('',*,*,#62,.T.);
#62 = EDGE_CURVE('',#32,#63,#65,.T.);
#63 = VERTEX_POINT('',#64);
#64 = CARTESIAN_POINT('',(112.021516,7.924215,1.7));
#65 = LINE('',#66,#67);
#66 = CARTESIAN_POINT('',(129.819245,0.625144,1.7));
#67 = VECTOR('',#68,1.);
#68 = DIRECTION('',(-0.925215369207,0.379442381111,0.));
#69 = ORIENTED_EDGE('',*,*,#70,.F.);
#70 = EDGE_CURVE('',#71,#63,#73,.T.);
#71 = VERTEX_POINT('',#72);
#72 = CARTESIAN_POINT('',(112.021516,7.924215,0.));
#73 = LINE('',#74,#75);
#74 = CARTESIAN_POINT('',(112.021516,7.924215,0.));
#75 = VECTOR('',#76,1.);
#76 = DIRECTION('',(0.,0.,1.));
#77 = ORIENTED_EDGE('',*,*,#78,.F.);
#78 = EDGE_CURVE('',#40,#71,#79,.T.);
#79 = LINE('',#80,#81);
#80 = CARTESIAN_POINT('',(129.819245,0.625144,0.));
#81 = VECTOR('',#82,1.);
#82 = DIRECTION('',(-0.925215369207,0.379442381111,0.));
#83 = PLANE('',#84);
#84 = AXIS2_PLACEMENT_3D('',#85,#86,#87);
#85 = CARTESIAN_POINT('',(129.819245,0.625144,0.));
#86 = DIRECTION('',(-0.379442381111,-0.925215369207,0.));
#87 = DIRECTION('',(-0.925215369207,0.379442381111,0.));
#88 = ADVANCED_FACE('',(#89),#114,.T.);
#89 = FACE_BOUND('',#90,.T.);
#90 = EDGE_LOOP('',(#91,#92,#100,#108));
#91 = ORIENTED_EDGE('',*,*,#70,.T.);
#92 = ORIENTED_EDGE('',*,*,#93,.T.);
#93 = EDGE_CURVE('',#63,#94,#96,.T.);
#94 = VERTEX_POINT('',#95);
#95 = CARTESIAN_POINT('',(92.907559,11.648287,1.7));
#96 = LINE('',#97,#98);
#97 = CARTESIAN_POINT('',(112.021516,7.924215,1.7));
#98 = VECTOR('',#99,1.);
#99 = DIRECTION('',(-0.981543455629,0.191239234236,0.));
#100 = ORIENTED_EDGE('',*,*,#101,.F.);
#101 = EDGE_CURVE('',#102,#94,#104,.T.);
#102 = VERTEX_POINT('',#103);
#103 = CARTESIAN_POINT('',(92.907559,11.648287,0.));
#104 = LINE('',#105,#106);
#105 = CARTESIAN_POINT('',(92.907559,11.648287,0.));
#106 = VECTOR('',#107,1.);
#107 = DIRECTION('',(0.,0.,1.));
#108 = ORIENTED_EDGE('',*,*,#109,.F.);
#109 = EDGE_CURVE('',#71,#102,#110,.T.);
#110 = LINE('',#111,#112);
#111 = CARTESIAN_POINT('',(112.021516,7.924215,0.));
#112 = VECTOR('',#113,1.);
#113 = DIRECTION('',(-0.981543455629,0.191239234236,0.));
#114 = PLANE('',#115);
#115 = AXIS2_PLACEMENT_3D('',#116,#117,#118);
#116 = CARTESIAN_POINT('',(112.021516,7.924215,0.));
#117 = DIRECTION('',(-0.191239234236,-0.981543455629,0.));
#118 = DIRECTION('',(-0.981543455629,0.191239234236,0.));
#119 = ADVANCED_FACE('',(#120),#145,.T.);
#120 = FACE_BOUND('',#121,.T.);
#121 = EDGE_LOOP('',(#122,#123,#131,#139));
#122 = ORIENTED_EDGE('',*,*,#101,.T.);
#123 = ORIENTED_EDGE('',*,*,#124,.T.);
#124 = EDGE_CURVE('',#94,#125,#127,.T.);
#125 = VERTEX_POINT('',#126);
#126 = CARTESIAN_POINT('',(73.859972,11.648287,1.7));
#127 = LINE('',#128,#129);
#128 = CARTESIAN_POINT('',(92.907559,11.648287,1.7));
#129 = VECTOR('',#130,1.);
#130 = DIRECTION('',(-1.,0.,0.));
#131 = ORIENTED_EDGE('',*,*,#132,.F.);
#132 = EDGE_CURVE('',#133,#125,#135,.T.);
#133 = VERTEX_POINT('',#134);
#134 = CARTESIAN_POINT('',(73.859972,11.648287,0.));
#135 = LINE('',#136,#137);
#136 = CARTESIAN_POINT('',(73.859972,11.648287,0.));
#137 = VECTOR('',#138,1.);
#138 = DIRECTION('',(0.,0.,1.));
#139 = ORIENTED_EDGE('',*,*,#140,.F.);
#140 = EDGE_CURVE('',#102,#133,#141,.T.);
#141 = LINE('',#142,#143);
#142 = CARTESIAN_POINT('',(92.907559,11.648287,0.));
#143 = VECTOR('',#144,1.);
#144 = DIRECTION('',(-1.,0.,0.));
#145 = PLANE('',#146);
#146 = AXIS2_PLACEMENT_3D('',#147,#148,#149);
#147 = CARTESIAN_POINT('',(92.907559,11.648287,0.));
#148 = DIRECTION('',(0.,-1.,0.));
#149 = DIRECTION('',(-1.,0.,0.));
#150 = ADVANCED_FACE('',(#151),#176,.T.);
#151 = FACE_BOUND('',#152,.T.);
#152 = EDGE_LOOP('',(#153,#154,#162,#170));
#153 = ORIENTED_EDGE('',*,*,#132,.T.);
#154 = ORIENTED_EDGE('',*,*,#155,.T.);
#155 = EDGE_CURVE('',#125,#156,#158,.T.);
#156 = VERTEX_POINT('',#157);
#157 = CARTESIAN_POINT('',(73.850396,11.650192,1.7));
#158 = LINE('',#159,#160);
#159 = CARTESIAN_POINT('',(73.859972,11.648287,1.7));
#160 = VECTOR('',#161,1.);
#161 = DIRECTION('',(-0.98078106341,0.195111521073,0.));
#162 = ORIENTED_EDGE('',*,*,#163,.F.);
#163 = EDGE_CURVE('',#164,#156,#166,.T.);
#164 = VERTEX_POINT('',#165);
#165 = CARTESIAN_POINT('',(73.850396,11.650192,0.));
#166 = LINE('',#167,#168);
#167 = CARTESIAN_POINT('',(73.850396,11.650192,0.));
#168 = VECTOR('',#169,1.);
#169 = DIRECTION('',(0.,0.,1.));
#170 = ORIENTED_EDGE('',*,*,#171,.F.);
#171 = EDGE_CURVE('',#133,#164,#172,.T.);
#172 = LINE('',#173,#174);
#173 = CARTESIAN_POINT('',(73.859972,11.648287,0.));
#174 = VECTOR('',#175,1.);
#175 = DIRECTION('',(-0.98078106341,0.195111521073,0.));
#176 = PLANE('',#177);
#177 = AXIS2_PLACEMENT_3D('',#178,#179,#180);
#178 = CARTESIAN_POINT('',(73.859972,11.648287,0.));
#179 = DIRECTION('',(-0.195111521073,-0.98078106341,0.));
#180 = DIRECTION('',(-0.98078106341,0.195111521073,0.));
#181 = ADVANCED_FACE('',(#182),#207,.T.);
#182 = FACE_BOUND('',#183,.T.);
#183 = EDGE_LOOP('',(#184,#185,#193,#201));
#184 = ORIENTED_EDGE('',*,*,#163,.T.);
#185 = ORIENTED_EDGE('',*,*,#186,.T.);
#186 = EDGE_CURVE('',#156,#187,#189,.T.);
#187 = VERTEX_POINT('',#188);
#188 = CARTESIAN_POINT('',(73.836883,11.663705,1.7));
#189 = LINE('',#190,#191);
#190 = CARTESIAN_POINT('',(73.850396,11.650192,1.7));
#191 = VECTOR('',#192,1.);
#192 = DIRECTION('',(-0.707106781187,0.707106781186,0.));
#193 = ORIENTED_EDGE('',*,*,#194,.F.);
#194 = EDGE_CURVE('',#195,#187,#197,.T.);
#195 = VERTEX_POINT('',#196);
#196 = CARTESIAN_POINT('',(73.836883,11.663705,0.));
#197 = LINE('',#198,#199);
#198 = CARTESIAN_POINT('',(73.836883,11.663705,0.));
#199 = VECTOR('',#200,1.);
#200 = DIRECTION('',(0.,0.,1.));
#201 = ORIENTED_EDGE('',*,*,#202,.F.);
#202 = EDGE_CURVE('',#164,#195,#203,.T.);
#203 = LINE('',#204,#205);
#204 = CARTESIAN_POINT('',(73.850396,11.650192,0.));
#205 = VECTOR('',#206,1.);
#206 = DIRECTION('',(-0.707106781187,0.707106781186,0.));
#207 = PLANE('',#208);
#208 = AXIS2_PLACEMENT_3D('',#209,#210,#211);
#209 = CARTESIAN_POINT('',(73.850396,11.650192,0.));
#210 = DIRECTION('',(-0.707106781186,-0.707106781187,0.));
#211 = DIRECTION('',(-0.707106781187,0.707106781186,0.));
#212 = ADVANCED_FACE('',(#213),#238,.T.);
#213 = FACE_BOUND('',#214,.T.);
#214 = EDGE_LOOP('',(#215,#216,#224,#232));
#215 = ORIENTED_EDGE('',*,*,#194,.T.);
#216 = ORIENTED_EDGE('',*,*,#217,.T.);
#217 = EDGE_CURVE('',#187,#218,#220,.T.);
#218 = VERTEX_POINT('',#219);
#219 = CARTESIAN_POINT('',(73.834978,11.67328,1.7));
#220 = LINE('',#221,#222);
#221 = CARTESIAN_POINT('',(73.836883,11.663705,1.7));
#222 = VECTOR('',#223,1.);
#223 = DIRECTION('',(-0.195131122409,0.980777163818,0.));
#224 = ORIENTED_EDGE('',*,*,#225,.F.);
#225 = EDGE_CURVE('',#226,#218,#228,.T.);
#226 = VERTEX_POINT('',#227);
#227 = CARTESIAN_POINT('',(73.834978,11.67328,0.));
#228 = LINE('',#229,#230);
#229 = CARTESIAN_POINT('',(73.834978,11.67328,0.));
#230 = VECTOR('',#231,1.);
#231 = DIRECTION('',(0.,0.,1.));
#232 = ORIENTED_EDGE('',*,*,#233,.F.);
#233 = EDGE_CURVE('',#195,#226,#234,.T.);
#234 = LINE('',#235,#236);
#235 = CARTESIAN_POINT('',(73.836883,11.663705,0.));
#236 = VECTOR('',#237,1.);
#237 = DIRECTION('',(-0.195131122409,0.980777163818,0.));
#238 = PLANE('',#239);
#239 = AXIS2_PLACEMENT_3D('',#240,#241,#242);
#240 = CARTESIAN_POINT('',(73.836883,11.663705,0.));
#241 = DIRECTION('',(-0.980777163818,-0.195131122409,0.));
#242 = DIRECTION('',(-0.195131122409,0.980777163818,0.));
#243 = ADVANCED_FACE('',(#244),#269,.T.);
#244 = FACE_BOUND('',#245,.T.);
#245 = EDGE_LOOP('',(#246,#247,#255,#263));
#246 = ORIENTED_EDGE('',*,*,#225,.T.);
#247 = ORIENTED_EDGE('',*,*,#248,.T.);
#248 = EDGE_CURVE('',#218,#249,#251,.T.);
#249 = VERTEX_POINT('',#250);
#250 = CARTESIAN_POINT('',(73.834978,30.698287,1.7));
#251 = LINE('',#252,#253);
#252 = CARTESIAN_POINT('',(73.834978,11.67328,1.7));
#253 = VECTOR('',#254,1.);
#254 = DIRECTION('',(0.,1.,0.));
#255 = ORIENTED_EDGE('',*,*,#256,.F.);
#256 = EDGE_CURVE('',#257,#249,#259,.T.);
#257 = VERTEX_POINT('',#258);
#258 = CARTESIAN_POINT('',(73.834978,30.698287,0.));
#259 = LINE('',#260,#261);
#260 = CARTESIAN_POINT('',(73.834978,30.698287,0.));
#261 = VECTOR('',#262,1.);
#262 = DIRECTION('',(0.,0.,1.));
#263 = ORIENTED_EDGE('',*,*,#264,.F.);
#264 = EDGE_CURVE('',#226,#257,#265,.T.);
#265 = LINE('',#266,#267);
#266 = CARTESIAN_POINT('',(73.834978,11.67328,0.));
#267 = VECTOR('',#268,1.);
#268 = DIRECTION('',(0.,1.,0.));
#269 = PLANE('',#270);
#270 = AXIS2_PLACEMENT_3D('',#271,#272,#273);
#271 = CARTESIAN_POINT('',(73.834978,11.67328,0.));
#272 = DIRECTION('',(-1.,0.,0.));
#273 = DIRECTION('',(0.,1.,0.));
#274 = ADVANCED_FACE('',(#275),#300,.T.);
#275 = FACE_BOUND('',#276,.T.);
#276 = EDGE_LOOP('',(#277,#278,#286,#294));
#277 = ORIENTED_EDGE('',*,*,#256,.T.);
#278 = ORIENTED_EDGE('',*,*,#279,.T.);
#279 = EDGE_CURVE('',#249,#280,#282,.T.);
#280 = VERTEX_POINT('',#281);
#281 = CARTESIAN_POINT('',(57.216215,30.698287,1.7));
#282 = LINE('',#283,#284);
#283 = CARTESIAN_POINT('',(73.834978,30.698287,1.7));
#284 = VECTOR('',#285,1.);
#285 = DIRECTION('',(-1.,0.,0.));
#286 = ORIENTED_EDGE('',*,*,#287,.F.);
#287 = EDGE_CURVE('',#288,#280,#290,.T.);
#288 = VERTEX_POINT('',#289);
#289 = CARTESIAN_POINT('',(57.216215,30.698287,0.));
#290 = LINE('',#291,#292);
#291 = CARTESIAN_POINT('',(57.216215,30.698287,0.));
#292 = VECTOR('',#293,1.);
#293 = DIRECTION('',(0.,0.,1.));
#294 = ORIENTED_EDGE('',*,*,#295,.F.);
#295 = EDGE_CURVE('',#257,#288,#296,.T.);
#296 = LINE('',#297,#298);
#297 = CARTESIAN_POINT('',(73.834978,30.698287,0.));
#298 = VECTOR('',#299,1.);
#299 = DIRECTION('',(-1.,0.,0.));
#300 = PLANE('',#301);
#301 = AXIS2_PLACEMENT_3D('',#302,#303,#304);
#302 = CARTESIAN_POINT('',(73.834978,30.698287,0.));
#303 = DIRECTION('',(0.,-1.,0.));
#304 = DIRECTION('',(-1.,0.,0.));
#305 = ADVANCED_FACE('',(#306),#331,.T.);
#306 = FACE_BOUND('',#307,.T.);
#307 = EDGE_LOOP('',(#308,#309,#317,#325));
#308 = ORIENTED_EDGE('',*,*,#287,.T.);
#309 = ORIENTED_EDGE('',*,*,#310,.T.);
#310 = EDGE_CURVE('',#280,#311,#313,.T.);
#311 = VERTEX_POINT('',#312);
#312 = CARTESIAN_POINT('',(57.216215,16.43578,1.7));
#313 = LINE('',#314,#315);
#314 = CARTESIAN_POINT('',(57.216215,30.698287,1.7));
#315 = VECTOR('',#316,1.);
#316 = DIRECTION('',(0.,-1.,0.));
#317 = ORIENTED_EDGE('',*,*,#318,.F.);
#318 = EDGE_CURVE('',#319,#311,#321,.T.);
#319 = VERTEX_POINT('',#320);
#320 = CARTESIAN_POINT('',(57.216215,16.43578,0.));
#321 = LINE('',#322,#323);
#322 = CARTESIAN_POINT('',(57.216215,16.43578,0.));
#323 = VECTOR('',#324,1.);
#324 = DIRECTION('',(0.,0.,1.));
#325 = ORIENTED_EDGE('',*,*,#326,.F.);
#326 = EDGE_CURVE('',#288,#319,#327,.T.);
#327 = LINE('',#328,#329);
#328 = CARTESIAN_POINT('',(57.216215,30.698287,0.));
#329 = VECTOR('',#330,1.);
#330 = DIRECTION('',(0.,-1.,0.));
#331 = PLANE('',#332);
#332 = AXIS2_PLACEMENT_3D('',#333,#334,#335);
#333 = CARTESIAN_POINT('',(57.216215,30.698287,0.));
#334 = DIRECTION('',(1.,0.,0.));
#335 = DIRECTION('',(0.,-1.,0.));
#336 = ADVANCED_FACE('',(#337),#362,.T.);
#337 = FACE_BOUND('',#338,.T.);
#338 = EDGE_LOOP('',(#339,#340,#348,#356));
#339 = ORIENTED_EDGE('',*,*,#318,.T.);
#340 = ORIENTED_EDGE('',*,*,#341,.T.);
#341 = EDGE_CURVE('',#311,#342,#344,.T.);
#342 = VERTEX_POINT('',#343);
#343 = CARTESIAN_POINT('',(57.21431,16.426205,1.7));
#344 = LINE('',#345,#346);
#345 = CARTESIAN_POINT('',(57.216215,16.43578,1.7));
#346 = VECTOR('',#347,1.);
#347 = DIRECTION('',(-0.19513112241,-0.980777163818,0.));
#348 = ORIENTED_EDGE('',*,*,#349,.F.);
#349 = EDGE_CURVE('',#350,#342,#352,.T.);
#350 = VERTEX_POINT('',#351);
#351 = CARTESIAN_POINT('',(57.21431,16.426205,0.));
#352 = LINE('',#353,#354);
#353 = CARTESIAN_POINT('',(57.21431,16.426205,0.));
#354 = VECTOR('',#355,1.);
#355 = DIRECTION('',(0.,0.,1.));
#356 = ORIENTED_EDGE('',*,*,#357,.F.);
#357 = EDGE_CURVE('',#319,#350,#358,.T.);
#358 = LINE('',#359,#360);
#359 = CARTESIAN_POINT('',(57.216215,16.43578,0.));
#360 = VECTOR('',#361,1.);
#361 = DIRECTION('',(-0.19513112241,-0.980777163818,0.));
#362 = PLANE('',#363);
#363 = AXIS2_PLACEMENT_3D('',#364,#365,#366);
#364 = CARTESIAN_POINT('',(57.216215,16.43578,0.));
#365 = DIRECTION('',(0.980777163818,-0.19513112241,0.));
#366 = DIRECTION('',(-0.19513112241,-0.980777163818,0.));
#367 = ADVANCED_FACE('',(#368),#393,.T.);
#368 = FACE_BOUND('',#369,.T.);
#369 = EDGE_LOOP('',(#370,#371,#379,#387));
#370 = ORIENTED_EDGE('',*,*,#349,.T.);
#371 = ORIENTED_EDGE('',*,*,#372,.T.);
#372 = EDGE_CURVE('',#342,#373,#375,.T.);
#373 = VERTEX_POINT('',#374);
#374 = CARTESIAN_POINT('',(57.200797,16.412692,1.7));
#375 = LINE('',#376,#377);
#376 = CARTESIAN_POINT('',(57.21431,16.426205,1.7));
#377 = VECTOR('',#378,1.);
#378 = DIRECTION('',(-0.707106781186,-0.707106781187,0.));
#379 = ORIENTED_EDGE('',*,*,#380,.F.);
#380 = EDGE_CURVE('',#381,#373,#383,.T.);
#381 = VERTEX_POINT('',#382);
#382 = CARTESIAN_POINT('',(57.200797,16.412692,0.));
#383 = LINE('',#384,#385);
#384 = CARTESIAN_POINT('',(57.200797,16.412692,0.));
#385 = VECTOR('',#386,1.);
#386 = DIRECTION('',(0.,0.,1.));
#387 = ORIENTED_EDGE('',*,*,#388,.F.);
#388 = EDGE_CURVE('',#350,#381,#389,.T.);
#389 = LINE('',#390,#391);
#390 = CARTESIAN_POINT('',(57.21431,16.426205,0.));
#391 = VECTOR('',#392,1.);
#392 = DIRECTION('',(-0.707106781186,-0.707106781187,0.));
#393 = PLANE('',#394);
#394 = AXIS2_PLACEMENT_3D('',#395,#396,#397);
#395 = CARTESIAN_POINT('',(57.21431,16.426205,0.));
#396 = DIRECTION('',(0.707106781187,-0.707106781186,0.));
#397 = DIRECTION('',(-0.707106781186,-0.707106781187,0.));
#398 = ADVANCED_FACE('',(#399),#424,.T.);
#399 = FACE_BOUND('',#400,.T.);
#400 = EDGE_LOOP('',(#401,#402,#410,#418));
#401 = ORIENTED_EDGE('',*,*,#380,.T.);
#402 = ORIENTED_EDGE('',*,*,#403,.T.);
#403 = EDGE_CURVE('',#373,#404,#406,.T.);
#404 = VERTEX_POINT('',#405);
#405 = CARTESIAN_POINT('',(57.191222,16.410787,1.7));
#406 = LINE('',#407,#408);
#407 = CARTESIAN_POINT('',(57.200797,16.412692,1.7));
#408 = VECTOR('',#409,1.);
#409 = DIRECTION('',(-0.980777163818,-0.19513112241,0.));
#410 = ORIENTED_EDGE('',*,*,#411,.F.);
#411 = EDGE_CURVE('',#412,#404,#414,.T.);
#412 = VERTEX_POINT('',#413);
#413 = CARTESIAN_POINT('',(57.191222,16.410787,0.));
#414 = LINE('',#415,#416);
#415 = CARTESIAN_POINT('',(57.191222,16.410787,0.));
#416 = VECTOR('',#417,1.);
#417 = DIRECTION('',(0.,0.,1.));
#418 = ORIENTED_EDGE('',*,*,#419,.F.);
#419 = EDGE_CURVE('',#381,#412,#420,.T.);
#420 = LINE('',#421,#422);
#421 = CARTESIAN_POINT('',(57.200797,16.412692,0.));
#422 = VECTOR('',#423,1.);
#423 = DIRECTION('',(-0.980777163818,-0.19513112241,0.));
#424 = PLANE('',#425);
#425 = AXIS2_PLACEMENT_3D('',#426,#427,#428);
#426 = CARTESIAN_POINT('',(57.200797,16.412692,0.));
#427 = DIRECTION('',(0.19513112241,-0.980777163818,0.));
#428 = DIRECTION('',(-0.980777163818,-0.19513112241,0.));
#429 = ADVANCED_FACE('',(#430),#455,.T.);
#430 = FACE_BOUND('',#431,.T.);
#431 = EDGE_LOOP('',(#432,#433,#441,#449));
#432 = ORIENTED_EDGE('',*,*,#411,.T.);
#433 = ORIENTED_EDGE('',*,*,#434,.T.);
#434 = EDGE_CURVE('',#404,#435,#437,.T.);
#435 = VERTEX_POINT('',#436);
#436 = CARTESIAN_POINT('',(4.1222E-02,16.410787,1.7));
#437 = LINE('',#438,#439);
#438 = CARTESIAN_POINT('',(57.191222,16.410787,1.7));
#439 = VECTOR('',#440,1.);
#440 = DIRECTION('',(-1.,0.,0.));
#441 = ORIENTED_EDGE('',*,*,#442,.F.);
#442 = EDGE_CURVE('',#443,#435,#445,.T.);
#443 = VERTEX_POINT('',#444);
#444 = CARTESIAN_POINT('',(4.1222E-02,16.410787,0.));
#445 = LINE('',#446,#447);
#446 = CARTESIAN_POINT('',(4.1222E-02,16.410787,0.));
#447 = VECTOR('',#448,1.);
#448 = DIRECTION('',(0.,0.,1.));
#449 = ORIENTED_EDGE('',*,*,#450,.F.);
#450 = EDGE_CURVE('',#412,#443,#451,.T.);
#451 = LINE('',#452,#453);
#452 = CARTESIAN_POINT('',(57.191222,16.410787,0.));
#453 = VECTOR('',#454,1.);
#454 = DIRECTION('',(-1.,0.,0.));
#455 = PLANE('',#456);
#456 = AXIS2_PLACEMENT_3D('',#457,#458,#459);
#457 = CARTESIAN_POINT('',(57.191222,16.410787,0.));
#458 = DIRECTION('',(0.,-1.,0.));
#459 = DIRECTION('',(-1.,0.,0.));
#460 = ADVANCED_FACE('',(#461),#486,.T.);
#461 = FACE_BOUND('',#462,.T.);
#462 = EDGE_LOOP('',(#463,#464,#472,#480));
#463 = ORIENTED_EDGE('',*,*,#442,.T.);
#464 = ORIENTED_EDGE('',*,*,#465,.T.);
#465 = EDGE_CURVE('',#435,#466,#468,.T.);
#466 = VERTEX_POINT('',#467);
#467 = CARTESIAN_POINT('',(3.1646E-02,16.412692,1.7));
#468 = LINE('',#469,#470);
#469 = CARTESIAN_POINT('',(4.1222E-02,16.410787,1.7));
#470 = VECTOR('',#471,1.);
#471 = DIRECTION('',(-0.98078106341,0.195111521073,0.));
#472 = ORIENTED_EDGE('',*,*,#473,.F.);
#473 = EDGE_CURVE('',#474,#466,#476,.T.);
#474 = VERTEX_POINT('',#475);
#475 = CARTESIAN_POINT('',(3.1646E-02,16.412692,0.));
#476 = LINE('',#477,#478);
#477 = CARTESIAN_POINT('',(3.1646E-02,16.412692,0.));
#478 = VECTOR('',#479,1.);
#479 = DIRECTION('',(0.,0.,1.));
#480 = ORIENTED_EDGE('',*,*,#481,.F.);
#481 = EDGE_CURVE('',#443,#474,#482,.T.);
#482 = LINE('',#483,#484);
#483 = CARTESIAN_POINT('',(4.1222E-02,16.410787,0.));
#484 = VECTOR('',#485,1.);
#485 = DIRECTION('',(-0.98078106341,0.195111521073,0.));
#486 = PLANE('',#487);
#487 = AXIS2_PLACEMENT_3D('',#488,#489,#490);
#488 = CARTESIAN_POINT('',(4.1222E-02,16.410787,0.));
#489 = DIRECTION('',(-0.195111521073,-0.98078106341,0.));
#490 = DIRECTION('',(-0.98078106341,0.195111521073,0.));
#491 = ADVANCED_FACE('',(#492),#517,.T.);
#492 = FACE_BOUND('',#493,.T.);
#493 = EDGE_LOOP('',(#494,#495,#503,#511));
#494 = ORIENTED_EDGE('',*,*,#473,.T.);
#495 = ORIENTED_EDGE('',*,*,#496,.T.);
#496 = EDGE_CURVE('',#466,#497,#499,.T.);
#497 = VERTEX_POINT('',#498);
#498 = CARTESIAN_POINT('',(1.8133E-02,16.426205,1.7));
#499 = LINE('',#500,#501);
#500 = CARTESIAN_POINT('',(3.1646E-02,16.412692,1.7));
#501 = VECTOR('',#502,1.);
#502 = DIRECTION('',(-0.707106781187,0.707106781187,0.));
#503 = ORIENTED_EDGE('',*,*,#504,.F.);
#504 = EDGE_CURVE('',#505,#497,#507,.T.);
#505 = VERTEX_POINT('',#506);
#506 = CARTESIAN_POINT('',(1.8133E-02,16.426205,0.));
#507 = LINE('',#508,#509);
#508 = CARTESIAN_POINT('',(1.8133E-02,16.426205,0.));
#509 = VECTOR('',#510,1.);
#510 = DIRECTION('',(0.,0.,1.));
#511 = ORIENTED_EDGE('',*,*,#512,.F.);
#512 = EDGE_CURVE('',#474,#505,#513,.T.);
#513 = LINE('',#514,#515);
#514 = CARTESIAN_POINT('',(3.1646E-02,16.412692,0.));
#515 = VECTOR('',#516,1.);
#516 = DIRECTION('',(-0.707106781187,0.707106781187,0.));
#517 = PLANE('',#518);
#518 = AXIS2_PLACEMENT_3D('',#519,#520,#521);
#519 = CARTESIAN_POINT('',(3.1646E-02,16.412692,0.));
#520 = DIRECTION('',(-0.707106781187,-0.707106781187,0.));
#521 = DIRECTION('',(-0.707106781187,0.707106781187,0.));
#522 = ADVANCED_FACE('',(#523),#548,.T.);
#523 = FACE_BOUND('',#524,.T.);
#524 = EDGE_LOOP('',(#525,#526,#534,#542));
#525 = ORIENTED_EDGE('',*,*,#504,.T.);
#526 = ORIENTED_EDGE('',*,*,#527,.T.);
#527 = EDGE_CURVE('',#497,#528,#530,.T.);
#528 = VERTEX_POINT('',#529);
#529 = CARTESIAN_POINT('',(1.6228E-02,16.43578,1.7));
#530 = LINE('',#531,#532);
#531 = CARTESIAN_POINT('',(1.8133E-02,16.426205,1.7));
#532 = VECTOR('',#533,1.);
#533 = DIRECTION('',(-0.19513112241,0.980777163818,0.));
#534 = ORIENTED_EDGE('',*,*,#535,.F.);
#535 = EDGE_CURVE('',#536,#528,#538,.T.);
#536 = VERTEX_POINT('',#537);
#537 = CARTESIAN_POINT('',(1.6228E-02,16.43578,0.));
#538 = LINE('',#539,#540);
#539 = CARTESIAN_POINT('',(1.6228E-02,16.43578,0.));
#540 = VECTOR('',#541,1.);
#541 = DIRECTION('',(0.,0.,1.));
#542 = ORIENTED_EDGE('',*,*,#543,.F.);
#543 = EDGE_CURVE('',#505,#536,#544,.T.);
#544 = LINE('',#545,#546);
#545 = CARTESIAN_POINT('',(1.8133E-02,16.426205,0.));
#546 = VECTOR('',#547,1.);
#547 = DIRECTION('',(-0.19513112241,0.980777163818,0.));
#548 = PLANE('',#549);
#549 = AXIS2_PLACEMENT_3D('',#550,#551,#552);
#550 = CARTESIAN_POINT('',(1.8133E-02,16.426205,0.));
#551 = DIRECTION('',(-0.980777163818,-0.19513112241,0.));
#552 = DIRECTION('',(-0.19513112241,0.980777163818,0.));
#553 = ADVANCED_FACE('',(#554),#579,.T.);
#554 = FACE_BOUND('',#555,.T.);
#555 = EDGE_LOOP('',(#556,#557,#565,#573));
#556 = ORIENTED_EDGE('',*,*,#535,.T.);
#557 = ORIENTED_EDGE('',*,*,#558,.T.);
#558 = EDGE_CURVE('',#528,#559,#561,.T.);
#559 = VERTEX_POINT('',#560);
#560 = CARTESIAN_POINT('',(1.6228E-02,92.63578,1.7));
#561 = LINE('',#562,#563);
#562 = CARTESIAN_POINT('',(1.6228E-02,16.43578,1.7));
#563 = VECTOR('',#564,1.);
#564 = DIRECTION('',(0.,1.,0.));
#565 = ORIENTED_EDGE('',*,*,#566,.F.);
#566 = EDGE_CURVE('',#567,#559,#569,.T.);
#567 = VERTEX_POINT('',#568);
#568 = CARTESIAN_POINT('',(1.6228E-02,92.63578,0.));
#569 = LINE('',#570,#571);
#570 = CARTESIAN_POINT('',(1.6228E-02,92.63578,0.));
#571 = VECTOR('',#572,1.);
#572 = DIRECTION('',(0.,0.,1.));
#573 = ORIENTED_EDGE('',*,*,#574,.F.);
#574 = EDGE_CURVE('',#536,#567,#575,.T.);
#575 = LINE('',#576,#577);
#576 = CARTESIAN_POINT('',(1.6228E-02,16.43578,0.));
#577 = VECTOR('',#578,1.);
#578 = DIRECTION('',(0.,1.,0.));
#579 = PLANE('',#580);
#580 = AXIS2_PLACEMENT_3D('',#581,#582,#583);
#581 = CARTESIAN_POINT('',(1.6228E-02,16.43578,0.));
#582 = DIRECTION('',(-1.,0.,0.));
#583 = DIRECTION('',(0.,1.,0.));
#584 = ADVANCED_FACE('',(#585),#610,.T.);
#585 = FACE_BOUND('',#586,.T.);
#586 = EDGE_LOOP('',(#587,#588,#596,#604));
#587 = ORIENTED_EDGE('',*,*,#566,.T.);
#588 = ORIENTED_EDGE('',*,*,#589,.T.);
#589 = EDGE_CURVE('',#559,#590,#592,.T.);
#590 = VERTEX_POINT('',#591);
#591 = CARTESIAN_POINT('',(1.8133E-02,92.645356,1.7));
#592 = LINE('',#593,#594);
#593 = CARTESIAN_POINT('',(1.6228E-02,92.63578,1.7));
#594 = VECTOR('',#595,1.);
#595 = DIRECTION('',(0.195111521073,0.98078106341,0.));
#596 = ORIENTED_EDGE('',*,*,#597,.F.);
#597 = EDGE_CURVE('',#598,#590,#600,.T.);
#598 = VERTEX_POINT('',#599);
#599 = CARTESIAN_POINT('',(1.8133E-02,92.645356,0.));
#600 = LINE('',#601,#602);
#601 = CARTESIAN_POINT('',(1.8133E-02,92.645356,0.));
#602 = VECTOR('',#603,1.);
#603 = DIRECTION('',(0.,0.,1.));
#604 = ORIENTED_EDGE('',*,*,#605,.F.);
#605 = EDGE_CURVE('',#567,#598,#606,.T.);
#606 = LINE('',#607,#608);
#607 = CARTESIAN_POINT('',(1.6228E-02,92.63578,0.));
#608 = VECTOR('',#609,1.);
#609 = DIRECTION('',(0.195111521073,0.98078106341,0.));
#610 = PLANE('',#611);
#611 = AXIS2_PLACEMENT_3D('',#612,#613,#614);
#612 = CARTESIAN_POINT('',(1.6228E-02,92.63578,0.));
#613 = DIRECTION('',(-0.98078106341,0.195111521073,0.));
#614 = DIRECTION('',(0.195111521073,0.98078106341,0.));
#615 = ADVANCED_FACE('',(#616),#641,.T.);
#616 = FACE_BOUND('',#617,.T.);
#617 = EDGE_LOOP('',(#618,#619,#627,#635));
#618 = ORIENTED_EDGE('',*,*,#597,.T.);
#619 = ORIENTED_EDGE('',*,*,#620,.T.);
#620 = EDGE_CURVE('',#590,#621,#623,.T.);
#621 = VERTEX_POINT('',#622);
#622 = CARTESIAN_POINT('',(3.1646E-02,92.658869,1.7));
#623 = LINE('',#624,#625);
#624 = CARTESIAN_POINT('',(1.8133E-02,92.645356,1.7));
#625 = VECTOR('',#626,1.);
#626 = DIRECTION('',(0.707106781187,0.707106781186,0.));
#627 = ORIENTED_EDGE('',*,*,#628,.F.);
#628 = EDGE_CURVE('',#629,#621,#631,.T.);
#629 = VERTEX_POINT('',#630);
#630 = CARTESIAN_POINT('',(3.1646E-02,92.658869,0.));
#631 = LINE('',#632,#633);
#632 = CARTESIAN_POINT('',(3.1646E-02,92.658869,0.));
#633 = VECTOR('',#634,1.);
#634 = DIRECTION('',(0.,0.,1.));
#635 = ORIENTED_EDGE('',*,*,#636,.F.);
#636 = EDGE_CURVE('',#598,#629,#637,.T.);
#637 = LINE('',#638,#639);
#638 = CARTESIAN_POINT('',(1.8133E-02,92.645356,0.));
#639 = VECTOR('',#640,1.);
#640 = DIRECTION('',(0.707106781187,0.707106781186,0.));
#641 = PLANE('',#642);
#642 = AXIS2_PLACEMENT_3D('',#643,#644,#645);
#643 = CARTESIAN_POINT('',(1.8133E-02,92.645356,0.));
#644 = DIRECTION('',(-0.707106781186,0.707106781187,0.));
#645 = DIRECTION('',(0.707106781187,0.707106781186,0.));
#646 = ADVANCED_FACE('',(#647),#672,.T.);
#647 = FACE_BOUND('',#648,.T.);
#648 = EDGE_LOOP('',(#649,#650,#658,#666));
#649 = ORIENTED_EDGE('',*,*,#628,.T.);
#650 = ORIENTED_EDGE('',*,*,#651,.T.);
#651 = EDGE_CURVE('',#621,#652,#654,.T.);
#652 = VERTEX_POINT('',#653);
#653 = CARTESIAN_POINT('',(4.1222E-02,92.660774,1.7));
#654 = LINE('',#655,#656);
#655 = CARTESIAN_POINT('',(3.1646E-02,92.658869,1.7));
#656 = VECTOR('',#657,1.);
#657 = DIRECTION('',(0.98078106341,0.195111521074,0.));
#658 = ORIENTED_EDGE('',*,*,#659,.F.);
#659 = EDGE_CURVE('',#660,#652,#662,.T.);
#660 = VERTEX_POINT('',#661);
#661 = CARTESIAN_POINT('',(4.1222E-02,92.660774,0.));
#662 = LINE('',#663,#664);
#663 = CARTESIAN_POINT('',(4.1222E-02,92.660774,0.));
#664 = VECTOR('',#665,1.);
#665 = DIRECTION('',(0.,0.,1.));
#666 = ORIENTED_EDGE('',*,*,#667,.F.);
#667 = EDGE_CURVE('',#629,#660,#668,.T.);
#668 = LINE('',#669,#670);
#669 = CARTESIAN_POINT('',(3.1646E-02,92.658869,0.));
#670 = VECTOR('',#671,1.);
#671 = DIRECTION('',(0.98078106341,0.195111521074,0.));
#672 = PLANE('',#673);
#673 = AXIS2_PLACEMENT_3D('',#674,#675,#676);
#674 = CARTESIAN_POINT('',(3.1646E-02,92.658869,0.));
#675 = DIRECTION('',(-0.195111521074,0.98078106341,0.));
#676 = DIRECTION('',(0.98078106341,0.195111521074,0.));
#677 = ADVANCED_FACE('',(#678),#703,.T.);
#678 = FACE_BOUND('',#679,.T.);
#679 = EDGE_LOOP('',(#680,#681,#689,#697));
#680 = ORIENTED_EDGE('',*,*,#659,.T.);
#681 = ORIENTED_EDGE('',*,*,#682,.T.);
#682 = EDGE_CURVE('',#652,#683,#685,.T.);
#683 = VERTEX_POINT('',#684);
#684 = CARTESIAN_POINT('',(114.341222,92.660774,1.7));
#685 = LINE('',#686,#687);
#686 = CARTESIAN_POINT('',(4.1222E-02,92.660774,1.7));
#687 = VECTOR('',#688,1.);
#688 = DIRECTION('',(1.,0.,0.));
#689 = ORIENTED_EDGE('',*,*,#690,.F.);
#690 = EDGE_CURVE('',#691,#683,#693,.T.);
#691 = VERTEX_POINT('',#692);
#692 = CARTESIAN_POINT('',(114.341222,92.660774,0.));
#693 = LINE('',#694,#695);
#694 = CARTESIAN_POINT('',(114.341222,92.660774,0.));
#695 = VECTOR('',#696,1.);
#696 = DIRECTION('',(0.,0.,1.));
#697 = ORIENTED_EDGE('',*,*,#698,.F.);
#698 = EDGE_CURVE('',#660,#691,#699,.T.);
#699 = LINE('',#700,#701);
#700 = CARTESIAN_POINT('',(4.1222E-02,92.660774,0.));
#701 = VECTOR('',#702,1.);
#702 = DIRECTION('',(1.,0.,0.));
#703 = PLANE('',#704);
#704 = AXIS2_PLACEMENT_3D('',#705,#706,#707);
#705 = CARTESIAN_POINT('',(4.1222E-02,92.660774,0.));
#706 = DIRECTION('',(0.,1.,0.));
#707 = DIRECTION('',(1.,0.,0.));
#708 = ADVANCED_FACE('',(#709),#734,.T.);
#709 = FACE_BOUND('',#710,.T.);
#710 = EDGE_LOOP('',(#711,#712,#720,#728));
#711 = ORIENTED_EDGE('',*,*,#690,.T.);
#712 = ORIENTED_EDGE('',*,*,#713,.T.);
#713 = EDGE_CURVE('',#683,#714,#716,.T.);
#714 = VERTEX_POINT('',#715);
#715 = CARTESIAN_POINT('',(114.350797,92.658869,1.7));
#716 = LINE('',#717,#718);
#717 = CARTESIAN_POINT('',(114.341222,92.660774,1.7));
#718 = VECTOR('',#719,1.);
#719 = DIRECTION('',(0.980777163818,-0.195131122411,0.));
#720 = ORIENTED_EDGE('',*,*,#721,.F.);
#721 = EDGE_CURVE('',#722,#714,#724,.T.);
#722 = VERTEX_POINT('',#723);
#723 = CARTESIAN_POINT('',(114.350797,92.658869,0.));
#724 = LINE('',#725,#726);
#725 = CARTESIAN_POINT('',(114.350797,92.658869,0.));
#726 = VECTOR('',#727,1.);
#727 = DIRECTION('',(0.,0.,1.));
#728 = ORIENTED_EDGE('',*,*,#729,.F.);
#729 = EDGE_CURVE('',#691,#722,#730,.T.);
#730 = LINE('',#731,#732);
#731 = CARTESIAN_POINT('',(114.341222,92.660774,0.));
#732 = VECTOR('',#733,1.);
#733 = DIRECTION('',(0.980777163818,-0.195131122411,0.));
#734 = PLANE('',#735);
#735 = AXIS2_PLACEMENT_3D('',#736,#737,#738);
#736 = CARTESIAN_POINT('',(114.341222,92.660774,0.));
#737 = DIRECTION('',(0.195131122411,0.980777163818,0.));
#738 = DIRECTION('',(0.980777163818,-0.195131122411,0.));
#739 = ADVANCED_FACE('',(#740),#765,.T.);
#740 = FACE_BOUND('',#741,.T.);
#741 = EDGE_LOOP('',(#742,#743,#751,#759));
#742 = ORIENTED_EDGE('',*,*,#721,.T.);
#743 = ORIENTED_EDGE('',*,*,#744,.T.);
#744 = EDGE_CURVE('',#714,#745,#747,.T.);
#745 = VERTEX_POINT('',#746);
#746 = CARTESIAN_POINT('',(114.36431,92.645356,1.7));
#747 = LINE('',#748,#749);
#748 = CARTESIAN_POINT('',(114.350797,92.658869,1.7));
#749 = VECTOR('',#750,1.);
#750 = DIRECTION('',(0.707106781187,-0.707106781186,0.));
#751 = ORIENTED_EDGE('',*,*,#752,.F.);
#752 = EDGE_CURVE('',#753,#745,#755,.T.);
#753 = VERTEX_POINT('',#754);
#754 = CARTESIAN_POINT('',(114.36431,92.645356,0.));
#755 = LINE('',#756,#757);
#756 = CARTESIAN_POINT('',(114.36431,92.645356,0.));
#757 = VECTOR('',#758,1.);
#758 = DIRECTION('',(0.,0.,1.));
#759 = ORIENTED_EDGE('',*,*,#760,.F.);
#760 = EDGE_CURVE('',#722,#753,#761,.T.);
#761 = LINE('',#762,#763);
#762 = CARTESIAN_POINT('',(114.350797,92.658869,0.));
#763 = VECTOR('',#764,1.);
#764 = DIRECTION('',(0.707106781187,-0.707106781186,0.));
#765 = PLANE('',#766);
#766 = AXIS2_PLACEMENT_3D('',#767,#768,#769);
#767 = CARTESIAN_POINT('',(114.350797,92.658869,0.));
#768 = DIRECTION('',(0.707106781186,0.707106781187,0.));
#769 = DIRECTION('',(0.707106781187,-0.707106781186,0.));
#770 = ADVANCED_FACE('',(#771),#796,.T.);
#771 = FACE_BOUND('',#772,.T.);
#772 = EDGE_LOOP('',(#773,#774,#782,#790));
#773 = ORIENTED_EDGE('',*,*,#752,.T.);
#774 = ORIENTED_EDGE('',*,*,#775,.T.);
#775 = EDGE_CURVE('',#745,#776,#778,.T.);
#776 = VERTEX_POINT('',#777);
#777 = CARTESIAN_POINT('',(114.366215,92.63578,1.7));
#778 = LINE('',#779,#780);
#779 = CARTESIAN_POINT('',(114.36431,92.645356,1.7));
#780 = VECTOR('',#781,1.);
#781 = DIRECTION('',(0.195111521072,-0.980781063411,0.));
#782 = ORIENTED_EDGE('',*,*,#783,.F.);
#783 = EDGE_CURVE('',#784,#776,#786,.T.);
#784 = VERTEX_POINT('',#785);
#785 = CARTESIAN_POINT('',(114.366215,92.63578,0.));
#786 = LINE('',#787,#788);
#787 = CARTESIAN_POINT('',(114.366215,92.63578,0.));
#788 = VECTOR('',#789,1.);
#789 = DIRECTION('',(0.,0.,1.));
#790 = ORIENTED_EDGE('',*,*,#791,.F.);
#791 = EDGE_CURVE('',#753,#784,#792,.T.);
#792 = LINE('',#793,#794);
#793 = CARTESIAN_POINT('',(114.36431,92.645356,0.));
#794 = VECTOR('',#795,1.);
#795 = DIRECTION('',(0.195111521072,-0.980781063411,0.));
#796 = PLANE('',#797);
#797 = AXIS2_PLACEMENT_3D('',#798,#799,#800);
#798 = CARTESIAN_POINT('',(114.36431,92.645356,0.));
#799 = DIRECTION('',(0.980781063411,0.195111521072,0.));
#800 = DIRECTION('',(0.195111521072,-0.980781063411,0.));
#801 = ADVANCED_FACE('',(#802),#827,.T.);
#802 = FACE_BOUND('',#803,.T.);
#803 = EDGE_LOOP('',(#804,#805,#813,#821));
#804 = ORIENTED_EDGE('',*,*,#783,.T.);
#805 = ORIENTED_EDGE('',*,*,#806,.T.);
#806 = EDGE_CURVE('',#776,#807,#809,.T.);
#807 = VERTEX_POINT('',#808);
#808 = CARTESIAN_POINT('',(114.366215,56.942024,1.7));
#809 = LINE('',#810,#811);
#810 = CARTESIAN_POINT('',(114.366215,92.63578,1.7));
#811 = VECTOR('',#812,1.);
#812 = DIRECTION('',(0.,-1.,0.));
#813 = ORIENTED_EDGE('',*,*,#814,.F.);
#814 = EDGE_CURVE('',#815,#807,#817,.T.);
#815 = VERTEX_POINT('',#816);
#816 = CARTESIAN_POINT('',(114.366215,56.942024,0.));
#817 = LINE('',#818,#819);
#818 = CARTESIAN_POINT('',(114.366215,56.942024,0.));
#819 = VECTOR('',#820,1.);
#820 = DIRECTION('',(0.,0.,1.));
#821 = ORIENTED_EDGE('',*,*,#822,.F.);
#822 = EDGE_CURVE('',#784,#815,#823,.T.);
#823 = LINE('',#824,#825);
#824 = CARTESIAN_POINT('',(114.366215,92.63578,0.));
#825 = VECTOR('',#826,1.);
#826 = DIRECTION('',(0.,-1.,0.));
#827 = PLANE('',#828);
#828 = AXIS2_PLACEMENT_3D('',#829,#830,#831);
#829 = CARTESIAN_POINT('',(114.366215,92.63578,0.));
#830 = DIRECTION('',(1.,0.,0.));
#831 = DIRECTION('',(0.,-1.,0.));
#832 = ADVANCED_FACE('',(#833),#858,.T.);
#833 = FACE_BOUND('',#834,.T.);
#834 = EDGE_LOOP('',(#835,#836,#844,#852));
#835 = ORIENTED_EDGE('',*,*,#814,.T.);
#836 = ORIENTED_EDGE('',*,*,#837,.T.);
#837 = EDGE_CURVE('',#807,#838,#840,.T.);
#838 = VERTEX_POINT('',#839);
#839 = CARTESIAN_POINT('',(134.22871,56.942024,1.7));
#840 = LINE('',#841,#842);
#841 = CARTESIAN_POINT('',(114.366215,56.942024,1.7));
#842 = VECTOR('',#843,1.);
#843 = DIRECTION('',(1.,0.,0.));
#844 = ORIENTED_EDGE('',*,*,#845,.F.);
#845 = EDGE_CURVE('',#846,#838,#848,.T.);
#846 = VERTEX_POINT('',#847);
#847 = CARTESIAN_POINT('',(134.22871,56.942024,0.));
#848 = LINE('',#849,#850);
#849 = CARTESIAN_POINT('',(134.22871,56.942024,0.));
#850 = VECTOR('',#851,1.);
#851 = DIRECTION('',(0.,0.,1.));
#852 = ORIENTED_EDGE('',*,*,#853,.F.);
#853 = EDGE_CURVE('',#815,#846,#854,.T.);
#854 = LINE('',#855,#856);
#855 = CARTESIAN_POINT('',(114.366215,56.942024,0.));
#856 = VECTOR('',#857,1.);
#857 = DIRECTION('',(1.,0.,0.));
#858 = PLANE('',#859);
#859 = AXIS2_PLACEMENT_3D('',#860,#861,#862);
#860 = CARTESIAN_POINT('',(114.366215,56.942024,0.));
#861 = DIRECTION('',(0.,1.,0.));
#862 = DIRECTION('',(1.,0.,0.));
#863 = ADVANCED_FACE('',(#864),#889,.T.);
#864 = FACE_BOUND('',#865,.T.);
#865 = EDGE_LOOP('',(#866,#867,#875,#883));
#866 = ORIENTED_EDGE('',*,*,#845,.T.);
#867 = ORIENTED_EDGE('',*,*,#868,.T.);
#868 = EDGE_CURVE('',#838,#869,#871,.T.);
#869 = VERTEX_POINT('',#870);
#870 = CARTESIAN_POINT('',(134.238286,56.940119,1.7));
#871 = LINE('',#872,#873);
#872 = CARTESIAN_POINT('',(134.22871,56.942024,1.7));
#873 = VECTOR('',#874,1.);
#874 = DIRECTION('',(0.98078106341,-0.195111521074,0.));
#875 = ORIENTED_EDGE('',*,*,#876,.F.);
#876 = EDGE_CURVE('',#877,#869,#879,.T.);
#877 = VERTEX_POINT('',#878);
#878 = CARTESIAN_POINT('',(134.238286,56.940119,0.));
#879 = LINE('',#880,#881);
#880 = CARTESIAN_POINT('',(134.238286,56.940119,0.));
#881 = VECTOR('',#882,1.);
#882 = DIRECTION('',(0.,0.,1.));
#883 = ORIENTED_EDGE('',*,*,#884,.F.);
#884 = EDGE_CURVE('',#846,#877,#885,.T.);
#885 = LINE('',#886,#887);
#886 = CARTESIAN_POINT('',(134.22871,56.942024,0.));
#887 = VECTOR('',#888,1.);
#888 = DIRECTION('',(0.98078106341,-0.195111521074,0.));
#889 = PLANE('',#890);
#890 = AXIS2_PLACEMENT_3D('',#891,#892,#893);
#891 = CARTESIAN_POINT('',(134.22871,56.942024,0.));
#892 = DIRECTION('',(0.195111521074,0.98078106341,0.));
#893 = DIRECTION('',(0.98078106341,-0.195111521074,0.));
#894 = ADVANCED_FACE('',(#895),#920,.T.);
#895 = FACE_BOUND('',#896,.T.);
#896 = EDGE_LOOP('',(#897,#898,#906,#914));
#897 = ORIENTED_EDGE('',*,*,#876,.T.);
#898 = ORIENTED_EDGE('',*,*,#899,.T.);
#899 = EDGE_CURVE('',#869,#900,#902,.T.);
#900 = VERTEX_POINT('',#901);
#901 = CARTESIAN_POINT('',(134.251824,56.926606,1.7));
#902 = LINE('',#903,#904);
#903 = CARTESIAN_POINT('',(134.238286,56.940119,1.7));
#904 = VECTOR('',#905,1.);
#905 = DIRECTION('',(0.707759973058,-0.706452985369,0.));
#906 = ORIENTED_EDGE('',*,*,#907,.F.);
#907 = EDGE_CURVE('',#908,#900,#910,.T.);
#908 = VERTEX_POINT('',#909);
#909 = CARTESIAN_POINT('',(134.251824,56.926606,0.));
#910 = LINE('',#911,#912);
#911 = CARTESIAN_POINT('',(134.251824,56.926606,0.));
#912 = VECTOR('',#913,1.);
#913 = DIRECTION('',(0.,0.,1.));
#914 = ORIENTED_EDGE('',*,*,#915,.F.);
#915 = EDGE_CURVE('',#877,#908,#916,.T.);
#916 = LINE('',#917,#918);
#917 = CARTESIAN_POINT('',(134.238286,56.940119,0.));
#918 = VECTOR('',#919,1.);
#919 = DIRECTION('',(0.707759973058,-0.706452985369,0.));
#920 = PLANE('',#921);
#921 = AXIS2_PLACEMENT_3D('',#922,#923,#924);
#922 = CARTESIAN_POINT('',(134.238286,56.940119,0.));
#923 = DIRECTION('',(0.706452985369,0.707759973058,0.));
#924 = DIRECTION('',(0.707759973058,-0.706452985369,0.));
#925 = ADVANCED_FACE('',(#926),#951,.T.);
#926 = FACE_BOUND('',#927,.T.);
#927 = EDGE_LOOP('',(#928,#929,#937,#945));
#928 = ORIENTED_EDGE('',*,*,#907,.T.);
#929 = ORIENTED_EDGE('',*,*,#930,.T.);
#930 = EDGE_CURVE('',#900,#931,#933,.T.);
#931 = VERTEX_POINT('',#932);
#932 = CARTESIAN_POINT('',(134.253729,56.91703,1.7));
#933 = LINE('',#934,#935);
#934 = CARTESIAN_POINT('',(134.251824,56.926606,1.7));
#935 = VECTOR('',#936,1.);
#936 = DIRECTION('',(0.195111521073,-0.980781063411,0.));
#937 = ORIENTED_EDGE('',*,*,#938,.F.);
#938 = EDGE_CURVE('',#939,#931,#941,.T.);
#939 = VERTEX_POINT('',#940);
#940 = CARTESIAN_POINT('',(134.253729,56.91703,0.));
#941 = LINE('',#942,#943);
#942 = CARTESIAN_POINT('',(134.253729,56.91703,0.));
#943 = VECTOR('',#944,1.);
#944 = DIRECTION('',(0.,0.,1.));
#945 = ORIENTED_EDGE('',*,*,#946,.F.);
#946 = EDGE_CURVE('',#908,#939,#947,.T.);
#947 = LINE('',#948,#949);
#948 = CARTESIAN_POINT('',(134.251824,56.926606,0.));
#949 = VECTOR('',#950,1.);
#950 = DIRECTION('',(0.195111521073,-0.980781063411,0.));
#951 = PLANE('',#952);
#952 = AXIS2_PLACEMENT_3D('',#953,#954,#955);
#953 = CARTESIAN_POINT('',(134.251824,56.926606,0.));
#954 = DIRECTION('',(0.980781063411,0.195111521073,0.));
#955 = DIRECTION('',(0.195111521073,-0.980781063411,0.));
#956 = ADVANCED_FACE('',(#957),#982,.T.);
#957 = FACE_BOUND('',#958,.T.);
#958 = EDGE_LOOP('',(#959,#960,#968,#976));
#959 = ORIENTED_EDGE('',*,*,#938,.T.);
#960 = ORIENTED_EDGE('',*,*,#961,.T.);
#961 = EDGE_CURVE('',#931,#962,#964,.T.);
#962 = VERTEX_POINT('',#963);
#963 = CARTESIAN_POINT('',(134.253729,31.850939,1.7));
#964 = LINE('',#965,#966);
#965 = CARTESIAN_POINT('',(134.253729,56.91703,1.7));
#966 = VECTOR('',#967,1.);
#967 = DIRECTION('',(0.,-1.,0.));
#968 = ORIENTED_EDGE('',*,*,#969,.F.);
#969 = EDGE_CURVE('',#970,#962,#972,.T.);
#970 = VERTEX_POINT('',#971);
#971 = CARTESIAN_POINT('',(134.253729,31.850939,0.));
#972 = LINE('',#973,#974);
#973 = CARTESIAN_POINT('',(134.253729,31.850939,0.));
#974 = VECTOR('',#975,1.);
#975 = DIRECTION('',(0.,0.,1.));
#976 = ORIENTED_EDGE('',*,*,#977,.F.);
#977 = EDGE_CURVE('',#939,#970,#978,.T.);
#978 = LINE('',#979,#980);
#979 = CARTESIAN_POINT('',(134.253729,56.91703,0.));
#980 = VECTOR('',#981,1.);
#981 = DIRECTION('',(0.,-1.,0.));
#982 = PLANE('',#983);
#983 = AXIS2_PLACEMENT_3D('',#984,#985,#986);
#984 = CARTESIAN_POINT('',(134.253729,56.91703,0.));
#985 = DIRECTION('',(1.,0.,0.));
#986 = DIRECTION('',(0.,-1.,0.));
#987 = ADVANCED_FACE('',(#988),#1013,.T.);
#988 = FACE_BOUND('',#989,.T.);
#989 = EDGE_LOOP('',(#990,#991,#999,#1007));
#990 = ORIENTED_EDGE('',*,*,#969,.T.);
#991 = ORIENTED_EDGE('',*,*,#992,.T.);
#992 = EDGE_CURVE('',#962,#993,#995,.T.);
#993 = VERTEX_POINT('',#994);
#994 = CARTESIAN_POINT('',(137.153165,18.353531,1.7));
#995 = LINE('',#996,#997);
#996 = CARTESIAN_POINT('',(134.253729,31.850939,1.7));
#997 = VECTOR('',#998,1.);
#998 = DIRECTION('',(0.210023152311,-0.977696412745,0.));
#999 = ORIENTED_EDGE('',*,*,#1000,.F.);
#1000 = EDGE_CURVE('',#1001,#993,#1003,.T.);
#1001 = VERTEX_POINT('',#1002);
#1002 = CARTESIAN_POINT('',(137.153165,18.353531,0.));
#1003 = LINE('',#1004,#1005);
#1004 = CARTESIAN_POINT('',(137.153165,18.353531,0.));
#1005 = VECTOR('',#1006,1.);
#1006 = DIRECTION('',(0.,0.,1.));
#1007 = ORIENTED_EDGE('',*,*,#1008,.F.);
#1008 = EDGE_CURVE('',#970,#1001,#1009,.T.);
#1009 = LINE('',#1010,#1011);
#1010 = CARTESIAN_POINT('',(134.253729,31.850939,0.));
#1011 = VECTOR('',#1012,1.);
#1012 = DIRECTION('',(0.210023152311,-0.977696412745,0.));
#1013 = PLANE('',#1014);
#1014 = AXIS2_PLACEMENT_3D('',#1015,#1016,#1017);
#1015 = CARTESIAN_POINT('',(134.253729,31.850939,0.));
#1016 = DIRECTION('',(0.977696412745,0.210023152311,0.));
#1017 = DIRECTION('',(0.210023152311,-0.977696412745,0.));
#1018 = ADVANCED_FACE('',(#1019),#1044,.T.);
#1019 = FACE_BOUND('',#1020,.T.);
#1020 = EDGE_LOOP('',(#1021,#1022,#1030,#1038));
#1021 = ORIENTED_EDGE('',*,*,#1000,.T.);
#1022 = ORIENTED_EDGE('',*,*,#1023,.T.);
#1023 = EDGE_CURVE('',#993,#1024,#1026,.T.);
#1024 = VERTEX_POINT('',#1025);
#1025 = CARTESIAN_POINT('',(137.153216,18.349518,1.7));
#1026 = LINE('',#1027,#1028);
#1027 = CARTESIAN_POINT('',(137.153165,18.353531,1.7));
#1028 = VECTOR('',#1029,1.);
#1029 = DIRECTION('',(1.270767055917E-02,-0.999919254295,0.));
#1030 = ORIENTED_EDGE('',*,*,#1031,.F.);
#1031 = EDGE_CURVE('',#1032,#1024,#1034,.T.);
#1032 = VERTEX_POINT('',#1033);
#1033 = CARTESIAN_POINT('',(137.153216,18.349518,0.));
#1034 = LINE('',#1035,#1036);
#1035 = CARTESIAN_POINT('',(137.153216,18.349518,0.));
#1036 = VECTOR('',#1037,1.);
#1037 = DIRECTION('',(0.,0.,1.));
#1038 = ORIENTED_EDGE('',*,*,#1039,.F.);
#1039 = EDGE_CURVE('',#1001,#1032,#1040,.T.);
#1040 = LINE('',#1041,#1042);
#1041 = CARTESIAN_POINT('',(137.153165,18.353531,0.));
#1042 = VECTOR('',#1043,1.);
#1043 = DIRECTION('',(1.270767055917E-02,-0.999919254295,0.));
#1044 = PLANE('',#1045);
#1045 = AXIS2_PLACEMENT_3D('',#1046,#1047,#1048);
#1046 = CARTESIAN_POINT('',(137.153165,18.353531,0.));
#1047 = DIRECTION('',(0.999919254295,1.270767055917E-02,0.));
#1048 = DIRECTION('',(1.270767055917E-02,-0.999919254295,0.));
#1049 = ADVANCED_FACE('',(#1050),#1075,.T.);
#1050 = FACE_BOUND('',#1051,.T.);
#1051 = EDGE_LOOP('',(#1052,#1053,#1061,#1069));
#1052 = ORIENTED_EDGE('',*,*,#1031,.T.);
#1053 = ORIENTED_EDGE('',*,*,#1054,.T.);
#1054 = EDGE_CURVE('',#1024,#1055,#1057,.T.);
#1055 = VERTEX_POINT('',#1056);
#1056 = CARTESIAN_POINT('',(137.153724,18.348324,1.7));
#1057 = LINE('',#1058,#1059);
#1058 = CARTESIAN_POINT('',(137.153216,18.349518,1.7));
#1059 = VECTOR('',#1060,1.);
#1060 = DIRECTION('',(0.391499630365,-0.920178265025,0.));
#1061 = ORIENTED_EDGE('',*,*,#1062,.F.);
#1062 = EDGE_CURVE('',#1063,#1055,#1065,.T.);
#1063 = VERTEX_POINT('',#1064);
#1064 = CARTESIAN_POINT('',(137.153724,18.348324,0.));
#1065 = LINE('',#1066,#1067);
#1066 = CARTESIAN_POINT('',(137.153724,18.348324,0.));
#1067 = VECTOR('',#1068,1.);
#1068 = DIRECTION('',(0.,0.,1.));
#1069 = ORIENTED_EDGE('',*,*,#1070,.F.);
#1070 = EDGE_CURVE('',#1032,#1063,#1071,.T.);
#1071 = LINE('',#1072,#1073);
#1072 = CARTESIAN_POINT('',(137.153216,18.349518,0.));
#1073 = VECTOR('',#1074,1.);
#1074 = DIRECTION('',(0.391499630365,-0.920178265025,0.));
#1075 = PLANE('',#1076);
#1076 = AXIS2_PLACEMENT_3D('',#1077,#1078,#1079);
#1077 = CARTESIAN_POINT('',(137.153216,18.349518,0.));
#1078 = DIRECTION('',(0.920178265025,0.391499630365,0.));
#1079 = DIRECTION('',(0.391499630365,-0.920178265025,0.));
#1080 = ADVANCED_FACE('',(#1081),#1106,.T.);
#1081 = FACE_BOUND('',#1082,.T.);
#1082 = EDGE_LOOP('',(#1083,#1084,#1092,#1100));
#1083 = ORIENTED_EDGE('',*,*,#1062,.T.);
#1084 = ORIENTED_EDGE('',*,*,#1085,.T.);
#1085 = EDGE_CURVE('',#1055,#1086,#1088,.T.);
#1086 = VERTEX_POINT('',#1087);
#1087 = CARTESIAN_POINT('',(137.153266,18.346064,1.7));
#1088 = LINE('',#1089,#1090);
#1089 = CARTESIAN_POINT('',(137.153724,18.348324,1.7));
#1090 = VECTOR('',#1091,1.);
#1091 = DIRECTION('',(-0.198617395461,-0.980077104222,0.));
#1092 = ORIENTED_EDGE('',*,*,#1093,.F.);
#1093 = EDGE_CURVE('',#1094,#1086,#1096,.T.);
#1094 = VERTEX_POINT('',#1095);
#1095 = CARTESIAN_POINT('',(137.153266,18.346064,0.));
#1096 = LINE('',#1097,#1098);
#1097 = CARTESIAN_POINT('',(137.153266,18.346064,0.));
#1098 = VECTOR('',#1099,1.);
#1099 = DIRECTION('',(0.,0.,1.));
#1100 = ORIENTED_EDGE('',*,*,#1101,.F.);
#1101 = EDGE_CURVE('',#1063,#1094,#1102,.T.);
#1102 = LINE('',#1103,#1104);
#1103 = CARTESIAN_POINT('',(137.153724,18.348324,0.));
#1104 = VECTOR('',#1105,1.);
#1105 = DIRECTION('',(-0.198617395461,-0.980077104222,0.));
#1106 = PLANE('',#1107);
#1107 = AXIS2_PLACEMENT_3D('',#1108,#1109,#1110);
#1108 = CARTESIAN_POINT('',(137.153724,18.348324,0.));
#1109 = DIRECTION('',(0.980077104222,-0.198617395461,0.));
#1110 = DIRECTION('',(-0.198617395461,-0.980077104222,0.));
#1111 = ADVANCED_FACE('',(#1112),#1137,.T.);
#1112 = FACE_BOUND('',#1113,.T.);
#1113 = EDGE_LOOP('',(#1114,#1115,#1123,#1131));
#1114 = ORIENTED_EDGE('',*,*,#1093,.T.);
#1115 = ORIENTED_EDGE('',*,*,#1116,.T.);
#1116 = EDGE_CURVE('',#1086,#1117,#1119,.T.);
#1117 = VERTEX_POINT('',#1118);
#1118 = CARTESIAN_POINT('',(137.153317,18.343778,1.7));
#1119 = LINE('',#1120,#1121);
#1120 = CARTESIAN_POINT('',(137.153266,18.346064,1.7));
#1121 = VECTOR('',#1122,1.);
#1122 = DIRECTION('',(2.230416132055E-02,-0.999751231251,0.));
#1123 = ORIENTED_EDGE('',*,*,#1124,.F.);
#1124 = EDGE_CURVE('',#1125,#1117,#1127,.T.);
#1125 = VERTEX_POINT('',#1126);
#1126 = CARTESIAN_POINT('',(137.153317,18.343778,0.));
#1127 = LINE('',#1128,#1129);
#1128 = CARTESIAN_POINT('',(137.153317,18.343778,0.));
#1129 = VECTOR('',#1130,1.);
#1130 = DIRECTION('',(0.,0.,1.));
#1131 = ORIENTED_EDGE('',*,*,#1132,.F.);
#1132 = EDGE_CURVE('',#1094,#1125,#1133,.T.);
#1133 = LINE('',#1134,#1135);
#1134 = CARTESIAN_POINT('',(137.153266,18.346064,0.));
#1135 = VECTOR('',#1136,1.);
#1136 = DIRECTION('',(2.230416132055E-02,-0.999751231251,0.));
#1137 = PLANE('',#1138);
#1138 = AXIS2_PLACEMENT_3D('',#1139,#1140,#1141);
#1139 = CARTESIAN_POINT('',(137.153266,18.346064,0.));
#1140 = DIRECTION('',(0.999751231251,2.230416132055E-02,0.));
#1141 = DIRECTION('',(2.230416132055E-02,-0.999751231251,0.));
#1142 = ADVANCED_FACE('',(#1143),#1168,.T.);
#1143 = FACE_BOUND('',#1144,.T.);
#1144 = EDGE_LOOP('',(#1145,#1146,#1154,#1162));
#1145 = ORIENTED_EDGE('',*,*,#1124,.T.);
#1146 = ORIENTED_EDGE('',*,*,#1147,.T.);
#1147 = EDGE_CURVE('',#1117,#1148,#1150,.T.);
#1148 = VERTEX_POINT('',#1149);
#1149 = CARTESIAN_POINT('',(137.152606,18.342685,1.7));
#1150 = LINE('',#1151,#1152);
#1151 = CARTESIAN_POINT('',(137.153317,18.343778,1.7));
#1152 = VECTOR('',#1153,1.);
#1153 = DIRECTION('',(-0.545284843507,-0.838250821319,0.));
#1154 = ORIENTED_EDGE('',*,*,#1155,.F.);
#1155 = EDGE_CURVE('',#1156,#1148,#1158,.T.);
#1156 = VERTEX_POINT('',#1157);
#1157 = CARTESIAN_POINT('',(137.152606,18.342685,0.));
#1158 = LINE('',#1159,#1160);
#1159 = CARTESIAN_POINT('',(137.152606,18.342685,0.));
#1160 = VECTOR('',#1161,1.);
#1161 = DIRECTION('',(0.,0.,1.));
#1162 = ORIENTED_EDGE('',*,*,#1163,.F.);
#1163 = EDGE_CURVE('',#1125,#1156,#1164,.T.);
#1164 = LINE('',#1165,#1166);
#1165 = CARTESIAN_POINT('',(137.153317,18.343778,0.));
#1166 = VECTOR('',#1167,1.);
#1167 = DIRECTION('',(-0.545284843507,-0.838250821319,0.));
#1168 = PLANE('',#1169);
#1169 = AXIS2_PLACEMENT_3D('',#1170,#1171,#1172);
#1170 = CARTESIAN_POINT('',(137.153317,18.343778,0.));
#1171 = DIRECTION('',(0.838250821319,-0.545284843507,0.));
#1172 = DIRECTION('',(-0.545284843507,-0.838250821319,0.));
#1173 = ADVANCED_FACE('',(#1174),#1199,.T.);
#1174 = FACE_BOUND('',#1175,.T.);
#1175 = EDGE_LOOP('',(#1176,#1177,#1185,#1193));
#1176 = ORIENTED_EDGE('',*,*,#1155,.T.);
#1177 = ORIENTED_EDGE('',*,*,#1178,.T.);
#1178 = EDGE_CURVE('',#1148,#1179,#1181,.T.);
#1179 = VERTEX_POINT('',#1180);
#1180 = CARTESIAN_POINT('',(137.151844,18.338748,1.7));
#1181 = LINE('',#1182,#1183);
#1182 = CARTESIAN_POINT('',(137.152606,18.342685,1.7));
#1183 = VECTOR('',#1184,1.);
#1184 = DIRECTION('',(-0.190021906561,-0.981779850591,0.));
#1185 = ORIENTED_EDGE('',*,*,#1186,.F.);
#1186 = EDGE_CURVE('',#1187,#1179,#1189,.T.);
#1187 = VERTEX_POINT('',#1188);
#1188 = CARTESIAN_POINT('',(137.151844,18.338748,0.));
#1189 = LINE('',#1190,#1191);
#1190 = CARTESIAN_POINT('',(137.151844,18.338748,0.));
#1191 = VECTOR('',#1192,1.);
#1192 = DIRECTION('',(0.,0.,1.));
#1193 = ORIENTED_EDGE('',*,*,#1194,.F.);
#1194 = EDGE_CURVE('',#1156,#1187,#1195,.T.);
#1195 = LINE('',#1196,#1197);
#1196 = CARTESIAN_POINT('',(137.152606,18.342685,0.));
#1197 = VECTOR('',#1198,1.);
#1198 = DIRECTION('',(-0.190021906561,-0.981779850591,0.));
#1199 = PLANE('',#1200);
#1200 = AXIS2_PLACEMENT_3D('',#1201,#1202,#1203);
#1201 = CARTESIAN_POINT('',(137.152606,18.342685,0.));
#1202 = DIRECTION('',(0.981779850591,-0.190021906561,0.));
#1203 = DIRECTION('',(-0.190021906561,-0.981779850591,0.));
#1204 = ADVANCED_FACE('',(#1205),#1230,.T.);
#1205 = FACE_BOUND('',#1206,.T.);
#1206 = EDGE_LOOP('',(#1207,#1208,#1216,#1224));
#1207 = ORIENTED_EDGE('',*,*,#1186,.T.);
#1208 = ORIENTED_EDGE('',*,*,#1209,.T.);
#1209 = EDGE_CURVE('',#1179,#1210,#1212,.T.);
#1210 = VERTEX_POINT('',#1211);
#1211 = CARTESIAN_POINT('',(129.851833,0.638758,1.7));
#1212 = LINE('',#1213,#1214);
#1213 = CARTESIAN_POINT('',(137.151844,18.338748,1.7));
#1214 = VECTOR('',#1215,1.);
#1215 = DIRECTION('',(-0.381275804095,-0.924461335704,0.));
#1216 = ORIENTED_EDGE('',*,*,#1217,.F.);
#1217 = EDGE_CURVE('',#1218,#1210,#1220,.T.);
#1218 = VERTEX_POINT('',#1219);
#1219 = CARTESIAN_POINT('',(129.851833,0.638758,0.));
#1220 = LINE('',#1221,#1222);
#1221 = CARTESIAN_POINT('',(129.851833,0.638758,0.));
#1222 = VECTOR('',#1223,1.);
#1223 = DIRECTION('',(0.,0.,1.));
#1224 = ORIENTED_EDGE('',*,*,#1225,.F.);
#1225 = EDGE_CURVE('',#1187,#1218,#1226,.T.);
#1226 = LINE('',#1227,#1228);
#1227 = CARTESIAN_POINT('',(137.151844,18.338748,0.));
#1228 = VECTOR('',#1229,1.);
#1229 = DIRECTION('',(-0.381275804095,-0.924461335704,0.));
#1230 = PLANE('',#1231);
#1231 = AXIS2_PLACEMENT_3D('',#1232,#1233,#1234);
#1232 = CARTESIAN_POINT('',(137.151844,18.338748,0.));
#1233 = DIRECTION('',(0.924461335704,-0.381275804095,0.));
#1234 = DIRECTION('',(-0.381275804095,-0.924461335704,0.));
#1235 = ADVANCED_FACE('',(#1236),#1261,.T.);
#1236 = FACE_BOUND('',#1237,.T.);
#1237 = EDGE_LOOP('',(#1238,#1239,#1247,#1255));
#1238 = ORIENTED_EDGE('',*,*,#1217,.T.);
#1239 = ORIENTED_EDGE('',*,*,#1240,.T.);
#1240 = EDGE_CURVE('',#1210,#1241,#1243,.T.);
#1241 = VERTEX_POINT('',#1242);
#1242 = CARTESIAN_POINT('',(129.846474,0.630707,1.7));
#1243 = LINE('',#1244,#1245);
#1244 = CARTESIAN_POINT('',(129.851833,0.638758,1.7));
#1245 = VECTOR('',#1246,1.);
#1246 = DIRECTION('',(-0.554103533582,-0.832447760566,0.));
#1247 = ORIENTED_EDGE('',*,*,#1248,.F.);
#1248 = EDGE_CURVE('',#1249,#1241,#1251,.T.);
#1249 = VERTEX_POINT('',#1250);
#1250 = CARTESIAN_POINT('',(129.846474,0.630707,0.));
#1251 = LINE('',#1252,#1253);
#1252 = CARTESIAN_POINT('',(129.846474,0.630707,0.));
#1253 = VECTOR('',#1254,1.);
#1254 = DIRECTION('',(0.,0.,1.));
#1255 = ORIENTED_EDGE('',*,*,#1256,.F.);
#1256 = EDGE_CURVE('',#1218,#1249,#1257,.T.);
#1257 = LINE('',#1258,#1259);
#1258 = CARTESIAN_POINT('',(129.851833,0.638758,0.));
#1259 = VECTOR('',#1260,1.);
#1260 = DIRECTION('',(-0.554103533582,-0.832447760566,0.));
#1261 = PLANE('',#1262);
#1262 = AXIS2_PLACEMENT_3D('',#1263,#1264,#1265);
#1263 = CARTESIAN_POINT('',(129.851833,0.638758,0.));
#1264 = DIRECTION('',(0.832447760566,-0.554103533582,0.));
#1265 = DIRECTION('',(-0.554103533582,-0.832447760566,0.));
#1266 = ADVANCED_FACE('',(#1267),#1292,.T.);
#1267 = FACE_BOUND('',#1268,.T.);
#1268 = EDGE_LOOP('',(#1269,#1270,#1278,#1286));
#1269 = ORIENTED_EDGE('',*,*,#1248,.T.);
#1270 = ORIENTED_EDGE('',*,*,#1271,.T.);
#1271 = EDGE_CURVE('',#1241,#1272,#1274,.T.);
#1272 = VERTEX_POINT('',#1273);
#1273 = CARTESIAN_POINT('',(129.846474,0.630656,1.7));
#1274 = LINE('',#1275,#1276);
#1275 = CARTESIAN_POINT('',(129.846474,0.630707,1.7));
#1276 = VECTOR('',#1277,1.);
#1277 = DIRECTION('',(0.,-1.,0.));
#1278 = ORIENTED_EDGE('',*,*,#1279,.F.);
#1279 = EDGE_CURVE('',#1280,#1272,#1282,.T.);
#1280 = VERTEX_POINT('',#1281);
#1281 = CARTESIAN_POINT('',(129.846474,0.630656,0.));
#1282 = LINE('',#1283,#1284);
#1283 = CARTESIAN_POINT('',(129.846474,0.630656,0.));
#1284 = VECTOR('',#1285,1.);
#1285 = DIRECTION('',(0.,0.,1.));
#1286 = ORIENTED_EDGE('',*,*,#1287,.F.);
#1287 = EDGE_CURVE('',#1249,#1280,#1288,.T.);
#1288 = LINE('',#1289,#1290);
#1289 = CARTESIAN_POINT('',(129.846474,0.630707,0.));
#1290 = VECTOR('',#1291,1.);
#1291 = DIRECTION('',(0.,-1.,0.));
#1292 = PLANE('',#1293);
#1293 = AXIS2_PLACEMENT_3D('',#1294,#1295,#1296);
#1294 = CARTESIAN_POINT('',(129.846474,0.630707,0.));
#1295 = DIRECTION('',(1.,0.,0.));
#1296 = DIRECTION('',(0.,-1.,0.));
#1297 = ADVANCED_FACE('',(#1298),#1323,.T.);
#1298 = FACE_BOUND('',#1299,.T.);
#1299 = EDGE_LOOP('',(#1300,#1301,#1309,#1317));
#1300 = ORIENTED_EDGE('',*,*,#1279,.T.);
#1301 = ORIENTED_EDGE('',*,*,#1302,.T.);
#1302 = EDGE_CURVE('',#1272,#1303,#1305,.T.);
#1303 = VERTEX_POINT('',#1304);
#1304 = CARTESIAN_POINT('',(129.846448,0.630656,1.7));
#1305 = LINE('',#1306,#1307);
#1306 = CARTESIAN_POINT('',(129.846474,0.630656,1.7));
#1307 = VECTOR('',#1308,1.);
#1308 = DIRECTION('',(-1.,0.,0.));
#1309 = ORIENTED_EDGE('',*,*,#1310,.F.);
#1310 = EDGE_CURVE('',#1311,#1303,#1313,.T.);
#1311 = VERTEX_POINT('',#1312);
#1312 = CARTESIAN_POINT('',(129.846448,0.630656,0.));
#1313 = LINE('',#1314,#1315);
#1314 = CARTESIAN_POINT('',(129.846448,0.630656,0.));
#1315 = VECTOR('',#1316,1.);
#1316 = DIRECTION('',(0.,0.,1.));
#1317 = ORIENTED_EDGE('',*,*,#1318,.F.);
#1318 = EDGE_CURVE('',#1280,#1311,#1319,.T.);
#1319 = LINE('',#1320,#1321);
#1320 = CARTESIAN_POINT('',(129.846474,0.630656,0.));
#1321 = VECTOR('',#1322,1.);
#1322 = DIRECTION('',(-1.,0.,0.));
#1323 = PLANE('',#1324);
#1324 = AXIS2_PLACEMENT_3D('',#1325,#1326,#1327);
#1325 = CARTESIAN_POINT('',(129.846474,0.630656,0.));
#1326 = DIRECTION('',(0.,-1.,0.));
#1327 = DIRECTION('',(-1.,0.,0.));
#1328 = ADVANCED_FACE('',(#1329),#1354,.T.);
#1329 = FACE_BOUND('',#1330,.T.);
#1330 = EDGE_LOOP('',(#1331,#1332,#1340,#1348));
#1331 = ORIENTED_EDGE('',*,*,#1310,.T.);
#1332 = ORIENTED_EDGE('',*,*,#1333,.T.);
#1333 = EDGE_CURVE('',#1303,#1334,#1336,.T.);
#1334 = VERTEX_POINT('',#1335);
#1335 = CARTESIAN_POINT('',(129.846423,0.63063,1.7));
#1336 = LINE('',#1337,#1338);
#1337 = CARTESIAN_POINT('',(129.846448,0.630656,1.7));
#1338 = VECTOR('',#1339,1.);
#1339 = DIRECTION('',(-0.693108716571,-0.720833064595,0.));
#1340 = ORIENTED_EDGE('',*,*,#1341,.F.);
#1341 = EDGE_CURVE('',#1342,#1334,#1344,.T.);
#1342 = VERTEX_POINT('',#1343);
#1343 = CARTESIAN_POINT('',(129.846423,0.63063,0.));
#1344 = LINE('',#1345,#1346);
#1345 = CARTESIAN_POINT('',(129.846423,0.63063,0.));
#1346 = VECTOR('',#1347,1.);
#1347 = DIRECTION('',(0.,0.,1.));
#1348 = ORIENTED_EDGE('',*,*,#1349,.F.);
#1349 = EDGE_CURVE('',#1311,#1342,#1350,.T.);
#1350 = LINE('',#1351,#1352);
#1351 = CARTESIAN_POINT('',(129.846448,0.630656,0.));
#1352 = VECTOR('',#1353,1.);
#1353 = DIRECTION('',(-0.693108716571,-0.720833064595,0.));
#1354 = PLANE('',#1355);
#1355 = AXIS2_PLACEMENT_3D('',#1356,#1357,#1358);
#1356 = CARTESIAN_POINT('',(129.846448,0.630656,0.));
#1357 = DIRECTION('',(0.720833064595,-0.693108716571,0.));
#1358 = DIRECTION('',(-0.693108716571,-0.720833064595,0.));
#1359 = ADVANCED_FACE('',(#1360),#1385,.T.);
#1360 = FACE_BOUND('',#1361,.T.);
#1361 = EDGE_LOOP('',(#1362,#1363,#1371,#1379));
#1362 = ORIENTED_EDGE('',*,*,#1341,.T.);
#1363 = ORIENTED_EDGE('',*,*,#1364,.T.);
#1364 = EDGE_CURVE('',#1334,#1365,#1367,.T.);
#1365 = VERTEX_POINT('',#1366);
#1366 = CARTESIAN_POINT('',(129.837711,0.626998,1.7));
#1367 = LINE('',#1368,#1369);
#1368 = CARTESIAN_POINT('',(129.846423,0.63063,1.7));
#1369 = VECTOR('',#1370,1.);
#1370 = DIRECTION('',(-0.92300167748,-0.384795924313,0.));
#1371 = ORIENTED_EDGE('',*,*,#1372,.F.);
#1372 = EDGE_CURVE('',#1373,#1365,#1375,.T.);
#1373 = VERTEX_POINT('',#1374);
#1374 = CARTESIAN_POINT('',(129.837711,0.626998,0.));
#1375 = LINE('',#1376,#1377);
#1376 = CARTESIAN_POINT('',(129.837711,0.626998,0.));
#1377 = VECTOR('',#1378,1.);
#1378 = DIRECTION('',(0.,0.,1.));
#1379 = ORIENTED_EDGE('',*,*,#1380,.F.);
#1380 = EDGE_CURVE('',#1342,#1373,#1381,.T.);
#1381 = LINE('',#1382,#1383);
#1382 = CARTESIAN_POINT('',(129.846423,0.63063,0.));
#1383 = VECTOR('',#1384,1.);
#1384 = DIRECTION('',(-0.92300167748,-0.384795924313,0.));
#1385 = PLANE('',#1386);
#1386 = AXIS2_PLACEMENT_3D('',#1387,#1388,#1389);
#1387 = CARTESIAN_POINT('',(129.846423,0.63063,0.));
#1388 = DIRECTION('',(0.384795924313,-0.92300167748,0.));
#1389 = DIRECTION('',(-0.92300167748,-0.384795924313,0.));
#1390 = ADVANCED_FACE('',(#1391),#1416,.T.);
#1391 = FACE_BOUND('',#1392,.T.);
#1392 = EDGE_LOOP('',(#1393,#1394,#1402,#1410));
#1393 = ORIENTED_EDGE('',*,*,#1372,.T.);
#1394 = ORIENTED_EDGE('',*,*,#1395,.T.);
#1395 = EDGE_CURVE('',#1365,#1396,#1398,.T.);
#1396 = VERTEX_POINT('',#1397);
#1397 = CARTESIAN_POINT('',(129.828821,0.62329,1.7));
#1398 = LINE('',#1399,#1400);
#1399 = CARTESIAN_POINT('',(129.837711,0.626998,1.7));
#1400 = VECTOR('',#1401,1.);
#1401 = DIRECTION('',(-0.922935571011,-0.38495445414,0.));
#1402 = ORIENTED_EDGE('',*,*,#1403,.F.);
#1403 = EDGE_CURVE('',#1404,#1396,#1406,.T.);
#1404 = VERTEX_POINT('',#1405);
#1405 = CARTESIAN_POINT('',(129.828821,0.62329,0.));
#1406 = LINE('',#1407,#1408);
#1407 = CARTESIAN_POINT('',(129.828821,0.62329,0.));
#1408 = VECTOR('',#1409,1.);
#1409 = DIRECTION('',(0.,0.,1.));
#1410 = ORIENTED_EDGE('',*,*,#1411,.F.);
#1411 = EDGE_CURVE('',#1373,#1404,#1412,.T.);
#1412 = LINE('',#1413,#1414);
#1413 = CARTESIAN_POINT('',(129.837711,0.626998,0.));
#1414 = VECTOR('',#1415,1.);
#1415 = DIRECTION('',(-0.922935571011,-0.38495445414,0.));
#1416 = PLANE('',#1417);
#1417 = AXIS2_PLACEMENT_3D('',#1418,#1419,#1420);
#1418 = CARTESIAN_POINT('',(129.837711,0.626998,0.));
#1419 = DIRECTION('',(0.38495445414,-0.922935571011,0.));
#1420 = DIRECTION('',(-0.922935571011,-0.38495445414,0.));
#1421 = ADVANCED_FACE('',(#1422,#1475,#1677,#1871,#2001,#2195,#2389,
    #2583,#2777,#2971,#3165,#3359,#3553,#3747,#3941,#4135,#4329,#4523,
    #4717,#4911,#5105,#5299,#5493,#5687,#5881,#6075,#6269,#6280,#6291,
    #6302,#6313,#6324),#6335,.F.);
#1422 = FACE_BOUND('',#1423,.T.);
#1423 = EDGE_LOOP('',(#1424,#1425,#1426,#1427,#1428,#1429,#1430,#1431,
    #1432,#1433,#1434,#1435,#1436,#1437,#1438,#1439,#1440,#1441,#1442,
    #1443,#1444,#1445,#1446,#1452,#1453,#1454,#1455,#1456,#1457,#1458,
    #1459,#1460,#1461,#1462,#1463,#1464,#1465,#1466,#1467,#1468,#1469,
    #1470,#1471,#1472,#1473,#1474));
#1424 = ORIENTED_EDGE('',*,*,#760,.T.);
#1425 = ORIENTED_EDGE('',*,*,#791,.T.);
#1426 = ORIENTED_EDGE('',*,*,#822,.T.);
#1427 = ORIENTED_EDGE('',*,*,#853,.T.);
#1428 = ORIENTED_EDGE('',*,*,#884,.T.);
#1429 = ORIENTED_EDGE('',*,*,#915,.T.);
#1430 = ORIENTED_EDGE('',*,*,#946,.T.);
#1431 = ORIENTED_EDGE('',*,*,#977,.T.);
#1432 = ORIENTED_EDGE('',*,*,#1008,.T.);
#1433 = ORIENTED_EDGE('',*,*,#1039,.T.);
#1434 = ORIENTED_EDGE('',*,*,#1070,.T.);
#1435 = ORIENTED_EDGE('',*,*,#1101,.T.);
#1436 = ORIENTED_EDGE('',*,*,#1132,.T.);
#1437 = ORIENTED_EDGE('',*,*,#1163,.T.);
#1438 = ORIENTED_EDGE('',*,*,#1194,.T.);
#1439 = ORIENTED_EDGE('',*,*,#1225,.T.);
#1440 = ORIENTED_EDGE('',*,*,#1256,.T.);
#1441 = ORIENTED_EDGE('',*,*,#1287,.T.);
#1442 = ORIENTED_EDGE('',*,*,#1318,.T.);
#1443 = ORIENTED_EDGE('',*,*,#1349,.T.);
#1444 = ORIENTED_EDGE('',*,*,#1380,.T.);
#1445 = ORIENTED_EDGE('',*,*,#1411,.T.);
#1446 = ORIENTED_EDGE('',*,*,#1447,.T.);
#1447 = EDGE_CURVE('',#1404,#22,#1448,.T.);
#1448 = LINE('',#1449,#1450);
#1449 = CARTESIAN_POINT('',(129.828821,0.62329,0.));
#1450 = VECTOR('',#1451,1.);
#1451 = DIRECTION('',(-1.,0.,0.));
#1452 = ORIENTED_EDGE('',*,*,#47,.T.);
#1453 = ORIENTED_EDGE('',*,*,#78,.T.);
#1454 = ORIENTED_EDGE('',*,*,#109,.T.);
#1455 = ORIENTED_EDGE('',*,*,#140,.T.);
#1456 = ORIENTED_EDGE('',*,*,#171,.T.);
#1457 = ORIENTED_EDGE('',*,*,#202,.T.);
#1458 = ORIENTED_EDGE('',*,*,#233,.T.);
#1459 = ORIENTED_EDGE('',*,*,#264,.T.);
#1460 = ORIENTED_EDGE('',*,*,#295,.T.);
#1461 = ORIENTED_EDGE('',*,*,#326,.T.);
#1462 = ORIENTED_EDGE('',*,*,#357,.T.);
#1463 = ORIENTED_EDGE('',*,*,#388,.T.);
#1464 = ORIENTED_EDGE('',*,*,#419,.T.);
#1465 = ORIENTED_EDGE('',*,*,#450,.T.);
#1466 = ORIENTED_EDGE('',*,*,#481,.T.);
#1467 = ORIENTED_EDGE('',*,*,#512,.T.);
#1468 = ORIENTED_EDGE('',*,*,#543,.T.);
#1469 = ORIENTED_EDGE('',*,*,#574,.T.);
#1470 = ORIENTED_EDGE('',*,*,#605,.T.);
#1471 = ORIENTED_EDGE('',*,*,#636,.T.);
#1472 = ORIENTED_EDGE('',*,*,#667,.T.);
#1473 = ORIENTED_EDGE('',*,*,#698,.T.);
#1474 = ORIENTED_EDGE('',*,*,#729,.T.);
#1475 = FACE_BOUND('',#1476,.F.);
#1476 = EDGE_LOOP('',(#1477,#1487,#1495,#1503,#1511,#1519,#1527,#1535,
    #1543,#1551,#1559,#1567,#1575,#1583,#1591,#1599,#1607,#1615,#1623,
    #1631,#1639,#1647,#1655,#1663,#1671));
#1477 = ORIENTED_EDGE('',*,*,#1478,.T.);
#1478 = EDGE_CURVE('',#1479,#1481,#1483,.T.);
#1479 = VERTEX_POINT('',#1480);
#1480 = CARTESIAN_POINT('',(120.736154,22.385451,0.));
#1481 = VERTEX_POINT('',#1482);
#1482 = CARTESIAN_POINT('',(133.809433,17.103496,0.));
#1483 = LINE('',#1484,#1485);
#1484 = CARTESIAN_POINT('',(120.736154,22.385451,0.));
#1485 = VECTOR('',#1486,1.);
#1486 = DIRECTION('',(0.927183671631,-0.374607046196,0.));
#1487 = ORIENTED_EDGE('',*,*,#1488,.T.);
#1488 = EDGE_CURVE('',#1481,#1489,#1491,.T.);
#1489 = VERTEX_POINT('',#1490);
#1490 = CARTESIAN_POINT('',(133.822463,17.096663,0.));
#1491 = LINE('',#1492,#1493);
#1492 = CARTESIAN_POINT('',(133.809433,17.103496,0.));
#1493 = VECTOR('',#1494,1.);
#1494 = DIRECTION('',(0.885614596091,-0.46442091597,0.));
#1495 = ORIENTED_EDGE('',*,*,#1496,.T.);
#1496 = EDGE_CURVE('',#1489,#1497,#1499,.T.);
#1497 = VERTEX_POINT('',#1498);
#1498 = CARTESIAN_POINT('',(133.843342,17.076165,0.));
#1499 = LINE('',#1500,#1501);
#1500 = CARTESIAN_POINT('',(133.822463,17.096663,0.));
#1501 = VECTOR('',#1502,1.);
#1502 = DIRECTION('',(0.713587579387,-0.700566032965,0.));
#1503 = ORIENTED_EDGE('',*,*,#1504,.T.);
#1504 = EDGE_CURVE('',#1497,#1505,#1507,.T.);
#1505 = VERTEX_POINT('',#1506);
#1506 = CARTESIAN_POINT('',(133.854772,17.049216,0.));
#1507 = LINE('',#1508,#1509);
#1508 = CARTESIAN_POINT('',(133.843342,17.076165,0.));
#1509 = VECTOR('',#1510,1.);
#1510 = DIRECTION('',(0.390465624565,-0.920617507998,0.));
#1511 = ORIENTED_EDGE('',*,*,#1512,.T.);
#1512 = EDGE_CURVE('',#1505,#1513,#1515,.T.);
#1513 = VERTEX_POINT('',#1514);
#1514 = CARTESIAN_POINT('',(133.855026,17.019955,0.));
#1515 = LINE('',#1516,#1517);
#1516 = CARTESIAN_POINT('',(133.854772,17.049216,0.));
#1517 = VECTOR('',#1518,1.);
#1518 = DIRECTION('',(8.680169200448E-03,-0.999962326622,0.));
#1519 = ORIENTED_EDGE('',*,*,#1520,.T.);
#1520 = EDGE_CURVE('',#1513,#1521,#1523,.T.);
#1521 = VERTEX_POINT('',#1522);
#1522 = CARTESIAN_POINT('',(133.850885,17.005858,0.));
#1523 = LINE('',#1524,#1525);
#1524 = CARTESIAN_POINT('',(133.855026,17.019955,0.));
#1525 = VECTOR('',#1526,1.);
#1526 = DIRECTION('',(-0.28184204107,-0.959460819359,0.));
#1527 = ORIENTED_EDGE('',*,*,#1528,.T.);
#1528 = EDGE_CURVE('',#1521,#1529,#1531,.T.);
#1529 = VERTEX_POINT('',#1530);
#1530 = CARTESIAN_POINT('',(128.56893,3.932554,0.));
#1531 = LINE('',#1532,#1533);
#1532 = CARTESIAN_POINT('',(133.850885,17.005858,0.));
#1533 = VECTOR('',#1534,1.);
#1534 = DIRECTION('',(-0.374606430364,-0.927183920444,0.));
#1535 = ORIENTED_EDGE('',*,*,#1536,.T.);
#1536 = EDGE_CURVE('',#1529,#1537,#1539,.T.);
#1537 = VERTEX_POINT('',#1538);
#1538 = CARTESIAN_POINT('',(128.562123,3.919549,0.));
#1539 = LINE('',#1540,#1541);
#1540 = CARTESIAN_POINT('',(128.56893,3.932554,0.));
#1541 = VECTOR('',#1542,1.);
#1542 = DIRECTION('',(-0.46373204488,-0.88597550223,0.));
#1543 = ORIENTED_EDGE('',*,*,#1544,.T.);
#1544 = EDGE_CURVE('',#1537,#1545,#1547,.T.);
#1545 = VERTEX_POINT('',#1546);
#1546 = CARTESIAN_POINT('',(128.562123,3.919524,0.));
#1547 = LINE('',#1548,#1549);
#1548 = CARTESIAN_POINT('',(128.562123,3.919549,0.));
#1549 = VECTOR('',#1550,1.);
#1550 = DIRECTION('',(0.,-1.,0.));
#1551 = ORIENTED_EDGE('',*,*,#1552,.T.);
#1552 = EDGE_CURVE('',#1545,#1553,#1555,.T.);
#1553 = VERTEX_POINT('',#1554);
#1554 = CARTESIAN_POINT('',(128.5416,3.898671,0.));
#1555 = LINE('',#1556,#1557);
#1556 = CARTESIAN_POINT('',(128.562123,3.919524,0.));
#1557 = VECTOR('',#1558,1.);
#1558 = DIRECTION('',(-0.701444844057,-0.712723740832,0.));
#1559 = ORIENTED_EDGE('',*,*,#1560,.T.);
#1560 = EDGE_CURVE('',#1553,#1561,#1563,.T.);
#1561 = VERTEX_POINT('',#1562);
#1562 = CARTESIAN_POINT('',(128.514676,3.887241,0.));
#1563 = LINE('',#1564,#1565);
#1564 = CARTESIAN_POINT('',(128.5416,3.898671,0.));
#1565 = VECTOR('',#1566,1.);
#1566 = DIRECTION('',(-0.920487144923,-0.390772844543,0.));
#1567 = ORIENTED_EDGE('',*,*,#1568,.T.);
#1568 = EDGE_CURVE('',#1561,#1569,#1571,.T.);
#1569 = VERTEX_POINT('',#1570);
#1570 = CARTESIAN_POINT('',(128.485415,3.886961,0.));
#1571 = LINE('',#1572,#1573);
#1572 = CARTESIAN_POINT('',(128.514676,3.887241,0.));
#1573 = VECTOR('',#1574,1.);
#1574 = DIRECTION('',(-0.999954219776,-9.568612881894E-03,0.));
#1575 = ORIENTED_EDGE('',*,*,#1576,.T.);
#1576 = EDGE_CURVE('',#1569,#1577,#1579,.T.);
#1577 = VERTEX_POINT('',#1578);
#1578 = CARTESIAN_POINT('',(128.471292,3.891127,0.));
#1579 = LINE('',#1580,#1581);
#1580 = CARTESIAN_POINT('',(128.485415,3.886961,0.));
#1581 = VECTOR('',#1582,1.);
#1582 = DIRECTION('',(-0.959141344891,0.282927341416,0.));
#1583 = ORIENTED_EDGE('',*,*,#1584,.T.);
#1584 = EDGE_CURVE('',#1577,#1585,#1587,.T.);
#1585 = VERTEX_POINT('',#1586);
#1586 = CARTESIAN_POINT('',(115.398014,9.173082,0.));
#1587 = LINE('',#1588,#1589);
#1588 = CARTESIAN_POINT('',(128.471292,3.891127,0.));
#1589 = VECTOR('',#1590,1.);
#1590 = DIRECTION('',(-0.927183661679,0.37460707083,0.));
#1591 = ORIENTED_EDGE('',*,*,#1592,.T.);
#1592 = EDGE_CURVE('',#1585,#1593,#1595,.T.);
#1593 = VERTEX_POINT('',#1594);
#1594 = CARTESIAN_POINT('',(115.384984,9.179889,0.));
#1595 = LINE('',#1596,#1597);
#1596 = CARTESIAN_POINT('',(115.398014,9.173082,0.));
#1597 = VECTOR('',#1598,1.);
#1598 = DIRECTION('',(-0.886340931492,0.463033209567,0.));
#1599 = ORIENTED_EDGE('',*,*,#1600,.T.);
#1600 = EDGE_CURVE('',#1593,#1601,#1603,.T.);
#1601 = VERTEX_POINT('',#1602);
#1602 = CARTESIAN_POINT('',(115.364105,9.200413,0.));
#1603 = LINE('',#1604,#1605);
#1604 = CARTESIAN_POINT('',(115.384984,9.179889,0.));
#1605 = VECTOR('',#1606,1.);
#1606 = DIRECTION('',(-0.713143483171,0.701018097064,0.));
#1607 = ORIENTED_EDGE('',*,*,#1608,.T.);
#1608 = EDGE_CURVE('',#1601,#1609,#1611,.T.);
#1609 = VERTEX_POINT('',#1610);
#1610 = CARTESIAN_POINT('',(115.352675,9.227337,0.));
#1611 = LINE('',#1612,#1613);
#1612 = CARTESIAN_POINT('',(115.364105,9.200413,0.));
#1613 = VECTOR('',#1614,1.);
#1614 = DIRECTION('',(-0.390772844542,0.920487144923,0.));
#1615 = ORIENTED_EDGE('',*,*,#1616,.T.);
#1616 = EDGE_CURVE('',#1609,#1617,#1619,.T.);
#1617 = VERTEX_POINT('',#1618);
#1618 = CARTESIAN_POINT('',(115.352421,9.256597,0.));
#1619 = LINE('',#1620,#1621);
#1620 = CARTESIAN_POINT('',(115.352675,9.227337,0.));
#1621 = VECTOR('',#1622,1.);
#1622 = DIRECTION('',(-8.680465834111E-03,0.999962324047,0.));
#1623 = ORIENTED_EDGE('',*,*,#1624,.T.);
#1624 = EDGE_CURVE('',#1617,#1625,#1627,.T.);
#1625 = VERTEX_POINT('',#1626);
#1626 = CARTESIAN_POINT('',(115.356561,9.270694,0.));
#1627 = LINE('',#1628,#1629);
#1628 = CARTESIAN_POINT('',(115.352421,9.256597,0.));
#1629 = VECTOR('',#1630,1.);
#1630 = DIRECTION('',(0.281779384368,0.959479222571,0.));
#1631 = ORIENTED_EDGE('',*,*,#1632,.T.);
#1632 = EDGE_CURVE('',#1625,#1633,#1635,.T.);
#1633 = VERTEX_POINT('',#1634);
#1634 = CARTESIAN_POINT('',(120.638517,22.343998,0.));
#1635 = LINE('',#1636,#1637);
#1636 = CARTESIAN_POINT('',(115.356561,9.270694,0.));
#1637 = VECTOR('',#1638,1.);
#1638 = DIRECTION('',(0.374606491334,0.927183895811,0.));
#1639 = ORIENTED_EDGE('',*,*,#1640,.T.);
#1640 = EDGE_CURVE('',#1633,#1641,#1643,.T.);
#1641 = VERTEX_POINT('',#1642);
#1642 = CARTESIAN_POINT('',(120.645324,22.357028,0.));
#1643 = LINE('',#1644,#1645);
#1644 = CARTESIAN_POINT('',(120.638517,22.343998,0.));
#1645 = VECTOR('',#1646,1.);
#1646 = DIRECTION('',(0.463033209568,0.886340931491,0.));
#1647 = ORIENTED_EDGE('',*,*,#1648,.T.);
#1648 = EDGE_CURVE('',#1641,#1649,#1651,.T.);
#1649 = VERTEX_POINT('',#1650);
#1650 = CARTESIAN_POINT('',(120.665847,22.377907,0.));
#1651 = LINE('',#1652,#1653);
#1652 = CARTESIAN_POINT('',(120.645324,22.357028,0.));
#1653 = VECTOR('',#1654,1.);
#1654 = DIRECTION('',(0.70100072559,0.713160558866,0.));
#1655 = ORIENTED_EDGE('',*,*,#1656,.T.);
#1656 = EDGE_CURVE('',#1649,#1657,#1659,.T.);
#1657 = VERTEX_POINT('',#1658);
#1658 = CARTESIAN_POINT('',(120.692771,22.389337,0.));
#1659 = LINE('',#1660,#1661);
#1660 = CARTESIAN_POINT('',(120.665847,22.377907,0.));
#1661 = VECTOR('',#1662,1.);
#1662 = DIRECTION('',(0.920487144923,0.390772844543,0.));
#1663 = ORIENTED_EDGE('',*,*,#1664,.T.);
#1664 = EDGE_CURVE('',#1657,#1665,#1667,.T.);
#1665 = VERTEX_POINT('',#1666);
#1666 = CARTESIAN_POINT('',(120.722032,22.389591,0.));
#1667 = LINE('',#1668,#1669);
#1668 = CARTESIAN_POINT('',(120.692771,22.389337,0.));
#1669 = VECTOR('',#1670,1.);
#1670 = DIRECTION('',(0.999962326622,8.680169199961E-03,0.));
#1671 = ORIENTED_EDGE('',*,*,#1672,.T.);
#1672 = EDGE_CURVE('',#1665,#1479,#1673,.T.);
#1673 = LINE('',#1674,#1675);
#1674 = CARTESIAN_POINT('',(120.722032,22.389591,0.));
#1675 = VECTOR('',#1676,1.);
#1676 = DIRECTION('',(0.959613996138,-0.281320064014,0.));
#1677 = FACE_BOUND('',#1678,.F.);
#1678 = EDGE_LOOP('',(#1679,#1689,#1697,#1705,#1713,#1721,#1729,#1737,
    #1745,#1753,#1761,#1769,#1777,#1785,#1793,#1801,#1809,#1817,#1825,
    #1833,#1841,#1849,#1857,#1865));
#1679 = ORIENTED_EDGE('',*,*,#1680,.T.);
#1680 = EDGE_CURVE('',#1681,#1683,#1685,.T.);
#1681 = VERTEX_POINT('',#1682);
#1682 = CARTESIAN_POINT('',(98.718139,27.538959,0.));
#1683 = VERTEX_POINT('',#1684);
#1684 = CARTESIAN_POINT('',(98.732769,27.537587,0.));
#1685 = LINE('',#1686,#1687);
#1686 = CARTESIAN_POINT('',(98.718139,27.538959,0.));
#1687 = VECTOR('',#1688,1.);
#1688 = DIRECTION('',(0.995631458659,-9.337022291727E-02,0.));
#1689 = ORIENTED_EDGE('',*,*,#1690,.T.);
#1690 = EDGE_CURVE('',#1683,#1691,#1693,.T.);
#1691 = VERTEX_POINT('',#1692);
#1692 = CARTESIAN_POINT('',(112.573712,24.847168,0.));
#1693 = LINE('',#1694,#1695);
#1694 = CARTESIAN_POINT('',(98.732769,27.537587,0.));
#1695 = VECTOR('',#1696,1.);
#1696 = DIRECTION('',(0.981627021106,-0.190809830551,0.));
#1697 = ORIENTED_EDGE('',*,*,#1698,.T.);
#1698 = EDGE_CURVE('',#1691,#1699,#1701,.T.);
#1699 = VERTEX_POINT('',#1700);
#1700 = CARTESIAN_POINT('',(112.587783,24.842952,0.));
#1701 = LINE('',#1702,#1703);
#1702 = CARTESIAN_POINT('',(112.573712,24.847168,0.));
#1703 = VECTOR('',#1704,1.);
#1704 = DIRECTION('',(0.957925534461,-0.28701684694,0.));
#1705 = ORIENTED_EDGE('',*,*,#1706,.T.);
#1706 = EDGE_CURVE('',#1699,#1707,#1709,.T.);
#1707 = VERTEX_POINT('',#1708);
#1708 = CARTESIAN_POINT('',(112.612193,24.826823,0.));
#1709 = LINE('',#1710,#1711);
#1710 = CARTESIAN_POINT('',(112.587783,24.842952,0.));
#1711 = VECTOR('',#1712,1.);
#1712 = DIRECTION('',(0.834320161517,-0.551280208321,0.));
#1713 = ORIENTED_EDGE('',*,*,#1714,.T.);
#1714 = EDGE_CURVE('',#1707,#1715,#1717,.T.);
#1715 = VERTEX_POINT('',#1716);
#1716 = CARTESIAN_POINT('',(112.62855,24.80254,0.));
#1717 = LINE('',#1718,#1719);
#1718 = CARTESIAN_POINT('',(112.612193,24.826823,0.));
#1719 = VECTOR('',#1720,1.);
#1720 = DIRECTION('',(0.55867422656,-0.829387188578,0.));
#1721 = ORIENTED_EDGE('',*,*,#1722,.T.);
#1722 = EDGE_CURVE('',#1715,#1723,#1725,.T.);
#1723 = VERTEX_POINT('',#1724);
#1724 = CARTESIAN_POINT('',(112.634392,24.773864,0.));
#1725 = LINE('',#1726,#1727);
#1726 = CARTESIAN_POINT('',(112.62855,24.80254,0.));
#1727 = VECTOR('',#1728,1.);
#1728 = DIRECTION('',(0.19962392451,-0.979872588025,0.));
#1729 = ORIENTED_EDGE('',*,*,#1730,.T.);
#1730 = EDGE_CURVE('',#1723,#1731,#1733,.T.);
#1731 = VERTEX_POINT('',#1732);
#1732 = CARTESIAN_POINT('',(112.633021,24.759233,0.));
#1733 = LINE('',#1734,#1735);
#1734 = CARTESIAN_POINT('',(112.634392,24.773864,0.));
#1735 = VECTOR('',#1736,1.);
#1736 = DIRECTION('',(-9.329643992157E-02,-0.995638375264,0.));
#1737 = ORIENTED_EDGE('',*,*,#1738,.T.);
#1738 = EDGE_CURVE('',#1731,#1739,#1741,.T.);
#1739 = VERTEX_POINT('',#1740);
#1740 = CARTESIAN_POINT('',(109.942602,10.918291,0.));
#1741 = LINE('',#1742,#1743);
#1742 = CARTESIAN_POINT('',(112.633021,24.759233,0.));
#1743 = VECTOR('',#1744,1.);
#1744 = DIRECTION('',(-0.190809843835,-0.981627018524,0.));
#1745 = ORIENTED_EDGE('',*,*,#1746,.T.);
#1746 = EDGE_CURVE('',#1739,#1747,#1749,.T.);
#1747 = VERTEX_POINT('',#1748);
#1748 = CARTESIAN_POINT('',(109.938411,10.904194,0.));
#1749 = LINE('',#1750,#1751);
#1750 = CARTESIAN_POINT('',(109.942602,10.918291,0.));
#1751 = VECTOR('',#1752,1.);
#1752 = DIRECTION('',(-0.284970268082,-0.958536356279,0.));
#1753 = ORIENTED_EDGE('',*,*,#1754,.T.);
#1754 = EDGE_CURVE('',#1747,#1755,#1757,.T.);
#1755 = VERTEX_POINT('',#1756);
#1756 = CARTESIAN_POINT('',(109.922257,10.87981,0.));
#1757 = LINE('',#1758,#1759);
#1758 = CARTESIAN_POINT('',(109.938411,10.904194,0.));
#1759 = VECTOR('',#1760,1.);
#1760 = DIRECTION('',(-0.552283615808,-0.833656288713,0.));
#1761 = ORIENTED_EDGE('',*,*,#1762,.T.);
#1762 = EDGE_CURVE('',#1755,#1763,#1765,.T.);
#1763 = VERTEX_POINT('',#1764);
#1764 = CARTESIAN_POINT('',(109.898,10.863452,0.));
#1765 = LINE('',#1766,#1767);
#1766 = CARTESIAN_POINT('',(109.922257,10.87981,0.));
#1767 = VECTOR('',#1768,1.);
#1768 = DIRECTION('',(-0.82909386844,-0.559109432326,0.));
#1769 = ORIENTED_EDGE('',*,*,#1770,.T.);
#1770 = EDGE_CURVE('',#1763,#1771,#1773,.T.);
#1771 = VERTEX_POINT('',#1772);
#1772 = CARTESIAN_POINT('',(109.869323,10.85761,0.));
#1773 = LINE('',#1774,#1775);
#1774 = CARTESIAN_POINT('',(109.898,10.863452,0.));
#1775 = VECTOR('',#1776,1.);
#1776 = DIRECTION('',(-0.97987394964,-0.199617240778,0.));
#1777 = ORIENTED_EDGE('',*,*,#1778,.T.);
#1778 = EDGE_CURVE('',#1771,#1779,#1781,.T.);
#1779 = VERTEX_POINT('',#1780);
#1780 = CARTESIAN_POINT('',(109.854667,10.858982,0.));
#1781 = LINE('',#1782,#1783);
#1782 = CARTESIAN_POINT('',(109.869323,10.85761,0.));
#1783 = VECTOR('',#1784,1.);
#1784 = DIRECTION('',(-0.995646843676,9.320602275685E-02,0.));
#1785 = ORIENTED_EDGE('',*,*,#1786,.T.);
#1786 = EDGE_CURVE('',#1779,#1787,#1789,.T.);
#1787 = VERTEX_POINT('',#1788);
#1788 = CARTESIAN_POINT('',(96.013725,13.549401,0.));
#1789 = LINE('',#1790,#1791);
#1790 = CARTESIAN_POINT('',(109.854667,10.858982,0.));
#1791 = VECTOR('',#1792,1.);
#1792 = DIRECTION('',(-0.981627018524,0.190809843835,0.));
#1793 = ORIENTED_EDGE('',*,*,#1794,.T.);
#1794 = EDGE_CURVE('',#1787,#1795,#1797,.T.);
#1795 = VERTEX_POINT('',#1796);
#1796 = CARTESIAN_POINT('',(95.999653,13.553592,0.));
#1797 = LINE('',#1798,#1799);
#1798 = CARTESIAN_POINT('',(96.013725,13.549401,0.));
#1799 = VECTOR('',#1800,1.);
#1800 = DIRECTION('',(-0.958397973061,0.285435325831,0.));
#1801 = ORIENTED_EDGE('',*,*,#1802,.T.);
#1802 = EDGE_CURVE('',#1795,#1803,#1805,.T.);
#1803 = VERTEX_POINT('',#1804);
#1804 = CARTESIAN_POINT('',(95.975244,13.569746,0.));
#1805 = LINE('',#1806,#1807);
#1806 = CARTESIAN_POINT('',(95.999653,13.553592,0.));
#1807 = VECTOR('',#1808,1.);
#1808 = DIRECTION('',(-0.833916713534,0.551890310559,0.));
#1809 = ORIENTED_EDGE('',*,*,#1810,.T.);
#1810 = EDGE_CURVE('',#1803,#1811,#1813,.T.);
#1811 = VERTEX_POINT('',#1812);
#1812 = CARTESIAN_POINT('',(95.958886,13.594003,0.));
#1813 = LINE('',#1814,#1815);
#1814 = CARTESIAN_POINT('',(95.975244,13.569746,0.));
#1815 = VECTOR('',#1816,1.);
#1816 = DIRECTION('',(-0.559109432326,0.82909386844,0.));
#1817 = ORIENTED_EDGE('',*,*,#1818,.T.);
#1818 = EDGE_CURVE('',#1811,#1819,#1821,.T.);
#1819 = VERTEX_POINT('',#1820);
#1820 = CARTESIAN_POINT('',(95.953044,13.62268,0.));
#1821 = LINE('',#1822,#1823);
#1822 = CARTESIAN_POINT('',(95.958886,13.594003,0.));
#1823 = VECTOR('',#1824,1.);
#1824 = DIRECTION('',(-0.199617240778,0.97987394964,0.));
#1825 = ORIENTED_EDGE('',*,*,#1826,.T.);
#1826 = EDGE_CURVE('',#1819,#1827,#1829,.T.);
#1827 = VERTEX_POINT('',#1828);
#1828 = CARTESIAN_POINT('',(95.954416,13.637335,0.));
#1829 = LINE('',#1830,#1831);
#1830 = CARTESIAN_POINT('',(95.953044,13.62268,0.));
#1831 = VECTOR('',#1832,1.);
#1832 = DIRECTION('',(9.32123275139E-02,0.995646253445,0.));
#1833 = ORIENTED_EDGE('',*,*,#1834,.T.);
#1834 = EDGE_CURVE('',#1827,#1835,#1837,.T.);
#1835 = VERTEX_POINT('',#1836);
#1836 = CARTESIAN_POINT('',(98.644834,27.478278,0.));
#1837 = LINE('',#1838,#1839);
#1838 = CARTESIAN_POINT('',(95.954416,13.637335,0.));
#1839 = VECTOR('',#1840,1.);
#1840 = DIRECTION('',(0.190809762211,0.98162703439,0.));
#1841 = ORIENTED_EDGE('',*,*,#1842,.T.);
#1842 = EDGE_CURVE('',#1835,#1843,#1845,.T.);
#1843 = VERTEX_POINT('',#1844);
#1844 = CARTESIAN_POINT('',(98.649025,27.49235,0.));
#1845 = LINE('',#1846,#1847);
#1846 = CARTESIAN_POINT('',(98.644834,27.478278,0.));
#1847 = VECTOR('',#1848,1.);
#1848 = DIRECTION('',(0.285435325831,0.958397973061,0.));
#1849 = ORIENTED_EDGE('',*,*,#1850,.T.);
#1850 = EDGE_CURVE('',#1843,#1851,#1853,.T.);
#1851 = VERTEX_POINT('',#1852);
#1852 = CARTESIAN_POINT('',(98.66518,27.516759,0.));
#1853 = LINE('',#1854,#1855);
#1854 = CARTESIAN_POINT('',(98.649025,27.49235,0.));
#1855 = VECTOR('',#1856,1.);
#1856 = DIRECTION('',(0.551914068334,0.833900990031,0.));
#1857 = ORIENTED_EDGE('',*,*,#1858,.T.);
#1858 = EDGE_CURVE('',#1851,#1859,#1861,.T.);
#1859 = VERTEX_POINT('',#1860);
#1860 = CARTESIAN_POINT('',(98.689462,27.533117,0.));
#1861 = LINE('',#1862,#1863);
#1862 = CARTESIAN_POINT('',(98.66518,27.516759,0.));
#1863 = VECTOR('',#1864,1.);
#1864 = DIRECTION('',(0.829360701039,0.558713546973,0.));
#1865 = ORIENTED_EDGE('',*,*,#1866,.T.);
#1866 = EDGE_CURVE('',#1859,#1681,#1867,.T.);
#1867 = LINE('',#1868,#1869);
#1868 = CARTESIAN_POINT('',(98.689462,27.533117,0.));
#1869 = VECTOR('',#1870,1.);
#1870 = DIRECTION('',(0.97987394964,0.199617240778,0.));
#1871 = FACE_BOUND('',#1872,.F.);
#1872 = EDGE_LOOP('',(#1873,#1883,#1891,#1899,#1907,#1915,#1923,#1931,
    #1939,#1947,#1955,#1963,#1971,#1979,#1987,#1995));
#1873 = ORIENTED_EDGE('',*,*,#1874,.T.);
#1874 = EDGE_CURVE('',#1875,#1877,#1879,.T.);
#1875 = VERTEX_POINT('',#1876);
#1876 = CARTESIAN_POINT('',(132.244589,46.746388,0.));
#1877 = VERTEX_POINT('',#1878);
#1878 = CARTESIAN_POINT('',(132.258128,46.73285,0.));
#1879 = LINE('',#1880,#1881);
#1880 = CARTESIAN_POINT('',(132.244589,46.746388,0.));
#1881 = VECTOR('',#1882,1.);
#1882 = DIRECTION('',(0.707132895369,-0.707080666039,0.));
#1883 = ORIENTED_EDGE('',*,*,#1884,.T.);
#1884 = EDGE_CURVE('',#1877,#1885,#1887,.T.);
#1885 = VERTEX_POINT('',#1886);
#1886 = CARTESIAN_POINT('',(132.260033,46.723274,0.));
#1887 = LINE('',#1888,#1889);
#1888 = CARTESIAN_POINT('',(132.258128,46.73285,0.));
#1889 = VECTOR('',#1890,1.);
#1890 = DIRECTION('',(0.195111521073,-0.980781063411,0.));
#1891 = ORIENTED_EDGE('',*,*,#1892,.T.);
#1892 = EDGE_CURVE('',#1885,#1893,#1895,.T.);
#1893 = VERTEX_POINT('',#1894);
#1894 = CARTESIAN_POINT('',(132.260033,31.723278,0.));
#1895 = LINE('',#1896,#1897);
#1896 = CARTESIAN_POINT('',(132.260033,46.723274,0.));
#1897 = VECTOR('',#1898,1.);
#1898 = DIRECTION('',(0.,-1.,0.));
#1899 = ORIENTED_EDGE('',*,*,#1900,.T.);
#1900 = EDGE_CURVE('',#1893,#1901,#1903,.T.);
#1901 = VERTEX_POINT('',#1902);
#1902 = CARTESIAN_POINT('',(132.258128,31.713703,0.));
#1903 = LINE('',#1904,#1905);
#1904 = CARTESIAN_POINT('',(132.260033,31.723278,0.));
#1905 = VECTOR('',#1906,1.);
#1906 = DIRECTION('',(-0.195131122409,-0.980777163818,0.));
#1907 = ORIENTED_EDGE('',*,*,#1908,.T.);
#1908 = EDGE_CURVE('',#1901,#1909,#1911,.T.);
#1909 = VERTEX_POINT('',#1910);
#1910 = CARTESIAN_POINT('',(132.244589,31.70019,0.));
#1911 = LINE('',#1912,#1913);
#1912 = CARTESIAN_POINT('',(132.258128,31.713703,0.));
#1913 = VECTOR('',#1914,1.);
#1914 = DIRECTION('',(-0.707786063048,-0.706426846145,0.));
#1915 = ORIENTED_EDGE('',*,*,#1916,.T.);
#1916 = EDGE_CURVE('',#1909,#1917,#1919,.T.);
#1917 = VERTEX_POINT('',#1918);
#1918 = CARTESIAN_POINT('',(132.235014,31.698285,0.));
#1919 = LINE('',#1920,#1921);
#1920 = CARTESIAN_POINT('',(132.244589,31.70019,0.));
#1921 = VECTOR('',#1922,1.);
#1922 = DIRECTION('',(-0.980777163818,-0.19513112241,0.));
#1923 = ORIENTED_EDGE('',*,*,#1924,.T.);
#1924 = EDGE_CURVE('',#1917,#1925,#1927,.T.);
#1925 = VERTEX_POINT('',#1926);
#1926 = CARTESIAN_POINT('',(116.43502,31.698285,0.));
#1927 = LINE('',#1928,#1929);
#1928 = CARTESIAN_POINT('',(132.235014,31.698285,0.));
#1929 = VECTOR('',#1930,1.);
#1930 = DIRECTION('',(-1.,0.,0.));
#1931 = ORIENTED_EDGE('',*,*,#1932,.T.);
#1932 = EDGE_CURVE('',#1925,#1933,#1935,.T.);
#1933 = VERTEX_POINT('',#1934);
#1934 = CARTESIAN_POINT('',(116.425444,31.70019,0.));
#1935 = LINE('',#1936,#1937);
#1936 = CARTESIAN_POINT('',(116.43502,31.698285,0.));
#1937 = VECTOR('',#1938,1.);
#1938 = DIRECTION('',(-0.98078106341,0.195111521073,0.));
#1939 = ORIENTED_EDGE('',*,*,#1940,.T.);
#1940 = EDGE_CURVE('',#1933,#1941,#1943,.T.);
#1941 = VERTEX_POINT('',#1942);
#1942 = CARTESIAN_POINT('',(116.411931,31.713703,0.));
#1943 = LINE('',#1944,#1945);
#1944 = CARTESIAN_POINT('',(116.425444,31.70019,0.));
#1945 = VECTOR('',#1946,1.);
#1946 = DIRECTION('',(-0.707106781187,0.707106781186,0.));
#1947 = ORIENTED_EDGE('',*,*,#1948,.T.);
#1948 = EDGE_CURVE('',#1941,#1949,#1951,.T.);
#1949 = VERTEX_POINT('',#1950);
#1950 = CARTESIAN_POINT('',(116.410026,31.723278,0.));
#1951 = LINE('',#1952,#1953);
#1952 = CARTESIAN_POINT('',(116.411931,31.713703,0.));
#1953 = VECTOR('',#1954,1.);
#1954 = DIRECTION('',(-0.195131122409,0.980777163818,0.));
#1955 = ORIENTED_EDGE('',*,*,#1956,.T.);
#1956 = EDGE_CURVE('',#1949,#1957,#1959,.T.);
#1957 = VERTEX_POINT('',#1958);
#1958 = CARTESIAN_POINT('',(116.410026,46.723274,0.));
#1959 = LINE('',#1960,#1961);
#1960 = CARTESIAN_POINT('',(116.410026,31.723278,0.));
#1961 = VECTOR('',#1962,1.);
#1962 = DIRECTION('',(0.,1.,0.));
#1963 = ORIENTED_EDGE('',*,*,#1964,.T.);
#1964 = EDGE_CURVE('',#1957,#1965,#1967,.T.);
#1965 = VERTEX_POINT('',#1966);
#1966 = CARTESIAN_POINT('',(116.411931,46.73285,0.));
#1967 = LINE('',#1968,#1969);
#1968 = CARTESIAN_POINT('',(116.410026,46.723274,0.));
#1969 = VECTOR('',#1970,1.);
#1970 = DIRECTION('',(0.195111521073,0.980781063411,0.));
#1971 = ORIENTED_EDGE('',*,*,#1972,.T.);
#1972 = EDGE_CURVE('',#1965,#1973,#1975,.T.);
#1973 = VERTEX_POINT('',#1974);
#1974 = CARTESIAN_POINT('',(116.425444,46.746388,0.));
#1975 = LINE('',#1976,#1977);
#1976 = CARTESIAN_POINT('',(116.411931,46.73285,0.));
#1977 = VECTOR('',#1978,1.);
#1978 = DIRECTION('',(0.706452985369,0.707759973058,0.));
#1979 = ORIENTED_EDGE('',*,*,#1980,.T.);
#1980 = EDGE_CURVE('',#1973,#1981,#1983,.T.);
#1981 = VERTEX_POINT('',#1982);
#1982 = CARTESIAN_POINT('',(116.43502,46.748293,0.));
#1983 = LINE('',#1984,#1985);
#1984 = CARTESIAN_POINT('',(116.425444,46.746388,0.));
#1985 = VECTOR('',#1986,1.);
#1986 = DIRECTION('',(0.980781063411,0.195111521073,0.));
#1987 = ORIENTED_EDGE('',*,*,#1988,.T.);
#1988 = EDGE_CURVE('',#1981,#1989,#1991,.T.);
#1989 = VERTEX_POINT('',#1990);
#1990 = CARTESIAN_POINT('',(132.235014,46.748293,0.));
#1991 = LINE('',#1992,#1993);
#1992 = CARTESIAN_POINT('',(116.43502,46.748293,0.));
#1993 = VECTOR('',#1994,1.);
#1994 = DIRECTION('',(1.,0.,0.));
#1995 = ORIENTED_EDGE('',*,*,#1996,.T.);
#1996 = EDGE_CURVE('',#1989,#1875,#1997,.T.);
#1997 = LINE('',#1998,#1999);
#1998 = CARTESIAN_POINT('',(132.235014,46.748293,0.));
#1999 = VECTOR('',#2000,1.);
#2000 = DIRECTION('',(0.980777163818,-0.195131122409,0.));
#2001 = FACE_BOUND('',#2002,.F.);
#2002 = EDGE_LOOP('',(#2003,#2013,#2021,#2029,#2037,#2045,#2053,#2061,
    #2069,#2077,#2085,#2093,#2101,#2109,#2117,#2125,#2133,#2141,#2149,
    #2157,#2165,#2173,#2181,#2189));
#2003 = ORIENTED_EDGE('',*,*,#2004,.T.);
#2004 = EDGE_CURVE('',#2005,#2007,#2009,.T.);
#2005 = VERTEX_POINT('',#2006);
#2006 = CARTESIAN_POINT('',(111.880851,90.234337,0.));
#2007 = VERTEX_POINT('',#2008);
#2008 = CARTESIAN_POINT('',(111.907902,90.223136,0.));
#2009 = LINE('',#2010,#2011);
#2010 = CARTESIAN_POINT('',(111.880851,90.234337,0.));
#2011 = VECTOR('',#2012,1.);
#2012 = DIRECTION('',(0.923926512664,-0.382569992546,0.));
#2013 = ORIENTED_EDGE('',*,*,#2014,.T.);
#2014 = EDGE_CURVE('',#2007,#2015,#2017,.T.);
#2015 = VERTEX_POINT('',#2016);
#2016 = CARTESIAN_POINT('',(111.928577,90.20246,0.));
#2017 = LINE('',#2018,#2019);
#2018 = CARTESIAN_POINT('',(111.907902,90.223136,0.));
#2019 = VECTOR('',#2020,1.);
#2020 = DIRECTION('',(0.707089680867,-0.707123881093,0.));
#2021 = ORIENTED_EDGE('',*,*,#2022,.T.);
#2022 = EDGE_CURVE('',#2015,#2023,#2025,.T.);
#2023 = VERTEX_POINT('',#2024);
#2024 = CARTESIAN_POINT('',(111.939779,90.175409,0.));
#2025 = LINE('',#2026,#2027);
#2026 = CARTESIAN_POINT('',(111.928577,90.20246,0.));
#2027 = VECTOR('',#2028,1.);
#2028 = DIRECTION('',(0.382599148043,-0.923914439717,0.));
#2029 = ORIENTED_EDGE('',*,*,#2030,.T.);
#2030 = EDGE_CURVE('',#2023,#2031,#2033,.T.);
#2031 = VERTEX_POINT('',#2032);
#2032 = CARTESIAN_POINT('',(111.941226,90.160779,0.));
#2033 = LINE('',#2034,#2035);
#2034 = CARTESIAN_POINT('',(111.939779,90.175409,0.));
#2035 = VECTOR('',#2036,1.);
#2036 = DIRECTION('',(9.842610338384E-02,-0.995144362478,0.));
#2037 = ORIENTED_EDGE('',*,*,#2038,.T.);
#2038 = EDGE_CURVE('',#2031,#2039,#2041,.T.);
#2039 = VERTEX_POINT('',#2040);
#2040 = CARTESIAN_POINT('',(111.941226,76.060782,0.));
#2041 = LINE('',#2042,#2043);
#2042 = CARTESIAN_POINT('',(111.941226,90.160779,0.));
#2043 = VECTOR('',#2044,1.);
#2044 = DIRECTION('',(0.,-1.,0.));
#2045 = ORIENTED_EDGE('',*,*,#2046,.T.);
#2046 = EDGE_CURVE('',#2039,#2047,#2049,.T.);
#2047 = VERTEX_POINT('',#2048);
#2048 = CARTESIAN_POINT('',(111.939779,76.046151,0.));
#2049 = LINE('',#2050,#2051);
#2050 = CARTESIAN_POINT('',(111.941226,76.060782,0.));
#2051 = VECTOR('',#2052,1.);
#2052 = DIRECTION('',(-9.841944131843E-02,-0.995145021377,0.));
#2053 = ORIENTED_EDGE('',*,*,#2054,.T.);
#2054 = EDGE_CURVE('',#2047,#2055,#2057,.T.);
#2055 = VERTEX_POINT('',#2056);
#2056 = CARTESIAN_POINT('',(111.928577,76.0191,0.));
#2057 = LINE('',#2058,#2059);
#2058 = CARTESIAN_POINT('',(111.939779,76.046151,0.));
#2059 = VECTOR('',#2060,1.);
#2060 = DIRECTION('',(-0.382599148043,-0.923914439717,0.));
#2061 = ORIENTED_EDGE('',*,*,#2062,.T.);
#2062 = EDGE_CURVE('',#2055,#2063,#2065,.T.);
#2063 = VERTEX_POINT('',#2064);
#2064 = CARTESIAN_POINT('',(111.907902,75.998425,0.));
#2065 = LINE('',#2066,#2067);
#2066 = CARTESIAN_POINT('',(111.928577,76.0191,0.));
#2067 = VECTOR('',#2068,1.);
#2068 = DIRECTION('',(-0.707106781187,-0.707106781187,0.));
#2069 = ORIENTED_EDGE('',*,*,#2070,.T.);
#2070 = EDGE_CURVE('',#2063,#2071,#2073,.T.);
#2071 = VERTEX_POINT('',#2072);
#2072 = CARTESIAN_POINT('',(111.880851,75.987223,0.));
#2073 = LINE('',#2074,#2075);
#2074 = CARTESIAN_POINT('',(111.907902,75.998425,0.));
#2075 = VECTOR('',#2076,1.);
#2076 = DIRECTION('',(-0.923914439717,-0.382599148043,0.));
#2077 = ORIENTED_EDGE('',*,*,#2078,.T.);
#2078 = EDGE_CURVE('',#2071,#2079,#2081,.T.);
#2079 = VERTEX_POINT('',#2080);
#2080 = CARTESIAN_POINT('',(111.86622,75.985776,0.));
#2081 = LINE('',#2082,#2083);
#2082 = CARTESIAN_POINT('',(111.880851,75.987223,0.));
#2083 = VECTOR('',#2084,1.);
#2084 = DIRECTION('',(-0.995145021377,-9.841944131843E-02,0.));
#2085 = ORIENTED_EDGE('',*,*,#2086,.T.);
#2086 = EDGE_CURVE('',#2079,#2087,#2089,.T.);
#2087 = VERTEX_POINT('',#2088);
#2088 = CARTESIAN_POINT('',(97.766223,75.985776,0.));
#2089 = LINE('',#2090,#2091);
#2090 = CARTESIAN_POINT('',(111.86622,75.985776,0.));
#2091 = VECTOR('',#2092,1.);
#2092 = DIRECTION('',(-1.,0.,0.));
#2093 = ORIENTED_EDGE('',*,*,#2094,.T.);
#2094 = EDGE_CURVE('',#2087,#2095,#2097,.T.);
#2095 = VERTEX_POINT('',#2096);
#2096 = CARTESIAN_POINT('',(97.751593,75.987223,0.));
#2097 = LINE('',#2098,#2099);
#2098 = CARTESIAN_POINT('',(97.766223,75.985776,0.));
#2099 = VECTOR('',#2100,1.);
#2100 = DIRECTION('',(-0.995144362478,9.842610338384E-02,0.));
#2101 = ORIENTED_EDGE('',*,*,#2102,.T.);
#2102 = EDGE_CURVE('',#2095,#2103,#2105,.T.);
#2103 = VERTEX_POINT('',#2104);
#2104 = CARTESIAN_POINT('',(97.724542,75.998425,0.));
#2105 = LINE('',#2106,#2107);
#2106 = CARTESIAN_POINT('',(97.751593,75.987223,0.));
#2107 = VECTOR('',#2108,1.);
#2108 = DIRECTION('',(-0.923914439717,0.382599148043,0.));
#2109 = ORIENTED_EDGE('',*,*,#2110,.T.);
#2110 = EDGE_CURVE('',#2103,#2111,#2113,.T.);
#2111 = VERTEX_POINT('',#2112);
#2112 = CARTESIAN_POINT('',(97.703866,76.0191,0.));
#2113 = LINE('',#2114,#2115);
#2114 = CARTESIAN_POINT('',(97.724542,75.998425,0.));
#2115 = VECTOR('',#2116,1.);
#2116 = DIRECTION('',(-0.707123881093,0.707089680867,0.));
#2117 = ORIENTED_EDGE('',*,*,#2118,.T.);
#2118 = EDGE_CURVE('',#2111,#2119,#2121,.T.);
#2119 = VERTEX_POINT('',#2120);
#2120 = CARTESIAN_POINT('',(97.692665,76.046151,0.));
#2121 = LINE('',#2122,#2123);
#2122 = CARTESIAN_POINT('',(97.703866,76.0191,0.));
#2123 = VECTOR('',#2124,1.);
#2124 = DIRECTION('',(-0.382569992546,0.923926512664,0.));
#2125 = ORIENTED_EDGE('',*,*,#2126,.T.);
#2126 = EDGE_CURVE('',#2119,#2127,#2129,.T.);
#2127 = VERTEX_POINT('',#2128);
#2128 = CARTESIAN_POINT('',(97.691217,76.060782,0.));
#2129 = LINE('',#2130,#2131);
#2130 = CARTESIAN_POINT('',(97.692665,76.046151,0.));
#2131 = VECTOR('',#2132,1.);
#2132 = DIRECTION('',(-9.848679801147E-02,0.995138357525,0.));
#2133 = ORIENTED_EDGE('',*,*,#2134,.T.);
#2134 = EDGE_CURVE('',#2127,#2135,#2137,.T.);
#2135 = VERTEX_POINT('',#2136);
#2136 = CARTESIAN_POINT('',(97.691217,90.160779,0.));
#2137 = LINE('',#2138,#2139);
#2138 = CARTESIAN_POINT('',(97.691217,76.060782,0.));
#2139 = VECTOR('',#2140,1.);
#2140 = DIRECTION('',(0.,1.,0.));
#2141 = ORIENTED_EDGE('',*,*,#2142,.T.);
#2142 = EDGE_CURVE('',#2135,#2143,#2145,.T.);
#2143 = VERTEX_POINT('',#2144);
#2144 = CARTESIAN_POINT('',(97.692665,90.175409,0.));
#2145 = LINE('',#2146,#2147);
#2146 = CARTESIAN_POINT('',(97.691217,90.160779,0.));
#2147 = VECTOR('',#2148,1.);
#2148 = DIRECTION('',(9.849346454699E-02,0.995137697729,0.));
#2149 = ORIENTED_EDGE('',*,*,#2150,.T.);
#2150 = EDGE_CURVE('',#2143,#2151,#2153,.T.);
#2151 = VERTEX_POINT('',#2152);
#2152 = CARTESIAN_POINT('',(97.703866,90.20246,0.));
#2153 = LINE('',#2154,#2155);
#2154 = CARTESIAN_POINT('',(97.692665,90.175409,0.));
#2155 = VECTOR('',#2156,1.);
#2156 = DIRECTION('',(0.382569992546,0.923926512664,0.));
#2157 = ORIENTED_EDGE('',*,*,#2158,.T.);
#2158 = EDGE_CURVE('',#2151,#2159,#2161,.T.);
#2159 = VERTEX_POINT('',#2160);
#2160 = CARTESIAN_POINT('',(97.724542,90.223136,0.));
#2161 = LINE('',#2162,#2163);
#2162 = CARTESIAN_POINT('',(97.703866,90.20246,0.));
#2163 = VECTOR('',#2164,1.);
#2164 = DIRECTION('',(0.707106781187,0.707106781187,0.));
#2165 = ORIENTED_EDGE('',*,*,#2166,.T.);
#2166 = EDGE_CURVE('',#2159,#2167,#2169,.T.);
#2167 = VERTEX_POINT('',#2168);
#2168 = CARTESIAN_POINT('',(97.751593,90.234337,0.));
#2169 = LINE('',#2170,#2171);
#2170 = CARTESIAN_POINT('',(97.724542,90.223136,0.));
#2171 = VECTOR('',#2172,1.);
#2172 = DIRECTION('',(0.923926512664,0.382569992546,0.));
#2173 = ORIENTED_EDGE('',*,*,#2174,.T.);
#2174 = EDGE_CURVE('',#2167,#2175,#2177,.T.);
#2175 = VERTEX_POINT('',#2176);
#2176 = CARTESIAN_POINT('',(97.766223,90.235785,0.));
#2177 = LINE('',#2178,#2179);
#2178 = CARTESIAN_POINT('',(97.751593,90.234337,0.));
#2179 = VECTOR('',#2180,1.);
#2180 = DIRECTION('',(0.995137697729,9.849346454699E-02,0.));
#2181 = ORIENTED_EDGE('',*,*,#2182,.T.);
#2182 = EDGE_CURVE('',#2175,#2183,#2185,.T.);
#2183 = VERTEX_POINT('',#2184);
#2184 = CARTESIAN_POINT('',(111.86622,90.235785,0.));
#2185 = LINE('',#2186,#2187);
#2186 = CARTESIAN_POINT('',(97.766223,90.235785,0.));
#2187 = VECTOR('',#2188,1.);
#2188 = DIRECTION('',(1.,0.,0.));
#2189 = ORIENTED_EDGE('',*,*,#2190,.T.);
#2190 = EDGE_CURVE('',#2183,#2005,#2191,.T.);
#2191 = LINE('',#2192,#2193);
#2192 = CARTESIAN_POINT('',(111.86622,90.235785,0.));
#2193 = VECTOR('',#2194,1.);
#2194 = DIRECTION('',(0.995138357525,-9.848679801147E-02,0.));
#2195 = FACE_BOUND('',#2196,.F.);
#2196 = EDGE_LOOP('',(#2197,#2207,#2215,#2223,#2231,#2239,#2247,#2255,
    #2263,#2271,#2279,#2287,#2295,#2303,#2311,#2319,#2327,#2335,#2343,
    #2351,#2359,#2367,#2375,#2383));
#2197 = ORIENTED_EDGE('',*,*,#2198,.T.);
#2198 = EDGE_CURVE('',#2199,#2201,#2203,.T.);
#2199 = VERTEX_POINT('',#2200);
#2200 = CARTESIAN_POINT('',(92.830851,90.234337,0.));
#2201 = VERTEX_POINT('',#2202);
#2202 = CARTESIAN_POINT('',(92.857902,90.223136,0.));
#2203 = LINE('',#2204,#2205);
#2204 = CARTESIAN_POINT('',(92.830851,90.234337,0.));
#2205 = VECTOR('',#2206,1.);
#2206 = DIRECTION('',(0.923926512664,-0.382569992546,0.));
#2207 = ORIENTED_EDGE('',*,*,#2208,.T.);
#2208 = EDGE_CURVE('',#2201,#2209,#2211,.T.);
#2209 = VERTEX_POINT('',#2210);
#2210 = CARTESIAN_POINT('',(92.878577,90.20246,0.));
#2211 = LINE('',#2212,#2213);
#2212 = CARTESIAN_POINT('',(92.857902,90.223136,0.));
#2213 = VECTOR('',#2214,1.);
#2214 = DIRECTION('',(0.707089680867,-0.707123881093,0.));
#2215 = ORIENTED_EDGE('',*,*,#2216,.T.);
#2216 = EDGE_CURVE('',#2209,#2217,#2219,.T.);
#2217 = VERTEX_POINT('',#2218);
#2218 = CARTESIAN_POINT('',(92.889779,90.175409,0.));
#2219 = LINE('',#2220,#2221);
#2220 = CARTESIAN_POINT('',(92.878577,90.20246,0.));
#2221 = VECTOR('',#2222,1.);
#2222 = DIRECTION('',(0.382599148043,-0.923914439717,0.));
#2223 = ORIENTED_EDGE('',*,*,#2224,.T.);
#2224 = EDGE_CURVE('',#2217,#2225,#2227,.T.);
#2225 = VERTEX_POINT('',#2226);
#2226 = CARTESIAN_POINT('',(92.891226,90.160779,0.));
#2227 = LINE('',#2228,#2229);
#2228 = CARTESIAN_POINT('',(92.889779,90.175409,0.));
#2229 = VECTOR('',#2230,1.);
#2230 = DIRECTION('',(9.842610338384E-02,-0.995144362478,0.));
#2231 = ORIENTED_EDGE('',*,*,#2232,.T.);
#2232 = EDGE_CURVE('',#2225,#2233,#2235,.T.);
#2233 = VERTEX_POINT('',#2234);
#2234 = CARTESIAN_POINT('',(92.891226,76.060782,0.));
#2235 = LINE('',#2236,#2237);
#2236 = CARTESIAN_POINT('',(92.891226,90.160779,0.));
#2237 = VECTOR('',#2238,1.);
#2238 = DIRECTION('',(0.,-1.,0.));
#2239 = ORIENTED_EDGE('',*,*,#2240,.T.);
#2240 = EDGE_CURVE('',#2233,#2241,#2243,.T.);
#2241 = VERTEX_POINT('',#2242);
#2242 = CARTESIAN_POINT('',(92.889779,76.046151,0.));
#2243 = LINE('',#2244,#2245);
#2244 = CARTESIAN_POINT('',(92.891226,76.060782,0.));
#2245 = VECTOR('',#2246,1.);
#2246 = DIRECTION('',(-9.841944131843E-02,-0.995145021377,0.));
#2247 = ORIENTED_EDGE('',*,*,#2248,.T.);
#2248 = EDGE_CURVE('',#2241,#2249,#2251,.T.);
#2249 = VERTEX_POINT('',#2250);
#2250 = CARTESIAN_POINT('',(92.878577,76.0191,0.));
#2251 = LINE('',#2252,#2253);
#2252 = CARTESIAN_POINT('',(92.889779,76.046151,0.));
#2253 = VECTOR('',#2254,1.);
#2254 = DIRECTION('',(-0.382599148043,-0.923914439717,0.));
#2255 = ORIENTED_EDGE('',*,*,#2256,.T.);
#2256 = EDGE_CURVE('',#2249,#2257,#2259,.T.);
#2257 = VERTEX_POINT('',#2258);
#2258 = CARTESIAN_POINT('',(92.857902,75.998425,0.));
#2259 = LINE('',#2260,#2261);
#2260 = CARTESIAN_POINT('',(92.878577,76.0191,0.));
#2261 = VECTOR('',#2262,1.);
#2262 = DIRECTION('',(-0.707106781187,-0.707106781186,0.));
#2263 = ORIENTED_EDGE('',*,*,#2264,.T.);
#2264 = EDGE_CURVE('',#2257,#2265,#2267,.T.);
#2265 = VERTEX_POINT('',#2266);
#2266 = CARTESIAN_POINT('',(92.830851,75.987223,0.));
#2267 = LINE('',#2268,#2269);
#2268 = CARTESIAN_POINT('',(92.857902,75.998425,0.));
#2269 = VECTOR('',#2270,1.);
#2270 = DIRECTION('',(-0.923914439717,-0.382599148043,0.));
#2271 = ORIENTED_EDGE('',*,*,#2272,.T.);
#2272 = EDGE_CURVE('',#2265,#2273,#2275,.T.);
#2273 = VERTEX_POINT('',#2274);
#2274 = CARTESIAN_POINT('',(92.81622,75.985776,0.));
#2275 = LINE('',#2276,#2277);
#2276 = CARTESIAN_POINT('',(92.830851,75.987223,0.));
#2277 = VECTOR('',#2278,1.);
#2278 = DIRECTION('',(-0.995145021377,-9.841944131852E-02,0.));
#2279 = ORIENTED_EDGE('',*,*,#2280,.T.);
#2280 = EDGE_CURVE('',#2273,#2281,#2283,.T.);
#2281 = VERTEX_POINT('',#2282);
#2282 = CARTESIAN_POINT('',(78.716223,75.985776,0.));
#2283 = LINE('',#2284,#2285);
#2284 = CARTESIAN_POINT('',(92.81622,75.985776,0.));
#2285 = VECTOR('',#2286,1.);
#2286 = DIRECTION('',(-1.,0.,0.));
#2287 = ORIENTED_EDGE('',*,*,#2288,.T.);
#2288 = EDGE_CURVE('',#2281,#2289,#2291,.T.);
#2289 = VERTEX_POINT('',#2290);
#2290 = CARTESIAN_POINT('',(78.701593,75.987223,0.));
#2291 = LINE('',#2292,#2293);
#2292 = CARTESIAN_POINT('',(78.716223,75.985776,0.));
#2293 = VECTOR('',#2294,1.);
#2294 = DIRECTION('',(-0.995144362478,9.842610338384E-02,0.));
#2295 = ORIENTED_EDGE('',*,*,#2296,.T.);
#2296 = EDGE_CURVE('',#2289,#2297,#2299,.T.);
#2297 = VERTEX_POINT('',#2298);
#2298 = CARTESIAN_POINT('',(78.674542,75.998425,0.));
#2299 = LINE('',#2300,#2301);
#2300 = CARTESIAN_POINT('',(78.701593,75.987223,0.));
#2301 = VECTOR('',#2302,1.);
#2302 = DIRECTION('',(-0.923914439717,0.382599148043,0.));
#2303 = ORIENTED_EDGE('',*,*,#2304,.T.);
#2304 = EDGE_CURVE('',#2297,#2305,#2307,.T.);
#2305 = VERTEX_POINT('',#2306);
#2306 = CARTESIAN_POINT('',(78.653866,76.0191,0.));
#2307 = LINE('',#2308,#2309);
#2308 = CARTESIAN_POINT('',(78.674542,75.998425,0.));
#2309 = VECTOR('',#2310,1.);
#2310 = DIRECTION('',(-0.707123881093,0.707089680866,0.));
#2311 = ORIENTED_EDGE('',*,*,#2312,.T.);
#2312 = EDGE_CURVE('',#2305,#2313,#2315,.T.);
#2313 = VERTEX_POINT('',#2314);
#2314 = CARTESIAN_POINT('',(78.642665,76.046151,0.));
#2315 = LINE('',#2316,#2317);
#2316 = CARTESIAN_POINT('',(78.653866,76.0191,0.));
#2317 = VECTOR('',#2318,1.);
#2318 = DIRECTION('',(-0.382569992546,0.923926512664,0.));
#2319 = ORIENTED_EDGE('',*,*,#2320,.T.);
#2320 = EDGE_CURVE('',#2313,#2321,#2323,.T.);
#2321 = VERTEX_POINT('',#2322);
#2322 = CARTESIAN_POINT('',(78.641217,76.060782,0.));
#2323 = LINE('',#2324,#2325);
#2324 = CARTESIAN_POINT('',(78.642665,76.046151,0.));
#2325 = VECTOR('',#2326,1.);
#2326 = DIRECTION('',(-9.848679801051E-02,0.995138357525,0.));
#2327 = ORIENTED_EDGE('',*,*,#2328,.T.);
#2328 = EDGE_CURVE('',#2321,#2329,#2331,.T.);
#2329 = VERTEX_POINT('',#2330);
#2330 = CARTESIAN_POINT('',(78.641217,90.160779,0.));
#2331 = LINE('',#2332,#2333);
#2332 = CARTESIAN_POINT('',(78.641217,76.060782,0.));
#2333 = VECTOR('',#2334,1.);
#2334 = DIRECTION('',(0.,1.,0.));
#2335 = ORIENTED_EDGE('',*,*,#2336,.T.);
#2336 = EDGE_CURVE('',#2329,#2337,#2339,.T.);
#2337 = VERTEX_POINT('',#2338);
#2338 = CARTESIAN_POINT('',(78.642665,90.175409,0.));
#2339 = LINE('',#2340,#2341);
#2340 = CARTESIAN_POINT('',(78.641217,90.160779,0.));
#2341 = VECTOR('',#2342,1.);
#2342 = DIRECTION('',(9.849346454604E-02,0.995137697729,0.));
#2343 = ORIENTED_EDGE('',*,*,#2344,.T.);
#2344 = EDGE_CURVE('',#2337,#2345,#2347,.T.);
#2345 = VERTEX_POINT('',#2346);
#2346 = CARTESIAN_POINT('',(78.653866,90.20246,0.));
#2347 = LINE('',#2348,#2349);
#2348 = CARTESIAN_POINT('',(78.642665,90.175409,0.));
#2349 = VECTOR('',#2350,1.);
#2350 = DIRECTION('',(0.382569992546,0.923926512664,0.));
#2351 = ORIENTED_EDGE('',*,*,#2352,.T.);
#2352 = EDGE_CURVE('',#2345,#2353,#2355,.T.);
#2353 = VERTEX_POINT('',#2354);
#2354 = CARTESIAN_POINT('',(78.674542,90.223136,0.));
#2355 = LINE('',#2356,#2357);
#2356 = CARTESIAN_POINT('',(78.653866,90.20246,0.));
#2357 = VECTOR('',#2358,1.);
#2358 = DIRECTION('',(0.707106781187,0.707106781186,0.));
#2359 = ORIENTED_EDGE('',*,*,#2360,.T.);
#2360 = EDGE_CURVE('',#2353,#2361,#2363,.T.);
#2361 = VERTEX_POINT('',#2362);
#2362 = CARTESIAN_POINT('',(78.701593,90.234337,0.));
#2363 = LINE('',#2364,#2365);
#2364 = CARTESIAN_POINT('',(78.674542,90.223136,0.));
#2365 = VECTOR('',#2366,1.);
#2366 = DIRECTION('',(0.923926512664,0.382569992546,0.));
#2367 = ORIENTED_EDGE('',*,*,#2368,.T.);
#2368 = EDGE_CURVE('',#2361,#2369,#2371,.T.);
#2369 = VERTEX_POINT('',#2370);
#2370 = CARTESIAN_POINT('',(78.716223,90.235785,0.));
#2371 = LINE('',#2372,#2373);
#2372 = CARTESIAN_POINT('',(78.701593,90.234337,0.));
#2373 = VECTOR('',#2374,1.);
#2374 = DIRECTION('',(0.995137697729,9.849346454699E-02,0.));
#2375 = ORIENTED_EDGE('',*,*,#2376,.T.);
#2376 = EDGE_CURVE('',#2369,#2377,#2379,.T.);
#2377 = VERTEX_POINT('',#2378);
#2378 = CARTESIAN_POINT('',(92.81622,90.235785,0.));
#2379 = LINE('',#2380,#2381);
#2380 = CARTESIAN_POINT('',(78.716223,90.235785,0.));
#2381 = VECTOR('',#2382,1.);
#2382 = DIRECTION('',(1.,0.,0.));
#2383 = ORIENTED_EDGE('',*,*,#2384,.T.);
#2384 = EDGE_CURVE('',#2377,#2199,#2385,.T.);
#2385 = LINE('',#2386,#2387);
#2386 = CARTESIAN_POINT('',(92.81622,90.235785,0.));
#2387 = VECTOR('',#2388,1.);
#2388 = DIRECTION('',(0.995138357525,-9.848679801156E-02,0.));
#2389 = FACE_BOUND('',#2390,.F.);
#2390 = EDGE_LOOP('',(#2391,#2401,#2409,#2417,#2425,#2433,#2441,#2449,
    #2457,#2465,#2473,#2481,#2489,#2497,#2505,#2513,#2521,#2529,#2537,
    #2545,#2553,#2561,#2569,#2577));
#2391 = ORIENTED_EDGE('',*,*,#2392,.T.);
#2392 = EDGE_CURVE('',#2393,#2395,#2397,.T.);
#2393 = VERTEX_POINT('',#2394);
#2394 = CARTESIAN_POINT('',(73.780851,90.234337,0.));
#2395 = VERTEX_POINT('',#2396);
#2396 = CARTESIAN_POINT('',(73.807902,90.223136,0.));
#2397 = LINE('',#2398,#2399);
#2398 = CARTESIAN_POINT('',(73.780851,90.234337,0.));
#2399 = VECTOR('',#2400,1.);
#2400 = DIRECTION('',(0.923926512664,-0.382569992546,0.));
#2401 = ORIENTED_EDGE('',*,*,#2402,.T.);
#2402 = EDGE_CURVE('',#2395,#2403,#2405,.T.);
#2403 = VERTEX_POINT('',#2404);
#2404 = CARTESIAN_POINT('',(73.828577,90.20246,0.));
#2405 = LINE('',#2406,#2407);
#2406 = CARTESIAN_POINT('',(73.807902,90.223136,0.));
#2407 = VECTOR('',#2408,1.);
#2408 = DIRECTION('',(0.707089680867,-0.707123881093,0.));
#2409 = ORIENTED_EDGE('',*,*,#2410,.T.);
#2410 = EDGE_CURVE('',#2403,#2411,#2413,.T.);
#2411 = VERTEX_POINT('',#2412);
#2412 = CARTESIAN_POINT('',(73.839779,90.175409,0.));
#2413 = LINE('',#2414,#2415);
#2414 = CARTESIAN_POINT('',(73.828577,90.20246,0.));
#2415 = VECTOR('',#2416,1.);
#2416 = DIRECTION('',(0.382599148043,-0.923914439717,0.));
#2417 = ORIENTED_EDGE('',*,*,#2418,.T.);
#2418 = EDGE_CURVE('',#2411,#2419,#2421,.T.);
#2419 = VERTEX_POINT('',#2420);
#2420 = CARTESIAN_POINT('',(73.841226,90.160779,0.));
#2421 = LINE('',#2422,#2423);
#2422 = CARTESIAN_POINT('',(73.839779,90.175409,0.));
#2423 = VECTOR('',#2424,1.);
#2424 = DIRECTION('',(9.842610338479E-02,-0.995144362478,0.));
#2425 = ORIENTED_EDGE('',*,*,#2426,.T.);
#2426 = EDGE_CURVE('',#2419,#2427,#2429,.T.);
#2427 = VERTEX_POINT('',#2428);
#2428 = CARTESIAN_POINT('',(73.841226,76.060782,0.));
#2429 = LINE('',#2430,#2431);
#2430 = CARTESIAN_POINT('',(73.841226,90.160779,0.));
#2431 = VECTOR('',#2432,1.);
#2432 = DIRECTION('',(0.,-1.,0.));
#2433 = ORIENTED_EDGE('',*,*,#2434,.T.);
#2434 = EDGE_CURVE('',#2427,#2435,#2437,.T.);
#2435 = VERTEX_POINT('',#2436);
#2436 = CARTESIAN_POINT('',(73.839779,76.046151,0.));
#2437 = LINE('',#2438,#2439);
#2438 = CARTESIAN_POINT('',(73.841226,76.060782,0.));
#2439 = VECTOR('',#2440,1.);
#2440 = DIRECTION('',(-9.841944131939E-02,-0.995145021376,0.));
#2441 = ORIENTED_EDGE('',*,*,#2442,.T.);
#2442 = EDGE_CURVE('',#2435,#2443,#2445,.T.);
#2443 = VERTEX_POINT('',#2444);
#2444 = CARTESIAN_POINT('',(73.828577,76.0191,0.));
#2445 = LINE('',#2446,#2447);
#2446 = CARTESIAN_POINT('',(73.839779,76.046151,0.));
#2447 = VECTOR('',#2448,1.);
#2448 = DIRECTION('',(-0.382599148043,-0.923914439717,0.));
#2449 = ORIENTED_EDGE('',*,*,#2450,.T.);
#2450 = EDGE_CURVE('',#2443,#2451,#2453,.T.);
#2451 = VERTEX_POINT('',#2452);
#2452 = CARTESIAN_POINT('',(73.807902,75.998425,0.));
#2453 = LINE('',#2454,#2455);
#2454 = CARTESIAN_POINT('',(73.828577,76.0191,0.));
#2455 = VECTOR('',#2456,1.);
#2456 = DIRECTION('',(-0.707106781187,-0.707106781187,0.));
#2457 = ORIENTED_EDGE('',*,*,#2458,.T.);
#2458 = EDGE_CURVE('',#2451,#2459,#2461,.T.);
#2459 = VERTEX_POINT('',#2460);
#2460 = CARTESIAN_POINT('',(73.780851,75.987223,0.));
#2461 = LINE('',#2462,#2463);
#2462 = CARTESIAN_POINT('',(73.807902,75.998425,0.));
#2463 = VECTOR('',#2464,1.);
#2464 = DIRECTION('',(-0.923914439717,-0.382599148043,0.));
#2465 = ORIENTED_EDGE('',*,*,#2466,.T.);
#2466 = EDGE_CURVE('',#2459,#2467,#2469,.T.);
#2467 = VERTEX_POINT('',#2468);
#2468 = CARTESIAN_POINT('',(73.76622,75.985776,0.));
#2469 = LINE('',#2470,#2471);
#2470 = CARTESIAN_POINT('',(73.780851,75.987223,0.));
#2471 = VECTOR('',#2472,1.);
#2472 = DIRECTION('',(-0.995145021377,-9.841944131852E-02,0.));
#2473 = ORIENTED_EDGE('',*,*,#2474,.T.);
#2474 = EDGE_CURVE('',#2467,#2475,#2477,.T.);
#2475 = VERTEX_POINT('',#2476);
#2476 = CARTESIAN_POINT('',(59.666223,75.985776,0.));
#2477 = LINE('',#2478,#2479);
#2478 = CARTESIAN_POINT('',(73.76622,75.985776,0.));
#2479 = VECTOR('',#2480,1.);
#2480 = DIRECTION('',(-1.,0.,0.));
#2481 = ORIENTED_EDGE('',*,*,#2482,.T.);
#2482 = EDGE_CURVE('',#2475,#2483,#2485,.T.);
#2483 = VERTEX_POINT('',#2484);
#2484 = CARTESIAN_POINT('',(59.651593,75.987223,0.));
#2485 = LINE('',#2486,#2487);
#2486 = CARTESIAN_POINT('',(59.666223,75.985776,0.));
#2487 = VECTOR('',#2488,1.);
#2488 = DIRECTION('',(-0.995144362478,9.842610338379E-02,0.));
#2489 = ORIENTED_EDGE('',*,*,#2490,.T.);
#2490 = EDGE_CURVE('',#2483,#2491,#2493,.T.);
#2491 = VERTEX_POINT('',#2492);
#2492 = CARTESIAN_POINT('',(59.624542,75.998425,0.));
#2493 = LINE('',#2494,#2495);
#2494 = CARTESIAN_POINT('',(59.651593,75.987223,0.));
#2495 = VECTOR('',#2496,1.);
#2496 = DIRECTION('',(-0.923914439717,0.382599148043,0.));
#2497 = ORIENTED_EDGE('',*,*,#2498,.T.);
#2498 = EDGE_CURVE('',#2491,#2499,#2501,.T.);
#2499 = VERTEX_POINT('',#2500);
#2500 = CARTESIAN_POINT('',(59.603866,76.0191,0.));
#2501 = LINE('',#2502,#2503);
#2502 = CARTESIAN_POINT('',(59.624542,75.998425,0.));
#2503 = VECTOR('',#2504,1.);
#2504 = DIRECTION('',(-0.707123881093,0.707089680867,0.));
#2505 = ORIENTED_EDGE('',*,*,#2506,.T.);
#2506 = EDGE_CURVE('',#2499,#2507,#2509,.T.);
#2507 = VERTEX_POINT('',#2508);
#2508 = CARTESIAN_POINT('',(59.592665,76.046151,0.));
#2509 = LINE('',#2510,#2511);
#2510 = CARTESIAN_POINT('',(59.603866,76.0191,0.));
#2511 = VECTOR('',#2512,1.);
#2512 = DIRECTION('',(-0.382569992546,0.923926512664,0.));
#2513 = ORIENTED_EDGE('',*,*,#2514,.T.);
#2514 = EDGE_CURVE('',#2507,#2515,#2517,.T.);
#2515 = VERTEX_POINT('',#2516);
#2516 = CARTESIAN_POINT('',(59.591217,76.060782,0.));
#2517 = LINE('',#2518,#2519);
#2518 = CARTESIAN_POINT('',(59.592665,76.046151,0.));
#2519 = VECTOR('',#2520,1.);
#2520 = DIRECTION('',(-9.848679801051E-02,0.995138357525,0.));
#2521 = ORIENTED_EDGE('',*,*,#2522,.T.);
#2522 = EDGE_CURVE('',#2515,#2523,#2525,.T.);
#2523 = VERTEX_POINT('',#2524);
#2524 = CARTESIAN_POINT('',(59.591217,90.160779,0.));
#2525 = LINE('',#2526,#2527);
#2526 = CARTESIAN_POINT('',(59.591217,76.060782,0.));
#2527 = VECTOR('',#2528,1.);
#2528 = DIRECTION('',(0.,1.,0.));
#2529 = ORIENTED_EDGE('',*,*,#2530,.T.);
#2530 = EDGE_CURVE('',#2523,#2531,#2533,.T.);
#2531 = VERTEX_POINT('',#2532);
#2532 = CARTESIAN_POINT('',(59.592665,90.175409,0.));
#2533 = LINE('',#2534,#2535);
#2534 = CARTESIAN_POINT('',(59.591217,90.160779,0.));
#2535 = VECTOR('',#2536,1.);
#2536 = DIRECTION('',(9.849346454604E-02,0.995137697729,0.));
#2537 = ORIENTED_EDGE('',*,*,#2538,.T.);
#2538 = EDGE_CURVE('',#2531,#2539,#2541,.T.);
#2539 = VERTEX_POINT('',#2540);
#2540 = CARTESIAN_POINT('',(59.603866,90.20246,0.));
#2541 = LINE('',#2542,#2543);
#2542 = CARTESIAN_POINT('',(59.592665,90.175409,0.));
#2543 = VECTOR('',#2544,1.);
#2544 = DIRECTION('',(0.382569992546,0.923926512664,0.));
#2545 = ORIENTED_EDGE('',*,*,#2546,.T.);
#2546 = EDGE_CURVE('',#2539,#2547,#2549,.T.);
#2547 = VERTEX_POINT('',#2548);
#2548 = CARTESIAN_POINT('',(59.624542,90.223136,0.));
#2549 = LINE('',#2550,#2551);
#2550 = CARTESIAN_POINT('',(59.603866,90.20246,0.));
#2551 = VECTOR('',#2552,1.);
#2552 = DIRECTION('',(0.707106781187,0.707106781186,0.));
#2553 = ORIENTED_EDGE('',*,*,#2554,.T.);
#2554 = EDGE_CURVE('',#2547,#2555,#2557,.T.);
#2555 = VERTEX_POINT('',#2556);
#2556 = CARTESIAN_POINT('',(59.651593,90.234337,0.));
#2557 = LINE('',#2558,#2559);
#2558 = CARTESIAN_POINT('',(59.624542,90.223136,0.));
#2559 = VECTOR('',#2560,1.);
#2560 = DIRECTION('',(0.923926512664,0.382569992546,0.));
#2561 = ORIENTED_EDGE('',*,*,#2562,.T.);
#2562 = EDGE_CURVE('',#2555,#2563,#2565,.T.);
#2563 = VERTEX_POINT('',#2564);
#2564 = CARTESIAN_POINT('',(59.666223,90.235785,0.));
#2565 = LINE('',#2566,#2567);
#2566 = CARTESIAN_POINT('',(59.651593,90.234337,0.));
#2567 = VECTOR('',#2568,1.);
#2568 = DIRECTION('',(0.995137697729,9.849346454695E-02,0.));
#2569 = ORIENTED_EDGE('',*,*,#2570,.T.);
#2570 = EDGE_CURVE('',#2563,#2571,#2573,.T.);
#2571 = VERTEX_POINT('',#2572);
#2572 = CARTESIAN_POINT('',(73.76622,90.235785,0.));
#2573 = LINE('',#2574,#2575);
#2574 = CARTESIAN_POINT('',(59.666223,90.235785,0.));
#2575 = VECTOR('',#2576,1.);
#2576 = DIRECTION('',(1.,0.,0.));
#2577 = ORIENTED_EDGE('',*,*,#2578,.T.);
#2578 = EDGE_CURVE('',#2571,#2393,#2579,.T.);
#2579 = LINE('',#2580,#2581);
#2580 = CARTESIAN_POINT('',(73.76622,90.235785,0.));
#2581 = VECTOR('',#2582,1.);
#2582 = DIRECTION('',(0.995138357525,-9.848679801156E-02,0.));
#2583 = FACE_BOUND('',#2584,.F.);
#2584 = EDGE_LOOP('',(#2585,#2595,#2603,#2611,#2619,#2627,#2635,#2643,
    #2651,#2659,#2667,#2675,#2683,#2691,#2699,#2707,#2715,#2723,#2731,
    #2739,#2747,#2755,#2763,#2771));
#2585 = ORIENTED_EDGE('',*,*,#2586,.T.);
#2586 = EDGE_CURVE('',#2587,#2589,#2591,.T.);
#2587 = VERTEX_POINT('',#2588);
#2588 = CARTESIAN_POINT('',(16.630851,90.234337,0.));
#2589 = VERTEX_POINT('',#2590);
#2590 = CARTESIAN_POINT('',(16.657902,90.223136,0.));
#2591 = LINE('',#2592,#2593);
#2592 = CARTESIAN_POINT('',(16.630851,90.234337,0.));
#2593 = VECTOR('',#2594,1.);
#2594 = DIRECTION('',(0.923926512664,-0.382569992546,0.));
#2595 = ORIENTED_EDGE('',*,*,#2596,.T.);
#2596 = EDGE_CURVE('',#2589,#2597,#2599,.T.);
#2597 = VERTEX_POINT('',#2598);
#2598 = CARTESIAN_POINT('',(16.678577,90.20246,0.));
#2599 = LINE('',#2600,#2601);
#2600 = CARTESIAN_POINT('',(16.657902,90.223136,0.));
#2601 = VECTOR('',#2602,1.);
#2602 = DIRECTION('',(0.707089680867,-0.707123881093,0.));
#2603 = ORIENTED_EDGE('',*,*,#2604,.T.);
#2604 = EDGE_CURVE('',#2597,#2605,#2607,.T.);
#2605 = VERTEX_POINT('',#2606);
#2606 = CARTESIAN_POINT('',(16.689779,90.175409,0.));
#2607 = LINE('',#2608,#2609);
#2608 = CARTESIAN_POINT('',(16.678577,90.20246,0.));
#2609 = VECTOR('',#2610,1.);
#2610 = DIRECTION('',(0.382599148043,-0.923914439717,0.));
#2611 = ORIENTED_EDGE('',*,*,#2612,.T.);
#2612 = EDGE_CURVE('',#2605,#2613,#2615,.T.);
#2613 = VERTEX_POINT('',#2614);
#2614 = CARTESIAN_POINT('',(16.691226,90.160779,0.));
#2615 = LINE('',#2616,#2617);
#2616 = CARTESIAN_POINT('',(16.689779,90.175409,0.));
#2617 = VECTOR('',#2618,1.);
#2618 = DIRECTION('',(9.842610338384E-02,-0.995144362478,0.));
#2619 = ORIENTED_EDGE('',*,*,#2620,.T.);
#2620 = EDGE_CURVE('',#2613,#2621,#2623,.T.);
#2621 = VERTEX_POINT('',#2622);
#2622 = CARTESIAN_POINT('',(16.691226,76.060782,0.));
#2623 = LINE('',#2624,#2625);
#2624 = CARTESIAN_POINT('',(16.691226,90.160779,0.));
#2625 = VECTOR('',#2626,1.);
#2626 = DIRECTION('',(0.,-1.,0.));
#2627 = ORIENTED_EDGE('',*,*,#2628,.T.);
#2628 = EDGE_CURVE('',#2621,#2629,#2631,.T.);
#2629 = VERTEX_POINT('',#2630);
#2630 = CARTESIAN_POINT('',(16.689779,76.046151,0.));
#2631 = LINE('',#2632,#2633);
#2632 = CARTESIAN_POINT('',(16.691226,76.060782,0.));
#2633 = VECTOR('',#2634,1.);
#2634 = DIRECTION('',(-9.841944131843E-02,-0.995145021377,0.));
#2635 = ORIENTED_EDGE('',*,*,#2636,.T.);
#2636 = EDGE_CURVE('',#2629,#2637,#2639,.T.);
#2637 = VERTEX_POINT('',#2638);
#2638 = CARTESIAN_POINT('',(16.678577,76.0191,0.));
#2639 = LINE('',#2640,#2641);
#2640 = CARTESIAN_POINT('',(16.689779,76.046151,0.));
#2641 = VECTOR('',#2642,1.);
#2642 = DIRECTION('',(-0.382599148043,-0.923914439717,0.));
#2643 = ORIENTED_EDGE('',*,*,#2644,.T.);
#2644 = EDGE_CURVE('',#2637,#2645,#2647,.T.);
#2645 = VERTEX_POINT('',#2646);
#2646 = CARTESIAN_POINT('',(16.657902,75.998425,0.));
#2647 = LINE('',#2648,#2649);
#2648 = CARTESIAN_POINT('',(16.678577,76.0191,0.));
#2649 = VECTOR('',#2650,1.);
#2650 = DIRECTION('',(-0.707106781187,-0.707106781186,0.));
#2651 = ORIENTED_EDGE('',*,*,#2652,.T.);
#2652 = EDGE_CURVE('',#2645,#2653,#2655,.T.);
#2653 = VERTEX_POINT('',#2654);
#2654 = CARTESIAN_POINT('',(16.630851,75.987223,0.));
#2655 = LINE('',#2656,#2657);
#2656 = CARTESIAN_POINT('',(16.657902,75.998425,0.));
#2657 = VECTOR('',#2658,1.);
#2658 = DIRECTION('',(-0.923914439717,-0.382599148043,0.));
#2659 = ORIENTED_EDGE('',*,*,#2660,.T.);
#2660 = EDGE_CURVE('',#2653,#2661,#2663,.T.);
#2661 = VERTEX_POINT('',#2662);
#2662 = CARTESIAN_POINT('',(16.61622,75.985776,0.));
#2663 = LINE('',#2664,#2665);
#2664 = CARTESIAN_POINT('',(16.630851,75.987223,0.));
#2665 = VECTOR('',#2666,1.);
#2666 = DIRECTION('',(-0.995145021377,-9.841944131848E-02,0.));
#2667 = ORIENTED_EDGE('',*,*,#2668,.T.);
#2668 = EDGE_CURVE('',#2661,#2669,#2671,.T.);
#2669 = VERTEX_POINT('',#2670);
#2670 = CARTESIAN_POINT('',(2.516223,75.985776,0.));
#2671 = LINE('',#2672,#2673);
#2672 = CARTESIAN_POINT('',(16.61622,75.985776,0.));
#2673 = VECTOR('',#2674,1.);
#2674 = DIRECTION('',(-1.,0.,0.));
#2675 = ORIENTED_EDGE('',*,*,#2676,.T.);
#2676 = EDGE_CURVE('',#2669,#2677,#2679,.T.);
#2677 = VERTEX_POINT('',#2678);
#2678 = CARTESIAN_POINT('',(2.501593,75.987223,0.));
#2679 = LINE('',#2680,#2681);
#2680 = CARTESIAN_POINT('',(2.516223,75.985776,0.));
#2681 = VECTOR('',#2682,1.);
#2682 = DIRECTION('',(-0.995144362478,9.842610338382E-02,0.));
#2683 = ORIENTED_EDGE('',*,*,#2684,.T.);
#2684 = EDGE_CURVE('',#2677,#2685,#2687,.T.);
#2685 = VERTEX_POINT('',#2686);
#2686 = CARTESIAN_POINT('',(2.474542,75.998425,0.));
#2687 = LINE('',#2688,#2689);
#2688 = CARTESIAN_POINT('',(2.501593,75.987223,0.));
#2689 = VECTOR('',#2690,1.);
#2690 = DIRECTION('',(-0.923914439717,0.382599148043,0.));
#2691 = ORIENTED_EDGE('',*,*,#2692,.T.);
#2692 = EDGE_CURVE('',#2685,#2693,#2695,.T.);
#2693 = VERTEX_POINT('',#2694);
#2694 = CARTESIAN_POINT('',(2.453866,76.0191,0.));
#2695 = LINE('',#2696,#2697);
#2696 = CARTESIAN_POINT('',(2.474542,75.998425,0.));
#2697 = VECTOR('',#2698,1.);
#2698 = DIRECTION('',(-0.707123881093,0.707089680867,0.));
#2699 = ORIENTED_EDGE('',*,*,#2700,.T.);
#2700 = EDGE_CURVE('',#2693,#2701,#2703,.T.);
#2701 = VERTEX_POINT('',#2702);
#2702 = CARTESIAN_POINT('',(2.442665,76.046151,0.));
#2703 = LINE('',#2704,#2705);
#2704 = CARTESIAN_POINT('',(2.453866,76.0191,0.));
#2705 = VECTOR('',#2706,1.);
#2706 = DIRECTION('',(-0.382569992546,0.923926512664,0.));
#2707 = ORIENTED_EDGE('',*,*,#2708,.T.);
#2708 = EDGE_CURVE('',#2701,#2709,#2711,.T.);
#2709 = VERTEX_POINT('',#2710);
#2710 = CARTESIAN_POINT('',(2.441217,76.060782,0.));
#2711 = LINE('',#2712,#2713);
#2712 = CARTESIAN_POINT('',(2.442665,76.046151,0.));
#2713 = VECTOR('',#2714,1.);
#2714 = DIRECTION('',(-9.848679801075E-02,0.995138357525,0.));
#2715 = ORIENTED_EDGE('',*,*,#2716,.T.);
#2716 = EDGE_CURVE('',#2709,#2717,#2719,.T.);
#2717 = VERTEX_POINT('',#2718);
#2718 = CARTESIAN_POINT('',(2.441217,90.160779,0.));
#2719 = LINE('',#2720,#2721);
#2720 = CARTESIAN_POINT('',(2.441217,76.060782,0.));
#2721 = VECTOR('',#2722,1.);
#2722 = DIRECTION('',(0.,1.,0.));
#2723 = ORIENTED_EDGE('',*,*,#2724,.T.);
#2724 = EDGE_CURVE('',#2717,#2725,#2727,.T.);
#2725 = VERTEX_POINT('',#2726);
#2726 = CARTESIAN_POINT('',(2.442665,90.175409,0.));
#2727 = LINE('',#2728,#2729);
#2728 = CARTESIAN_POINT('',(2.441217,90.160779,0.));
#2729 = VECTOR('',#2730,1.);
#2730 = DIRECTION('',(9.849346454628E-02,0.995137697729,0.));
#2731 = ORIENTED_EDGE('',*,*,#2732,.T.);
#2732 = EDGE_CURVE('',#2725,#2733,#2735,.T.);
#2733 = VERTEX_POINT('',#2734);
#2734 = CARTESIAN_POINT('',(2.453866,90.20246,0.));
#2735 = LINE('',#2736,#2737);
#2736 = CARTESIAN_POINT('',(2.442665,90.175409,0.));
#2737 = VECTOR('',#2738,1.);
#2738 = DIRECTION('',(0.382569992546,0.923926512664,0.));
#2739 = ORIENTED_EDGE('',*,*,#2740,.T.);
#2740 = EDGE_CURVE('',#2733,#2741,#2743,.T.);
#2741 = VERTEX_POINT('',#2742);
#2742 = CARTESIAN_POINT('',(2.474542,90.223136,0.));
#2743 = LINE('',#2744,#2745);
#2744 = CARTESIAN_POINT('',(2.453866,90.20246,0.));
#2745 = VECTOR('',#2746,1.);
#2746 = DIRECTION('',(0.707106781187,0.707106781186,0.));
#2747 = ORIENTED_EDGE('',*,*,#2748,.T.);
#2748 = EDGE_CURVE('',#2741,#2749,#2751,.T.);
#2749 = VERTEX_POINT('',#2750);
#2750 = CARTESIAN_POINT('',(2.501593,90.234337,0.));
#2751 = LINE('',#2752,#2753);
#2752 = CARTESIAN_POINT('',(2.474542,90.223136,0.));
#2753 = VECTOR('',#2754,1.);
#2754 = DIRECTION('',(0.923926512664,0.382569992546,0.));
#2755 = ORIENTED_EDGE('',*,*,#2756,.T.);
#2756 = EDGE_CURVE('',#2749,#2757,#2759,.T.);
#2757 = VERTEX_POINT('',#2758);
#2758 = CARTESIAN_POINT('',(2.516223,90.235785,0.));
#2759 = LINE('',#2760,#2761);
#2760 = CARTESIAN_POINT('',(2.501593,90.234337,0.));
#2761 = VECTOR('',#2762,1.);
#2762 = DIRECTION('',(0.995137697729,9.849346454697E-02,0.));
#2763 = ORIENTED_EDGE('',*,*,#2764,.T.);
#2764 = EDGE_CURVE('',#2757,#2765,#2767,.T.);
#2765 = VERTEX_POINT('',#2766);
#2766 = CARTESIAN_POINT('',(16.61622,90.235785,0.));
#2767 = LINE('',#2768,#2769);
#2768 = CARTESIAN_POINT('',(2.516223,90.235785,0.));
#2769 = VECTOR('',#2770,1.);
#2770 = DIRECTION('',(1.,0.,0.));
#2771 = ORIENTED_EDGE('',*,*,#2772,.T.);
#2772 = EDGE_CURVE('',#2765,#2587,#2773,.T.);
#2773 = LINE('',#2774,#2775);
#2774 = CARTESIAN_POINT('',(16.61622,90.235785,0.));
#2775 = VECTOR('',#2776,1.);
#2776 = DIRECTION('',(0.995138357525,-9.848679801152E-02,0.));
#2777 = FACE_BOUND('',#2778,.F.);
#2778 = EDGE_LOOP('',(#2779,#2789,#2797,#2805,#2813,#2821,#2829,#2837,
    #2845,#2853,#2861,#2869,#2877,#2885,#2893,#2901,#2909,#2917,#2925,
    #2933,#2941,#2949,#2957,#2965));
#2779 = ORIENTED_EDGE('',*,*,#2780,.T.);
#2780 = EDGE_CURVE('',#2781,#2783,#2785,.T.);
#2781 = VERTEX_POINT('',#2782);
#2782 = CARTESIAN_POINT('',(54.730851,90.234337,0.));
#2783 = VERTEX_POINT('',#2784);
#2784 = CARTESIAN_POINT('',(54.757902,90.223136,0.));
#2785 = LINE('',#2786,#2787);
#2786 = CARTESIAN_POINT('',(54.730851,90.234337,0.));
#2787 = VECTOR('',#2788,1.);
#2788 = DIRECTION('',(0.923926512664,-0.382569992546,0.));
#2789 = ORIENTED_EDGE('',*,*,#2790,.T.);
#2790 = EDGE_CURVE('',#2783,#2791,#2793,.T.);
#2791 = VERTEX_POINT('',#2792);
#2792 = CARTESIAN_POINT('',(54.778577,90.20246,0.));
#2793 = LINE('',#2794,#2795);
#2794 = CARTESIAN_POINT('',(54.757902,90.223136,0.));
#2795 = VECTOR('',#2796,1.);
#2796 = DIRECTION('',(0.707089680867,-0.707123881093,0.));
#2797 = ORIENTED_EDGE('',*,*,#2798,.T.);
#2798 = EDGE_CURVE('',#2791,#2799,#2801,.T.);
#2799 = VERTEX_POINT('',#2800);
#2800 = CARTESIAN_POINT('',(54.789779,90.175409,0.));
#2801 = LINE('',#2802,#2803);
#2802 = CARTESIAN_POINT('',(54.778577,90.20246,0.));
#2803 = VECTOR('',#2804,1.);
#2804 = DIRECTION('',(0.382599148043,-0.923914439717,0.));
#2805 = ORIENTED_EDGE('',*,*,#2806,.T.);
#2806 = EDGE_CURVE('',#2799,#2807,#2809,.T.);
#2807 = VERTEX_POINT('',#2808);
#2808 = CARTESIAN_POINT('',(54.791226,90.160779,0.));
#2809 = LINE('',#2810,#2811);
#2810 = CARTESIAN_POINT('',(54.789779,90.175409,0.));
#2811 = VECTOR('',#2812,1.);
#2812 = DIRECTION('',(9.842610338384E-02,-0.995144362478,0.));
#2813 = ORIENTED_EDGE('',*,*,#2814,.T.);
#2814 = EDGE_CURVE('',#2807,#2815,#2817,.T.);
#2815 = VERTEX_POINT('',#2816);
#2816 = CARTESIAN_POINT('',(54.791226,76.060782,0.));
#2817 = LINE('',#2818,#2819);
#2818 = CARTESIAN_POINT('',(54.791226,90.160779,0.));
#2819 = VECTOR('',#2820,1.);
#2820 = DIRECTION('',(0.,-1.,0.));
#2821 = ORIENTED_EDGE('',*,*,#2822,.T.);
#2822 = EDGE_CURVE('',#2815,#2823,#2825,.T.);
#2823 = VERTEX_POINT('',#2824);
#2824 = CARTESIAN_POINT('',(54.789779,76.046151,0.));
#2825 = LINE('',#2826,#2827);
#2826 = CARTESIAN_POINT('',(54.791226,76.060782,0.));
#2827 = VECTOR('',#2828,1.);
#2828 = DIRECTION('',(-9.841944131843E-02,-0.995145021377,0.));
#2829 = ORIENTED_EDGE('',*,*,#2830,.T.);
#2830 = EDGE_CURVE('',#2823,#2831,#2833,.T.);
#2831 = VERTEX_POINT('',#2832);
#2832 = CARTESIAN_POINT('',(54.778577,76.0191,0.));
#2833 = LINE('',#2834,#2835);
#2834 = CARTESIAN_POINT('',(54.789779,76.046151,0.));
#2835 = VECTOR('',#2836,1.);
#2836 = DIRECTION('',(-0.382599148043,-0.923914439717,0.));
#2837 = ORIENTED_EDGE('',*,*,#2838,.T.);
#2838 = EDGE_CURVE('',#2831,#2839,#2841,.T.);
#2839 = VERTEX_POINT('',#2840);
#2840 = CARTESIAN_POINT('',(54.757902,75.998425,0.));
#2841 = LINE('',#2842,#2843);
#2842 = CARTESIAN_POINT('',(54.778577,76.0191,0.));
#2843 = VECTOR('',#2844,1.);
#2844 = DIRECTION('',(-0.707106781187,-0.707106781187,0.));
#2845 = ORIENTED_EDGE('',*,*,#2846,.T.);
#2846 = EDGE_CURVE('',#2839,#2847,#2849,.T.);
#2847 = VERTEX_POINT('',#2848);
#2848 = CARTESIAN_POINT('',(54.730851,75.987223,0.));
#2849 = LINE('',#2850,#2851);
#2850 = CARTESIAN_POINT('',(54.757902,75.998425,0.));
#2851 = VECTOR('',#2852,1.);
#2852 = DIRECTION('',(-0.923914439717,-0.382599148043,0.));
#2853 = ORIENTED_EDGE('',*,*,#2854,.T.);
#2854 = EDGE_CURVE('',#2847,#2855,#2857,.T.);
#2855 = VERTEX_POINT('',#2856);
#2856 = CARTESIAN_POINT('',(54.71622,75.985776,0.));
#2857 = LINE('',#2858,#2859);
#2858 = CARTESIAN_POINT('',(54.730851,75.987223,0.));
#2859 = VECTOR('',#2860,1.);
#2860 = DIRECTION('',(-0.995145021377,-9.841944131848E-02,0.));
#2861 = ORIENTED_EDGE('',*,*,#2862,.T.);
#2862 = EDGE_CURVE('',#2855,#2863,#2865,.T.);
#2863 = VERTEX_POINT('',#2864);
#2864 = CARTESIAN_POINT('',(40.616223,75.985776,0.));
#2865 = LINE('',#2866,#2867);
#2866 = CARTESIAN_POINT('',(54.71622,75.985776,0.));
#2867 = VECTOR('',#2868,1.);
#2868 = DIRECTION('',(-1.,0.,0.));
#2869 = ORIENTED_EDGE('',*,*,#2870,.T.);
#2870 = EDGE_CURVE('',#2863,#2871,#2873,.T.);
#2871 = VERTEX_POINT('',#2872);
#2872 = CARTESIAN_POINT('',(40.601593,75.987223,0.));
#2873 = LINE('',#2874,#2875);
#2874 = CARTESIAN_POINT('',(40.616223,75.985776,0.));
#2875 = VECTOR('',#2876,1.);
#2876 = DIRECTION('',(-0.995144362478,9.842610338384E-02,0.));
#2877 = ORIENTED_EDGE('',*,*,#2878,.T.);
#2878 = EDGE_CURVE('',#2871,#2879,#2881,.T.);
#2879 = VERTEX_POINT('',#2880);
#2880 = CARTESIAN_POINT('',(40.574542,75.998425,0.));
#2881 = LINE('',#2882,#2883);
#2882 = CARTESIAN_POINT('',(40.601593,75.987223,0.));
#2883 = VECTOR('',#2884,1.);
#2884 = DIRECTION('',(-0.923914439717,0.382599148043,0.));
#2885 = ORIENTED_EDGE('',*,*,#2886,.T.);
#2886 = EDGE_CURVE('',#2879,#2887,#2889,.T.);
#2887 = VERTEX_POINT('',#2888);
#2888 = CARTESIAN_POINT('',(40.553866,76.0191,0.));
#2889 = LINE('',#2890,#2891);
#2890 = CARTESIAN_POINT('',(40.574542,75.998425,0.));
#2891 = VECTOR('',#2892,1.);
#2892 = DIRECTION('',(-0.707123881093,0.707089680867,0.));
#2893 = ORIENTED_EDGE('',*,*,#2894,.T.);
#2894 = EDGE_CURVE('',#2887,#2895,#2897,.T.);
#2895 = VERTEX_POINT('',#2896);
#2896 = CARTESIAN_POINT('',(40.542665,76.046151,0.));
#2897 = LINE('',#2898,#2899);
#2898 = CARTESIAN_POINT('',(40.553866,76.0191,0.));
#2899 = VECTOR('',#2900,1.);
#2900 = DIRECTION('',(-0.382569992546,0.923926512664,0.));
#2901 = ORIENTED_EDGE('',*,*,#2902,.T.);
#2902 = EDGE_CURVE('',#2895,#2903,#2905,.T.);
#2903 = VERTEX_POINT('',#2904);
#2904 = CARTESIAN_POINT('',(40.541217,76.060782,0.));
#2905 = LINE('',#2906,#2907);
#2906 = CARTESIAN_POINT('',(40.542665,76.046151,0.));
#2907 = VECTOR('',#2908,1.);
#2908 = DIRECTION('',(-9.848679801051E-02,0.995138357525,0.));
#2909 = ORIENTED_EDGE('',*,*,#2910,.T.);
#2910 = EDGE_CURVE('',#2903,#2911,#2913,.T.);
#2911 = VERTEX_POINT('',#2912);
#2912 = CARTESIAN_POINT('',(40.541217,90.160779,0.));
#2913 = LINE('',#2914,#2915);
#2914 = CARTESIAN_POINT('',(40.541217,76.060782,0.));
#2915 = VECTOR('',#2916,1.);
#2916 = DIRECTION('',(0.,1.,0.));
#2917 = ORIENTED_EDGE('',*,*,#2918,.T.);
#2918 = EDGE_CURVE('',#2911,#2919,#2921,.T.);
#2919 = VERTEX_POINT('',#2920);
#2920 = CARTESIAN_POINT('',(40.542665,90.175409,0.));
#2921 = LINE('',#2922,#2923);
#2922 = CARTESIAN_POINT('',(40.541217,90.160779,0.));
#2923 = VECTOR('',#2924,1.);
#2924 = DIRECTION('',(9.849346454604E-02,0.995137697729,0.));
#2925 = ORIENTED_EDGE('',*,*,#2926,.T.);
#2926 = EDGE_CURVE('',#2919,#2927,#2929,.T.);
#2927 = VERTEX_POINT('',#2928);
#2928 = CARTESIAN_POINT('',(40.553866,90.20246,0.));
#2929 = LINE('',#2930,#2931);
#2930 = CARTESIAN_POINT('',(40.542665,90.175409,0.));
#2931 = VECTOR('',#2932,1.);
#2932 = DIRECTION('',(0.382569992546,0.923926512664,0.));
#2933 = ORIENTED_EDGE('',*,*,#2934,.T.);
#2934 = EDGE_CURVE('',#2927,#2935,#2937,.T.);
#2935 = VERTEX_POINT('',#2936);
#2936 = CARTESIAN_POINT('',(40.574542,90.223136,0.));
#2937 = LINE('',#2938,#2939);
#2938 = CARTESIAN_POINT('',(40.553866,90.20246,0.));
#2939 = VECTOR('',#2940,1.);
#2940 = DIRECTION('',(0.707106781187,0.707106781186,0.));
#2941 = ORIENTED_EDGE('',*,*,#2942,.T.);
#2942 = EDGE_CURVE('',#2935,#2943,#2945,.T.);
#2943 = VERTEX_POINT('',#2944);
#2944 = CARTESIAN_POINT('',(40.601593,90.234337,0.));
#2945 = LINE('',#2946,#2947);
#2946 = CARTESIAN_POINT('',(40.574542,90.223136,0.));
#2947 = VECTOR('',#2948,1.);
#2948 = DIRECTION('',(0.923926512664,0.382569992546,0.));
#2949 = ORIENTED_EDGE('',*,*,#2950,.T.);
#2950 = EDGE_CURVE('',#2943,#2951,#2953,.T.);
#2951 = VERTEX_POINT('',#2952);
#2952 = CARTESIAN_POINT('',(40.616223,90.235785,0.));
#2953 = LINE('',#2954,#2955);
#2954 = CARTESIAN_POINT('',(40.601593,90.234337,0.));
#2955 = VECTOR('',#2956,1.);
#2956 = DIRECTION('',(0.995137697729,9.849346454699E-02,0.));
#2957 = ORIENTED_EDGE('',*,*,#2958,.T.);
#2958 = EDGE_CURVE('',#2951,#2959,#2961,.T.);
#2959 = VERTEX_POINT('',#2960);
#2960 = CARTESIAN_POINT('',(54.71622,90.235785,0.));
#2961 = LINE('',#2962,#2963);
#2962 = CARTESIAN_POINT('',(40.616223,90.235785,0.));
#2963 = VECTOR('',#2964,1.);
#2964 = DIRECTION('',(1.,0.,0.));
#2965 = ORIENTED_EDGE('',*,*,#2966,.T.);
#2966 = EDGE_CURVE('',#2959,#2781,#2967,.T.);
#2967 = LINE('',#2968,#2969);
#2968 = CARTESIAN_POINT('',(54.71622,90.235785,0.));
#2969 = VECTOR('',#2970,1.);
#2970 = DIRECTION('',(0.995138357525,-9.848679801152E-02,0.));
#2971 = FACE_BOUND('',#2972,.F.);
#2972 = EDGE_LOOP('',(#2973,#2983,#2991,#2999,#3007,#3015,#3023,#3031,
    #3039,#3047,#3055,#3063,#3071,#3079,#3087,#3095,#3103,#3111,#3119,
    #3127,#3135,#3143,#3151,#3159));
#2973 = ORIENTED_EDGE('',*,*,#2974,.T.);
#2974 = EDGE_CURVE('',#2975,#2977,#2979,.T.);
#2975 = VERTEX_POINT('',#2976);
#2976 = CARTESIAN_POINT('',(35.680851,90.234337,0.));
#2977 = VERTEX_POINT('',#2978);
#2978 = CARTESIAN_POINT('',(35.707902,90.223136,0.));
#2979 = LINE('',#2980,#2981);
#2980 = CARTESIAN_POINT('',(35.680851,90.234337,0.));
#2981 = VECTOR('',#2982,1.);
#2982 = DIRECTION('',(0.923926512664,-0.382569992546,0.));
#2983 = ORIENTED_EDGE('',*,*,#2984,.T.);
#2984 = EDGE_CURVE('',#2977,#2985,#2987,.T.);
#2985 = VERTEX_POINT('',#2986);
#2986 = CARTESIAN_POINT('',(35.728577,90.20246,0.));
#2987 = LINE('',#2988,#2989);
#2988 = CARTESIAN_POINT('',(35.707902,90.223136,0.));
#2989 = VECTOR('',#2990,1.);
#2990 = DIRECTION('',(0.707089680867,-0.707123881093,0.));
#2991 = ORIENTED_EDGE('',*,*,#2992,.T.);
#2992 = EDGE_CURVE('',#2985,#2993,#2995,.T.);
#2993 = VERTEX_POINT('',#2994);
#2994 = CARTESIAN_POINT('',(35.739779,90.175409,0.));
#2995 = LINE('',#2996,#2997);
#2996 = CARTESIAN_POINT('',(35.728577,90.20246,0.));
#2997 = VECTOR('',#2998,1.);
#2998 = DIRECTION('',(0.382599148043,-0.923914439717,0.));
#2999 = ORIENTED_EDGE('',*,*,#3000,.T.);
#3000 = EDGE_CURVE('',#2993,#3001,#3003,.T.);
#3001 = VERTEX_POINT('',#3002);
#3002 = CARTESIAN_POINT('',(35.741226,90.160779,0.));
#3003 = LINE('',#3004,#3005);
#3004 = CARTESIAN_POINT('',(35.739779,90.175409,0.));
#3005 = VECTOR('',#3006,1.);
#3006 = DIRECTION('',(9.842610338384E-02,-0.995144362478,0.));
#3007 = ORIENTED_EDGE('',*,*,#3008,.T.);
#3008 = EDGE_CURVE('',#3001,#3009,#3011,.T.);
#3009 = VERTEX_POINT('',#3010);
#3010 = CARTESIAN_POINT('',(35.741226,76.060782,0.));
#3011 = LINE('',#3012,#3013);
#3012 = CARTESIAN_POINT('',(35.741226,90.160779,0.));
#3013 = VECTOR('',#3014,1.);
#3014 = DIRECTION('',(0.,-1.,0.));
#3015 = ORIENTED_EDGE('',*,*,#3016,.T.);
#3016 = EDGE_CURVE('',#3009,#3017,#3019,.T.);
#3017 = VERTEX_POINT('',#3018);
#3018 = CARTESIAN_POINT('',(35.739779,76.046151,0.));
#3019 = LINE('',#3020,#3021);
#3020 = CARTESIAN_POINT('',(35.741226,76.060782,0.));
#3021 = VECTOR('',#3022,1.);
#3022 = DIRECTION('',(-9.841944131843E-02,-0.995145021377,0.));
#3023 = ORIENTED_EDGE('',*,*,#3024,.T.);
#3024 = EDGE_CURVE('',#3017,#3025,#3027,.T.);
#3025 = VERTEX_POINT('',#3026);
#3026 = CARTESIAN_POINT('',(35.728577,76.0191,0.));
#3027 = LINE('',#3028,#3029);
#3028 = CARTESIAN_POINT('',(35.739779,76.046151,0.));
#3029 = VECTOR('',#3030,1.);
#3030 = DIRECTION('',(-0.382599148043,-0.923914439717,0.));
#3031 = ORIENTED_EDGE('',*,*,#3032,.T.);
#3032 = EDGE_CURVE('',#3025,#3033,#3035,.T.);
#3033 = VERTEX_POINT('',#3034);
#3034 = CARTESIAN_POINT('',(35.707902,75.998425,0.));
#3035 = LINE('',#3036,#3037);
#3036 = CARTESIAN_POINT('',(35.728577,76.0191,0.));
#3037 = VECTOR('',#3038,1.);
#3038 = DIRECTION('',(-0.707106781187,-0.707106781186,0.));
#3039 = ORIENTED_EDGE('',*,*,#3040,.T.);
#3040 = EDGE_CURVE('',#3033,#3041,#3043,.T.);
#3041 = VERTEX_POINT('',#3042);
#3042 = CARTESIAN_POINT('',(35.680851,75.987223,0.));
#3043 = LINE('',#3044,#3045);
#3044 = CARTESIAN_POINT('',(35.707902,75.998425,0.));
#3045 = VECTOR('',#3046,1.);
#3046 = DIRECTION('',(-0.923914439717,-0.382599148043,0.));
#3047 = ORIENTED_EDGE('',*,*,#3048,.T.);
#3048 = EDGE_CURVE('',#3041,#3049,#3051,.T.);
#3049 = VERTEX_POINT('',#3050);
#3050 = CARTESIAN_POINT('',(35.66622,75.985776,0.));
#3051 = LINE('',#3052,#3053);
#3052 = CARTESIAN_POINT('',(35.680851,75.987223,0.));
#3053 = VECTOR('',#3054,1.);
#3054 = DIRECTION('',(-0.995145021377,-9.841944131852E-02,0.));
#3055 = ORIENTED_EDGE('',*,*,#3056,.T.);
#3056 = EDGE_CURVE('',#3049,#3057,#3059,.T.);
#3057 = VERTEX_POINT('',#3058);
#3058 = CARTESIAN_POINT('',(21.566223,75.985776,0.));
#3059 = LINE('',#3060,#3061);
#3060 = CARTESIAN_POINT('',(35.66622,75.985776,0.));
#3061 = VECTOR('',#3062,1.);
#3062 = DIRECTION('',(-1.,0.,0.));
#3063 = ORIENTED_EDGE('',*,*,#3064,.T.);
#3064 = EDGE_CURVE('',#3057,#3065,#3067,.T.);
#3065 = VERTEX_POINT('',#3066);
#3066 = CARTESIAN_POINT('',(21.551593,75.987223,0.));
#3067 = LINE('',#3068,#3069);
#3068 = CARTESIAN_POINT('',(21.566223,75.985776,0.));
#3069 = VECTOR('',#3070,1.);
#3070 = DIRECTION('',(-0.995144362478,9.842610338381E-02,0.));
#3071 = ORIENTED_EDGE('',*,*,#3072,.T.);
#3072 = EDGE_CURVE('',#3065,#3073,#3075,.T.);
#3073 = VERTEX_POINT('',#3074);
#3074 = CARTESIAN_POINT('',(21.524542,75.998425,0.));
#3075 = LINE('',#3076,#3077);
#3076 = CARTESIAN_POINT('',(21.551593,75.987223,0.));
#3077 = VECTOR('',#3078,1.);
#3078 = DIRECTION('',(-0.923914439717,0.382599148043,0.));
#3079 = ORIENTED_EDGE('',*,*,#3080,.T.);
#3080 = EDGE_CURVE('',#3073,#3081,#3083,.T.);
#3081 = VERTEX_POINT('',#3082);
#3082 = CARTESIAN_POINT('',(21.503866,76.0191,0.));
#3083 = LINE('',#3084,#3085);
#3084 = CARTESIAN_POINT('',(21.524542,75.998425,0.));
#3085 = VECTOR('',#3086,1.);
#3086 = DIRECTION('',(-0.707123881093,0.707089680867,0.));
#3087 = ORIENTED_EDGE('',*,*,#3088,.T.);
#3088 = EDGE_CURVE('',#3081,#3089,#3091,.T.);
#3089 = VERTEX_POINT('',#3090);
#3090 = CARTESIAN_POINT('',(21.492665,76.046151,0.));
#3091 = LINE('',#3092,#3093);
#3092 = CARTESIAN_POINT('',(21.503866,76.0191,0.));
#3093 = VECTOR('',#3094,1.);
#3094 = DIRECTION('',(-0.382569992546,0.923926512664,0.));
#3095 = ORIENTED_EDGE('',*,*,#3096,.T.);
#3096 = EDGE_CURVE('',#3089,#3097,#3099,.T.);
#3097 = VERTEX_POINT('',#3098);
#3098 = CARTESIAN_POINT('',(21.491217,76.060782,0.));
#3099 = LINE('',#3100,#3101);
#3100 = CARTESIAN_POINT('',(21.492665,76.046151,0.));
#3101 = VECTOR('',#3102,1.);
#3102 = DIRECTION('',(-9.848679801075E-02,0.995138357525,0.));
#3103 = ORIENTED_EDGE('',*,*,#3104,.T.);
#3104 = EDGE_CURVE('',#3097,#3105,#3107,.T.);
#3105 = VERTEX_POINT('',#3106);
#3106 = CARTESIAN_POINT('',(21.491217,90.160779,0.));
#3107 = LINE('',#3108,#3109);
#3108 = CARTESIAN_POINT('',(21.491217,76.060782,0.));
#3109 = VECTOR('',#3110,1.);
#3110 = DIRECTION('',(0.,1.,0.));
#3111 = ORIENTED_EDGE('',*,*,#3112,.T.);
#3112 = EDGE_CURVE('',#3105,#3113,#3115,.T.);
#3113 = VERTEX_POINT('',#3114);
#3114 = CARTESIAN_POINT('',(21.492665,90.175409,0.));
#3115 = LINE('',#3116,#3117);
#3116 = CARTESIAN_POINT('',(21.491217,90.160779,0.));
#3117 = VECTOR('',#3118,1.);
#3118 = DIRECTION('',(9.849346454628E-02,0.995137697729,0.));
#3119 = ORIENTED_EDGE('',*,*,#3120,.T.);
#3120 = EDGE_CURVE('',#3113,#3121,#3123,.T.);
#3121 = VERTEX_POINT('',#3122);
#3122 = CARTESIAN_POINT('',(21.503866,90.20246,0.));
#3123 = LINE('',#3124,#3125);
#3124 = CARTESIAN_POINT('',(21.492665,90.175409,0.));
#3125 = VECTOR('',#3126,1.);
#3126 = DIRECTION('',(0.382569992546,0.923926512664,0.));
#3127 = ORIENTED_EDGE('',*,*,#3128,.T.);
#3128 = EDGE_CURVE('',#3121,#3129,#3131,.T.);
#3129 = VERTEX_POINT('',#3130);
#3130 = CARTESIAN_POINT('',(21.524542,90.223136,0.));
#3131 = LINE('',#3132,#3133);
#3132 = CARTESIAN_POINT('',(21.503866,90.20246,0.));
#3133 = VECTOR('',#3134,1.);
#3134 = DIRECTION('',(0.707106781187,0.707106781186,0.));
#3135 = ORIENTED_EDGE('',*,*,#3136,.T.);
#3136 = EDGE_CURVE('',#3129,#3137,#3139,.T.);
#3137 = VERTEX_POINT('',#3138);
#3138 = CARTESIAN_POINT('',(21.551593,90.234337,0.));
#3139 = LINE('',#3140,#3141);
#3140 = CARTESIAN_POINT('',(21.524542,90.223136,0.));
#3141 = VECTOR('',#3142,1.);
#3142 = DIRECTION('',(0.923926512664,0.382569992546,0.));
#3143 = ORIENTED_EDGE('',*,*,#3144,.T.);
#3144 = EDGE_CURVE('',#3137,#3145,#3147,.T.);
#3145 = VERTEX_POINT('',#3146);
#3146 = CARTESIAN_POINT('',(21.566223,90.235785,0.));
#3147 = LINE('',#3148,#3149);
#3148 = CARTESIAN_POINT('',(21.551593,90.234337,0.));
#3149 = VECTOR('',#3150,1.);
#3150 = DIRECTION('',(0.995137697729,9.849346454697E-02,0.));
#3151 = ORIENTED_EDGE('',*,*,#3152,.T.);
#3152 = EDGE_CURVE('',#3145,#3153,#3155,.T.);
#3153 = VERTEX_POINT('',#3154);
#3154 = CARTESIAN_POINT('',(35.66622,90.235785,0.));
#3155 = LINE('',#3156,#3157);
#3156 = CARTESIAN_POINT('',(21.566223,90.235785,0.));
#3157 = VECTOR('',#3158,1.);
#3158 = DIRECTION('',(1.,0.,0.));
#3159 = ORIENTED_EDGE('',*,*,#3160,.T.);
#3160 = EDGE_CURVE('',#3153,#2975,#3161,.T.);
#3161 = LINE('',#3162,#3163);
#3162 = CARTESIAN_POINT('',(35.66622,90.235785,0.));
#3163 = VECTOR('',#3164,1.);
#3164 = DIRECTION('',(0.995138357525,-9.848679801156E-02,0.));
#3165 = FACE_BOUND('',#3166,.F.);
#3166 = EDGE_LOOP('',(#3167,#3177,#3185,#3193,#3201,#3209,#3217,#3225,
    #3233,#3241,#3249,#3257,#3265,#3273,#3281,#3289,#3297,#3305,#3313,
    #3321,#3329,#3337,#3345,#3353));
#3167 = ORIENTED_EDGE('',*,*,#3168,.T.);
#3168 = EDGE_CURVE('',#3169,#3171,#3173,.T.);
#3169 = VERTEX_POINT('',#3170);
#3170 = CARTESIAN_POINT('',(111.880851,71.184337,0.));
#3171 = VERTEX_POINT('',#3172);
#3172 = CARTESIAN_POINT('',(111.907902,71.173136,0.));
#3173 = LINE('',#3174,#3175);
#3174 = CARTESIAN_POINT('',(111.880851,71.184337,0.));
#3175 = VECTOR('',#3176,1.);
#3176 = DIRECTION('',(0.923926512664,-0.382569992546,0.));
#3177 = ORIENTED_EDGE('',*,*,#3178,.T.);
#3178 = EDGE_CURVE('',#3171,#3179,#3181,.T.);
#3179 = VERTEX_POINT('',#3180);
#3180 = CARTESIAN_POINT('',(111.928577,71.15246,0.));
#3181 = LINE('',#3182,#3183);
#3182 = CARTESIAN_POINT('',(111.907902,71.173136,0.));
#3183 = VECTOR('',#3184,1.);
#3184 = DIRECTION('',(0.707089680867,-0.707123881093,0.));
#3185 = ORIENTED_EDGE('',*,*,#3186,.T.);
#3186 = EDGE_CURVE('',#3179,#3187,#3189,.T.);
#3187 = VERTEX_POINT('',#3188);
#3188 = CARTESIAN_POINT('',(111.939779,71.125409,0.));
#3189 = LINE('',#3190,#3191);
#3190 = CARTESIAN_POINT('',(111.928577,71.15246,0.));
#3191 = VECTOR('',#3192,1.);
#3192 = DIRECTION('',(0.382599148043,-0.923914439717,0.));
#3193 = ORIENTED_EDGE('',*,*,#3194,.T.);
#3194 = EDGE_CURVE('',#3187,#3195,#3197,.T.);
#3195 = VERTEX_POINT('',#3196);
#3196 = CARTESIAN_POINT('',(111.941226,71.110779,0.));
#3197 = LINE('',#3198,#3199);
#3198 = CARTESIAN_POINT('',(111.939779,71.125409,0.));
#3199 = VECTOR('',#3200,1.);
#3200 = DIRECTION('',(9.842610338374E-02,-0.995144362478,0.));
#3201 = ORIENTED_EDGE('',*,*,#3202,.T.);
#3202 = EDGE_CURVE('',#3195,#3203,#3205,.T.);
#3203 = VERTEX_POINT('',#3204);
#3204 = CARTESIAN_POINT('',(111.941226,57.010782,0.));
#3205 = LINE('',#3206,#3207);
#3206 = CARTESIAN_POINT('',(111.941226,71.110779,0.));
#3207 = VECTOR('',#3208,1.);
#3208 = DIRECTION('',(0.,-1.,0.));
#3209 = ORIENTED_EDGE('',*,*,#3210,.T.);
#3210 = EDGE_CURVE('',#3203,#3211,#3213,.T.);
#3211 = VERTEX_POINT('',#3212);
#3212 = CARTESIAN_POINT('',(111.939779,56.996151,0.));
#3213 = LINE('',#3214,#3215);
#3214 = CARTESIAN_POINT('',(111.941226,57.010782,0.));
#3215 = VECTOR('',#3216,1.);
#3216 = DIRECTION('',(-9.841944131848E-02,-0.995145021377,0.));
#3217 = ORIENTED_EDGE('',*,*,#3218,.T.);
#3218 = EDGE_CURVE('',#3211,#3219,#3221,.T.);
#3219 = VERTEX_POINT('',#3220);
#3220 = CARTESIAN_POINT('',(111.928577,56.9691,0.));
#3221 = LINE('',#3222,#3223);
#3222 = CARTESIAN_POINT('',(111.939779,56.996151,0.));
#3223 = VECTOR('',#3224,1.);
#3224 = DIRECTION('',(-0.382599148043,-0.923914439717,0.));
#3225 = ORIENTED_EDGE('',*,*,#3226,.T.);
#3226 = EDGE_CURVE('',#3219,#3227,#3229,.T.);
#3227 = VERTEX_POINT('',#3228);
#3228 = CARTESIAN_POINT('',(111.907902,56.948425,0.));
#3229 = LINE('',#3230,#3231);
#3230 = CARTESIAN_POINT('',(111.928577,56.9691,0.));
#3231 = VECTOR('',#3232,1.);
#3232 = DIRECTION('',(-0.707106781187,-0.707106781187,0.));
#3233 = ORIENTED_EDGE('',*,*,#3234,.T.);
#3234 = EDGE_CURVE('',#3227,#3235,#3237,.T.);
#3235 = VERTEX_POINT('',#3236);
#3236 = CARTESIAN_POINT('',(111.880851,56.937223,0.));
#3237 = LINE('',#3238,#3239);
#3238 = CARTESIAN_POINT('',(111.907902,56.948425,0.));
#3239 = VECTOR('',#3240,1.);
#3240 = DIRECTION('',(-0.923914439717,-0.382599148043,0.));
#3241 = ORIENTED_EDGE('',*,*,#3242,.T.);
#3242 = EDGE_CURVE('',#3235,#3243,#3245,.T.);
#3243 = VERTEX_POINT('',#3244);
#3244 = CARTESIAN_POINT('',(111.86622,56.935776,0.));
#3245 = LINE('',#3246,#3247);
#3246 = CARTESIAN_POINT('',(111.880851,56.937223,0.));
#3247 = VECTOR('',#3248,1.);
#3248 = DIRECTION('',(-0.995145021377,-9.841944131891E-02,0.));
#3249 = ORIENTED_EDGE('',*,*,#3250,.T.);
#3250 = EDGE_CURVE('',#3243,#3251,#3253,.T.);
#3251 = VERTEX_POINT('',#3252);
#3252 = CARTESIAN_POINT('',(97.766223,56.935776,0.));
#3253 = LINE('',#3254,#3255);
#3254 = CARTESIAN_POINT('',(111.86622,56.935776,0.));
#3255 = VECTOR('',#3256,1.);
#3256 = DIRECTION('',(-1.,0.,0.));
#3257 = ORIENTED_EDGE('',*,*,#3258,.T.);
#3258 = EDGE_CURVE('',#3251,#3259,#3261,.T.);
#3259 = VERTEX_POINT('',#3260);
#3260 = CARTESIAN_POINT('',(97.751593,56.937223,0.));
#3261 = LINE('',#3262,#3263);
#3262 = CARTESIAN_POINT('',(97.766223,56.935776,0.));
#3263 = VECTOR('',#3264,1.);
#3264 = DIRECTION('',(-0.995144362478,9.842610338432E-02,0.));
#3265 = ORIENTED_EDGE('',*,*,#3266,.T.);
#3266 = EDGE_CURVE('',#3259,#3267,#3269,.T.);
#3267 = VERTEX_POINT('',#3268);
#3268 = CARTESIAN_POINT('',(97.724542,56.948425,0.));
#3269 = LINE('',#3270,#3271);
#3270 = CARTESIAN_POINT('',(97.751593,56.937223,0.));
#3271 = VECTOR('',#3272,1.);
#3272 = DIRECTION('',(-0.923914439717,0.382599148043,0.));
#3273 = ORIENTED_EDGE('',*,*,#3274,.T.);
#3274 = EDGE_CURVE('',#3267,#3275,#3277,.T.);
#3275 = VERTEX_POINT('',#3276);
#3276 = CARTESIAN_POINT('',(97.703866,56.9691,0.));
#3277 = LINE('',#3278,#3279);
#3278 = CARTESIAN_POINT('',(97.724542,56.948425,0.));
#3279 = VECTOR('',#3280,1.);
#3280 = DIRECTION('',(-0.707123881093,0.707089680867,0.));
#3281 = ORIENTED_EDGE('',*,*,#3282,.T.);
#3282 = EDGE_CURVE('',#3275,#3283,#3285,.T.);
#3283 = VERTEX_POINT('',#3284);
#3284 = CARTESIAN_POINT('',(97.692665,56.996151,0.));
#3285 = LINE('',#3286,#3287);
#3286 = CARTESIAN_POINT('',(97.703866,56.9691,0.));
#3287 = VECTOR('',#3288,1.);
#3288 = DIRECTION('',(-0.382569992546,0.923926512664,0.));
#3289 = ORIENTED_EDGE('',*,*,#3290,.T.);
#3290 = EDGE_CURVE('',#3283,#3291,#3293,.T.);
#3291 = VERTEX_POINT('',#3292);
#3292 = CARTESIAN_POINT('',(97.691217,57.010782,0.));
#3293 = LINE('',#3294,#3295);
#3294 = CARTESIAN_POINT('',(97.692665,56.996151,0.));
#3295 = VECTOR('',#3296,1.);
#3296 = DIRECTION('',(-9.848679801152E-02,0.995138357525,0.));
#3297 = ORIENTED_EDGE('',*,*,#3298,.T.);
#3298 = EDGE_CURVE('',#3291,#3299,#3301,.T.);
#3299 = VERTEX_POINT('',#3300);
#3300 = CARTESIAN_POINT('',(97.691217,71.110779,0.));
#3301 = LINE('',#3302,#3303);
#3302 = CARTESIAN_POINT('',(97.691217,57.010782,0.));
#3303 = VECTOR('',#3304,1.);
#3304 = DIRECTION('',(0.,1.,0.));
#3305 = ORIENTED_EDGE('',*,*,#3306,.T.);
#3306 = EDGE_CURVE('',#3299,#3307,#3309,.T.);
#3307 = VERTEX_POINT('',#3308);
#3308 = CARTESIAN_POINT('',(97.692665,71.125409,0.));
#3309 = LINE('',#3310,#3311);
#3310 = CARTESIAN_POINT('',(97.691217,71.110779,0.));
#3311 = VECTOR('',#3312,1.);
#3312 = DIRECTION('',(9.84934645469E-02,0.995137697729,0.));
#3313 = ORIENTED_EDGE('',*,*,#3314,.T.);
#3314 = EDGE_CURVE('',#3307,#3315,#3317,.T.);
#3315 = VERTEX_POINT('',#3316);
#3316 = CARTESIAN_POINT('',(97.703866,71.15246,0.));
#3317 = LINE('',#3318,#3319);
#3318 = CARTESIAN_POINT('',(97.692665,71.125409,0.));
#3319 = VECTOR('',#3320,1.);
#3320 = DIRECTION('',(0.382569992546,0.923926512664,0.));
#3321 = ORIENTED_EDGE('',*,*,#3322,.T.);
#3322 = EDGE_CURVE('',#3315,#3323,#3325,.T.);
#3323 = VERTEX_POINT('',#3324);
#3324 = CARTESIAN_POINT('',(97.724542,71.173136,0.));
#3325 = LINE('',#3326,#3327);
#3326 = CARTESIAN_POINT('',(97.703866,71.15246,0.));
#3327 = VECTOR('',#3328,1.);
#3328 = DIRECTION('',(0.707106781187,0.707106781187,0.));
#3329 = ORIENTED_EDGE('',*,*,#3330,.T.);
#3330 = EDGE_CURVE('',#3323,#3331,#3333,.T.);
#3331 = VERTEX_POINT('',#3332);
#3332 = CARTESIAN_POINT('',(97.751593,71.184337,0.));
#3333 = LINE('',#3334,#3335);
#3334 = CARTESIAN_POINT('',(97.724542,71.173136,0.));
#3335 = VECTOR('',#3336,1.);
#3336 = DIRECTION('',(0.923926512664,0.382569992546,0.));
#3337 = ORIENTED_EDGE('',*,*,#3338,.T.);
#3338 = EDGE_CURVE('',#3331,#3339,#3341,.T.);
#3339 = VERTEX_POINT('',#3340);
#3340 = CARTESIAN_POINT('',(97.766223,71.185785,0.));
#3341 = LINE('',#3342,#3343);
#3342 = CARTESIAN_POINT('',(97.751593,71.184337,0.));
#3343 = VECTOR('',#3344,1.);
#3344 = DIRECTION('',(0.995137697729,9.849346454604E-02,0.));
#3345 = ORIENTED_EDGE('',*,*,#3346,.T.);
#3346 = EDGE_CURVE('',#3339,#3347,#3349,.T.);
#3347 = VERTEX_POINT('',#3348);
#3348 = CARTESIAN_POINT('',(111.86622,71.185785,0.));
#3349 = LINE('',#3350,#3351);
#3350 = CARTESIAN_POINT('',(97.766223,71.185785,0.));
#3351 = VECTOR('',#3352,1.);
#3352 = DIRECTION('',(1.,0.,0.));
#3353 = ORIENTED_EDGE('',*,*,#3354,.T.);
#3354 = EDGE_CURVE('',#3347,#3169,#3355,.T.);
#3355 = LINE('',#3356,#3357);
#3356 = CARTESIAN_POINT('',(111.86622,71.185785,0.));
#3357 = VECTOR('',#3358,1.);
#3358 = DIRECTION('',(0.995138357525,-9.848679801051E-02,0.));
#3359 = FACE_BOUND('',#3360,.F.);
#3360 = EDGE_LOOP('',(#3361,#3371,#3379,#3387,#3395,#3403,#3411,#3419,
    #3427,#3435,#3443,#3451,#3459,#3467,#3475,#3483,#3491,#3499,#3507,
    #3515,#3523,#3531,#3539,#3547));
#3361 = ORIENTED_EDGE('',*,*,#3362,.T.);
#3362 = EDGE_CURVE('',#3363,#3365,#3367,.T.);
#3363 = VERTEX_POINT('',#3364);
#3364 = CARTESIAN_POINT('',(92.830851,71.184337,0.));
#3365 = VERTEX_POINT('',#3366);
#3366 = CARTESIAN_POINT('',(92.857902,71.173136,0.));
#3367 = LINE('',#3368,#3369);
#3368 = CARTESIAN_POINT('',(92.830851,71.184337,0.));
#3369 = VECTOR('',#3370,1.);
#3370 = DIRECTION('',(0.923926512664,-0.382569992546,0.));
#3371 = ORIENTED_EDGE('',*,*,#3372,.T.);
#3372 = EDGE_CURVE('',#3365,#3373,#3375,.T.);
#3373 = VERTEX_POINT('',#3374);
#3374 = CARTESIAN_POINT('',(92.878577,71.15246,0.));
#3375 = LINE('',#3376,#3377);
#3376 = CARTESIAN_POINT('',(92.857902,71.173136,0.));
#3377 = VECTOR('',#3378,1.);
#3378 = DIRECTION('',(0.707089680867,-0.707123881093,0.));
#3379 = ORIENTED_EDGE('',*,*,#3380,.T.);
#3380 = EDGE_CURVE('',#3373,#3381,#3383,.T.);
#3381 = VERTEX_POINT('',#3382);
#3382 = CARTESIAN_POINT('',(92.889779,71.125409,0.));
#3383 = LINE('',#3384,#3385);
#3384 = CARTESIAN_POINT('',(92.878577,71.15246,0.));
#3385 = VECTOR('',#3386,1.);
#3386 = DIRECTION('',(0.382599148043,-0.923914439717,0.));
#3387 = ORIENTED_EDGE('',*,*,#3388,.T.);
#3388 = EDGE_CURVE('',#3381,#3389,#3391,.T.);
#3389 = VERTEX_POINT('',#3390);
#3390 = CARTESIAN_POINT('',(92.891226,71.110779,0.));
#3391 = LINE('',#3392,#3393);
#3392 = CARTESIAN_POINT('',(92.889779,71.125409,0.));
#3393 = VECTOR('',#3394,1.);
#3394 = DIRECTION('',(9.842610338374E-02,-0.995144362478,0.));
#3395 = ORIENTED_EDGE('',*,*,#3396,.T.);
#3396 = EDGE_CURVE('',#3389,#3397,#3399,.T.);
#3397 = VERTEX_POINT('',#3398);
#3398 = CARTESIAN_POINT('',(92.891226,57.010782,0.));
#3399 = LINE('',#3400,#3401);
#3400 = CARTESIAN_POINT('',(92.891226,71.110779,0.));
#3401 = VECTOR('',#3402,1.);
#3402 = DIRECTION('',(0.,-1.,0.));
#3403 = ORIENTED_EDGE('',*,*,#3404,.T.);
#3404 = EDGE_CURVE('',#3397,#3405,#3407,.T.);
#3405 = VERTEX_POINT('',#3406);
#3406 = CARTESIAN_POINT('',(92.889779,56.996151,0.));
#3407 = LINE('',#3408,#3409);
#3408 = CARTESIAN_POINT('',(92.891226,57.010782,0.));
#3409 = VECTOR('',#3410,1.);
#3410 = DIRECTION('',(-9.841944131848E-02,-0.995145021377,0.));
#3411 = ORIENTED_EDGE('',*,*,#3412,.T.);
#3412 = EDGE_CURVE('',#3405,#3413,#3415,.T.);
#3413 = VERTEX_POINT('',#3414);
#3414 = CARTESIAN_POINT('',(92.878577,56.9691,0.));
#3415 = LINE('',#3416,#3417);
#3416 = CARTESIAN_POINT('',(92.889779,56.996151,0.));
#3417 = VECTOR('',#3418,1.);
#3418 = DIRECTION('',(-0.382599148043,-0.923914439717,0.));
#3419 = ORIENTED_EDGE('',*,*,#3420,.T.);
#3420 = EDGE_CURVE('',#3413,#3421,#3423,.T.);
#3421 = VERTEX_POINT('',#3422);
#3422 = CARTESIAN_POINT('',(92.857902,56.948425,0.));
#3423 = LINE('',#3424,#3425);
#3424 = CARTESIAN_POINT('',(92.878577,56.9691,0.));
#3425 = VECTOR('',#3426,1.);
#3426 = DIRECTION('',(-0.707106781187,-0.707106781186,0.));
#3427 = ORIENTED_EDGE('',*,*,#3428,.T.);
#3428 = EDGE_CURVE('',#3421,#3429,#3431,.T.);
#3429 = VERTEX_POINT('',#3430);
#3430 = CARTESIAN_POINT('',(92.830851,56.937223,0.));
#3431 = LINE('',#3432,#3433);
#3432 = CARTESIAN_POINT('',(92.857902,56.948425,0.));
#3433 = VECTOR('',#3434,1.);
#3434 = DIRECTION('',(-0.923914439717,-0.382599148043,0.));
#3435 = ORIENTED_EDGE('',*,*,#3436,.T.);
#3436 = EDGE_CURVE('',#3429,#3437,#3439,.T.);
#3437 = VERTEX_POINT('',#3438);
#3438 = CARTESIAN_POINT('',(92.81622,56.935776,0.));
#3439 = LINE('',#3440,#3441);
#3440 = CARTESIAN_POINT('',(92.830851,56.937223,0.));
#3441 = VECTOR('',#3442,1.);
#3442 = DIRECTION('',(-0.995145021377,-9.8419441319E-02,0.));
#3443 = ORIENTED_EDGE('',*,*,#3444,.T.);
#3444 = EDGE_CURVE('',#3437,#3445,#3447,.T.);
#3445 = VERTEX_POINT('',#3446);
#3446 = CARTESIAN_POINT('',(78.716223,56.935776,0.));
#3447 = LINE('',#3448,#3449);
#3448 = CARTESIAN_POINT('',(92.81622,56.935776,0.));
#3449 = VECTOR('',#3450,1.);
#3450 = DIRECTION('',(-1.,0.,0.));
#3451 = ORIENTED_EDGE('',*,*,#3452,.T.);
#3452 = EDGE_CURVE('',#3445,#3453,#3455,.T.);
#3453 = VERTEX_POINT('',#3454);
#3454 = CARTESIAN_POINT('',(78.701593,56.937223,0.));
#3455 = LINE('',#3456,#3457);
#3456 = CARTESIAN_POINT('',(78.716223,56.935776,0.));
#3457 = VECTOR('',#3458,1.);
#3458 = DIRECTION('',(-0.995144362478,9.842610338432E-02,0.));
#3459 = ORIENTED_EDGE('',*,*,#3460,.T.);
#3460 = EDGE_CURVE('',#3453,#3461,#3463,.T.);
#3461 = VERTEX_POINT('',#3462);
#3462 = CARTESIAN_POINT('',(78.674542,56.948425,0.));
#3463 = LINE('',#3464,#3465);
#3464 = CARTESIAN_POINT('',(78.701593,56.937223,0.));
#3465 = VECTOR('',#3466,1.);
#3466 = DIRECTION('',(-0.923914439717,0.382599148043,0.));
#3467 = ORIENTED_EDGE('',*,*,#3468,.T.);
#3468 = EDGE_CURVE('',#3461,#3469,#3471,.T.);
#3469 = VERTEX_POINT('',#3470);
#3470 = CARTESIAN_POINT('',(78.653866,56.9691,0.));
#3471 = LINE('',#3472,#3473);
#3472 = CARTESIAN_POINT('',(78.674542,56.948425,0.));
#3473 = VECTOR('',#3474,1.);
#3474 = DIRECTION('',(-0.707123881093,0.707089680866,0.));
#3475 = ORIENTED_EDGE('',*,*,#3476,.T.);
#3476 = EDGE_CURVE('',#3469,#3477,#3479,.T.);
#3477 = VERTEX_POINT('',#3478);
#3478 = CARTESIAN_POINT('',(78.642665,56.996151,0.));
#3479 = LINE('',#3480,#3481);
#3480 = CARTESIAN_POINT('',(78.653866,56.9691,0.));
#3481 = VECTOR('',#3482,1.);
#3482 = DIRECTION('',(-0.382569992546,0.923926512664,0.));
#3483 = ORIENTED_EDGE('',*,*,#3484,.T.);
#3484 = EDGE_CURVE('',#3477,#3485,#3487,.T.);
#3485 = VERTEX_POINT('',#3486);
#3486 = CARTESIAN_POINT('',(78.641217,57.010782,0.));
#3487 = LINE('',#3488,#3489);
#3488 = CARTESIAN_POINT('',(78.642665,56.996151,0.));
#3489 = VECTOR('',#3490,1.);
#3490 = DIRECTION('',(-9.848679801056E-02,0.995138357525,0.));
#3491 = ORIENTED_EDGE('',*,*,#3492,.T.);
#3492 = EDGE_CURVE('',#3485,#3493,#3495,.T.);
#3493 = VERTEX_POINT('',#3494);
#3494 = CARTESIAN_POINT('',(78.641217,71.110779,0.));
#3495 = LINE('',#3496,#3497);
#3496 = CARTESIAN_POINT('',(78.641217,57.010782,0.));
#3497 = VECTOR('',#3498,1.);
#3498 = DIRECTION('',(0.,1.,0.));
#3499 = ORIENTED_EDGE('',*,*,#3500,.T.);
#3500 = EDGE_CURVE('',#3493,#3501,#3503,.T.);
#3501 = VERTEX_POINT('',#3502);
#3502 = CARTESIAN_POINT('',(78.642665,71.125409,0.));
#3503 = LINE('',#3504,#3505);
#3504 = CARTESIAN_POINT('',(78.641217,71.110779,0.));
#3505 = VECTOR('',#3506,1.);
#3506 = DIRECTION('',(9.849346454594E-02,0.995137697729,0.));
#3507 = ORIENTED_EDGE('',*,*,#3508,.T.);
#3508 = EDGE_CURVE('',#3501,#3509,#3511,.T.);
#3509 = VERTEX_POINT('',#3510);
#3510 = CARTESIAN_POINT('',(78.653866,71.15246,0.));
#3511 = LINE('',#3512,#3513);
#3512 = CARTESIAN_POINT('',(78.642665,71.125409,0.));
#3513 = VECTOR('',#3514,1.);
#3514 = DIRECTION('',(0.382569992546,0.923926512664,0.));
#3515 = ORIENTED_EDGE('',*,*,#3516,.T.);
#3516 = EDGE_CURVE('',#3509,#3517,#3519,.T.);
#3517 = VERTEX_POINT('',#3518);
#3518 = CARTESIAN_POINT('',(78.674542,71.173136,0.));
#3519 = LINE('',#3520,#3521);
#3520 = CARTESIAN_POINT('',(78.653866,71.15246,0.));
#3521 = VECTOR('',#3522,1.);
#3522 = DIRECTION('',(0.707106781187,0.707106781186,0.));
#3523 = ORIENTED_EDGE('',*,*,#3524,.T.);
#3524 = EDGE_CURVE('',#3517,#3525,#3527,.T.);
#3525 = VERTEX_POINT('',#3526);
#3526 = CARTESIAN_POINT('',(78.701593,71.184337,0.));
#3527 = LINE('',#3528,#3529);
#3528 = CARTESIAN_POINT('',(78.674542,71.173136,0.));
#3529 = VECTOR('',#3530,1.);
#3530 = DIRECTION('',(0.923926512664,0.382569992546,0.));
#3531 = ORIENTED_EDGE('',*,*,#3532,.T.);
#3532 = EDGE_CURVE('',#3525,#3533,#3535,.T.);
#3533 = VERTEX_POINT('',#3534);
#3534 = CARTESIAN_POINT('',(78.716223,71.185785,0.));
#3535 = LINE('',#3536,#3537);
#3536 = CARTESIAN_POINT('',(78.701593,71.184337,0.));
#3537 = VECTOR('',#3538,1.);
#3538 = DIRECTION('',(0.995137697729,9.849346454604E-02,0.));
#3539 = ORIENTED_EDGE('',*,*,#3540,.T.);
#3540 = EDGE_CURVE('',#3533,#3541,#3543,.T.);
#3541 = VERTEX_POINT('',#3542);
#3542 = CARTESIAN_POINT('',(92.81622,71.185785,0.));
#3543 = LINE('',#3544,#3545);
#3544 = CARTESIAN_POINT('',(78.716223,71.185785,0.));
#3545 = VECTOR('',#3546,1.);
#3546 = DIRECTION('',(1.,0.,0.));
#3547 = ORIENTED_EDGE('',*,*,#3548,.T.);
#3548 = EDGE_CURVE('',#3541,#3363,#3549,.T.);
#3549 = LINE('',#3550,#3551);
#3550 = CARTESIAN_POINT('',(92.81622,71.185785,0.));
#3551 = VECTOR('',#3552,1.);
#3552 = DIRECTION('',(0.995138357525,-9.848679801061E-02,0.));
#3553 = FACE_BOUND('',#3554,.F.);
#3554 = EDGE_LOOP('',(#3555,#3565,#3573,#3581,#3589,#3597,#3605,#3613,
    #3621,#3629,#3637,#3645,#3653,#3661,#3669,#3677,#3685,#3693,#3701,
    #3709,#3717,#3725,#3733,#3741));
#3555 = ORIENTED_EDGE('',*,*,#3556,.T.);
#3556 = EDGE_CURVE('',#3557,#3559,#3561,.T.);
#3557 = VERTEX_POINT('',#3558);
#3558 = CARTESIAN_POINT('',(73.780851,71.184337,0.));
#3559 = VERTEX_POINT('',#3560);
#3560 = CARTESIAN_POINT('',(73.807902,71.173136,0.));
#3561 = LINE('',#3562,#3563);
#3562 = CARTESIAN_POINT('',(73.780851,71.184337,0.));
#3563 = VECTOR('',#3564,1.);
#3564 = DIRECTION('',(0.923926512664,-0.382569992546,0.));
#3565 = ORIENTED_EDGE('',*,*,#3566,.T.);
#3566 = EDGE_CURVE('',#3559,#3567,#3569,.T.);
#3567 = VERTEX_POINT('',#3568);
#3568 = CARTESIAN_POINT('',(73.828577,71.15246,0.));
#3569 = LINE('',#3570,#3571);
#3570 = CARTESIAN_POINT('',(73.807902,71.173136,0.));
#3571 = VECTOR('',#3572,1.);
#3572 = DIRECTION('',(0.707089680867,-0.707123881093,0.));
#3573 = ORIENTED_EDGE('',*,*,#3574,.T.);
#3574 = EDGE_CURVE('',#3567,#3575,#3577,.T.);
#3575 = VERTEX_POINT('',#3576);
#3576 = CARTESIAN_POINT('',(73.839779,71.125409,0.));
#3577 = LINE('',#3578,#3579);
#3578 = CARTESIAN_POINT('',(73.828577,71.15246,0.));
#3579 = VECTOR('',#3580,1.);
#3580 = DIRECTION('',(0.382599148043,-0.923914439717,0.));
#3581 = ORIENTED_EDGE('',*,*,#3582,.T.);
#3582 = EDGE_CURVE('',#3575,#3583,#3585,.T.);
#3583 = VERTEX_POINT('',#3584);
#3584 = CARTESIAN_POINT('',(73.841226,71.110779,0.));
#3585 = LINE('',#3586,#3587);
#3586 = CARTESIAN_POINT('',(73.839779,71.125409,0.));
#3587 = VECTOR('',#3588,1.);
#3588 = DIRECTION('',(9.84261033847E-02,-0.995144362478,0.));
#3589 = ORIENTED_EDGE('',*,*,#3590,.T.);
#3590 = EDGE_CURVE('',#3583,#3591,#3593,.T.);
#3591 = VERTEX_POINT('',#3592);
#3592 = CARTESIAN_POINT('',(73.841226,57.010782,0.));
#3593 = LINE('',#3594,#3595);
#3594 = CARTESIAN_POINT('',(73.841226,71.110779,0.));
#3595 = VECTOR('',#3596,1.);
#3596 = DIRECTION('',(0.,-1.,0.));
#3597 = ORIENTED_EDGE('',*,*,#3598,.T.);
#3598 = EDGE_CURVE('',#3591,#3599,#3601,.T.);
#3599 = VERTEX_POINT('',#3600);
#3600 = CARTESIAN_POINT('',(73.839779,56.996151,0.));
#3601 = LINE('',#3602,#3603);
#3602 = CARTESIAN_POINT('',(73.841226,57.010782,0.));
#3603 = VECTOR('',#3604,1.);
#3604 = DIRECTION('',(-9.841944131943E-02,-0.995145021376,0.));
#3605 = ORIENTED_EDGE('',*,*,#3606,.T.);
#3606 = EDGE_CURVE('',#3599,#3607,#3609,.T.);
#3607 = VERTEX_POINT('',#3608);
#3608 = CARTESIAN_POINT('',(73.828577,56.9691,0.));
#3609 = LINE('',#3610,#3611);
#3610 = CARTESIAN_POINT('',(73.839779,56.996151,0.));
#3611 = VECTOR('',#3612,1.);
#3612 = DIRECTION('',(-0.382599148043,-0.923914439717,0.));
#3613 = ORIENTED_EDGE('',*,*,#3614,.T.);
#3614 = EDGE_CURVE('',#3607,#3615,#3617,.T.);
#3615 = VERTEX_POINT('',#3616);
#3616 = CARTESIAN_POINT('',(73.807902,56.948425,0.));
#3617 = LINE('',#3618,#3619);
#3618 = CARTESIAN_POINT('',(73.828577,56.9691,0.));
#3619 = VECTOR('',#3620,1.);
#3620 = DIRECTION('',(-0.707106781187,-0.707106781187,0.));
#3621 = ORIENTED_EDGE('',*,*,#3622,.T.);
#3622 = EDGE_CURVE('',#3615,#3623,#3625,.T.);
#3623 = VERTEX_POINT('',#3624);
#3624 = CARTESIAN_POINT('',(73.780851,56.937223,0.));
#3625 = LINE('',#3626,#3627);
#3626 = CARTESIAN_POINT('',(73.807902,56.948425,0.));
#3627 = VECTOR('',#3628,1.);
#3628 = DIRECTION('',(-0.923914439717,-0.382599148043,0.));
#3629 = ORIENTED_EDGE('',*,*,#3630,.T.);
#3630 = EDGE_CURVE('',#3623,#3631,#3633,.T.);
#3631 = VERTEX_POINT('',#3632);
#3632 = CARTESIAN_POINT('',(73.76622,56.935776,0.));
#3633 = LINE('',#3634,#3635);
#3634 = CARTESIAN_POINT('',(73.780851,56.937223,0.));
#3635 = VECTOR('',#3636,1.);
#3636 = DIRECTION('',(-0.995145021377,-9.8419441319E-02,0.));
#3637 = ORIENTED_EDGE('',*,*,#3638,.T.);
#3638 = EDGE_CURVE('',#3631,#3639,#3641,.T.);
#3639 = VERTEX_POINT('',#3640);
#3640 = CARTESIAN_POINT('',(59.666223,56.935776,0.));
#3641 = LINE('',#3642,#3643);
#3642 = CARTESIAN_POINT('',(73.76622,56.935776,0.));
#3643 = VECTOR('',#3644,1.);
#3644 = DIRECTION('',(-1.,0.,0.));
#3645 = ORIENTED_EDGE('',*,*,#3646,.T.);
#3646 = EDGE_CURVE('',#3639,#3647,#3649,.T.);
#3647 = VERTEX_POINT('',#3648);
#3648 = CARTESIAN_POINT('',(59.651593,56.937223,0.));
#3649 = LINE('',#3650,#3651);
#3650 = CARTESIAN_POINT('',(59.666223,56.935776,0.));
#3651 = VECTOR('',#3652,1.);
#3652 = DIRECTION('',(-0.995144362478,9.842610338427E-02,0.));
#3653 = ORIENTED_EDGE('',*,*,#3654,.T.);
#3654 = EDGE_CURVE('',#3647,#3655,#3657,.T.);
#3655 = VERTEX_POINT('',#3656);
#3656 = CARTESIAN_POINT('',(59.624542,56.948425,0.));
#3657 = LINE('',#3658,#3659);
#3658 = CARTESIAN_POINT('',(59.651593,56.937223,0.));
#3659 = VECTOR('',#3660,1.);
#3660 = DIRECTION('',(-0.923914439717,0.382599148043,0.));
#3661 = ORIENTED_EDGE('',*,*,#3662,.T.);
#3662 = EDGE_CURVE('',#3655,#3663,#3665,.T.);
#3663 = VERTEX_POINT('',#3664);
#3664 = CARTESIAN_POINT('',(59.603866,56.9691,0.));
#3665 = LINE('',#3666,#3667);
#3666 = CARTESIAN_POINT('',(59.624542,56.948425,0.));
#3667 = VECTOR('',#3668,1.);
#3668 = DIRECTION('',(-0.707123881093,0.707089680867,0.));
#3669 = ORIENTED_EDGE('',*,*,#3670,.T.);
#3670 = EDGE_CURVE('',#3663,#3671,#3673,.T.);
#3671 = VERTEX_POINT('',#3672);
#3672 = CARTESIAN_POINT('',(59.592665,56.996151,0.));
#3673 = LINE('',#3674,#3675);
#3674 = CARTESIAN_POINT('',(59.603866,56.9691,0.));
#3675 = VECTOR('',#3676,1.);
#3676 = DIRECTION('',(-0.382569992546,0.923926512664,0.));
#3677 = ORIENTED_EDGE('',*,*,#3678,.T.);
#3678 = EDGE_CURVE('',#3671,#3679,#3681,.T.);
#3679 = VERTEX_POINT('',#3680);
#3680 = CARTESIAN_POINT('',(59.591217,57.010782,0.));
#3681 = LINE('',#3682,#3683);
#3682 = CARTESIAN_POINT('',(59.592665,56.996151,0.));
#3683 = VECTOR('',#3684,1.);
#3684 = DIRECTION('',(-9.848679801056E-02,0.995138357525,0.));
#3685 = ORIENTED_EDGE('',*,*,#3686,.T.);
#3686 = EDGE_CURVE('',#3679,#3687,#3689,.T.);
#3687 = VERTEX_POINT('',#3688);
#3688 = CARTESIAN_POINT('',(59.591217,71.110779,0.));
#3689 = LINE('',#3690,#3691);
#3690 = CARTESIAN_POINT('',(59.591217,57.010782,0.));
#3691 = VECTOR('',#3692,1.);
#3692 = DIRECTION('',(0.,1.,0.));
#3693 = ORIENTED_EDGE('',*,*,#3694,.T.);
#3694 = EDGE_CURVE('',#3687,#3695,#3697,.T.);
#3695 = VERTEX_POINT('',#3696);
#3696 = CARTESIAN_POINT('',(59.592665,71.125409,0.));
#3697 = LINE('',#3698,#3699);
#3698 = CARTESIAN_POINT('',(59.591217,71.110779,0.));
#3699 = VECTOR('',#3700,1.);
#3700 = DIRECTION('',(9.849346454594E-02,0.995137697729,0.));
#3701 = ORIENTED_EDGE('',*,*,#3702,.T.);
#3702 = EDGE_CURVE('',#3695,#3703,#3705,.T.);
#3703 = VERTEX_POINT('',#3704);
#3704 = CARTESIAN_POINT('',(59.603866,71.15246,0.));
#3705 = LINE('',#3706,#3707);
#3706 = CARTESIAN_POINT('',(59.592665,71.125409,0.));
#3707 = VECTOR('',#3708,1.);
#3708 = DIRECTION('',(0.382569992546,0.923926512664,0.));
#3709 = ORIENTED_EDGE('',*,*,#3710,.T.);
#3710 = EDGE_CURVE('',#3703,#3711,#3713,.T.);
#3711 = VERTEX_POINT('',#3712);
#3712 = CARTESIAN_POINT('',(59.624542,71.173136,0.));
#3713 = LINE('',#3714,#3715);
#3714 = CARTESIAN_POINT('',(59.603866,71.15246,0.));
#3715 = VECTOR('',#3716,1.);
#3716 = DIRECTION('',(0.707106781187,0.707106781186,0.));
#3717 = ORIENTED_EDGE('',*,*,#3718,.T.);
#3718 = EDGE_CURVE('',#3711,#3719,#3721,.T.);
#3719 = VERTEX_POINT('',#3720);
#3720 = CARTESIAN_POINT('',(59.651593,71.184337,0.));
#3721 = LINE('',#3722,#3723);
#3722 = CARTESIAN_POINT('',(59.624542,71.173136,0.));
#3723 = VECTOR('',#3724,1.);
#3724 = DIRECTION('',(0.923926512664,0.382569992546,0.));
#3725 = ORIENTED_EDGE('',*,*,#3726,.T.);
#3726 = EDGE_CURVE('',#3719,#3727,#3729,.T.);
#3727 = VERTEX_POINT('',#3728);
#3728 = CARTESIAN_POINT('',(59.666223,71.185785,0.));
#3729 = LINE('',#3730,#3731);
#3730 = CARTESIAN_POINT('',(59.651593,71.184337,0.));
#3731 = VECTOR('',#3732,1.);
#3732 = DIRECTION('',(0.995137697729,9.849346454599E-02,0.));
#3733 = ORIENTED_EDGE('',*,*,#3734,.T.);
#3734 = EDGE_CURVE('',#3727,#3735,#3737,.T.);
#3735 = VERTEX_POINT('',#3736);
#3736 = CARTESIAN_POINT('',(73.76622,71.185785,0.));
#3737 = LINE('',#3738,#3739);
#3738 = CARTESIAN_POINT('',(59.666223,71.185785,0.));
#3739 = VECTOR('',#3740,1.);
#3740 = DIRECTION('',(1.,0.,0.));
#3741 = ORIENTED_EDGE('',*,*,#3742,.T.);
#3742 = EDGE_CURVE('',#3735,#3557,#3743,.T.);
#3743 = LINE('',#3744,#3745);
#3744 = CARTESIAN_POINT('',(73.76622,71.185785,0.));
#3745 = VECTOR('',#3746,1.);
#3746 = DIRECTION('',(0.995138357525,-9.848679801061E-02,0.));
#3747 = FACE_BOUND('',#3748,.F.);
#3748 = EDGE_LOOP('',(#3749,#3759,#3767,#3775,#3783,#3791,#3799,#3807,
    #3815,#3823,#3831,#3839,#3847,#3855,#3863,#3871,#3879,#3887,#3895,
    #3903,#3911,#3919,#3927,#3935));
#3749 = ORIENTED_EDGE('',*,*,#3750,.T.);
#3750 = EDGE_CURVE('',#3751,#3753,#3755,.T.);
#3751 = VERTEX_POINT('',#3752);
#3752 = CARTESIAN_POINT('',(111.880851,52.134337,0.));
#3753 = VERTEX_POINT('',#3754);
#3754 = CARTESIAN_POINT('',(111.907902,52.123136,0.));
#3755 = LINE('',#3756,#3757);
#3756 = CARTESIAN_POINT('',(111.880851,52.134337,0.));
#3757 = VECTOR('',#3758,1.);
#3758 = DIRECTION('',(0.923926512664,-0.382569992546,0.));
#3759 = ORIENTED_EDGE('',*,*,#3760,.T.);
#3760 = EDGE_CURVE('',#3753,#3761,#3763,.T.);
#3761 = VERTEX_POINT('',#3762);
#3762 = CARTESIAN_POINT('',(111.928577,52.10246,0.));
#3763 = LINE('',#3764,#3765);
#3764 = CARTESIAN_POINT('',(111.907902,52.123136,0.));
#3765 = VECTOR('',#3766,1.);
#3766 = DIRECTION('',(0.707089680867,-0.707123881093,0.));
#3767 = ORIENTED_EDGE('',*,*,#3768,.T.);
#3768 = EDGE_CURVE('',#3761,#3769,#3771,.T.);
#3769 = VERTEX_POINT('',#3770);
#3770 = CARTESIAN_POINT('',(111.939779,52.075409,0.));
#3771 = LINE('',#3772,#3773);
#3772 = CARTESIAN_POINT('',(111.928577,52.10246,0.));
#3773 = VECTOR('',#3774,1.);
#3774 = DIRECTION('',(0.382599148043,-0.923914439717,0.));
#3775 = ORIENTED_EDGE('',*,*,#3776,.T.);
#3776 = EDGE_CURVE('',#3769,#3777,#3779,.T.);
#3777 = VERTEX_POINT('',#3778);
#3778 = CARTESIAN_POINT('',(111.941226,52.060779,0.));
#3779 = LINE('',#3780,#3781);
#3780 = CARTESIAN_POINT('',(111.939779,52.075409,0.));
#3781 = VECTOR('',#3782,1.);
#3782 = DIRECTION('',(9.842610338379E-02,-0.995144362478,0.));
#3783 = ORIENTED_EDGE('',*,*,#3784,.T.);
#3784 = EDGE_CURVE('',#3777,#3785,#3787,.T.);
#3785 = VERTEX_POINT('',#3786);
#3786 = CARTESIAN_POINT('',(111.941226,37.960782,0.));
#3787 = LINE('',#3788,#3789);
#3788 = CARTESIAN_POINT('',(111.941226,52.060779,0.));
#3789 = VECTOR('',#3790,1.);
#3790 = DIRECTION('',(0.,-1.,0.));
#3791 = ORIENTED_EDGE('',*,*,#3792,.T.);
#3792 = EDGE_CURVE('',#3785,#3793,#3795,.T.);
#3793 = VERTEX_POINT('',#3794);
#3794 = CARTESIAN_POINT('',(111.939779,37.946151,0.));
#3795 = LINE('',#3796,#3797);
#3796 = CARTESIAN_POINT('',(111.941226,37.960782,0.));
#3797 = VECTOR('',#3798,1.);
#3798 = DIRECTION('',(-9.841944131848E-02,-0.995145021377,0.));
#3799 = ORIENTED_EDGE('',*,*,#3800,.T.);
#3800 = EDGE_CURVE('',#3793,#3801,#3803,.T.);
#3801 = VERTEX_POINT('',#3802);
#3802 = CARTESIAN_POINT('',(111.928577,37.9191,0.));
#3803 = LINE('',#3804,#3805);
#3804 = CARTESIAN_POINT('',(111.939779,37.946151,0.));
#3805 = VECTOR('',#3806,1.);
#3806 = DIRECTION('',(-0.382599148043,-0.923914439717,0.));
#3807 = ORIENTED_EDGE('',*,*,#3808,.T.);
#3808 = EDGE_CURVE('',#3801,#3809,#3811,.T.);
#3809 = VERTEX_POINT('',#3810);
#3810 = CARTESIAN_POINT('',(111.907902,37.898425,0.));
#3811 = LINE('',#3812,#3813);
#3812 = CARTESIAN_POINT('',(111.928577,37.9191,0.));
#3813 = VECTOR('',#3814,1.);
#3814 = DIRECTION('',(-0.707106781187,-0.707106781187,0.));
#3815 = ORIENTED_EDGE('',*,*,#3816,.T.);
#3816 = EDGE_CURVE('',#3809,#3817,#3819,.T.);
#3817 = VERTEX_POINT('',#3818);
#3818 = CARTESIAN_POINT('',(111.880851,37.887223,0.));
#3819 = LINE('',#3820,#3821);
#3820 = CARTESIAN_POINT('',(111.907902,37.898425,0.));
#3821 = VECTOR('',#3822,1.);
#3822 = DIRECTION('',(-0.923914439717,-0.382599148043,0.));
#3823 = ORIENTED_EDGE('',*,*,#3824,.T.);
#3824 = EDGE_CURVE('',#3817,#3825,#3827,.T.);
#3825 = VERTEX_POINT('',#3826);
#3826 = CARTESIAN_POINT('',(111.86622,37.885776,0.));
#3827 = LINE('',#3828,#3829);
#3828 = CARTESIAN_POINT('',(111.880851,37.887223,0.));
#3829 = VECTOR('',#3830,1.);
#3830 = DIRECTION('',(-0.995145021377,-9.841944131843E-02,0.));
#3831 = ORIENTED_EDGE('',*,*,#3832,.T.);
#3832 = EDGE_CURVE('',#3825,#3833,#3835,.T.);
#3833 = VERTEX_POINT('',#3834);
#3834 = CARTESIAN_POINT('',(97.766223,37.885776,0.));
#3835 = LINE('',#3836,#3837);
#3836 = CARTESIAN_POINT('',(111.86622,37.885776,0.));
#3837 = VECTOR('',#3838,1.);
#3838 = DIRECTION('',(-1.,0.,0.));
#3839 = ORIENTED_EDGE('',*,*,#3840,.T.);
#3840 = EDGE_CURVE('',#3833,#3841,#3843,.T.);
#3841 = VERTEX_POINT('',#3842);
#3842 = CARTESIAN_POINT('',(97.751593,37.887223,0.));
#3843 = LINE('',#3844,#3845);
#3844 = CARTESIAN_POINT('',(97.766223,37.885776,0.));
#3845 = VECTOR('',#3846,1.);
#3846 = DIRECTION('',(-0.995144362478,9.842610338384E-02,0.));
#3847 = ORIENTED_EDGE('',*,*,#3848,.T.);
#3848 = EDGE_CURVE('',#3841,#3849,#3851,.T.);
#3849 = VERTEX_POINT('',#3850);
#3850 = CARTESIAN_POINT('',(97.724542,37.898425,0.));
#3851 = LINE('',#3852,#3853);
#3852 = CARTESIAN_POINT('',(97.751593,37.887223,0.));
#3853 = VECTOR('',#3854,1.);
#3854 = DIRECTION('',(-0.923914439717,0.382599148043,0.));
#3855 = ORIENTED_EDGE('',*,*,#3856,.T.);
#3856 = EDGE_CURVE('',#3849,#3857,#3859,.T.);
#3857 = VERTEX_POINT('',#3858);
#3858 = CARTESIAN_POINT('',(97.703866,37.9191,0.));
#3859 = LINE('',#3860,#3861);
#3860 = CARTESIAN_POINT('',(97.724542,37.898425,0.));
#3861 = VECTOR('',#3862,1.);
#3862 = DIRECTION('',(-0.707123881093,0.707089680867,0.));
#3863 = ORIENTED_EDGE('',*,*,#3864,.T.);
#3864 = EDGE_CURVE('',#3857,#3865,#3867,.T.);
#3865 = VERTEX_POINT('',#3866);
#3866 = CARTESIAN_POINT('',(97.692665,37.946151,0.));
#3867 = LINE('',#3868,#3869);
#3868 = CARTESIAN_POINT('',(97.703866,37.9191,0.));
#3869 = VECTOR('',#3870,1.);
#3870 = DIRECTION('',(-0.382569992546,0.923926512664,0.));
#3871 = ORIENTED_EDGE('',*,*,#3872,.T.);
#3872 = EDGE_CURVE('',#3865,#3873,#3875,.T.);
#3873 = VERTEX_POINT('',#3874);
#3874 = CARTESIAN_POINT('',(97.691217,37.960782,0.));
#3875 = LINE('',#3876,#3877);
#3876 = CARTESIAN_POINT('',(97.692665,37.946151,0.));
#3877 = VECTOR('',#3878,1.);
#3878 = DIRECTION('',(-9.848679801152E-02,0.995138357525,0.));
#3879 = ORIENTED_EDGE('',*,*,#3880,.T.);
#3880 = EDGE_CURVE('',#3873,#3881,#3883,.T.);
#3881 = VERTEX_POINT('',#3882);
#3882 = CARTESIAN_POINT('',(97.691217,52.060779,0.));
#3883 = LINE('',#3884,#3885);
#3884 = CARTESIAN_POINT('',(97.691217,37.960782,0.));
#3885 = VECTOR('',#3886,1.);
#3886 = DIRECTION('',(0.,1.,0.));
#3887 = ORIENTED_EDGE('',*,*,#3888,.T.);
#3888 = EDGE_CURVE('',#3881,#3889,#3891,.T.);
#3889 = VERTEX_POINT('',#3890);
#3890 = CARTESIAN_POINT('',(97.692665,52.075409,0.));
#3891 = LINE('',#3892,#3893);
#3892 = CARTESIAN_POINT('',(97.691217,52.060779,0.));
#3893 = VECTOR('',#3894,1.);
#3894 = DIRECTION('',(9.849346454695E-02,0.995137697729,0.));
#3895 = ORIENTED_EDGE('',*,*,#3896,.T.);
#3896 = EDGE_CURVE('',#3889,#3897,#3899,.T.);
#3897 = VERTEX_POINT('',#3898);
#3898 = CARTESIAN_POINT('',(97.703866,52.10246,0.));
#3899 = LINE('',#3900,#3901);
#3900 = CARTESIAN_POINT('',(97.692665,52.075409,0.));
#3901 = VECTOR('',#3902,1.);
#3902 = DIRECTION('',(0.382569992546,0.923926512664,0.));
#3903 = ORIENTED_EDGE('',*,*,#3904,.T.);
#3904 = EDGE_CURVE('',#3897,#3905,#3907,.T.);
#3905 = VERTEX_POINT('',#3906);
#3906 = CARTESIAN_POINT('',(97.724542,52.123136,0.));
#3907 = LINE('',#3908,#3909);
#3908 = CARTESIAN_POINT('',(97.703866,52.10246,0.));
#3909 = VECTOR('',#3910,1.);
#3910 = DIRECTION('',(0.707106781186,0.707106781187,0.));
#3911 = ORIENTED_EDGE('',*,*,#3912,.T.);
#3912 = EDGE_CURVE('',#3905,#3913,#3915,.T.);
#3913 = VERTEX_POINT('',#3914);
#3914 = CARTESIAN_POINT('',(97.751593,52.134337,0.));
#3915 = LINE('',#3916,#3917);
#3916 = CARTESIAN_POINT('',(97.724542,52.123136,0.));
#3917 = VECTOR('',#3918,1.);
#3918 = DIRECTION('',(0.923926512664,0.382569992546,0.));
#3919 = ORIENTED_EDGE('',*,*,#3920,.T.);
#3920 = EDGE_CURVE('',#3913,#3921,#3923,.T.);
#3921 = VERTEX_POINT('',#3922);
#3922 = CARTESIAN_POINT('',(97.766223,52.135785,0.));
#3923 = LINE('',#3924,#3925);
#3924 = CARTESIAN_POINT('',(97.751593,52.134337,0.));
#3925 = VECTOR('',#3926,1.);
#3926 = DIRECTION('',(0.995137697729,9.849346454604E-02,0.));
#3927 = ORIENTED_EDGE('',*,*,#3928,.T.);
#3928 = EDGE_CURVE('',#3921,#3929,#3931,.T.);
#3929 = VERTEX_POINT('',#3930);
#3930 = CARTESIAN_POINT('',(111.86622,52.135785,0.));
#3931 = LINE('',#3932,#3933);
#3932 = CARTESIAN_POINT('',(97.766223,52.135785,0.));
#3933 = VECTOR('',#3934,1.);
#3934 = DIRECTION('',(1.,0.,0.));
#3935 = ORIENTED_EDGE('',*,*,#3936,.T.);
#3936 = EDGE_CURVE('',#3929,#3751,#3937,.T.);
#3937 = LINE('',#3938,#3939);
#3938 = CARTESIAN_POINT('',(111.86622,52.135785,0.));
#3939 = VECTOR('',#3940,1.);
#3940 = DIRECTION('',(0.995138357525,-9.848679801051E-02,0.));
#3941 = FACE_BOUND('',#3942,.F.);
#3942 = EDGE_LOOP('',(#3943,#3953,#3961,#3969,#3977,#3985,#3993,#4001,
    #4009,#4017,#4025,#4033,#4041,#4049,#4057,#4065,#4073,#4081,#4089,
    #4097,#4105,#4113,#4121,#4129));
#3943 = ORIENTED_EDGE('',*,*,#3944,.T.);
#3944 = EDGE_CURVE('',#3945,#3947,#3949,.T.);
#3945 = VERTEX_POINT('',#3946);
#3946 = CARTESIAN_POINT('',(92.830851,52.134337,0.));
#3947 = VERTEX_POINT('',#3948);
#3948 = CARTESIAN_POINT('',(92.857902,52.123136,0.));
#3949 = LINE('',#3950,#3951);
#3950 = CARTESIAN_POINT('',(92.830851,52.134337,0.));
#3951 = VECTOR('',#3952,1.);
#3952 = DIRECTION('',(0.923926512664,-0.382569992546,0.));
#3953 = ORIENTED_EDGE('',*,*,#3954,.T.);
#3954 = EDGE_CURVE('',#3947,#3955,#3957,.T.);
#3955 = VERTEX_POINT('',#3956);
#3956 = CARTESIAN_POINT('',(92.878577,52.10246,0.));
#3957 = LINE('',#3958,#3959);
#3958 = CARTESIAN_POINT('',(92.857902,52.123136,0.));
#3959 = VECTOR('',#3960,1.);
#3960 = DIRECTION('',(0.707089680867,-0.707123881093,0.));
#3961 = ORIENTED_EDGE('',*,*,#3962,.T.);
#3962 = EDGE_CURVE('',#3955,#3963,#3965,.T.);
#3963 = VERTEX_POINT('',#3964);
#3964 = CARTESIAN_POINT('',(92.889779,52.075409,0.));
#3965 = LINE('',#3966,#3967);
#3966 = CARTESIAN_POINT('',(92.878577,52.10246,0.));
#3967 = VECTOR('',#3968,1.);
#3968 = DIRECTION('',(0.382599148043,-0.923914439717,0.));
#3969 = ORIENTED_EDGE('',*,*,#3970,.T.);
#3970 = EDGE_CURVE('',#3963,#3971,#3973,.T.);
#3971 = VERTEX_POINT('',#3972);
#3972 = CARTESIAN_POINT('',(92.891226,52.060779,0.));
#3973 = LINE('',#3974,#3975);
#3974 = CARTESIAN_POINT('',(92.889779,52.075409,0.));
#3975 = VECTOR('',#3976,1.);
#3976 = DIRECTION('',(9.842610338379E-02,-0.995144362478,0.));
#3977 = ORIENTED_EDGE('',*,*,#3978,.T.);
#3978 = EDGE_CURVE('',#3971,#3979,#3981,.T.);
#3979 = VERTEX_POINT('',#3980);
#3980 = CARTESIAN_POINT('',(92.891226,37.960782,0.));
#3981 = LINE('',#3982,#3983);
#3982 = CARTESIAN_POINT('',(92.891226,52.060779,0.));
#3983 = VECTOR('',#3984,1.);
#3984 = DIRECTION('',(0.,-1.,0.));
#3985 = ORIENTED_EDGE('',*,*,#3986,.T.);
#3986 = EDGE_CURVE('',#3979,#3987,#3989,.T.);
#3987 = VERTEX_POINT('',#3988);
#3988 = CARTESIAN_POINT('',(92.889779,37.946151,0.));
#3989 = LINE('',#3990,#3991);
#3990 = CARTESIAN_POINT('',(92.891226,37.960782,0.));
#3991 = VECTOR('',#3992,1.);
#3992 = DIRECTION('',(-9.841944131848E-02,-0.995145021377,0.));
#3993 = ORIENTED_EDGE('',*,*,#3994,.T.);
#3994 = EDGE_CURVE('',#3987,#3995,#3997,.T.);
#3995 = VERTEX_POINT('',#3996);
#3996 = CARTESIAN_POINT('',(92.878577,37.9191,0.));
#3997 = LINE('',#3998,#3999);
#3998 = CARTESIAN_POINT('',(92.889779,37.946151,0.));
#3999 = VECTOR('',#4000,1.);
#4000 = DIRECTION('',(-0.382599148043,-0.923914439717,0.));
#4001 = ORIENTED_EDGE('',*,*,#4002,.T.);
#4002 = EDGE_CURVE('',#3995,#4003,#4005,.T.);
#4003 = VERTEX_POINT('',#4004);
#4004 = CARTESIAN_POINT('',(92.857902,37.898425,0.));
#4005 = LINE('',#4006,#4007);
#4006 = CARTESIAN_POINT('',(92.878577,37.9191,0.));
#4007 = VECTOR('',#4008,1.);
#4008 = DIRECTION('',(-0.707106781187,-0.707106781186,0.));
#4009 = ORIENTED_EDGE('',*,*,#4010,.T.);
#4010 = EDGE_CURVE('',#4003,#4011,#4013,.T.);
#4011 = VERTEX_POINT('',#4012);
#4012 = CARTESIAN_POINT('',(92.830851,37.887223,0.));
#4013 = LINE('',#4014,#4015);
#4014 = CARTESIAN_POINT('',(92.857902,37.898425,0.));
#4015 = VECTOR('',#4016,1.);
#4016 = DIRECTION('',(-0.923914439717,-0.382599148043,0.));
#4017 = ORIENTED_EDGE('',*,*,#4018,.T.);
#4018 = EDGE_CURVE('',#4011,#4019,#4021,.T.);
#4019 = VERTEX_POINT('',#4020);
#4020 = CARTESIAN_POINT('',(92.81622,37.885776,0.));
#4021 = LINE('',#4022,#4023);
#4022 = CARTESIAN_POINT('',(92.830851,37.887223,0.));
#4023 = VECTOR('',#4024,1.);
#4024 = DIRECTION('',(-0.995145021377,-9.841944131852E-02,0.));
#4025 = ORIENTED_EDGE('',*,*,#4026,.T.);
#4026 = EDGE_CURVE('',#4019,#4027,#4029,.T.);
#4027 = VERTEX_POINT('',#4028);
#4028 = CARTESIAN_POINT('',(78.716223,37.885776,0.));
#4029 = LINE('',#4030,#4031);
#4030 = CARTESIAN_POINT('',(92.81622,37.885776,0.));
#4031 = VECTOR('',#4032,1.);
#4032 = DIRECTION('',(-1.,0.,0.));
#4033 = ORIENTED_EDGE('',*,*,#4034,.T.);
#4034 = EDGE_CURVE('',#4027,#4035,#4037,.T.);
#4035 = VERTEX_POINT('',#4036);
#4036 = CARTESIAN_POINT('',(78.701593,37.887223,0.));
#4037 = LINE('',#4038,#4039);
#4038 = CARTESIAN_POINT('',(78.716223,37.885776,0.));
#4039 = VECTOR('',#4040,1.);
#4040 = DIRECTION('',(-0.995144362478,9.842610338384E-02,0.));
#4041 = ORIENTED_EDGE('',*,*,#4042,.T.);
#4042 = EDGE_CURVE('',#4035,#4043,#4045,.T.);
#4043 = VERTEX_POINT('',#4044);
#4044 = CARTESIAN_POINT('',(78.674542,37.898425,0.));
#4045 = LINE('',#4046,#4047);
#4046 = CARTESIAN_POINT('',(78.701593,37.887223,0.));
#4047 = VECTOR('',#4048,1.);
#4048 = DIRECTION('',(-0.923914439717,0.382599148043,0.));
#4049 = ORIENTED_EDGE('',*,*,#4050,.T.);
#4050 = EDGE_CURVE('',#4043,#4051,#4053,.T.);
#4051 = VERTEX_POINT('',#4052);
#4052 = CARTESIAN_POINT('',(78.653866,37.9191,0.));
#4053 = LINE('',#4054,#4055);
#4054 = CARTESIAN_POINT('',(78.674542,37.898425,0.));
#4055 = VECTOR('',#4056,1.);
#4056 = DIRECTION('',(-0.707123881093,0.707089680866,0.));
#4057 = ORIENTED_EDGE('',*,*,#4058,.T.);
#4058 = EDGE_CURVE('',#4051,#4059,#4061,.T.);
#4059 = VERTEX_POINT('',#4060);
#4060 = CARTESIAN_POINT('',(78.642665,37.946151,0.));
#4061 = LINE('',#4062,#4063);
#4062 = CARTESIAN_POINT('',(78.653866,37.9191,0.));
#4063 = VECTOR('',#4064,1.);
#4064 = DIRECTION('',(-0.382569992546,0.923926512664,0.));
#4065 = ORIENTED_EDGE('',*,*,#4066,.T.);
#4066 = EDGE_CURVE('',#4059,#4067,#4069,.T.);
#4067 = VERTEX_POINT('',#4068);
#4068 = CARTESIAN_POINT('',(78.641217,37.960782,0.));
#4069 = LINE('',#4070,#4071);
#4070 = CARTESIAN_POINT('',(78.642665,37.946151,0.));
#4071 = VECTOR('',#4072,1.);
#4072 = DIRECTION('',(-9.848679801056E-02,0.995138357525,0.));
#4073 = ORIENTED_EDGE('',*,*,#4074,.T.);
#4074 = EDGE_CURVE('',#4067,#4075,#4077,.T.);
#4075 = VERTEX_POINT('',#4076);
#4076 = CARTESIAN_POINT('',(78.641217,52.060779,0.));
#4077 = LINE('',#4078,#4079);
#4078 = CARTESIAN_POINT('',(78.641217,37.960782,0.));
#4079 = VECTOR('',#4080,1.);
#4080 = DIRECTION('',(0.,1.,0.));
#4081 = ORIENTED_EDGE('',*,*,#4082,.T.);
#4082 = EDGE_CURVE('',#4075,#4083,#4085,.T.);
#4083 = VERTEX_POINT('',#4084);
#4084 = CARTESIAN_POINT('',(78.642665,52.075409,0.));
#4085 = LINE('',#4086,#4087);
#4086 = CARTESIAN_POINT('',(78.641217,52.060779,0.));
#4087 = VECTOR('',#4088,1.);
#4088 = DIRECTION('',(9.849346454599E-02,0.995137697729,0.));
#4089 = ORIENTED_EDGE('',*,*,#4090,.T.);
#4090 = EDGE_CURVE('',#4083,#4091,#4093,.T.);
#4091 = VERTEX_POINT('',#4092);
#4092 = CARTESIAN_POINT('',(78.653866,52.10246,0.));
#4093 = LINE('',#4094,#4095);
#4094 = CARTESIAN_POINT('',(78.642665,52.075409,0.));
#4095 = VECTOR('',#4096,1.);
#4096 = DIRECTION('',(0.382569992546,0.923926512664,0.));
#4097 = ORIENTED_EDGE('',*,*,#4098,.T.);
#4098 = EDGE_CURVE('',#4091,#4099,#4101,.T.);
#4099 = VERTEX_POINT('',#4100);
#4100 = CARTESIAN_POINT('',(78.674542,52.123136,0.));
#4101 = LINE('',#4102,#4103);
#4102 = CARTESIAN_POINT('',(78.653866,52.10246,0.));
#4103 = VECTOR('',#4104,1.);
#4104 = DIRECTION('',(0.707106781187,0.707106781186,0.));
#4105 = ORIENTED_EDGE('',*,*,#4106,.T.);
#4106 = EDGE_CURVE('',#4099,#4107,#4109,.T.);
#4107 = VERTEX_POINT('',#4108);
#4108 = CARTESIAN_POINT('',(78.701593,52.134337,0.));
#4109 = LINE('',#4110,#4111);
#4110 = CARTESIAN_POINT('',(78.674542,52.123136,0.));
#4111 = VECTOR('',#4112,1.);
#4112 = DIRECTION('',(0.923926512664,0.382569992546,0.));
#4113 = ORIENTED_EDGE('',*,*,#4114,.T.);
#4114 = EDGE_CURVE('',#4107,#4115,#4117,.T.);
#4115 = VERTEX_POINT('',#4116);
#4116 = CARTESIAN_POINT('',(78.716223,52.135785,0.));
#4117 = LINE('',#4118,#4119);
#4118 = CARTESIAN_POINT('',(78.701593,52.134337,0.));
#4119 = VECTOR('',#4120,1.);
#4120 = DIRECTION('',(0.995137697729,9.849346454604E-02,0.));
#4121 = ORIENTED_EDGE('',*,*,#4122,.T.);
#4122 = EDGE_CURVE('',#4115,#4123,#4125,.T.);
#4123 = VERTEX_POINT('',#4124);
#4124 = CARTESIAN_POINT('',(92.81622,52.135785,0.));
#4125 = LINE('',#4126,#4127);
#4126 = CARTESIAN_POINT('',(78.716223,52.135785,0.));
#4127 = VECTOR('',#4128,1.);
#4128 = DIRECTION('',(1.,0.,0.));
#4129 = ORIENTED_EDGE('',*,*,#4130,.T.);
#4130 = EDGE_CURVE('',#4123,#3945,#4131,.T.);
#4131 = LINE('',#4132,#4133);
#4132 = CARTESIAN_POINT('',(92.81622,52.135785,0.));
#4133 = VECTOR('',#4134,1.);
#4134 = DIRECTION('',(0.995138357525,-9.848679801061E-02,0.));
#4135 = FACE_BOUND('',#4136,.F.);
#4136 = EDGE_LOOP('',(#4137,#4147,#4155,#4163,#4171,#4179,#4187,#4195,
    #4203,#4211,#4219,#4227,#4235,#4243,#4251,#4259,#4267,#4275,#4283,
    #4291,#4299,#4307,#4315,#4323));
#4137 = ORIENTED_EDGE('',*,*,#4138,.T.);
#4138 = EDGE_CURVE('',#4139,#4141,#4143,.T.);
#4139 = VERTEX_POINT('',#4140);
#4140 = CARTESIAN_POINT('',(73.780851,52.134337,0.));
#4141 = VERTEX_POINT('',#4142);
#4142 = CARTESIAN_POINT('',(73.807902,52.123136,0.));
#4143 = LINE('',#4144,#4145);
#4144 = CARTESIAN_POINT('',(73.780851,52.134337,0.));
#4145 = VECTOR('',#4146,1.);
#4146 = DIRECTION('',(0.923926512664,-0.382569992546,0.));
#4147 = ORIENTED_EDGE('',*,*,#4148,.T.);
#4148 = EDGE_CURVE('',#4141,#4149,#4151,.T.);
#4149 = VERTEX_POINT('',#4150);
#4150 = CARTESIAN_POINT('',(73.828577,52.10246,0.));
#4151 = LINE('',#4152,#4153);
#4152 = CARTESIAN_POINT('',(73.807902,52.123136,0.));
#4153 = VECTOR('',#4154,1.);
#4154 = DIRECTION('',(0.707089680867,-0.707123881093,0.));
#4155 = ORIENTED_EDGE('',*,*,#4156,.T.);
#4156 = EDGE_CURVE('',#4149,#4157,#4159,.T.);
#4157 = VERTEX_POINT('',#4158);
#4158 = CARTESIAN_POINT('',(73.839779,52.075409,0.));
#4159 = LINE('',#4160,#4161);
#4160 = CARTESIAN_POINT('',(73.828577,52.10246,0.));
#4161 = VECTOR('',#4162,1.);
#4162 = DIRECTION('',(0.382599148043,-0.923914439717,0.));
#4163 = ORIENTED_EDGE('',*,*,#4164,.T.);
#4164 = EDGE_CURVE('',#4157,#4165,#4167,.T.);
#4165 = VERTEX_POINT('',#4166);
#4166 = CARTESIAN_POINT('',(73.841226,52.060779,0.));
#4167 = LINE('',#4168,#4169);
#4168 = CARTESIAN_POINT('',(73.839779,52.075409,0.));
#4169 = VECTOR('',#4170,1.);
#4170 = DIRECTION('',(9.842610338475E-02,-0.995144362478,0.));
#4171 = ORIENTED_EDGE('',*,*,#4172,.T.);
#4172 = EDGE_CURVE('',#4165,#4173,#4175,.T.);
#4173 = VERTEX_POINT('',#4174);
#4174 = CARTESIAN_POINT('',(73.841226,37.960782,0.));
#4175 = LINE('',#4176,#4177);
#4176 = CARTESIAN_POINT('',(73.841226,52.060779,0.));
#4177 = VECTOR('',#4178,1.);
#4178 = DIRECTION('',(0.,-1.,0.));
#4179 = ORIENTED_EDGE('',*,*,#4180,.T.);
#4180 = EDGE_CURVE('',#4173,#4181,#4183,.T.);
#4181 = VERTEX_POINT('',#4182);
#4182 = CARTESIAN_POINT('',(73.839779,37.946151,0.));
#4183 = LINE('',#4184,#4185);
#4184 = CARTESIAN_POINT('',(73.841226,37.960782,0.));
#4185 = VECTOR('',#4186,1.);
#4186 = DIRECTION('',(-9.841944131943E-02,-0.995145021376,0.));
#4187 = ORIENTED_EDGE('',*,*,#4188,.T.);
#4188 = EDGE_CURVE('',#4181,#4189,#4191,.T.);
#4189 = VERTEX_POINT('',#4190);
#4190 = CARTESIAN_POINT('',(73.828577,37.9191,0.));
#4191 = LINE('',#4192,#4193);
#4192 = CARTESIAN_POINT('',(73.839779,37.946151,0.));
#4193 = VECTOR('',#4194,1.);
#4194 = DIRECTION('',(-0.382599148043,-0.923914439717,0.));
#4195 = ORIENTED_EDGE('',*,*,#4196,.T.);
#4196 = EDGE_CURVE('',#4189,#4197,#4199,.T.);
#4197 = VERTEX_POINT('',#4198);
#4198 = CARTESIAN_POINT('',(73.807902,37.898425,0.));
#4199 = LINE('',#4200,#4201);
#4200 = CARTESIAN_POINT('',(73.828577,37.9191,0.));
#4201 = VECTOR('',#4202,1.);
#4202 = DIRECTION('',(-0.707106781187,-0.707106781187,0.));
#4203 = ORIENTED_EDGE('',*,*,#4204,.T.);
#4204 = EDGE_CURVE('',#4197,#4205,#4207,.T.);
#4205 = VERTEX_POINT('',#4206);
#4206 = CARTESIAN_POINT('',(73.780851,37.887223,0.));
#4207 = LINE('',#4208,#4209);
#4208 = CARTESIAN_POINT('',(73.807902,37.898425,0.));
#4209 = VECTOR('',#4210,1.);
#4210 = DIRECTION('',(-0.923914439717,-0.382599148043,0.));
#4211 = ORIENTED_EDGE('',*,*,#4212,.T.);
#4212 = EDGE_CURVE('',#4205,#4213,#4215,.T.);
#4213 = VERTEX_POINT('',#4214);
#4214 = CARTESIAN_POINT('',(73.76622,37.885776,0.));
#4215 = LINE('',#4216,#4217);
#4216 = CARTESIAN_POINT('',(73.780851,37.887223,0.));
#4217 = VECTOR('',#4218,1.);
#4218 = DIRECTION('',(-0.995145021377,-9.841944131852E-02,0.));
#4219 = ORIENTED_EDGE('',*,*,#4220,.T.);
#4220 = EDGE_CURVE('',#4213,#4221,#4223,.T.);
#4221 = VERTEX_POINT('',#4222);
#4222 = CARTESIAN_POINT('',(59.666223,37.885776,0.));
#4223 = LINE('',#4224,#4225);
#4224 = CARTESIAN_POINT('',(73.76622,37.885776,0.));
#4225 = VECTOR('',#4226,1.);
#4226 = DIRECTION('',(-1.,0.,0.));
#4227 = ORIENTED_EDGE('',*,*,#4228,.T.);
#4228 = EDGE_CURVE('',#4221,#4229,#4231,.T.);
#4229 = VERTEX_POINT('',#4230);
#4230 = CARTESIAN_POINT('',(59.651593,37.887223,0.));
#4231 = LINE('',#4232,#4233);
#4232 = CARTESIAN_POINT('',(59.666223,37.885776,0.));
#4233 = VECTOR('',#4234,1.);
#4234 = DIRECTION('',(-0.995144362478,9.842610338379E-02,0.));
#4235 = ORIENTED_EDGE('',*,*,#4236,.T.);
#4236 = EDGE_CURVE('',#4229,#4237,#4239,.T.);
#4237 = VERTEX_POINT('',#4238);
#4238 = CARTESIAN_POINT('',(59.624542,37.898425,0.));
#4239 = LINE('',#4240,#4241);
#4240 = CARTESIAN_POINT('',(59.651593,37.887223,0.));
#4241 = VECTOR('',#4242,1.);
#4242 = DIRECTION('',(-0.923914439717,0.382599148043,0.));
#4243 = ORIENTED_EDGE('',*,*,#4244,.T.);
#4244 = EDGE_CURVE('',#4237,#4245,#4247,.T.);
#4245 = VERTEX_POINT('',#4246);
#4246 = CARTESIAN_POINT('',(59.603866,37.9191,0.));
#4247 = LINE('',#4248,#4249);
#4248 = CARTESIAN_POINT('',(59.624542,37.898425,0.));
#4249 = VECTOR('',#4250,1.);
#4250 = DIRECTION('',(-0.707123881093,0.707089680867,0.));
#4251 = ORIENTED_EDGE('',*,*,#4252,.T.);
#4252 = EDGE_CURVE('',#4245,#4253,#4255,.T.);
#4253 = VERTEX_POINT('',#4254);
#4254 = CARTESIAN_POINT('',(59.592665,37.946151,0.));
#4255 = LINE('',#4256,#4257);
#4256 = CARTESIAN_POINT('',(59.603866,37.9191,0.));
#4257 = VECTOR('',#4258,1.);
#4258 = DIRECTION('',(-0.382569992546,0.923926512664,0.));
#4259 = ORIENTED_EDGE('',*,*,#4260,.T.);
#4260 = EDGE_CURVE('',#4253,#4261,#4263,.T.);
#4261 = VERTEX_POINT('',#4262);
#4262 = CARTESIAN_POINT('',(59.591217,37.960782,0.));
#4263 = LINE('',#4264,#4265);
#4264 = CARTESIAN_POINT('',(59.592665,37.946151,0.));
#4265 = VECTOR('',#4266,1.);
#4266 = DIRECTION('',(-9.848679801056E-02,0.995138357525,0.));
#4267 = ORIENTED_EDGE('',*,*,#4268,.T.);
#4268 = EDGE_CURVE('',#4261,#4269,#4271,.T.);
#4269 = VERTEX_POINT('',#4270);
#4270 = CARTESIAN_POINT('',(59.591217,52.060779,0.));
#4271 = LINE('',#4272,#4273);
#4272 = CARTESIAN_POINT('',(59.591217,37.960782,0.));
#4273 = VECTOR('',#4274,1.);
#4274 = DIRECTION('',(0.,1.,0.));
#4275 = ORIENTED_EDGE('',*,*,#4276,.T.);
#4276 = EDGE_CURVE('',#4269,#4277,#4279,.T.);
#4277 = VERTEX_POINT('',#4278);
#4278 = CARTESIAN_POINT('',(59.592665,52.075409,0.));
#4279 = LINE('',#4280,#4281);
#4280 = CARTESIAN_POINT('',(59.591217,52.060779,0.));
#4281 = VECTOR('',#4282,1.);
#4282 = DIRECTION('',(9.849346454599E-02,0.995137697729,0.));
#4283 = ORIENTED_EDGE('',*,*,#4284,.T.);
#4284 = EDGE_CURVE('',#4277,#4285,#4287,.T.);
#4285 = VERTEX_POINT('',#4286);
#4286 = CARTESIAN_POINT('',(59.603866,52.10246,0.));
#4287 = LINE('',#4288,#4289);
#4288 = CARTESIAN_POINT('',(59.592665,52.075409,0.));
#4289 = VECTOR('',#4290,1.);
#4290 = DIRECTION('',(0.382569992546,0.923926512664,0.));
#4291 = ORIENTED_EDGE('',*,*,#4292,.T.);
#4292 = EDGE_CURVE('',#4285,#4293,#4295,.T.);
#4293 = VERTEX_POINT('',#4294);
#4294 = CARTESIAN_POINT('',(59.624542,52.123136,0.));
#4295 = LINE('',#4296,#4297);
#4296 = CARTESIAN_POINT('',(59.603866,52.10246,0.));
#4297 = VECTOR('',#4298,1.);
#4298 = DIRECTION('',(0.707106781187,0.707106781187,0.));
#4299 = ORIENTED_EDGE('',*,*,#4300,.T.);
#4300 = EDGE_CURVE('',#4293,#4301,#4303,.T.);
#4301 = VERTEX_POINT('',#4302);
#4302 = CARTESIAN_POINT('',(59.651593,52.134337,0.));
#4303 = LINE('',#4304,#4305);
#4304 = CARTESIAN_POINT('',(59.624542,52.123136,0.));
#4305 = VECTOR('',#4306,1.);
#4306 = DIRECTION('',(0.923926512664,0.382569992546,0.));
#4307 = ORIENTED_EDGE('',*,*,#4308,.T.);
#4308 = EDGE_CURVE('',#4301,#4309,#4311,.T.);
#4309 = VERTEX_POINT('',#4310);
#4310 = CARTESIAN_POINT('',(59.666223,52.135785,0.));
#4311 = LINE('',#4312,#4313);
#4312 = CARTESIAN_POINT('',(59.651593,52.134337,0.));
#4313 = VECTOR('',#4314,1.);
#4314 = DIRECTION('',(0.995137697729,9.849346454599E-02,0.));
#4315 = ORIENTED_EDGE('',*,*,#4316,.T.);
#4316 = EDGE_CURVE('',#4309,#4317,#4319,.T.);
#4317 = VERTEX_POINT('',#4318);
#4318 = CARTESIAN_POINT('',(73.76622,52.135785,0.));
#4319 = LINE('',#4320,#4321);
#4320 = CARTESIAN_POINT('',(59.666223,52.135785,0.));
#4321 = VECTOR('',#4322,1.);
#4322 = DIRECTION('',(1.,0.,0.));
#4323 = ORIENTED_EDGE('',*,*,#4324,.T.);
#4324 = EDGE_CURVE('',#4317,#4139,#4325,.T.);
#4325 = LINE('',#4326,#4327);
#4326 = CARTESIAN_POINT('',(73.76622,52.135785,0.));
#4327 = VECTOR('',#4328,1.);
#4328 = DIRECTION('',(0.995138357525,-9.848679801061E-02,0.));
#4329 = FACE_BOUND('',#4330,.F.);
#4330 = EDGE_LOOP('',(#4331,#4341,#4349,#4357,#4365,#4373,#4381,#4389,
    #4397,#4405,#4413,#4421,#4429,#4437,#4445,#4453,#4461,#4469,#4477,
    #4485,#4493,#4501,#4509,#4517));
#4331 = ORIENTED_EDGE('',*,*,#4332,.T.);
#4332 = EDGE_CURVE('',#4333,#4335,#4337,.T.);
#4333 = VERTEX_POINT('',#4334);
#4334 = CARTESIAN_POINT('',(16.630851,33.084337,0.));
#4335 = VERTEX_POINT('',#4336);
#4336 = CARTESIAN_POINT('',(16.657902,33.073136,0.));
#4337 = LINE('',#4338,#4339);
#4338 = CARTESIAN_POINT('',(16.630851,33.084337,0.));
#4339 = VECTOR('',#4340,1.);
#4340 = DIRECTION('',(0.923926512664,-0.382569992546,0.));
#4341 = ORIENTED_EDGE('',*,*,#4342,.T.);
#4342 = EDGE_CURVE('',#4335,#4343,#4345,.T.);
#4343 = VERTEX_POINT('',#4344);
#4344 = CARTESIAN_POINT('',(16.678577,33.05246,0.));
#4345 = LINE('',#4346,#4347);
#4346 = CARTESIAN_POINT('',(16.657902,33.073136,0.));
#4347 = VECTOR('',#4348,1.);
#4348 = DIRECTION('',(0.707089680867,-0.707123881093,0.));
#4349 = ORIENTED_EDGE('',*,*,#4350,.T.);
#4350 = EDGE_CURVE('',#4343,#4351,#4353,.T.);
#4351 = VERTEX_POINT('',#4352);
#4352 = CARTESIAN_POINT('',(16.689779,33.025409,0.));
#4353 = LINE('',#4354,#4355);
#4354 = CARTESIAN_POINT('',(16.678577,33.05246,0.));
#4355 = VECTOR('',#4356,1.);
#4356 = DIRECTION('',(0.382599148043,-0.923914439717,0.));
#4357 = ORIENTED_EDGE('',*,*,#4358,.T.);
#4358 = EDGE_CURVE('',#4351,#4359,#4361,.T.);
#4359 = VERTEX_POINT('',#4360);
#4360 = CARTESIAN_POINT('',(16.691226,33.010779,0.));
#4361 = LINE('',#4362,#4363);
#4362 = CARTESIAN_POINT('',(16.689779,33.025409,0.));
#4363 = VECTOR('',#4364,1.);
#4364 = DIRECTION('',(9.842610338379E-02,-0.995144362478,0.));
#4365 = ORIENTED_EDGE('',*,*,#4366,.T.);
#4366 = EDGE_CURVE('',#4359,#4367,#4369,.T.);
#4367 = VERTEX_POINT('',#4368);
#4368 = CARTESIAN_POINT('',(16.691226,18.910782,0.));
#4369 = LINE('',#4370,#4371);
#4370 = CARTESIAN_POINT('',(16.691226,33.010779,0.));
#4371 = VECTOR('',#4372,1.);
#4372 = DIRECTION('',(0.,-1.,0.));
#4373 = ORIENTED_EDGE('',*,*,#4374,.T.);
#4374 = EDGE_CURVE('',#4367,#4375,#4377,.T.);
#4375 = VERTEX_POINT('',#4376);
#4376 = CARTESIAN_POINT('',(16.689779,18.896151,0.));
#4377 = LINE('',#4378,#4379);
#4378 = CARTESIAN_POINT('',(16.691226,18.910782,0.));
#4379 = VECTOR('',#4380,1.);
#4380 = DIRECTION('',(-9.841944131848E-02,-0.995145021377,0.));
#4381 = ORIENTED_EDGE('',*,*,#4382,.T.);
#4382 = EDGE_CURVE('',#4375,#4383,#4385,.T.);
#4383 = VERTEX_POINT('',#4384);
#4384 = CARTESIAN_POINT('',(16.678577,18.8691,0.));
#4385 = LINE('',#4386,#4387);
#4386 = CARTESIAN_POINT('',(16.689779,18.896151,0.));
#4387 = VECTOR('',#4388,1.);
#4388 = DIRECTION('',(-0.382599148043,-0.923914439717,0.));
#4389 = ORIENTED_EDGE('',*,*,#4390,.T.);
#4390 = EDGE_CURVE('',#4383,#4391,#4393,.T.);
#4391 = VERTEX_POINT('',#4392);
#4392 = CARTESIAN_POINT('',(16.657902,18.848425,0.));
#4393 = LINE('',#4394,#4395);
#4394 = CARTESIAN_POINT('',(16.678577,18.8691,0.));
#4395 = VECTOR('',#4396,1.);
#4396 = DIRECTION('',(-0.707106781187,-0.707106781187,0.));
#4397 = ORIENTED_EDGE('',*,*,#4398,.T.);
#4398 = EDGE_CURVE('',#4391,#4399,#4401,.T.);
#4399 = VERTEX_POINT('',#4400);
#4400 = CARTESIAN_POINT('',(16.630851,18.837223,0.));
#4401 = LINE('',#4402,#4403);
#4402 = CARTESIAN_POINT('',(16.657902,18.848425,0.));
#4403 = VECTOR('',#4404,1.);
#4404 = DIRECTION('',(-0.923914439717,-0.382599148043,0.));
#4405 = ORIENTED_EDGE('',*,*,#4406,.T.);
#4406 = EDGE_CURVE('',#4399,#4407,#4409,.T.);
#4407 = VERTEX_POINT('',#4408);
#4408 = CARTESIAN_POINT('',(16.61622,18.835776,0.));
#4409 = LINE('',#4410,#4411);
#4410 = CARTESIAN_POINT('',(16.630851,18.837223,0.));
#4411 = VECTOR('',#4412,1.);
#4412 = DIRECTION('',(-0.995145021377,-9.841944131872E-02,0.));
#4413 = ORIENTED_EDGE('',*,*,#4414,.T.);
#4414 = EDGE_CURVE('',#4407,#4415,#4417,.T.);
#4415 = VERTEX_POINT('',#4416);
#4416 = CARTESIAN_POINT('',(2.516223,18.835776,0.));
#4417 = LINE('',#4418,#4419);
#4418 = CARTESIAN_POINT('',(16.61622,18.835776,0.));
#4419 = VECTOR('',#4420,1.);
#4420 = DIRECTION('',(-1.,0.,0.));
#4421 = ORIENTED_EDGE('',*,*,#4422,.T.);
#4422 = EDGE_CURVE('',#4415,#4423,#4425,.T.);
#4423 = VERTEX_POINT('',#4424);
#4424 = CARTESIAN_POINT('',(2.501593,18.837223,0.));
#4425 = LINE('',#4426,#4427);
#4426 = CARTESIAN_POINT('',(2.516223,18.835776,0.));
#4427 = VECTOR('',#4428,1.);
#4428 = DIRECTION('',(-0.995144362478,9.842610338406E-02,0.));
#4429 = ORIENTED_EDGE('',*,*,#4430,.T.);
#4430 = EDGE_CURVE('',#4423,#4431,#4433,.T.);
#4431 = VERTEX_POINT('',#4432);
#4432 = CARTESIAN_POINT('',(2.474542,18.848425,0.));
#4433 = LINE('',#4434,#4435);
#4434 = CARTESIAN_POINT('',(2.501593,18.837223,0.));
#4435 = VECTOR('',#4436,1.);
#4436 = DIRECTION('',(-0.923914439717,0.382599148043,0.));
#4437 = ORIENTED_EDGE('',*,*,#4438,.T.);
#4438 = EDGE_CURVE('',#4431,#4439,#4441,.T.);
#4439 = VERTEX_POINT('',#4440);
#4440 = CARTESIAN_POINT('',(2.453866,18.8691,0.));
#4441 = LINE('',#4442,#4443);
#4442 = CARTESIAN_POINT('',(2.474542,18.848425,0.));
#4443 = VECTOR('',#4444,1.);
#4444 = DIRECTION('',(-0.707123881093,0.707089680867,0.));
#4445 = ORIENTED_EDGE('',*,*,#4446,.T.);
#4446 = EDGE_CURVE('',#4439,#4447,#4449,.T.);
#4447 = VERTEX_POINT('',#4448);
#4448 = CARTESIAN_POINT('',(2.442665,18.896151,0.));
#4449 = LINE('',#4450,#4451);
#4450 = CARTESIAN_POINT('',(2.453866,18.8691,0.));
#4451 = VECTOR('',#4452,1.);
#4452 = DIRECTION('',(-0.382569992546,0.923926512664,0.));
#4453 = ORIENTED_EDGE('',*,*,#4454,.T.);
#4454 = EDGE_CURVE('',#4447,#4455,#4457,.T.);
#4455 = VERTEX_POINT('',#4456);
#4456 = CARTESIAN_POINT('',(2.441217,18.910782,0.));
#4457 = LINE('',#4458,#4459);
#4458 = CARTESIAN_POINT('',(2.442665,18.896151,0.));
#4459 = VECTOR('',#4460,1.);
#4460 = DIRECTION('',(-9.84867980108E-02,0.995138357525,0.));
#4461 = ORIENTED_EDGE('',*,*,#4462,.T.);
#4462 = EDGE_CURVE('',#4455,#4463,#4465,.T.);
#4463 = VERTEX_POINT('',#4464);
#4464 = CARTESIAN_POINT('',(2.441217,33.010779,0.));
#4465 = LINE('',#4466,#4467);
#4466 = CARTESIAN_POINT('',(2.441217,18.910782,0.));
#4467 = VECTOR('',#4468,1.);
#4468 = DIRECTION('',(0.,1.,0.));
#4469 = ORIENTED_EDGE('',*,*,#4470,.T.);
#4470 = EDGE_CURVE('',#4463,#4471,#4473,.T.);
#4471 = VERTEX_POINT('',#4472);
#4472 = CARTESIAN_POINT('',(2.442665,33.025409,0.));
#4473 = LINE('',#4474,#4475);
#4474 = CARTESIAN_POINT('',(2.441217,33.010779,0.));
#4475 = VECTOR('',#4476,1.);
#4476 = DIRECTION('',(9.849346454623E-02,0.995137697729,0.));
#4477 = ORIENTED_EDGE('',*,*,#4478,.T.);
#4478 = EDGE_CURVE('',#4471,#4479,#4481,.T.);
#4479 = VERTEX_POINT('',#4480);
#4480 = CARTESIAN_POINT('',(2.453866,33.05246,0.));
#4481 = LINE('',#4482,#4483);
#4482 = CARTESIAN_POINT('',(2.442665,33.025409,0.));
#4483 = VECTOR('',#4484,1.);
#4484 = DIRECTION('',(0.382569992546,0.923926512664,0.));
#4485 = ORIENTED_EDGE('',*,*,#4486,.T.);
#4486 = EDGE_CURVE('',#4479,#4487,#4489,.T.);
#4487 = VERTEX_POINT('',#4488);
#4488 = CARTESIAN_POINT('',(2.474542,33.073136,0.));
#4489 = LINE('',#4490,#4491);
#4490 = CARTESIAN_POINT('',(2.453866,33.05246,0.));
#4491 = VECTOR('',#4492,1.);
#4492 = DIRECTION('',(0.707106781187,0.707106781186,0.));
#4493 = ORIENTED_EDGE('',*,*,#4494,.T.);
#4494 = EDGE_CURVE('',#4487,#4495,#4497,.T.);
#4495 = VERTEX_POINT('',#4496);
#4496 = CARTESIAN_POINT('',(2.501593,33.084337,0.));
#4497 = LINE('',#4498,#4499);
#4498 = CARTESIAN_POINT('',(2.474542,33.073136,0.));
#4499 = VECTOR('',#4500,1.);
#4500 = DIRECTION('',(0.923926512664,0.382569992546,0.));
#4501 = ORIENTED_EDGE('',*,*,#4502,.T.);
#4502 = EDGE_CURVE('',#4495,#4503,#4505,.T.);
#4503 = VERTEX_POINT('',#4504);
#4504 = CARTESIAN_POINT('',(2.516223,33.085785,0.));
#4505 = LINE('',#4506,#4507);
#4506 = CARTESIAN_POINT('',(2.501593,33.084337,0.));
#4507 = VECTOR('',#4508,1.);
#4508 = DIRECTION('',(0.995137697729,9.849346454649E-02,0.));
#4509 = ORIENTED_EDGE('',*,*,#4510,.T.);
#4510 = EDGE_CURVE('',#4503,#4511,#4513,.T.);
#4511 = VERTEX_POINT('',#4512);
#4512 = CARTESIAN_POINT('',(16.61622,33.085785,0.));
#4513 = LINE('',#4514,#4515);
#4514 = CARTESIAN_POINT('',(2.516223,33.085785,0.));
#4515 = VECTOR('',#4516,1.);
#4516 = DIRECTION('',(1.,0.,0.));
#4517 = ORIENTED_EDGE('',*,*,#4518,.T.);
#4518 = EDGE_CURVE('',#4511,#4333,#4519,.T.);
#4519 = LINE('',#4520,#4521);
#4520 = CARTESIAN_POINT('',(16.61622,33.085785,0.));
#4521 = VECTOR('',#4522,1.);
#4522 = DIRECTION('',(0.995138357525,-9.848679801104E-02,0.));
#4523 = FACE_BOUND('',#4524,.F.);
#4524 = EDGE_LOOP('',(#4525,#4535,#4543,#4551,#4559,#4567,#4575,#4583,
    #4591,#4599,#4607,#4615,#4623,#4631,#4639,#4647,#4655,#4663,#4671,
    #4679,#4687,#4695,#4703,#4711));
#4525 = ORIENTED_EDGE('',*,*,#4526,.T.);
#4526 = EDGE_CURVE('',#4527,#4529,#4531,.T.);
#4527 = VERTEX_POINT('',#4528);
#4528 = CARTESIAN_POINT('',(54.730851,33.084337,0.));
#4529 = VERTEX_POINT('',#4530);
#4530 = CARTESIAN_POINT('',(54.757902,33.073136,0.));
#4531 = LINE('',#4532,#4533);
#4532 = CARTESIAN_POINT('',(54.730851,33.084337,0.));
#4533 = VECTOR('',#4534,1.);
#4534 = DIRECTION('',(0.923926512664,-0.382569992546,0.));
#4535 = ORIENTED_EDGE('',*,*,#4536,.T.);
#4536 = EDGE_CURVE('',#4529,#4537,#4539,.T.);
#4537 = VERTEX_POINT('',#4538);
#4538 = CARTESIAN_POINT('',(54.778577,33.05246,0.));
#4539 = LINE('',#4540,#4541);
#4540 = CARTESIAN_POINT('',(54.757902,33.073136,0.));
#4541 = VECTOR('',#4542,1.);
#4542 = DIRECTION('',(0.707089680867,-0.707123881093,0.));
#4543 = ORIENTED_EDGE('',*,*,#4544,.T.);
#4544 = EDGE_CURVE('',#4537,#4545,#4547,.T.);
#4545 = VERTEX_POINT('',#4546);
#4546 = CARTESIAN_POINT('',(54.789779,33.025409,0.));
#4547 = LINE('',#4548,#4549);
#4548 = CARTESIAN_POINT('',(54.778577,33.05246,0.));
#4549 = VECTOR('',#4550,1.);
#4550 = DIRECTION('',(0.382599148043,-0.923914439717,0.));
#4551 = ORIENTED_EDGE('',*,*,#4552,.T.);
#4552 = EDGE_CURVE('',#4545,#4553,#4555,.T.);
#4553 = VERTEX_POINT('',#4554);
#4554 = CARTESIAN_POINT('',(54.791226,33.010779,0.));
#4555 = LINE('',#4556,#4557);
#4556 = CARTESIAN_POINT('',(54.789779,33.025409,0.));
#4557 = VECTOR('',#4558,1.);
#4558 = DIRECTION('',(9.842610338379E-02,-0.995144362478,0.));
#4559 = ORIENTED_EDGE('',*,*,#4560,.T.);
#4560 = EDGE_CURVE('',#4553,#4561,#4563,.T.);
#4561 = VERTEX_POINT('',#4562);
#4562 = CARTESIAN_POINT('',(54.791226,18.910782,0.));
#4563 = LINE('',#4564,#4565);
#4564 = CARTESIAN_POINT('',(54.791226,33.010779,0.));
#4565 = VECTOR('',#4566,1.);
#4566 = DIRECTION('',(0.,-1.,0.));
#4567 = ORIENTED_EDGE('',*,*,#4568,.T.);
#4568 = EDGE_CURVE('',#4561,#4569,#4571,.T.);
#4569 = VERTEX_POINT('',#4570);
#4570 = CARTESIAN_POINT('',(54.789779,18.896151,0.));
#4571 = LINE('',#4572,#4573);
#4572 = CARTESIAN_POINT('',(54.791226,18.910782,0.));
#4573 = VECTOR('',#4574,1.);
#4574 = DIRECTION('',(-9.841944131848E-02,-0.995145021377,0.));
#4575 = ORIENTED_EDGE('',*,*,#4576,.T.);
#4576 = EDGE_CURVE('',#4569,#4577,#4579,.T.);
#4577 = VERTEX_POINT('',#4578);
#4578 = CARTESIAN_POINT('',(54.778577,18.8691,0.));
#4579 = LINE('',#4580,#4581);
#4580 = CARTESIAN_POINT('',(54.789779,18.896151,0.));
#4581 = VECTOR('',#4582,1.);
#4582 = DIRECTION('',(-0.382599148043,-0.923914439717,0.));
#4583 = ORIENTED_EDGE('',*,*,#4584,.T.);
#4584 = EDGE_CURVE('',#4577,#4585,#4587,.T.);
#4585 = VERTEX_POINT('',#4586);
#4586 = CARTESIAN_POINT('',(54.757902,18.848425,0.));
#4587 = LINE('',#4588,#4589);
#4588 = CARTESIAN_POINT('',(54.778577,18.8691,0.));
#4589 = VECTOR('',#4590,1.);
#4590 = DIRECTION('',(-0.707106781186,-0.707106781187,0.));
#4591 = ORIENTED_EDGE('',*,*,#4592,.T.);
#4592 = EDGE_CURVE('',#4585,#4593,#4595,.T.);
#4593 = VERTEX_POINT('',#4594);
#4594 = CARTESIAN_POINT('',(54.730851,18.837223,0.));
#4595 = LINE('',#4596,#4597);
#4596 = CARTESIAN_POINT('',(54.757902,18.848425,0.));
#4597 = VECTOR('',#4598,1.);
#4598 = DIRECTION('',(-0.923914439717,-0.382599148043,0.));
#4599 = ORIENTED_EDGE('',*,*,#4600,.T.);
#4600 = EDGE_CURVE('',#4593,#4601,#4603,.T.);
#4601 = VERTEX_POINT('',#4602);
#4602 = CARTESIAN_POINT('',(54.71622,18.835776,0.));
#4603 = LINE('',#4604,#4605);
#4604 = CARTESIAN_POINT('',(54.730851,18.837223,0.));
#4605 = VECTOR('',#4606,1.);
#4606 = DIRECTION('',(-0.995145021377,-9.841944131872E-02,0.));
#4607 = ORIENTED_EDGE('',*,*,#4608,.T.);
#4608 = EDGE_CURVE('',#4601,#4609,#4611,.T.);
#4609 = VERTEX_POINT('',#4610);
#4610 = CARTESIAN_POINT('',(40.616223,18.835776,0.));
#4611 = LINE('',#4612,#4613);
#4612 = CARTESIAN_POINT('',(54.71622,18.835776,0.));
#4613 = VECTOR('',#4614,1.);
#4614 = DIRECTION('',(-1.,0.,0.));
#4615 = ORIENTED_EDGE('',*,*,#4616,.T.);
#4616 = EDGE_CURVE('',#4609,#4617,#4619,.T.);
#4617 = VERTEX_POINT('',#4618);
#4618 = CARTESIAN_POINT('',(40.601593,18.837223,0.));
#4619 = LINE('',#4620,#4621);
#4620 = CARTESIAN_POINT('',(40.616223,18.835776,0.));
#4621 = VECTOR('',#4622,1.);
#4622 = DIRECTION('',(-0.995144362478,9.842610338408E-02,0.));
#4623 = ORIENTED_EDGE('',*,*,#4624,.T.);
#4624 = EDGE_CURVE('',#4617,#4625,#4627,.T.);
#4625 = VERTEX_POINT('',#4626);
#4626 = CARTESIAN_POINT('',(40.574542,18.848425,0.));
#4627 = LINE('',#4628,#4629);
#4628 = CARTESIAN_POINT('',(40.601593,18.837223,0.));
#4629 = VECTOR('',#4630,1.);
#4630 = DIRECTION('',(-0.923914439717,0.382599148043,0.));
#4631 = ORIENTED_EDGE('',*,*,#4632,.T.);
#4632 = EDGE_CURVE('',#4625,#4633,#4635,.T.);
#4633 = VERTEX_POINT('',#4634);
#4634 = CARTESIAN_POINT('',(40.553866,18.8691,0.));
#4635 = LINE('',#4636,#4637);
#4636 = CARTESIAN_POINT('',(40.574542,18.848425,0.));
#4637 = VECTOR('',#4638,1.);
#4638 = DIRECTION('',(-0.707123881093,0.707089680867,0.));
#4639 = ORIENTED_EDGE('',*,*,#4640,.T.);
#4640 = EDGE_CURVE('',#4633,#4641,#4643,.T.);
#4641 = VERTEX_POINT('',#4642);
#4642 = CARTESIAN_POINT('',(40.542665,18.896151,0.));
#4643 = LINE('',#4644,#4645);
#4644 = CARTESIAN_POINT('',(40.553866,18.8691,0.));
#4645 = VECTOR('',#4646,1.);
#4646 = DIRECTION('',(-0.382569992546,0.923926512664,0.));
#4647 = ORIENTED_EDGE('',*,*,#4648,.T.);
#4648 = EDGE_CURVE('',#4641,#4649,#4651,.T.);
#4649 = VERTEX_POINT('',#4650);
#4650 = CARTESIAN_POINT('',(40.541217,18.910782,0.));
#4651 = LINE('',#4652,#4653);
#4652 = CARTESIAN_POINT('',(40.542665,18.896151,0.));
#4653 = VECTOR('',#4654,1.);
#4654 = DIRECTION('',(-9.848679801056E-02,0.995138357525,0.));
#4655 = ORIENTED_EDGE('',*,*,#4656,.T.);
#4656 = EDGE_CURVE('',#4649,#4657,#4659,.T.);
#4657 = VERTEX_POINT('',#4658);
#4658 = CARTESIAN_POINT('',(40.541217,33.010779,0.));
#4659 = LINE('',#4660,#4661);
#4660 = CARTESIAN_POINT('',(40.541217,18.910782,0.));
#4661 = VECTOR('',#4662,1.);
#4662 = DIRECTION('',(0.,1.,0.));
#4663 = ORIENTED_EDGE('',*,*,#4664,.T.);
#4664 = EDGE_CURVE('',#4657,#4665,#4667,.T.);
#4665 = VERTEX_POINT('',#4666);
#4666 = CARTESIAN_POINT('',(40.542665,33.025409,0.));
#4667 = LINE('',#4668,#4669);
#4668 = CARTESIAN_POINT('',(40.541217,33.010779,0.));
#4669 = VECTOR('',#4670,1.);
#4670 = DIRECTION('',(9.849346454599E-02,0.995137697729,0.));
#4671 = ORIENTED_EDGE('',*,*,#4672,.T.);
#4672 = EDGE_CURVE('',#4665,#4673,#4675,.T.);
#4673 = VERTEX_POINT('',#4674);
#4674 = CARTESIAN_POINT('',(40.553866,33.05246,0.));
#4675 = LINE('',#4676,#4677);
#4676 = CARTESIAN_POINT('',(40.542665,33.025409,0.));
#4677 = VECTOR('',#4678,1.);
#4678 = DIRECTION('',(0.382569992546,0.923926512664,0.));
#4679 = ORIENTED_EDGE('',*,*,#4680,.T.);
#4680 = EDGE_CURVE('',#4673,#4681,#4683,.T.);
#4681 = VERTEX_POINT('',#4682);
#4682 = CARTESIAN_POINT('',(40.574542,33.073136,0.));
#4683 = LINE('',#4684,#4685);
#4684 = CARTESIAN_POINT('',(40.553866,33.05246,0.));
#4685 = VECTOR('',#4686,1.);
#4686 = DIRECTION('',(0.707106781187,0.707106781186,0.));
#4687 = ORIENTED_EDGE('',*,*,#4688,.T.);
#4688 = EDGE_CURVE('',#4681,#4689,#4691,.T.);
#4689 = VERTEX_POINT('',#4690);
#4690 = CARTESIAN_POINT('',(40.601593,33.084337,0.));
#4691 = LINE('',#4692,#4693);
#4692 = CARTESIAN_POINT('',(40.574542,33.073136,0.));
#4693 = VECTOR('',#4694,1.);
#4694 = DIRECTION('',(0.923926512664,0.382569992546,0.));
#4695 = ORIENTED_EDGE('',*,*,#4696,.T.);
#4696 = EDGE_CURVE('',#4689,#4697,#4699,.T.);
#4697 = VERTEX_POINT('',#4698);
#4698 = CARTESIAN_POINT('',(40.616223,33.085785,0.));
#4699 = LINE('',#4700,#4701);
#4700 = CARTESIAN_POINT('',(40.601593,33.084337,0.));
#4701 = VECTOR('',#4702,1.);
#4702 = DIRECTION('',(0.995137697729,9.849346454652E-02,0.));
#4703 = ORIENTED_EDGE('',*,*,#4704,.T.);
#4704 = EDGE_CURVE('',#4697,#4705,#4707,.T.);
#4705 = VERTEX_POINT('',#4706);
#4706 = CARTESIAN_POINT('',(54.71622,33.085785,0.));
#4707 = LINE('',#4708,#4709);
#4708 = CARTESIAN_POINT('',(40.616223,33.085785,0.));
#4709 = VECTOR('',#4710,1.);
#4710 = DIRECTION('',(1.,0.,0.));
#4711 = ORIENTED_EDGE('',*,*,#4712,.T.);
#4712 = EDGE_CURVE('',#4705,#4527,#4713,.T.);
#4713 = LINE('',#4714,#4715);
#4714 = CARTESIAN_POINT('',(54.71622,33.085785,0.));
#4715 = VECTOR('',#4716,1.);
#4716 = DIRECTION('',(0.995138357525,-9.848679801104E-02,0.));
#4717 = FACE_BOUND('',#4718,.F.);
#4718 = EDGE_LOOP('',(#4719,#4729,#4737,#4745,#4753,#4761,#4769,#4777,
    #4785,#4793,#4801,#4809,#4817,#4825,#4833,#4841,#4849,#4857,#4865,
    #4873,#4881,#4889,#4897,#4905));
#4719 = ORIENTED_EDGE('',*,*,#4720,.T.);
#4720 = EDGE_CURVE('',#4721,#4723,#4725,.T.);
#4721 = VERTEX_POINT('',#4722);
#4722 = CARTESIAN_POINT('',(35.680851,33.084337,0.));
#4723 = VERTEX_POINT('',#4724);
#4724 = CARTESIAN_POINT('',(35.707902,33.073136,0.));
#4725 = LINE('',#4726,#4727);
#4726 = CARTESIAN_POINT('',(35.680851,33.084337,0.));
#4727 = VECTOR('',#4728,1.);
#4728 = DIRECTION('',(0.923926512664,-0.382569992546,0.));
#4729 = ORIENTED_EDGE('',*,*,#4730,.T.);
#4730 = EDGE_CURVE('',#4723,#4731,#4733,.T.);
#4731 = VERTEX_POINT('',#4732);
#4732 = CARTESIAN_POINT('',(35.728577,33.05246,0.));
#4733 = LINE('',#4734,#4735);
#4734 = CARTESIAN_POINT('',(35.707902,33.073136,0.));
#4735 = VECTOR('',#4736,1.);
#4736 = DIRECTION('',(0.707089680867,-0.707123881093,0.));
#4737 = ORIENTED_EDGE('',*,*,#4738,.T.);
#4738 = EDGE_CURVE('',#4731,#4739,#4741,.T.);
#4739 = VERTEX_POINT('',#4740);
#4740 = CARTESIAN_POINT('',(35.739779,33.025409,0.));
#4741 = LINE('',#4742,#4743);
#4742 = CARTESIAN_POINT('',(35.728577,33.05246,0.));
#4743 = VECTOR('',#4744,1.);
#4744 = DIRECTION('',(0.382599148043,-0.923914439717,0.));
#4745 = ORIENTED_EDGE('',*,*,#4746,.T.);
#4746 = EDGE_CURVE('',#4739,#4747,#4749,.T.);
#4747 = VERTEX_POINT('',#4748);
#4748 = CARTESIAN_POINT('',(35.741226,33.010779,0.));
#4749 = LINE('',#4750,#4751);
#4750 = CARTESIAN_POINT('',(35.739779,33.025409,0.));
#4751 = VECTOR('',#4752,1.);
#4752 = DIRECTION('',(9.842610338379E-02,-0.995144362478,0.));
#4753 = ORIENTED_EDGE('',*,*,#4754,.T.);
#4754 = EDGE_CURVE('',#4747,#4755,#4757,.T.);
#4755 = VERTEX_POINT('',#4756);
#4756 = CARTESIAN_POINT('',(35.741226,18.910782,0.));
#4757 = LINE('',#4758,#4759);
#4758 = CARTESIAN_POINT('',(35.741226,33.010779,0.));
#4759 = VECTOR('',#4760,1.);
#4760 = DIRECTION('',(0.,-1.,0.));
#4761 = ORIENTED_EDGE('',*,*,#4762,.T.);
#4762 = EDGE_CURVE('',#4755,#4763,#4765,.T.);
#4763 = VERTEX_POINT('',#4764);
#4764 = CARTESIAN_POINT('',(35.739779,18.896151,0.));
#4765 = LINE('',#4766,#4767);
#4766 = CARTESIAN_POINT('',(35.741226,18.910782,0.));
#4767 = VECTOR('',#4768,1.);
#4768 = DIRECTION('',(-9.841944131848E-02,-0.995145021377,0.));
#4769 = ORIENTED_EDGE('',*,*,#4770,.T.);
#4770 = EDGE_CURVE('',#4763,#4771,#4773,.T.);
#4771 = VERTEX_POINT('',#4772);
#4772 = CARTESIAN_POINT('',(35.728577,18.8691,0.));
#4773 = LINE('',#4774,#4775);
#4774 = CARTESIAN_POINT('',(35.739779,18.896151,0.));
#4775 = VECTOR('',#4776,1.);
#4776 = DIRECTION('',(-0.382599148043,-0.923914439717,0.));
#4777 = ORIENTED_EDGE('',*,*,#4778,.T.);
#4778 = EDGE_CURVE('',#4771,#4779,#4781,.T.);
#4779 = VERTEX_POINT('',#4780);
#4780 = CARTESIAN_POINT('',(35.707902,18.848425,0.));
#4781 = LINE('',#4782,#4783);
#4782 = CARTESIAN_POINT('',(35.728577,18.8691,0.));
#4783 = VECTOR('',#4784,1.);
#4784 = DIRECTION('',(-0.707106781187,-0.707106781186,0.));
#4785 = ORIENTED_EDGE('',*,*,#4786,.T.);
#4786 = EDGE_CURVE('',#4779,#4787,#4789,.T.);
#4787 = VERTEX_POINT('',#4788);
#4788 = CARTESIAN_POINT('',(35.680851,18.837223,0.));
#4789 = LINE('',#4790,#4791);
#4790 = CARTESIAN_POINT('',(35.707902,18.848425,0.));
#4791 = VECTOR('',#4792,1.);
#4792 = DIRECTION('',(-0.923914439717,-0.382599148043,0.));
#4793 = ORIENTED_EDGE('',*,*,#4794,.T.);
#4794 = EDGE_CURVE('',#4787,#4795,#4797,.T.);
#4795 = VERTEX_POINT('',#4796);
#4796 = CARTESIAN_POINT('',(35.66622,18.835776,0.));
#4797 = LINE('',#4798,#4799);
#4798 = CARTESIAN_POINT('',(35.680851,18.837223,0.));
#4799 = VECTOR('',#4800,1.);
#4800 = DIRECTION('',(-0.995145021377,-9.841944131876E-02,0.));
#4801 = ORIENTED_EDGE('',*,*,#4802,.T.);
#4802 = EDGE_CURVE('',#4795,#4803,#4805,.T.);
#4803 = VERTEX_POINT('',#4804);
#4804 = CARTESIAN_POINT('',(21.566223,18.835776,0.));
#4805 = LINE('',#4806,#4807);
#4806 = CARTESIAN_POINT('',(35.66622,18.835776,0.));
#4807 = VECTOR('',#4808,1.);
#4808 = DIRECTION('',(-1.,0.,0.));
#4809 = ORIENTED_EDGE('',*,*,#4810,.T.);
#4810 = EDGE_CURVE('',#4803,#4811,#4813,.T.);
#4811 = VERTEX_POINT('',#4812);
#4812 = CARTESIAN_POINT('',(21.551593,18.837223,0.));
#4813 = LINE('',#4814,#4815);
#4814 = CARTESIAN_POINT('',(21.566223,18.835776,0.));
#4815 = VECTOR('',#4816,1.);
#4816 = DIRECTION('',(-0.995144362478,9.842610338405E-02,0.));
#4817 = ORIENTED_EDGE('',*,*,#4818,.T.);
#4818 = EDGE_CURVE('',#4811,#4819,#4821,.T.);
#4819 = VERTEX_POINT('',#4820);
#4820 = CARTESIAN_POINT('',(21.524542,18.848425,0.));
#4821 = LINE('',#4822,#4823);
#4822 = CARTESIAN_POINT('',(21.551593,18.837223,0.));
#4823 = VECTOR('',#4824,1.);
#4824 = DIRECTION('',(-0.923914439717,0.382599148043,0.));
#4825 = ORIENTED_EDGE('',*,*,#4826,.T.);
#4826 = EDGE_CURVE('',#4819,#4827,#4829,.T.);
#4827 = VERTEX_POINT('',#4828);
#4828 = CARTESIAN_POINT('',(21.503866,18.8691,0.));
#4829 = LINE('',#4830,#4831);
#4830 = CARTESIAN_POINT('',(21.524542,18.848425,0.));
#4831 = VECTOR('',#4832,1.);
#4832 = DIRECTION('',(-0.707123881093,0.707089680867,0.));
#4833 = ORIENTED_EDGE('',*,*,#4834,.T.);
#4834 = EDGE_CURVE('',#4827,#4835,#4837,.T.);
#4835 = VERTEX_POINT('',#4836);
#4836 = CARTESIAN_POINT('',(21.492665,18.896151,0.));
#4837 = LINE('',#4838,#4839);
#4838 = CARTESIAN_POINT('',(21.503866,18.8691,0.));
#4839 = VECTOR('',#4840,1.);
#4840 = DIRECTION('',(-0.382569992546,0.923926512664,0.));
#4841 = ORIENTED_EDGE('',*,*,#4842,.T.);
#4842 = EDGE_CURVE('',#4835,#4843,#4845,.T.);
#4843 = VERTEX_POINT('',#4844);
#4844 = CARTESIAN_POINT('',(21.491217,18.910782,0.));
#4845 = LINE('',#4846,#4847);
#4846 = CARTESIAN_POINT('',(21.492665,18.896151,0.));
#4847 = VECTOR('',#4848,1.);
#4848 = DIRECTION('',(-9.84867980108E-02,0.995138357525,0.));
#4849 = ORIENTED_EDGE('',*,*,#4850,.T.);
#4850 = EDGE_CURVE('',#4843,#4851,#4853,.T.);
#4851 = VERTEX_POINT('',#4852);
#4852 = CARTESIAN_POINT('',(21.491217,33.010779,0.));
#4853 = LINE('',#4854,#4855);
#4854 = CARTESIAN_POINT('',(21.491217,18.910782,0.));
#4855 = VECTOR('',#4856,1.);
#4856 = DIRECTION('',(0.,1.,0.));
#4857 = ORIENTED_EDGE('',*,*,#4858,.T.);
#4858 = EDGE_CURVE('',#4851,#4859,#4861,.T.);
#4859 = VERTEX_POINT('',#4860);
#4860 = CARTESIAN_POINT('',(21.492665,33.025409,0.));
#4861 = LINE('',#4862,#4863);
#4862 = CARTESIAN_POINT('',(21.491217,33.010779,0.));
#4863 = VECTOR('',#4864,1.);
#4864 = DIRECTION('',(9.849346454623E-02,0.995137697729,0.));
#4865 = ORIENTED_EDGE('',*,*,#4866,.T.);
#4866 = EDGE_CURVE('',#4859,#4867,#4869,.T.);
#4867 = VERTEX_POINT('',#4868);
#4868 = CARTESIAN_POINT('',(21.503866,33.05246,0.));
#4869 = LINE('',#4870,#4871);
#4870 = CARTESIAN_POINT('',(21.492665,33.025409,0.));
#4871 = VECTOR('',#4872,1.);
#4872 = DIRECTION('',(0.382569992546,0.923926512664,0.));
#4873 = ORIENTED_EDGE('',*,*,#4874,.T.);
#4874 = EDGE_CURVE('',#4867,#4875,#4877,.T.);
#4875 = VERTEX_POINT('',#4876);
#4876 = CARTESIAN_POINT('',(21.524542,33.073136,0.));
#4877 = LINE('',#4878,#4879);
#4878 = CARTESIAN_POINT('',(21.503866,33.05246,0.));
#4879 = VECTOR('',#4880,1.);
#4880 = DIRECTION('',(0.707106781187,0.707106781186,0.));
#4881 = ORIENTED_EDGE('',*,*,#4882,.T.);
#4882 = EDGE_CURVE('',#4875,#4883,#4885,.T.);
#4883 = VERTEX_POINT('',#4884);
#4884 = CARTESIAN_POINT('',(21.551593,33.084337,0.));
#4885 = LINE('',#4886,#4887);
#4886 = CARTESIAN_POINT('',(21.524542,33.073136,0.));
#4887 = VECTOR('',#4888,1.);
#4888 = DIRECTION('',(0.923926512664,0.382569992546,0.));
#4889 = ORIENTED_EDGE('',*,*,#4890,.T.);
#4890 = EDGE_CURVE('',#4883,#4891,#4893,.T.);
#4891 = VERTEX_POINT('',#4892);
#4892 = CARTESIAN_POINT('',(21.566223,33.085785,0.));
#4893 = LINE('',#4894,#4895);
#4894 = CARTESIAN_POINT('',(21.551593,33.084337,0.));
#4895 = VECTOR('',#4896,1.);
#4896 = DIRECTION('',(0.995137697729,9.849346454649E-02,0.));
#4897 = ORIENTED_EDGE('',*,*,#4898,.T.);
#4898 = EDGE_CURVE('',#4891,#4899,#4901,.T.);
#4899 = VERTEX_POINT('',#4900);
#4900 = CARTESIAN_POINT('',(35.66622,33.085785,0.));
#4901 = LINE('',#4902,#4903);
#4902 = CARTESIAN_POINT('',(21.566223,33.085785,0.));
#4903 = VECTOR('',#4904,1.);
#4904 = DIRECTION('',(1.,0.,0.));
#4905 = ORIENTED_EDGE('',*,*,#4906,.T.);
#4906 = EDGE_CURVE('',#4899,#4721,#4907,.T.);
#4907 = LINE('',#4908,#4909);
#4908 = CARTESIAN_POINT('',(35.66622,33.085785,0.));
#4909 = VECTOR('',#4910,1.);
#4910 = DIRECTION('',(0.995138357525,-9.848679801108E-02,0.));
#4911 = FACE_BOUND('',#4912,.F.);
#4912 = EDGE_LOOP('',(#4913,#4923,#4931,#4939,#4947,#4955,#4963,#4971,
    #4979,#4987,#4995,#5003,#5011,#5019,#5027,#5035,#5043,#5051,#5059,
    #5067,#5075,#5083,#5091,#5099));
#4913 = ORIENTED_EDGE('',*,*,#4914,.T.);
#4914 = EDGE_CURVE('',#4915,#4917,#4919,.T.);
#4915 = VERTEX_POINT('',#4916);
#4916 = CARTESIAN_POINT('',(16.630851,71.184337,0.));
#4917 = VERTEX_POINT('',#4918);
#4918 = CARTESIAN_POINT('',(16.657902,71.173136,0.));
#4919 = LINE('',#4920,#4921);
#4920 = CARTESIAN_POINT('',(16.630851,71.184337,0.));
#4921 = VECTOR('',#4922,1.);
#4922 = DIRECTION('',(0.923926512664,-0.382569992546,0.));
#4923 = ORIENTED_EDGE('',*,*,#4924,.T.);
#4924 = EDGE_CURVE('',#4917,#4925,#4927,.T.);
#4925 = VERTEX_POINT('',#4926);
#4926 = CARTESIAN_POINT('',(16.678577,71.15246,0.));
#4927 = LINE('',#4928,#4929);
#4928 = CARTESIAN_POINT('',(16.657902,71.173136,0.));
#4929 = VECTOR('',#4930,1.);
#4930 = DIRECTION('',(0.707089680867,-0.707123881093,0.));
#4931 = ORIENTED_EDGE('',*,*,#4932,.T.);
#4932 = EDGE_CURVE('',#4925,#4933,#4935,.T.);
#4933 = VERTEX_POINT('',#4934);
#4934 = CARTESIAN_POINT('',(16.689779,71.125409,0.));
#4935 = LINE('',#4936,#4937);
#4936 = CARTESIAN_POINT('',(16.678577,71.15246,0.));
#4937 = VECTOR('',#4938,1.);
#4938 = DIRECTION('',(0.382599148043,-0.923914439717,0.));
#4939 = ORIENTED_EDGE('',*,*,#4940,.T.);
#4940 = EDGE_CURVE('',#4933,#4941,#4943,.T.);
#4941 = VERTEX_POINT('',#4942);
#4942 = CARTESIAN_POINT('',(16.691226,71.110779,0.));
#4943 = LINE('',#4944,#4945);
#4944 = CARTESIAN_POINT('',(16.689779,71.125409,0.));
#4945 = VECTOR('',#4946,1.);
#4946 = DIRECTION('',(9.842610338374E-02,-0.995144362478,0.));
#4947 = ORIENTED_EDGE('',*,*,#4948,.T.);
#4948 = EDGE_CURVE('',#4941,#4949,#4951,.T.);
#4949 = VERTEX_POINT('',#4950);
#4950 = CARTESIAN_POINT('',(16.691226,57.010782,0.));
#4951 = LINE('',#4952,#4953);
#4952 = CARTESIAN_POINT('',(16.691226,71.110779,0.));
#4953 = VECTOR('',#4954,1.);
#4954 = DIRECTION('',(0.,-1.,0.));
#4955 = ORIENTED_EDGE('',*,*,#4956,.T.);
#4956 = EDGE_CURVE('',#4949,#4957,#4959,.T.);
#4957 = VERTEX_POINT('',#4958);
#4958 = CARTESIAN_POINT('',(16.689779,56.996151,0.));
#4959 = LINE('',#4960,#4961);
#4960 = CARTESIAN_POINT('',(16.691226,57.010782,0.));
#4961 = VECTOR('',#4962,1.);
#4962 = DIRECTION('',(-9.841944131848E-02,-0.995145021377,0.));
#4963 = ORIENTED_EDGE('',*,*,#4964,.T.);
#4964 = EDGE_CURVE('',#4957,#4965,#4967,.T.);
#4965 = VERTEX_POINT('',#4966);
#4966 = CARTESIAN_POINT('',(16.678577,56.9691,0.));
#4967 = LINE('',#4968,#4969);
#4968 = CARTESIAN_POINT('',(16.689779,56.996151,0.));
#4969 = VECTOR('',#4970,1.);
#4970 = DIRECTION('',(-0.382599148043,-0.923914439717,0.));
#4971 = ORIENTED_EDGE('',*,*,#4972,.T.);
#4972 = EDGE_CURVE('',#4965,#4973,#4975,.T.);
#4973 = VERTEX_POINT('',#4974);
#4974 = CARTESIAN_POINT('',(16.657902,56.948425,0.));
#4975 = LINE('',#4976,#4977);
#4976 = CARTESIAN_POINT('',(16.678577,56.9691,0.));
#4977 = VECTOR('',#4978,1.);
#4978 = DIRECTION('',(-0.707106781187,-0.707106781186,0.));
#4979 = ORIENTED_EDGE('',*,*,#4980,.T.);
#4980 = EDGE_CURVE('',#4973,#4981,#4983,.T.);
#4981 = VERTEX_POINT('',#4982);
#4982 = CARTESIAN_POINT('',(16.630851,56.937223,0.));
#4983 = LINE('',#4984,#4985);
#4984 = CARTESIAN_POINT('',(16.657902,56.948425,0.));
#4985 = VECTOR('',#4986,1.);
#4986 = DIRECTION('',(-0.923914439717,-0.382599148043,0.));
#4987 = ORIENTED_EDGE('',*,*,#4988,.T.);
#4988 = EDGE_CURVE('',#4981,#4989,#4991,.T.);
#4989 = VERTEX_POINT('',#4990);
#4990 = CARTESIAN_POINT('',(16.61622,56.935776,0.));
#4991 = LINE('',#4992,#4993);
#4992 = CARTESIAN_POINT('',(16.630851,56.937223,0.));
#4993 = VECTOR('',#4994,1.);
#4994 = DIRECTION('',(-0.995145021377,-9.841944131895E-02,0.));
#4995 = ORIENTED_EDGE('',*,*,#4996,.T.);
#4996 = EDGE_CURVE('',#4989,#4997,#4999,.T.);
#4997 = VERTEX_POINT('',#4998);
#4998 = CARTESIAN_POINT('',(2.516223,56.935776,0.));
#4999 = LINE('',#5000,#5001);
#5000 = CARTESIAN_POINT('',(16.61622,56.935776,0.));
#5001 = VECTOR('',#5002,1.);
#5002 = DIRECTION('',(-1.,0.,0.));
#5003 = ORIENTED_EDGE('',*,*,#5004,.T.);
#5004 = EDGE_CURVE('',#4997,#5005,#5007,.T.);
#5005 = VERTEX_POINT('',#5006);
#5006 = CARTESIAN_POINT('',(2.501593,56.937223,0.));
#5007 = LINE('',#5008,#5009);
#5008 = CARTESIAN_POINT('',(2.516223,56.935776,0.));
#5009 = VECTOR('',#5010,1.);
#5010 = DIRECTION('',(-0.995144362478,9.842610338429E-02,0.));
#5011 = ORIENTED_EDGE('',*,*,#5012,.T.);
#5012 = EDGE_CURVE('',#5005,#5013,#5015,.T.);
#5013 = VERTEX_POINT('',#5014);
#5014 = CARTESIAN_POINT('',(2.474542,56.948425,0.));
#5015 = LINE('',#5016,#5017);
#5016 = CARTESIAN_POINT('',(2.501593,56.937223,0.));
#5017 = VECTOR('',#5018,1.);
#5018 = DIRECTION('',(-0.923914439717,0.382599148043,0.));
#5019 = ORIENTED_EDGE('',*,*,#5020,.T.);
#5020 = EDGE_CURVE('',#5013,#5021,#5023,.T.);
#5021 = VERTEX_POINT('',#5022);
#5022 = CARTESIAN_POINT('',(2.453866,56.9691,0.));
#5023 = LINE('',#5024,#5025);
#5024 = CARTESIAN_POINT('',(2.474542,56.948425,0.));
#5025 = VECTOR('',#5026,1.);
#5026 = DIRECTION('',(-0.707123881093,0.707089680867,0.));
#5027 = ORIENTED_EDGE('',*,*,#5028,.T.);
#5028 = EDGE_CURVE('',#5021,#5029,#5031,.T.);
#5029 = VERTEX_POINT('',#5030);
#5030 = CARTESIAN_POINT('',(2.442665,56.996151,0.));
#5031 = LINE('',#5032,#5033);
#5032 = CARTESIAN_POINT('',(2.453866,56.9691,0.));
#5033 = VECTOR('',#5034,1.);
#5034 = DIRECTION('',(-0.382569992546,0.923926512664,0.));
#5035 = ORIENTED_EDGE('',*,*,#5036,.T.);
#5036 = EDGE_CURVE('',#5029,#5037,#5039,.T.);
#5037 = VERTEX_POINT('',#5038);
#5038 = CARTESIAN_POINT('',(2.441217,57.010782,0.));
#5039 = LINE('',#5040,#5041);
#5040 = CARTESIAN_POINT('',(2.442665,56.996151,0.));
#5041 = VECTOR('',#5042,1.);
#5042 = DIRECTION('',(-9.84867980108E-02,0.995138357525,0.));
#5043 = ORIENTED_EDGE('',*,*,#5044,.T.);
#5044 = EDGE_CURVE('',#5037,#5045,#5047,.T.);
#5045 = VERTEX_POINT('',#5046);
#5046 = CARTESIAN_POINT('',(2.441217,71.110779,0.));
#5047 = LINE('',#5048,#5049);
#5048 = CARTESIAN_POINT('',(2.441217,57.010782,0.));
#5049 = VECTOR('',#5050,1.);
#5050 = DIRECTION('',(0.,1.,0.));
#5051 = ORIENTED_EDGE('',*,*,#5052,.T.);
#5052 = EDGE_CURVE('',#5045,#5053,#5055,.T.);
#5053 = VERTEX_POINT('',#5054);
#5054 = CARTESIAN_POINT('',(2.442665,71.125409,0.));
#5055 = LINE('',#5056,#5057);
#5056 = CARTESIAN_POINT('',(2.441217,71.110779,0.));
#5057 = VECTOR('',#5058,1.);
#5058 = DIRECTION('',(9.849346454618E-02,0.995137697729,0.));
#5059 = ORIENTED_EDGE('',*,*,#5060,.T.);
#5060 = EDGE_CURVE('',#5053,#5061,#5063,.T.);
#5061 = VERTEX_POINT('',#5062);
#5062 = CARTESIAN_POINT('',(2.453866,71.15246,0.));
#5063 = LINE('',#5064,#5065);
#5064 = CARTESIAN_POINT('',(2.442665,71.125409,0.));
#5065 = VECTOR('',#5066,1.);
#5066 = DIRECTION('',(0.382569992546,0.923926512664,0.));
#5067 = ORIENTED_EDGE('',*,*,#5068,.T.);
#5068 = EDGE_CURVE('',#5061,#5069,#5071,.T.);
#5069 = VERTEX_POINT('',#5070);
#5070 = CARTESIAN_POINT('',(2.474542,71.173136,0.));
#5071 = LINE('',#5072,#5073);
#5072 = CARTESIAN_POINT('',(2.453866,71.15246,0.));
#5073 = VECTOR('',#5074,1.);
#5074 = DIRECTION('',(0.707106781187,0.707106781186,0.));
#5075 = ORIENTED_EDGE('',*,*,#5076,.T.);
#5076 = EDGE_CURVE('',#5069,#5077,#5079,.T.);
#5077 = VERTEX_POINT('',#5078);
#5078 = CARTESIAN_POINT('',(2.501593,71.184337,0.));
#5079 = LINE('',#5080,#5081);
#5080 = CARTESIAN_POINT('',(2.474542,71.173136,0.));
#5081 = VECTOR('',#5082,1.);
#5082 = DIRECTION('',(0.923926512664,0.382569992546,0.));
#5083 = ORIENTED_EDGE('',*,*,#5084,.T.);
#5084 = EDGE_CURVE('',#5077,#5085,#5087,.T.);
#5085 = VERTEX_POINT('',#5086);
#5086 = CARTESIAN_POINT('',(2.516223,71.185785,0.));
#5087 = LINE('',#5088,#5089);
#5088 = CARTESIAN_POINT('',(2.501593,71.184337,0.));
#5089 = VECTOR('',#5090,1.);
#5090 = DIRECTION('',(0.995137697729,9.849346454602E-02,0.));
#5091 = ORIENTED_EDGE('',*,*,#5092,.T.);
#5092 = EDGE_CURVE('',#5085,#5093,#5095,.T.);
#5093 = VERTEX_POINT('',#5094);
#5094 = CARTESIAN_POINT('',(16.61622,71.185785,0.));
#5095 = LINE('',#5096,#5097);
#5096 = CARTESIAN_POINT('',(2.516223,71.185785,0.));
#5097 = VECTOR('',#5098,1.);
#5098 = DIRECTION('',(1.,0.,0.));
#5099 = ORIENTED_EDGE('',*,*,#5100,.T.);
#5100 = EDGE_CURVE('',#5093,#4915,#5101,.T.);
#5101 = LINE('',#5102,#5103);
#5102 = CARTESIAN_POINT('',(16.61622,71.185785,0.));
#5103 = VECTOR('',#5104,1.);
#5104 = DIRECTION('',(0.995138357525,-9.848679801056E-02,0.));
#5105 = FACE_BOUND('',#5106,.F.);
#5106 = EDGE_LOOP('',(#5107,#5117,#5125,#5133,#5141,#5149,#5157,#5165,
    #5173,#5181,#5189,#5197,#5205,#5213,#5221,#5229,#5237,#5245,#5253,
    #5261,#5269,#5277,#5285,#5293));
#5107 = ORIENTED_EDGE('',*,*,#5108,.T.);
#5108 = EDGE_CURVE('',#5109,#5111,#5113,.T.);
#5109 = VERTEX_POINT('',#5110);
#5110 = CARTESIAN_POINT('',(16.630851,52.134337,0.));
#5111 = VERTEX_POINT('',#5112);
#5112 = CARTESIAN_POINT('',(16.657902,52.123136,0.));
#5113 = LINE('',#5114,#5115);
#5114 = CARTESIAN_POINT('',(16.630851,52.134337,0.));
#5115 = VECTOR('',#5116,1.);
#5116 = DIRECTION('',(0.923926512664,-0.382569992546,0.));
#5117 = ORIENTED_EDGE('',*,*,#5118,.T.);
#5118 = EDGE_CURVE('',#5111,#5119,#5121,.T.);
#5119 = VERTEX_POINT('',#5120);
#5120 = CARTESIAN_POINT('',(16.678577,52.10246,0.));
#5121 = LINE('',#5122,#5123);
#5122 = CARTESIAN_POINT('',(16.657902,52.123136,0.));
#5123 = VECTOR('',#5124,1.);
#5124 = DIRECTION('',(0.707089680867,-0.707123881093,0.));
#5125 = ORIENTED_EDGE('',*,*,#5126,.T.);
#5126 = EDGE_CURVE('',#5119,#5127,#5129,.T.);
#5127 = VERTEX_POINT('',#5128);
#5128 = CARTESIAN_POINT('',(16.689779,52.075409,0.));
#5129 = LINE('',#5130,#5131);
#5130 = CARTESIAN_POINT('',(16.678577,52.10246,0.));
#5131 = VECTOR('',#5132,1.);
#5132 = DIRECTION('',(0.382599148043,-0.923914439717,0.));
#5133 = ORIENTED_EDGE('',*,*,#5134,.T.);
#5134 = EDGE_CURVE('',#5127,#5135,#5137,.T.);
#5135 = VERTEX_POINT('',#5136);
#5136 = CARTESIAN_POINT('',(16.691226,52.060779,0.));
#5137 = LINE('',#5138,#5139);
#5138 = CARTESIAN_POINT('',(16.689779,52.075409,0.));
#5139 = VECTOR('',#5140,1.);
#5140 = DIRECTION('',(9.842610338379E-02,-0.995144362478,0.));
#5141 = ORIENTED_EDGE('',*,*,#5142,.T.);
#5142 = EDGE_CURVE('',#5135,#5143,#5145,.T.);
#5143 = VERTEX_POINT('',#5144);
#5144 = CARTESIAN_POINT('',(16.691226,37.960782,0.));
#5145 = LINE('',#5146,#5147);
#5146 = CARTESIAN_POINT('',(16.691226,52.060779,0.));
#5147 = VECTOR('',#5148,1.);
#5148 = DIRECTION('',(0.,-1.,0.));
#5149 = ORIENTED_EDGE('',*,*,#5150,.T.);
#5150 = EDGE_CURVE('',#5143,#5151,#5153,.T.);
#5151 = VERTEX_POINT('',#5152);
#5152 = CARTESIAN_POINT('',(16.689779,37.946151,0.));
#5153 = LINE('',#5154,#5155);
#5154 = CARTESIAN_POINT('',(16.691226,37.960782,0.));
#5155 = VECTOR('',#5156,1.);
#5156 = DIRECTION('',(-9.841944131848E-02,-0.995145021377,0.));
#5157 = ORIENTED_EDGE('',*,*,#5158,.T.);
#5158 = EDGE_CURVE('',#5151,#5159,#5161,.T.);
#5159 = VERTEX_POINT('',#5160);
#5160 = CARTESIAN_POINT('',(16.678577,37.9191,0.));
#5161 = LINE('',#5162,#5163);
#5162 = CARTESIAN_POINT('',(16.689779,37.946151,0.));
#5163 = VECTOR('',#5164,1.);
#5164 = DIRECTION('',(-0.382599148043,-0.923914439717,0.));
#5165 = ORIENTED_EDGE('',*,*,#5166,.T.);
#5166 = EDGE_CURVE('',#5159,#5167,#5169,.T.);
#5167 = VERTEX_POINT('',#5168);
#5168 = CARTESIAN_POINT('',(16.657902,37.898425,0.));
#5169 = LINE('',#5170,#5171);
#5170 = CARTESIAN_POINT('',(16.678577,37.9191,0.));
#5171 = VECTOR('',#5172,1.);
#5172 = DIRECTION('',(-0.707106781187,-0.707106781186,0.));
#5173 = ORIENTED_EDGE('',*,*,#5174,.T.);
#5174 = EDGE_CURVE('',#5167,#5175,#5177,.T.);
#5175 = VERTEX_POINT('',#5176);
#5176 = CARTESIAN_POINT('',(16.630851,37.887223,0.));
#5177 = LINE('',#5178,#5179);
#5178 = CARTESIAN_POINT('',(16.657902,37.898425,0.));
#5179 = VECTOR('',#5180,1.);
#5180 = DIRECTION('',(-0.923914439717,-0.382599148043,0.));
#5181 = ORIENTED_EDGE('',*,*,#5182,.T.);
#5182 = EDGE_CURVE('',#5175,#5183,#5185,.T.);
#5183 = VERTEX_POINT('',#5184);
#5184 = CARTESIAN_POINT('',(16.61622,37.885776,0.));
#5185 = LINE('',#5186,#5187);
#5186 = CARTESIAN_POINT('',(16.630851,37.887223,0.));
#5187 = VECTOR('',#5188,1.);
#5188 = DIRECTION('',(-0.995145021377,-9.841944131848E-02,0.));
#5189 = ORIENTED_EDGE('',*,*,#5190,.T.);
#5190 = EDGE_CURVE('',#5183,#5191,#5193,.T.);
#5191 = VERTEX_POINT('',#5192);
#5192 = CARTESIAN_POINT('',(2.516223,37.885776,0.));
#5193 = LINE('',#5194,#5195);
#5194 = CARTESIAN_POINT('',(16.61622,37.885776,0.));
#5195 = VECTOR('',#5196,1.);
#5196 = DIRECTION('',(-1.,0.,0.));
#5197 = ORIENTED_EDGE('',*,*,#5198,.T.);
#5198 = EDGE_CURVE('',#5191,#5199,#5201,.T.);
#5199 = VERTEX_POINT('',#5200);
#5200 = CARTESIAN_POINT('',(2.501593,37.887223,0.));
#5201 = LINE('',#5202,#5203);
#5202 = CARTESIAN_POINT('',(2.516223,37.885776,0.));
#5203 = VECTOR('',#5204,1.);
#5204 = DIRECTION('',(-0.995144362478,9.842610338382E-02,0.));
#5205 = ORIENTED_EDGE('',*,*,#5206,.T.);
#5206 = EDGE_CURVE('',#5199,#5207,#5209,.T.);
#5207 = VERTEX_POINT('',#5208);
#5208 = CARTESIAN_POINT('',(2.474542,37.898425,0.));
#5209 = LINE('',#5210,#5211);
#5210 = CARTESIAN_POINT('',(2.501593,37.887223,0.));
#5211 = VECTOR('',#5212,1.);
#5212 = DIRECTION('',(-0.923914439717,0.382599148043,0.));
#5213 = ORIENTED_EDGE('',*,*,#5214,.T.);
#5214 = EDGE_CURVE('',#5207,#5215,#5217,.T.);
#5215 = VERTEX_POINT('',#5216);
#5216 = CARTESIAN_POINT('',(2.453866,37.9191,0.));
#5217 = LINE('',#5218,#5219);
#5218 = CARTESIAN_POINT('',(2.474542,37.898425,0.));
#5219 = VECTOR('',#5220,1.);
#5220 = DIRECTION('',(-0.707123881093,0.707089680867,0.));
#5221 = ORIENTED_EDGE('',*,*,#5222,.T.);
#5222 = EDGE_CURVE('',#5215,#5223,#5225,.T.);
#5223 = VERTEX_POINT('',#5224);
#5224 = CARTESIAN_POINT('',(2.442665,37.946151,0.));
#5225 = LINE('',#5226,#5227);
#5226 = CARTESIAN_POINT('',(2.453866,37.9191,0.));
#5227 = VECTOR('',#5228,1.);
#5228 = DIRECTION('',(-0.382569992546,0.923926512664,0.));
#5229 = ORIENTED_EDGE('',*,*,#5230,.T.);
#5230 = EDGE_CURVE('',#5223,#5231,#5233,.T.);
#5231 = VERTEX_POINT('',#5232);
#5232 = CARTESIAN_POINT('',(2.441217,37.960782,0.));
#5233 = LINE('',#5234,#5235);
#5234 = CARTESIAN_POINT('',(2.442665,37.946151,0.));
#5235 = VECTOR('',#5236,1.);
#5236 = DIRECTION('',(-9.84867980108E-02,0.995138357525,0.));
#5237 = ORIENTED_EDGE('',*,*,#5238,.T.);
#5238 = EDGE_CURVE('',#5231,#5239,#5241,.T.);
#5239 = VERTEX_POINT('',#5240);
#5240 = CARTESIAN_POINT('',(2.441217,52.060779,0.));
#5241 = LINE('',#5242,#5243);
#5242 = CARTESIAN_POINT('',(2.441217,37.960782,0.));
#5243 = VECTOR('',#5244,1.);
#5244 = DIRECTION('',(0.,1.,0.));
#5245 = ORIENTED_EDGE('',*,*,#5246,.T.);
#5246 = EDGE_CURVE('',#5239,#5247,#5249,.T.);
#5247 = VERTEX_POINT('',#5248);
#5248 = CARTESIAN_POINT('',(2.442665,52.075409,0.));
#5249 = LINE('',#5250,#5251);
#5250 = CARTESIAN_POINT('',(2.441217,52.060779,0.));
#5251 = VECTOR('',#5252,1.);
#5252 = DIRECTION('',(9.849346454623E-02,0.995137697729,0.));
#5253 = ORIENTED_EDGE('',*,*,#5254,.T.);
#5254 = EDGE_CURVE('',#5247,#5255,#5257,.T.);
#5255 = VERTEX_POINT('',#5256);
#5256 = CARTESIAN_POINT('',(2.453866,52.10246,0.));
#5257 = LINE('',#5258,#5259);
#5258 = CARTESIAN_POINT('',(2.442665,52.075409,0.));
#5259 = VECTOR('',#5260,1.);
#5260 = DIRECTION('',(0.382569992546,0.923926512664,0.));
#5261 = ORIENTED_EDGE('',*,*,#5262,.T.);
#5262 = EDGE_CURVE('',#5255,#5263,#5265,.T.);
#5263 = VERTEX_POINT('',#5264);
#5264 = CARTESIAN_POINT('',(2.474542,52.123136,0.));
#5265 = LINE('',#5266,#5267);
#5266 = CARTESIAN_POINT('',(2.453866,52.10246,0.));
#5267 = VECTOR('',#5268,1.);
#5268 = DIRECTION('',(0.707106781187,0.707106781187,0.));
#5269 = ORIENTED_EDGE('',*,*,#5270,.T.);
#5270 = EDGE_CURVE('',#5263,#5271,#5273,.T.);
#5271 = VERTEX_POINT('',#5272);
#5272 = CARTESIAN_POINT('',(2.501593,52.134337,0.));
#5273 = LINE('',#5274,#5275);
#5274 = CARTESIAN_POINT('',(2.474542,52.123136,0.));
#5275 = VECTOR('',#5276,1.);
#5276 = DIRECTION('',(0.923926512664,0.382569992546,0.));
#5277 = ORIENTED_EDGE('',*,*,#5278,.T.);
#5278 = EDGE_CURVE('',#5271,#5279,#5281,.T.);
#5279 = VERTEX_POINT('',#5280);
#5280 = CARTESIAN_POINT('',(2.516223,52.135785,0.));
#5281 = LINE('',#5282,#5283);
#5282 = CARTESIAN_POINT('',(2.501593,52.134337,0.));
#5283 = VECTOR('',#5284,1.);
#5284 = DIRECTION('',(0.995137697729,9.849346454602E-02,0.));
#5285 = ORIENTED_EDGE('',*,*,#5286,.T.);
#5286 = EDGE_CURVE('',#5279,#5287,#5289,.T.);
#5287 = VERTEX_POINT('',#5288);
#5288 = CARTESIAN_POINT('',(16.61622,52.135785,0.));
#5289 = LINE('',#5290,#5291);
#5290 = CARTESIAN_POINT('',(2.516223,52.135785,0.));
#5291 = VECTOR('',#5292,1.);
#5292 = DIRECTION('',(1.,0.,0.));
#5293 = ORIENTED_EDGE('',*,*,#5294,.T.);
#5294 = EDGE_CURVE('',#5287,#5109,#5295,.T.);
#5295 = LINE('',#5296,#5297);
#5296 = CARTESIAN_POINT('',(16.61622,52.135785,0.));
#5297 = VECTOR('',#5298,1.);
#5298 = DIRECTION('',(0.995138357525,-9.848679801056E-02,0.));
#5299 = FACE_BOUND('',#5300,.F.);
#5300 = EDGE_LOOP('',(#5301,#5311,#5319,#5327,#5335,#5343,#5351,#5359,
    #5367,#5375,#5383,#5391,#5399,#5407,#5415,#5423,#5431,#5439,#5447,
    #5455,#5463,#5471,#5479,#5487));
#5301 = ORIENTED_EDGE('',*,*,#5302,.T.);
#5302 = EDGE_CURVE('',#5303,#5305,#5307,.T.);
#5303 = VERTEX_POINT('',#5304);
#5304 = CARTESIAN_POINT('',(54.730851,71.184337,0.));
#5305 = VERTEX_POINT('',#5306);
#5306 = CARTESIAN_POINT('',(54.757902,71.173136,0.));
#5307 = LINE('',#5308,#5309);
#5308 = CARTESIAN_POINT('',(54.730851,71.184337,0.));
#5309 = VECTOR('',#5310,1.);
#5310 = DIRECTION('',(0.923926512664,-0.382569992546,0.));
#5311 = ORIENTED_EDGE('',*,*,#5312,.T.);
#5312 = EDGE_CURVE('',#5305,#5313,#5315,.T.);
#5313 = VERTEX_POINT('',#5314);
#5314 = CARTESIAN_POINT('',(54.778577,71.15246,0.));
#5315 = LINE('',#5316,#5317);
#5316 = CARTESIAN_POINT('',(54.757902,71.173136,0.));
#5317 = VECTOR('',#5318,1.);
#5318 = DIRECTION('',(0.707089680867,-0.707123881093,0.));
#5319 = ORIENTED_EDGE('',*,*,#5320,.T.);
#5320 = EDGE_CURVE('',#5313,#5321,#5323,.T.);
#5321 = VERTEX_POINT('',#5322);
#5322 = CARTESIAN_POINT('',(54.789779,71.125409,0.));
#5323 = LINE('',#5324,#5325);
#5324 = CARTESIAN_POINT('',(54.778577,71.15246,0.));
#5325 = VECTOR('',#5326,1.);
#5326 = DIRECTION('',(0.382599148043,-0.923914439717,0.));
#5327 = ORIENTED_EDGE('',*,*,#5328,.T.);
#5328 = EDGE_CURVE('',#5321,#5329,#5331,.T.);
#5329 = VERTEX_POINT('',#5330);
#5330 = CARTESIAN_POINT('',(54.791226,71.110779,0.));
#5331 = LINE('',#5332,#5333);
#5332 = CARTESIAN_POINT('',(54.789779,71.125409,0.));
#5333 = VECTOR('',#5334,1.);
#5334 = DIRECTION('',(9.842610338374E-02,-0.995144362478,0.));
#5335 = ORIENTED_EDGE('',*,*,#5336,.T.);
#5336 = EDGE_CURVE('',#5329,#5337,#5339,.T.);
#5337 = VERTEX_POINT('',#5338);
#5338 = CARTESIAN_POINT('',(54.791226,57.010782,0.));
#5339 = LINE('',#5340,#5341);
#5340 = CARTESIAN_POINT('',(54.791226,71.110779,0.));
#5341 = VECTOR('',#5342,1.);
#5342 = DIRECTION('',(0.,-1.,0.));
#5343 = ORIENTED_EDGE('',*,*,#5344,.T.);
#5344 = EDGE_CURVE('',#5337,#5345,#5347,.T.);
#5345 = VERTEX_POINT('',#5346);
#5346 = CARTESIAN_POINT('',(54.789779,56.996151,0.));
#5347 = LINE('',#5348,#5349);
#5348 = CARTESIAN_POINT('',(54.791226,57.010782,0.));
#5349 = VECTOR('',#5350,1.);
#5350 = DIRECTION('',(-9.841944131848E-02,-0.995145021377,0.));
#5351 = ORIENTED_EDGE('',*,*,#5352,.T.);
#5352 = EDGE_CURVE('',#5345,#5353,#5355,.T.);
#5353 = VERTEX_POINT('',#5354);
#5354 = CARTESIAN_POINT('',(54.778577,56.9691,0.));
#5355 = LINE('',#5356,#5357);
#5356 = CARTESIAN_POINT('',(54.789779,56.996151,0.));
#5357 = VECTOR('',#5358,1.);
#5358 = DIRECTION('',(-0.382599148043,-0.923914439717,0.));
#5359 = ORIENTED_EDGE('',*,*,#5360,.T.);
#5360 = EDGE_CURVE('',#5353,#5361,#5363,.T.);
#5361 = VERTEX_POINT('',#5362);
#5362 = CARTESIAN_POINT('',(54.757902,56.948425,0.));
#5363 = LINE('',#5364,#5365);
#5364 = CARTESIAN_POINT('',(54.778577,56.9691,0.));
#5365 = VECTOR('',#5366,1.);
#5366 = DIRECTION('',(-0.707106781187,-0.707106781187,0.));
#5367 = ORIENTED_EDGE('',*,*,#5368,.T.);
#5368 = EDGE_CURVE('',#5361,#5369,#5371,.T.);
#5369 = VERTEX_POINT('',#5370);
#5370 = CARTESIAN_POINT('',(54.730851,56.937223,0.));
#5371 = LINE('',#5372,#5373);
#5372 = CARTESIAN_POINT('',(54.757902,56.948425,0.));
#5373 = VECTOR('',#5374,1.);
#5374 = DIRECTION('',(-0.923914439717,-0.382599148043,0.));
#5375 = ORIENTED_EDGE('',*,*,#5376,.T.);
#5376 = EDGE_CURVE('',#5369,#5377,#5379,.T.);
#5377 = VERTEX_POINT('',#5378);
#5378 = CARTESIAN_POINT('',(54.71622,56.935776,0.));
#5379 = LINE('',#5380,#5381);
#5380 = CARTESIAN_POINT('',(54.730851,56.937223,0.));
#5381 = VECTOR('',#5382,1.);
#5382 = DIRECTION('',(-0.995145021377,-9.841944131895E-02,0.));
#5383 = ORIENTED_EDGE('',*,*,#5384,.T.);
#5384 = EDGE_CURVE('',#5377,#5385,#5387,.T.);
#5385 = VERTEX_POINT('',#5386);
#5386 = CARTESIAN_POINT('',(40.616223,56.935776,0.));
#5387 = LINE('',#5388,#5389);
#5388 = CARTESIAN_POINT('',(54.71622,56.935776,0.));
#5389 = VECTOR('',#5390,1.);
#5390 = DIRECTION('',(-1.,0.,0.));
#5391 = ORIENTED_EDGE('',*,*,#5392,.T.);
#5392 = EDGE_CURVE('',#5385,#5393,#5395,.T.);
#5393 = VERTEX_POINT('',#5394);
#5394 = CARTESIAN_POINT('',(40.601593,56.937223,0.));
#5395 = LINE('',#5396,#5397);
#5396 = CARTESIAN_POINT('',(40.616223,56.935776,0.));
#5397 = VECTOR('',#5398,1.);
#5398 = DIRECTION('',(-0.995144362478,9.842610338432E-02,0.));
#5399 = ORIENTED_EDGE('',*,*,#5400,.T.);
#5400 = EDGE_CURVE('',#5393,#5401,#5403,.T.);
#5401 = VERTEX_POINT('',#5402);
#5402 = CARTESIAN_POINT('',(40.574542,56.948425,0.));
#5403 = LINE('',#5404,#5405);
#5404 = CARTESIAN_POINT('',(40.601593,56.937223,0.));
#5405 = VECTOR('',#5406,1.);
#5406 = DIRECTION('',(-0.923914439717,0.382599148043,0.));
#5407 = ORIENTED_EDGE('',*,*,#5408,.T.);
#5408 = EDGE_CURVE('',#5401,#5409,#5411,.T.);
#5409 = VERTEX_POINT('',#5410);
#5410 = CARTESIAN_POINT('',(40.553866,56.9691,0.));
#5411 = LINE('',#5412,#5413);
#5412 = CARTESIAN_POINT('',(40.574542,56.948425,0.));
#5413 = VECTOR('',#5414,1.);
#5414 = DIRECTION('',(-0.707123881093,0.707089680867,0.));
#5415 = ORIENTED_EDGE('',*,*,#5416,.T.);
#5416 = EDGE_CURVE('',#5409,#5417,#5419,.T.);
#5417 = VERTEX_POINT('',#5418);
#5418 = CARTESIAN_POINT('',(40.542665,56.996151,0.));
#5419 = LINE('',#5420,#5421);
#5420 = CARTESIAN_POINT('',(40.553866,56.9691,0.));
#5421 = VECTOR('',#5422,1.);
#5422 = DIRECTION('',(-0.382569992546,0.923926512664,0.));
#5423 = ORIENTED_EDGE('',*,*,#5424,.T.);
#5424 = EDGE_CURVE('',#5417,#5425,#5427,.T.);
#5425 = VERTEX_POINT('',#5426);
#5426 = CARTESIAN_POINT('',(40.541217,57.010782,0.));
#5427 = LINE('',#5428,#5429);
#5428 = CARTESIAN_POINT('',(40.542665,56.996151,0.));
#5429 = VECTOR('',#5430,1.);
#5430 = DIRECTION('',(-9.848679801056E-02,0.995138357525,0.));
#5431 = ORIENTED_EDGE('',*,*,#5432,.T.);
#5432 = EDGE_CURVE('',#5425,#5433,#5435,.T.);
#5433 = VERTEX_POINT('',#5434);
#5434 = CARTESIAN_POINT('',(40.541217,71.110779,0.));
#5435 = LINE('',#5436,#5437);
#5436 = CARTESIAN_POINT('',(40.541217,57.010782,0.));
#5437 = VECTOR('',#5438,1.);
#5438 = DIRECTION('',(0.,1.,0.));
#5439 = ORIENTED_EDGE('',*,*,#5440,.T.);
#5440 = EDGE_CURVE('',#5433,#5441,#5443,.T.);
#5441 = VERTEX_POINT('',#5442);
#5442 = CARTESIAN_POINT('',(40.542665,71.125409,0.));
#5443 = LINE('',#5444,#5445);
#5444 = CARTESIAN_POINT('',(40.541217,71.110779,0.));
#5445 = VECTOR('',#5446,1.);
#5446 = DIRECTION('',(9.849346454594E-02,0.995137697729,0.));
#5447 = ORIENTED_EDGE('',*,*,#5448,.T.);
#5448 = EDGE_CURVE('',#5441,#5449,#5451,.T.);
#5449 = VERTEX_POINT('',#5450);
#5450 = CARTESIAN_POINT('',(40.553866,71.15246,0.));
#5451 = LINE('',#5452,#5453);
#5452 = CARTESIAN_POINT('',(40.542665,71.125409,0.));
#5453 = VECTOR('',#5454,1.);
#5454 = DIRECTION('',(0.382569992546,0.923926512664,0.));
#5455 = ORIENTED_EDGE('',*,*,#5456,.T.);
#5456 = EDGE_CURVE('',#5449,#5457,#5459,.T.);
#5457 = VERTEX_POINT('',#5458);
#5458 = CARTESIAN_POINT('',(40.574542,71.173136,0.));
#5459 = LINE('',#5460,#5461);
#5460 = CARTESIAN_POINT('',(40.553866,71.15246,0.));
#5461 = VECTOR('',#5462,1.);
#5462 = DIRECTION('',(0.707106781187,0.707106781186,0.));
#5463 = ORIENTED_EDGE('',*,*,#5464,.T.);
#5464 = EDGE_CURVE('',#5457,#5465,#5467,.T.);
#5465 = VERTEX_POINT('',#5466);
#5466 = CARTESIAN_POINT('',(40.601593,71.184337,0.));
#5467 = LINE('',#5468,#5469);
#5468 = CARTESIAN_POINT('',(40.574542,71.173136,0.));
#5469 = VECTOR('',#5470,1.);
#5470 = DIRECTION('',(0.923926512664,0.382569992546,0.));
#5471 = ORIENTED_EDGE('',*,*,#5472,.T.);
#5472 = EDGE_CURVE('',#5465,#5473,#5475,.T.);
#5473 = VERTEX_POINT('',#5474);
#5474 = CARTESIAN_POINT('',(40.616223,71.185785,0.));
#5475 = LINE('',#5476,#5477);
#5476 = CARTESIAN_POINT('',(40.601593,71.184337,0.));
#5477 = VECTOR('',#5478,1.);
#5478 = DIRECTION('',(0.995137697729,9.849346454604E-02,0.));
#5479 = ORIENTED_EDGE('',*,*,#5480,.T.);
#5480 = EDGE_CURVE('',#5473,#5481,#5483,.T.);
#5481 = VERTEX_POINT('',#5482);
#5482 = CARTESIAN_POINT('',(54.71622,71.185785,0.));
#5483 = LINE('',#5484,#5485);
#5484 = CARTESIAN_POINT('',(40.616223,71.185785,0.));
#5485 = VECTOR('',#5486,1.);
#5486 = DIRECTION('',(1.,0.,0.));
#5487 = ORIENTED_EDGE('',*,*,#5488,.T.);
#5488 = EDGE_CURVE('',#5481,#5303,#5489,.T.);
#5489 = LINE('',#5490,#5491);
#5490 = CARTESIAN_POINT('',(54.71622,71.185785,0.));
#5491 = VECTOR('',#5492,1.);
#5492 = DIRECTION('',(0.995138357525,-9.848679801056E-02,0.));
#5493 = FACE_BOUND('',#5494,.F.);
#5494 = EDGE_LOOP('',(#5495,#5505,#5513,#5521,#5529,#5537,#5545,#5553,
    #5561,#5569,#5577,#5585,#5593,#5601,#5609,#5617,#5625,#5633,#5641,
    #5649,#5657,#5665,#5673,#5681));
#5495 = ORIENTED_EDGE('',*,*,#5496,.T.);
#5496 = EDGE_CURVE('',#5497,#5499,#5501,.T.);
#5497 = VERTEX_POINT('',#5498);
#5498 = CARTESIAN_POINT('',(35.680851,71.184337,0.));
#5499 = VERTEX_POINT('',#5500);
#5500 = CARTESIAN_POINT('',(35.707902,71.173136,0.));
#5501 = LINE('',#5502,#5503);
#5502 = CARTESIAN_POINT('',(35.680851,71.184337,0.));
#5503 = VECTOR('',#5504,1.);
#5504 = DIRECTION('',(0.923926512664,-0.382569992546,0.));
#5505 = ORIENTED_EDGE('',*,*,#5506,.T.);
#5506 = EDGE_CURVE('',#5499,#5507,#5509,.T.);
#5507 = VERTEX_POINT('',#5508);
#5508 = CARTESIAN_POINT('',(35.728577,71.15246,0.));
#5509 = LINE('',#5510,#5511);
#5510 = CARTESIAN_POINT('',(35.707902,71.173136,0.));
#5511 = VECTOR('',#5512,1.);
#5512 = DIRECTION('',(0.707089680867,-0.707123881093,0.));
#5513 = ORIENTED_EDGE('',*,*,#5514,.T.);
#5514 = EDGE_CURVE('',#5507,#5515,#5517,.T.);
#5515 = VERTEX_POINT('',#5516);
#5516 = CARTESIAN_POINT('',(35.739779,71.125409,0.));
#5517 = LINE('',#5518,#5519);
#5518 = CARTESIAN_POINT('',(35.728577,71.15246,0.));
#5519 = VECTOR('',#5520,1.);
#5520 = DIRECTION('',(0.382599148043,-0.923914439717,0.));
#5521 = ORIENTED_EDGE('',*,*,#5522,.T.);
#5522 = EDGE_CURVE('',#5515,#5523,#5525,.T.);
#5523 = VERTEX_POINT('',#5524);
#5524 = CARTESIAN_POINT('',(35.741226,71.110779,0.));
#5525 = LINE('',#5526,#5527);
#5526 = CARTESIAN_POINT('',(35.739779,71.125409,0.));
#5527 = VECTOR('',#5528,1.);
#5528 = DIRECTION('',(9.842610338374E-02,-0.995144362478,0.));
#5529 = ORIENTED_EDGE('',*,*,#5530,.T.);
#5530 = EDGE_CURVE('',#5523,#5531,#5533,.T.);
#5531 = VERTEX_POINT('',#5532);
#5532 = CARTESIAN_POINT('',(35.741226,57.010782,0.));
#5533 = LINE('',#5534,#5535);
#5534 = CARTESIAN_POINT('',(35.741226,71.110779,0.));
#5535 = VECTOR('',#5536,1.);
#5536 = DIRECTION('',(0.,-1.,0.));
#5537 = ORIENTED_EDGE('',*,*,#5538,.T.);
#5538 = EDGE_CURVE('',#5531,#5539,#5541,.T.);
#5539 = VERTEX_POINT('',#5540);
#5540 = CARTESIAN_POINT('',(35.739779,56.996151,0.));
#5541 = LINE('',#5542,#5543);
#5542 = CARTESIAN_POINT('',(35.741226,57.010782,0.));
#5543 = VECTOR('',#5544,1.);
#5544 = DIRECTION('',(-9.841944131848E-02,-0.995145021377,0.));
#5545 = ORIENTED_EDGE('',*,*,#5546,.T.);
#5546 = EDGE_CURVE('',#5539,#5547,#5549,.T.);
#5547 = VERTEX_POINT('',#5548);
#5548 = CARTESIAN_POINT('',(35.728577,56.9691,0.));
#5549 = LINE('',#5550,#5551);
#5550 = CARTESIAN_POINT('',(35.739779,56.996151,0.));
#5551 = VECTOR('',#5552,1.);
#5552 = DIRECTION('',(-0.382599148043,-0.923914439717,0.));
#5553 = ORIENTED_EDGE('',*,*,#5554,.T.);
#5554 = EDGE_CURVE('',#5547,#5555,#5557,.T.);
#5555 = VERTEX_POINT('',#5556);
#5556 = CARTESIAN_POINT('',(35.707902,56.948425,0.));
#5557 = LINE('',#5558,#5559);
#5558 = CARTESIAN_POINT('',(35.728577,56.9691,0.));
#5559 = VECTOR('',#5560,1.);
#5560 = DIRECTION('',(-0.707106781187,-0.707106781186,0.));
#5561 = ORIENTED_EDGE('',*,*,#5562,.T.);
#5562 = EDGE_CURVE('',#5555,#5563,#5565,.T.);
#5563 = VERTEX_POINT('',#5564);
#5564 = CARTESIAN_POINT('',(35.680851,56.937223,0.));
#5565 = LINE('',#5566,#5567);
#5566 = CARTESIAN_POINT('',(35.707902,56.948425,0.));
#5567 = VECTOR('',#5568,1.);
#5568 = DIRECTION('',(-0.923914439717,-0.382599148043,0.));
#5569 = ORIENTED_EDGE('',*,*,#5570,.T.);
#5570 = EDGE_CURVE('',#5563,#5571,#5573,.T.);
#5571 = VERTEX_POINT('',#5572);
#5572 = CARTESIAN_POINT('',(35.66622,56.935776,0.));
#5573 = LINE('',#5574,#5575);
#5574 = CARTESIAN_POINT('',(35.680851,56.937223,0.));
#5575 = VECTOR('',#5576,1.);
#5576 = DIRECTION('',(-0.995145021377,-9.8419441319E-02,0.));
#5577 = ORIENTED_EDGE('',*,*,#5578,.T.);
#5578 = EDGE_CURVE('',#5571,#5579,#5581,.T.);
#5579 = VERTEX_POINT('',#5580);
#5580 = CARTESIAN_POINT('',(21.566223,56.935776,0.));
#5581 = LINE('',#5582,#5583);
#5582 = CARTESIAN_POINT('',(35.66622,56.935776,0.));
#5583 = VECTOR('',#5584,1.);
#5584 = DIRECTION('',(-1.,0.,0.));
#5585 = ORIENTED_EDGE('',*,*,#5586,.T.);
#5586 = EDGE_CURVE('',#5579,#5587,#5589,.T.);
#5587 = VERTEX_POINT('',#5588);
#5588 = CARTESIAN_POINT('',(21.551593,56.937223,0.));
#5589 = LINE('',#5590,#5591);
#5590 = CARTESIAN_POINT('',(21.566223,56.935776,0.));
#5591 = VECTOR('',#5592,1.);
#5592 = DIRECTION('',(-0.995144362478,9.842610338429E-02,0.));
#5593 = ORIENTED_EDGE('',*,*,#5594,.T.);
#5594 = EDGE_CURVE('',#5587,#5595,#5597,.T.);
#5595 = VERTEX_POINT('',#5596);
#5596 = CARTESIAN_POINT('',(21.524542,56.948425,0.));
#5597 = LINE('',#5598,#5599);
#5598 = CARTESIAN_POINT('',(21.551593,56.937223,0.));
#5599 = VECTOR('',#5600,1.);
#5600 = DIRECTION('',(-0.923914439717,0.382599148043,0.));
#5601 = ORIENTED_EDGE('',*,*,#5602,.T.);
#5602 = EDGE_CURVE('',#5595,#5603,#5605,.T.);
#5603 = VERTEX_POINT('',#5604);
#5604 = CARTESIAN_POINT('',(21.503866,56.9691,0.));
#5605 = LINE('',#5606,#5607);
#5606 = CARTESIAN_POINT('',(21.524542,56.948425,0.));
#5607 = VECTOR('',#5608,1.);
#5608 = DIRECTION('',(-0.707123881093,0.707089680867,0.));
#5609 = ORIENTED_EDGE('',*,*,#5610,.T.);
#5610 = EDGE_CURVE('',#5603,#5611,#5613,.T.);
#5611 = VERTEX_POINT('',#5612);
#5612 = CARTESIAN_POINT('',(21.492665,56.996151,0.));
#5613 = LINE('',#5614,#5615);
#5614 = CARTESIAN_POINT('',(21.503866,56.9691,0.));
#5615 = VECTOR('',#5616,1.);
#5616 = DIRECTION('',(-0.382569992546,0.923926512664,0.));
#5617 = ORIENTED_EDGE('',*,*,#5618,.T.);
#5618 = EDGE_CURVE('',#5611,#5619,#5621,.T.);
#5619 = VERTEX_POINT('',#5620);
#5620 = CARTESIAN_POINT('',(21.491217,57.010782,0.));
#5621 = LINE('',#5622,#5623);
#5622 = CARTESIAN_POINT('',(21.492665,56.996151,0.));
#5623 = VECTOR('',#5624,1.);
#5624 = DIRECTION('',(-9.84867980108E-02,0.995138357525,0.));
#5625 = ORIENTED_EDGE('',*,*,#5626,.T.);
#5626 = EDGE_CURVE('',#5619,#5627,#5629,.T.);
#5627 = VERTEX_POINT('',#5628);
#5628 = CARTESIAN_POINT('',(21.491217,71.110779,0.));
#5629 = LINE('',#5630,#5631);
#5630 = CARTESIAN_POINT('',(21.491217,57.010782,0.));
#5631 = VECTOR('',#5632,1.);
#5632 = DIRECTION('',(0.,1.,0.));
#5633 = ORIENTED_EDGE('',*,*,#5634,.T.);
#5634 = EDGE_CURVE('',#5627,#5635,#5637,.T.);
#5635 = VERTEX_POINT('',#5636);
#5636 = CARTESIAN_POINT('',(21.492665,71.125409,0.));
#5637 = LINE('',#5638,#5639);
#5638 = CARTESIAN_POINT('',(21.491217,71.110779,0.));
#5639 = VECTOR('',#5640,1.);
#5640 = DIRECTION('',(9.849346454618E-02,0.995137697729,0.));
#5641 = ORIENTED_EDGE('',*,*,#5642,.T.);
#5642 = EDGE_CURVE('',#5635,#5643,#5645,.T.);
#5643 = VERTEX_POINT('',#5644);
#5644 = CARTESIAN_POINT('',(21.503866,71.15246,0.));
#5645 = LINE('',#5646,#5647);
#5646 = CARTESIAN_POINT('',(21.492665,71.125409,0.));
#5647 = VECTOR('',#5648,1.);
#5648 = DIRECTION('',(0.382569992546,0.923926512664,0.));
#5649 = ORIENTED_EDGE('',*,*,#5650,.T.);
#5650 = EDGE_CURVE('',#5643,#5651,#5653,.T.);
#5651 = VERTEX_POINT('',#5652);
#5652 = CARTESIAN_POINT('',(21.524542,71.173136,0.));
#5653 = LINE('',#5654,#5655);
#5654 = CARTESIAN_POINT('',(21.503866,71.15246,0.));
#5655 = VECTOR('',#5656,1.);
#5656 = DIRECTION('',(0.707106781187,0.707106781186,0.));
#5657 = ORIENTED_EDGE('',*,*,#5658,.T.);
#5658 = EDGE_CURVE('',#5651,#5659,#5661,.T.);
#5659 = VERTEX_POINT('',#5660);
#5660 = CARTESIAN_POINT('',(21.551593,71.184337,0.));
#5661 = LINE('',#5662,#5663);
#5662 = CARTESIAN_POINT('',(21.524542,71.173136,0.));
#5663 = VECTOR('',#5664,1.);
#5664 = DIRECTION('',(0.923926512664,0.382569992546,0.));
#5665 = ORIENTED_EDGE('',*,*,#5666,.T.);
#5666 = EDGE_CURVE('',#5659,#5667,#5669,.T.);
#5667 = VERTEX_POINT('',#5668);
#5668 = CARTESIAN_POINT('',(21.566223,71.185785,0.));
#5669 = LINE('',#5670,#5671);
#5670 = CARTESIAN_POINT('',(21.551593,71.184337,0.));
#5671 = VECTOR('',#5672,1.);
#5672 = DIRECTION('',(0.995137697729,9.849346454601E-02,0.));
#5673 = ORIENTED_EDGE('',*,*,#5674,.T.);
#5674 = EDGE_CURVE('',#5667,#5675,#5677,.T.);
#5675 = VERTEX_POINT('',#5676);
#5676 = CARTESIAN_POINT('',(35.66622,71.185785,0.));
#5677 = LINE('',#5678,#5679);
#5678 = CARTESIAN_POINT('',(21.566223,71.185785,0.));
#5679 = VECTOR('',#5680,1.);
#5680 = DIRECTION('',(1.,0.,0.));
#5681 = ORIENTED_EDGE('',*,*,#5682,.T.);
#5682 = EDGE_CURVE('',#5675,#5497,#5683,.T.);
#5683 = LINE('',#5684,#5685);
#5684 = CARTESIAN_POINT('',(35.66622,71.185785,0.));
#5685 = VECTOR('',#5686,1.);
#5686 = DIRECTION('',(0.995138357525,-9.848679801061E-02,0.));
#5687 = FACE_BOUND('',#5688,.F.);
#5688 = EDGE_LOOP('',(#5689,#5699,#5707,#5715,#5723,#5731,#5739,#5747,
    #5755,#5763,#5771,#5779,#5787,#5795,#5803,#5811,#5819,#5827,#5835,
    #5843,#5851,#5859,#5867,#5875));
#5689 = ORIENTED_EDGE('',*,*,#5690,.T.);
#5690 = EDGE_CURVE('',#5691,#5693,#5695,.T.);
#5691 = VERTEX_POINT('',#5692);
#5692 = CARTESIAN_POINT('',(54.730851,52.134337,0.));
#5693 = VERTEX_POINT('',#5694);
#5694 = CARTESIAN_POINT('',(54.757902,52.123136,0.));
#5695 = LINE('',#5696,#5697);
#5696 = CARTESIAN_POINT('',(54.730851,52.134337,0.));
#5697 = VECTOR('',#5698,1.);
#5698 = DIRECTION('',(0.923926512664,-0.382569992546,0.));
#5699 = ORIENTED_EDGE('',*,*,#5700,.T.);
#5700 = EDGE_CURVE('',#5693,#5701,#5703,.T.);
#5701 = VERTEX_POINT('',#5702);
#5702 = CARTESIAN_POINT('',(54.778577,52.10246,0.));
#5703 = LINE('',#5704,#5705);
#5704 = CARTESIAN_POINT('',(54.757902,52.123136,0.));
#5705 = VECTOR('',#5706,1.);
#5706 = DIRECTION('',(0.707089680867,-0.707123881093,0.));
#5707 = ORIENTED_EDGE('',*,*,#5708,.T.);
#5708 = EDGE_CURVE('',#5701,#5709,#5711,.T.);
#5709 = VERTEX_POINT('',#5710);
#5710 = CARTESIAN_POINT('',(54.789779,52.075409,0.));
#5711 = LINE('',#5712,#5713);
#5712 = CARTESIAN_POINT('',(54.778577,52.10246,0.));
#5713 = VECTOR('',#5714,1.);
#5714 = DIRECTION('',(0.382599148043,-0.923914439717,0.));
#5715 = ORIENTED_EDGE('',*,*,#5716,.T.);
#5716 = EDGE_CURVE('',#5709,#5717,#5719,.T.);
#5717 = VERTEX_POINT('',#5718);
#5718 = CARTESIAN_POINT('',(54.791226,52.060779,0.));
#5719 = LINE('',#5720,#5721);
#5720 = CARTESIAN_POINT('',(54.789779,52.075409,0.));
#5721 = VECTOR('',#5722,1.);
#5722 = DIRECTION('',(9.842610338379E-02,-0.995144362478,0.));
#5723 = ORIENTED_EDGE('',*,*,#5724,.T.);
#5724 = EDGE_CURVE('',#5717,#5725,#5727,.T.);
#5725 = VERTEX_POINT('',#5726);
#5726 = CARTESIAN_POINT('',(54.791226,37.960782,0.));
#5727 = LINE('',#5728,#5729);
#5728 = CARTESIAN_POINT('',(54.791226,52.060779,0.));
#5729 = VECTOR('',#5730,1.);
#5730 = DIRECTION('',(0.,-1.,0.));
#5731 = ORIENTED_EDGE('',*,*,#5732,.T.);
#5732 = EDGE_CURVE('',#5725,#5733,#5735,.T.);
#5733 = VERTEX_POINT('',#5734);
#5734 = CARTESIAN_POINT('',(54.789779,37.946151,0.));
#5735 = LINE('',#5736,#5737);
#5736 = CARTESIAN_POINT('',(54.791226,37.960782,0.));
#5737 = VECTOR('',#5738,1.);
#5738 = DIRECTION('',(-9.841944131848E-02,-0.995145021377,0.));
#5739 = ORIENTED_EDGE('',*,*,#5740,.T.);
#5740 = EDGE_CURVE('',#5733,#5741,#5743,.T.);
#5741 = VERTEX_POINT('',#5742);
#5742 = CARTESIAN_POINT('',(54.778577,37.9191,0.));
#5743 = LINE('',#5744,#5745);
#5744 = CARTESIAN_POINT('',(54.789779,37.946151,0.));
#5745 = VECTOR('',#5746,1.);
#5746 = DIRECTION('',(-0.382599148043,-0.923914439717,0.));
#5747 = ORIENTED_EDGE('',*,*,#5748,.T.);
#5748 = EDGE_CURVE('',#5741,#5749,#5751,.T.);
#5749 = VERTEX_POINT('',#5750);
#5750 = CARTESIAN_POINT('',(54.757902,37.898425,0.));
#5751 = LINE('',#5752,#5753);
#5752 = CARTESIAN_POINT('',(54.778577,37.9191,0.));
#5753 = VECTOR('',#5754,1.);
#5754 = DIRECTION('',(-0.707106781187,-0.707106781187,0.));
#5755 = ORIENTED_EDGE('',*,*,#5756,.T.);
#5756 = EDGE_CURVE('',#5749,#5757,#5759,.T.);
#5757 = VERTEX_POINT('',#5758);
#5758 = CARTESIAN_POINT('',(54.730851,37.887223,0.));
#5759 = LINE('',#5760,#5761);
#5760 = CARTESIAN_POINT('',(54.757902,37.898425,0.));
#5761 = VECTOR('',#5762,1.);
#5762 = DIRECTION('',(-0.923914439717,-0.382599148043,0.));
#5763 = ORIENTED_EDGE('',*,*,#5764,.T.);
#5764 = EDGE_CURVE('',#5757,#5765,#5767,.T.);
#5765 = VERTEX_POINT('',#5766);
#5766 = CARTESIAN_POINT('',(54.71622,37.885776,0.));
#5767 = LINE('',#5768,#5769);
#5768 = CARTESIAN_POINT('',(54.730851,37.887223,0.));
#5769 = VECTOR('',#5770,1.);
#5770 = DIRECTION('',(-0.995145021377,-9.841944131848E-02,0.));
#5771 = ORIENTED_EDGE('',*,*,#5772,.T.);
#5772 = EDGE_CURVE('',#5765,#5773,#5775,.T.);
#5773 = VERTEX_POINT('',#5774);
#5774 = CARTESIAN_POINT('',(40.616223,37.885776,0.));
#5775 = LINE('',#5776,#5777);
#5776 = CARTESIAN_POINT('',(54.71622,37.885776,0.));
#5777 = VECTOR('',#5778,1.);
#5778 = DIRECTION('',(-1.,0.,0.));
#5779 = ORIENTED_EDGE('',*,*,#5780,.T.);
#5780 = EDGE_CURVE('',#5773,#5781,#5783,.T.);
#5781 = VERTEX_POINT('',#5782);
#5782 = CARTESIAN_POINT('',(40.601593,37.887223,0.));
#5783 = LINE('',#5784,#5785);
#5784 = CARTESIAN_POINT('',(40.616223,37.885776,0.));
#5785 = VECTOR('',#5786,1.);
#5786 = DIRECTION('',(-0.995144362478,9.842610338384E-02,0.));
#5787 = ORIENTED_EDGE('',*,*,#5788,.T.);
#5788 = EDGE_CURVE('',#5781,#5789,#5791,.T.);
#5789 = VERTEX_POINT('',#5790);
#5790 = CARTESIAN_POINT('',(40.574542,37.898425,0.));
#5791 = LINE('',#5792,#5793);
#5792 = CARTESIAN_POINT('',(40.601593,37.887223,0.));
#5793 = VECTOR('',#5794,1.);
#5794 = DIRECTION('',(-0.923914439717,0.382599148043,0.));
#5795 = ORIENTED_EDGE('',*,*,#5796,.T.);
#5796 = EDGE_CURVE('',#5789,#5797,#5799,.T.);
#5797 = VERTEX_POINT('',#5798);
#5798 = CARTESIAN_POINT('',(40.553866,37.9191,0.));
#5799 = LINE('',#5800,#5801);
#5800 = CARTESIAN_POINT('',(40.574542,37.898425,0.));
#5801 = VECTOR('',#5802,1.);
#5802 = DIRECTION('',(-0.707123881093,0.707089680867,0.));
#5803 = ORIENTED_EDGE('',*,*,#5804,.T.);
#5804 = EDGE_CURVE('',#5797,#5805,#5807,.T.);
#5805 = VERTEX_POINT('',#5806);
#5806 = CARTESIAN_POINT('',(40.542665,37.946151,0.));
#5807 = LINE('',#5808,#5809);
#5808 = CARTESIAN_POINT('',(40.553866,37.9191,0.));
#5809 = VECTOR('',#5810,1.);
#5810 = DIRECTION('',(-0.382569992546,0.923926512664,0.));
#5811 = ORIENTED_EDGE('',*,*,#5812,.T.);
#5812 = EDGE_CURVE('',#5805,#5813,#5815,.T.);
#5813 = VERTEX_POINT('',#5814);
#5814 = CARTESIAN_POINT('',(40.541217,37.960782,0.));
#5815 = LINE('',#5816,#5817);
#5816 = CARTESIAN_POINT('',(40.542665,37.946151,0.));
#5817 = VECTOR('',#5818,1.);
#5818 = DIRECTION('',(-9.848679801056E-02,0.995138357525,0.));
#5819 = ORIENTED_EDGE('',*,*,#5820,.T.);
#5820 = EDGE_CURVE('',#5813,#5821,#5823,.T.);
#5821 = VERTEX_POINT('',#5822);
#5822 = CARTESIAN_POINT('',(40.541217,52.060779,0.));
#5823 = LINE('',#5824,#5825);
#5824 = CARTESIAN_POINT('',(40.541217,37.960782,0.));
#5825 = VECTOR('',#5826,1.);
#5826 = DIRECTION('',(0.,1.,0.));
#5827 = ORIENTED_EDGE('',*,*,#5828,.T.);
#5828 = EDGE_CURVE('',#5821,#5829,#5831,.T.);
#5829 = VERTEX_POINT('',#5830);
#5830 = CARTESIAN_POINT('',(40.542665,52.075409,0.));
#5831 = LINE('',#5832,#5833);
#5832 = CARTESIAN_POINT('',(40.541217,52.060779,0.));
#5833 = VECTOR('',#5834,1.);
#5834 = DIRECTION('',(9.849346454599E-02,0.995137697729,0.));
#5835 = ORIENTED_EDGE('',*,*,#5836,.T.);
#5836 = EDGE_CURVE('',#5829,#5837,#5839,.T.);
#5837 = VERTEX_POINT('',#5838);
#5838 = CARTESIAN_POINT('',(40.553866,52.10246,0.));
#5839 = LINE('',#5840,#5841);
#5840 = CARTESIAN_POINT('',(40.542665,52.075409,0.));
#5841 = VECTOR('',#5842,1.);
#5842 = DIRECTION('',(0.382569992546,0.923926512664,0.));
#5843 = ORIENTED_EDGE('',*,*,#5844,.T.);
#5844 = EDGE_CURVE('',#5837,#5845,#5847,.T.);
#5845 = VERTEX_POINT('',#5846);
#5846 = CARTESIAN_POINT('',(40.574542,52.123136,0.));
#5847 = LINE('',#5848,#5849);
#5848 = CARTESIAN_POINT('',(40.553866,52.10246,0.));
#5849 = VECTOR('',#5850,1.);
#5850 = DIRECTION('',(0.707106781187,0.707106781187,0.));
#5851 = ORIENTED_EDGE('',*,*,#5852,.T.);
#5852 = EDGE_CURVE('',#5845,#5853,#5855,.T.);
#5853 = VERTEX_POINT('',#5854);
#5854 = CARTESIAN_POINT('',(40.601593,52.134337,0.));
#5855 = LINE('',#5856,#5857);
#5856 = CARTESIAN_POINT('',(40.574542,52.123136,0.));
#5857 = VECTOR('',#5858,1.);
#5858 = DIRECTION('',(0.923926512664,0.382569992546,0.));
#5859 = ORIENTED_EDGE('',*,*,#5860,.T.);
#5860 = EDGE_CURVE('',#5853,#5861,#5863,.T.);
#5861 = VERTEX_POINT('',#5862);
#5862 = CARTESIAN_POINT('',(40.616223,52.135785,0.));
#5863 = LINE('',#5864,#5865);
#5864 = CARTESIAN_POINT('',(40.601593,52.134337,0.));
#5865 = VECTOR('',#5866,1.);
#5866 = DIRECTION('',(0.995137697729,9.849346454604E-02,0.));
#5867 = ORIENTED_EDGE('',*,*,#5868,.T.);
#5868 = EDGE_CURVE('',#5861,#5869,#5871,.T.);
#5869 = VERTEX_POINT('',#5870);
#5870 = CARTESIAN_POINT('',(54.71622,52.135785,0.));
#5871 = LINE('',#5872,#5873);
#5872 = CARTESIAN_POINT('',(40.616223,52.135785,0.));
#5873 = VECTOR('',#5874,1.);
#5874 = DIRECTION('',(1.,0.,0.));
#5875 = ORIENTED_EDGE('',*,*,#5876,.T.);
#5876 = EDGE_CURVE('',#5869,#5691,#5877,.T.);
#5877 = LINE('',#5878,#5879);
#5878 = CARTESIAN_POINT('',(54.71622,52.135785,0.));
#5879 = VECTOR('',#5880,1.);
#5880 = DIRECTION('',(0.995138357525,-9.848679801056E-02,0.));
#5881 = FACE_BOUND('',#5882,.F.);
#5882 = EDGE_LOOP('',(#5883,#5893,#5901,#5909,#5917,#5925,#5933,#5941,
    #5949,#5957,#5965,#5973,#5981,#5989,#5997,#6005,#6013,#6021,#6029,
    #6037,#6045,#6053,#6061,#6069));
#5883 = ORIENTED_EDGE('',*,*,#5884,.T.);
#5884 = EDGE_CURVE('',#5885,#5887,#5889,.T.);
#5885 = VERTEX_POINT('',#5886);
#5886 = CARTESIAN_POINT('',(35.680851,52.134337,0.));
#5887 = VERTEX_POINT('',#5888);
#5888 = CARTESIAN_POINT('',(35.707902,52.123136,0.));
#5889 = LINE('',#5890,#5891);
#5890 = CARTESIAN_POINT('',(35.680851,52.134337,0.));
#5891 = VECTOR('',#5892,1.);
#5892 = DIRECTION('',(0.923926512664,-0.382569992546,0.));
#5893 = ORIENTED_EDGE('',*,*,#5894,.T.);
#5894 = EDGE_CURVE('',#5887,#5895,#5897,.T.);
#5895 = VERTEX_POINT('',#5896);
#5896 = CARTESIAN_POINT('',(35.728577,52.10246,0.));
#5897 = LINE('',#5898,#5899);
#5898 = CARTESIAN_POINT('',(35.707902,52.123136,0.));
#5899 = VECTOR('',#5900,1.);
#5900 = DIRECTION('',(0.707089680867,-0.707123881093,0.));
#5901 = ORIENTED_EDGE('',*,*,#5902,.T.);
#5902 = EDGE_CURVE('',#5895,#5903,#5905,.T.);
#5903 = VERTEX_POINT('',#5904);
#5904 = CARTESIAN_POINT('',(35.739779,52.075409,0.));
#5905 = LINE('',#5906,#5907);
#5906 = CARTESIAN_POINT('',(35.728577,52.10246,0.));
#5907 = VECTOR('',#5908,1.);
#5908 = DIRECTION('',(0.382599148043,-0.923914439717,0.));
#5909 = ORIENTED_EDGE('',*,*,#5910,.T.);
#5910 = EDGE_CURVE('',#5903,#5911,#5913,.T.);
#5911 = VERTEX_POINT('',#5912);
#5912 = CARTESIAN_POINT('',(35.741226,52.060779,0.));
#5913 = LINE('',#5914,#5915);
#5914 = CARTESIAN_POINT('',(35.739779,52.075409,0.));
#5915 = VECTOR('',#5916,1.);
#5916 = DIRECTION('',(9.842610338379E-02,-0.995144362478,0.));
#5917 = ORIENTED_EDGE('',*,*,#5918,.T.);
#5918 = EDGE_CURVE('',#5911,#5919,#5921,.T.);
#5919 = VERTEX_POINT('',#5920);
#5920 = CARTESIAN_POINT('',(35.741226,37.960782,0.));
#5921 = LINE('',#5922,#5923);
#5922 = CARTESIAN_POINT('',(35.741226,52.060779,0.));
#5923 = VECTOR('',#5924,1.);
#5924 = DIRECTION('',(0.,-1.,0.));
#5925 = ORIENTED_EDGE('',*,*,#5926,.T.);
#5926 = EDGE_CURVE('',#5919,#5927,#5929,.T.);
#5927 = VERTEX_POINT('',#5928);
#5928 = CARTESIAN_POINT('',(35.739779,37.946151,0.));
#5929 = LINE('',#5930,#5931);
#5930 = CARTESIAN_POINT('',(35.741226,37.960782,0.));
#5931 = VECTOR('',#5932,1.);
#5932 = DIRECTION('',(-9.841944131848E-02,-0.995145021377,0.));
#5933 = ORIENTED_EDGE('',*,*,#5934,.T.);
#5934 = EDGE_CURVE('',#5927,#5935,#5937,.T.);
#5935 = VERTEX_POINT('',#5936);
#5936 = CARTESIAN_POINT('',(35.728577,37.9191,0.));
#5937 = LINE('',#5938,#5939);
#5938 = CARTESIAN_POINT('',(35.739779,37.946151,0.));
#5939 = VECTOR('',#5940,1.);
#5940 = DIRECTION('',(-0.382599148043,-0.923914439717,0.));
#5941 = ORIENTED_EDGE('',*,*,#5942,.T.);
#5942 = EDGE_CURVE('',#5935,#5943,#5945,.T.);
#5943 = VERTEX_POINT('',#5944);
#5944 = CARTESIAN_POINT('',(35.707902,37.898425,0.));
#5945 = LINE('',#5946,#5947);
#5946 = CARTESIAN_POINT('',(35.728577,37.9191,0.));
#5947 = VECTOR('',#5948,1.);
#5948 = DIRECTION('',(-0.707106781187,-0.707106781186,0.));
#5949 = ORIENTED_EDGE('',*,*,#5950,.T.);
#5950 = EDGE_CURVE('',#5943,#5951,#5953,.T.);
#5951 = VERTEX_POINT('',#5952);
#5952 = CARTESIAN_POINT('',(35.680851,37.887223,0.));
#5953 = LINE('',#5954,#5955);
#5954 = CARTESIAN_POINT('',(35.707902,37.898425,0.));
#5955 = VECTOR('',#5956,1.);
#5956 = DIRECTION('',(-0.923914439717,-0.382599148043,0.));
#5957 = ORIENTED_EDGE('',*,*,#5958,.T.);
#5958 = EDGE_CURVE('',#5951,#5959,#5961,.T.);
#5959 = VERTEX_POINT('',#5960);
#5960 = CARTESIAN_POINT('',(35.66622,37.885776,0.));
#5961 = LINE('',#5962,#5963);
#5962 = CARTESIAN_POINT('',(35.680851,37.887223,0.));
#5963 = VECTOR('',#5964,1.);
#5964 = DIRECTION('',(-0.995145021377,-9.841944131852E-02,0.));
#5965 = ORIENTED_EDGE('',*,*,#5966,.T.);
#5966 = EDGE_CURVE('',#5959,#5967,#5969,.T.);
#5967 = VERTEX_POINT('',#5968);
#5968 = CARTESIAN_POINT('',(21.566223,37.885776,0.));
#5969 = LINE('',#5970,#5971);
#5970 = CARTESIAN_POINT('',(35.66622,37.885776,0.));
#5971 = VECTOR('',#5972,1.);
#5972 = DIRECTION('',(-1.,0.,0.));
#5973 = ORIENTED_EDGE('',*,*,#5974,.T.);
#5974 = EDGE_CURVE('',#5967,#5975,#5977,.T.);
#5975 = VERTEX_POINT('',#5976);
#5976 = CARTESIAN_POINT('',(21.551593,37.887223,0.));
#5977 = LINE('',#5978,#5979);
#5978 = CARTESIAN_POINT('',(21.566223,37.885776,0.));
#5979 = VECTOR('',#5980,1.);
#5980 = DIRECTION('',(-0.995144362478,9.842610338381E-02,0.));
#5981 = ORIENTED_EDGE('',*,*,#5982,.T.);
#5982 = EDGE_CURVE('',#5975,#5983,#5985,.T.);
#5983 = VERTEX_POINT('',#5984);
#5984 = CARTESIAN_POINT('',(21.524542,37.898425,0.));
#5985 = LINE('',#5986,#5987);
#5986 = CARTESIAN_POINT('',(21.551593,37.887223,0.));
#5987 = VECTOR('',#5988,1.);
#5988 = DIRECTION('',(-0.923914439717,0.382599148043,0.));
#5989 = ORIENTED_EDGE('',*,*,#5990,.T.);
#5990 = EDGE_CURVE('',#5983,#5991,#5993,.T.);
#5991 = VERTEX_POINT('',#5992);
#5992 = CARTESIAN_POINT('',(21.503866,37.9191,0.));
#5993 = LINE('',#5994,#5995);
#5994 = CARTESIAN_POINT('',(21.524542,37.898425,0.));
#5995 = VECTOR('',#5996,1.);
#5996 = DIRECTION('',(-0.707123881093,0.707089680867,0.));
#5997 = ORIENTED_EDGE('',*,*,#5998,.T.);
#5998 = EDGE_CURVE('',#5991,#5999,#6001,.T.);
#5999 = VERTEX_POINT('',#6000);
#6000 = CARTESIAN_POINT('',(21.492665,37.946151,0.));
#6001 = LINE('',#6002,#6003);
#6002 = CARTESIAN_POINT('',(21.503866,37.9191,0.));
#6003 = VECTOR('',#6004,1.);
#6004 = DIRECTION('',(-0.382569992546,0.923926512664,0.));
#6005 = ORIENTED_EDGE('',*,*,#6006,.T.);
#6006 = EDGE_CURVE('',#5999,#6007,#6009,.T.);
#6007 = VERTEX_POINT('',#6008);
#6008 = CARTESIAN_POINT('',(21.491217,37.960782,0.));
#6009 = LINE('',#6010,#6011);
#6010 = CARTESIAN_POINT('',(21.492665,37.946151,0.));
#6011 = VECTOR('',#6012,1.);
#6012 = DIRECTION('',(-9.84867980108E-02,0.995138357525,0.));
#6013 = ORIENTED_EDGE('',*,*,#6014,.T.);
#6014 = EDGE_CURVE('',#6007,#6015,#6017,.T.);
#6015 = VERTEX_POINT('',#6016);
#6016 = CARTESIAN_POINT('',(21.491217,52.060779,0.));
#6017 = LINE('',#6018,#6019);
#6018 = CARTESIAN_POINT('',(21.491217,37.960782,0.));
#6019 = VECTOR('',#6020,1.);
#6020 = DIRECTION('',(0.,1.,0.));
#6021 = ORIENTED_EDGE('',*,*,#6022,.T.);
#6022 = EDGE_CURVE('',#6015,#6023,#6025,.T.);
#6023 = VERTEX_POINT('',#6024);
#6024 = CARTESIAN_POINT('',(21.492665,52.075409,0.));
#6025 = LINE('',#6026,#6027);
#6026 = CARTESIAN_POINT('',(21.491217,52.060779,0.));
#6027 = VECTOR('',#6028,1.);
#6028 = DIRECTION('',(9.849346454623E-02,0.995137697729,0.));
#6029 = ORIENTED_EDGE('',*,*,#6030,.T.);
#6030 = EDGE_CURVE('',#6023,#6031,#6033,.T.);
#6031 = VERTEX_POINT('',#6032);
#6032 = CARTESIAN_POINT('',(21.503866,52.10246,0.));
#6033 = LINE('',#6034,#6035);
#6034 = CARTESIAN_POINT('',(21.492665,52.075409,0.));
#6035 = VECTOR('',#6036,1.);
#6036 = DIRECTION('',(0.382569992546,0.923926512664,0.));
#6037 = ORIENTED_EDGE('',*,*,#6038,.T.);
#6038 = EDGE_CURVE('',#6031,#6039,#6041,.T.);
#6039 = VERTEX_POINT('',#6040);
#6040 = CARTESIAN_POINT('',(21.524542,52.123136,0.));
#6041 = LINE('',#6042,#6043);
#6042 = CARTESIAN_POINT('',(21.503866,52.10246,0.));
#6043 = VECTOR('',#6044,1.);
#6044 = DIRECTION('',(0.707106781187,0.707106781187,0.));
#6045 = ORIENTED_EDGE('',*,*,#6046,.T.);
#6046 = EDGE_CURVE('',#6039,#6047,#6049,.T.);
#6047 = VERTEX_POINT('',#6048);
#6048 = CARTESIAN_POINT('',(21.551593,52.134337,0.));
#6049 = LINE('',#6050,#6051);
#6050 = CARTESIAN_POINT('',(21.524542,52.123136,0.));
#6051 = VECTOR('',#6052,1.);
#6052 = DIRECTION('',(0.923926512664,0.382569992546,0.));
#6053 = ORIENTED_EDGE('',*,*,#6054,.T.);
#6054 = EDGE_CURVE('',#6047,#6055,#6057,.T.);
#6055 = VERTEX_POINT('',#6056);
#6056 = CARTESIAN_POINT('',(21.566223,52.135785,0.));
#6057 = LINE('',#6058,#6059);
#6058 = CARTESIAN_POINT('',(21.551593,52.134337,0.));
#6059 = VECTOR('',#6060,1.);
#6060 = DIRECTION('',(0.995137697729,9.849346454601E-02,0.));
#6061 = ORIENTED_EDGE('',*,*,#6062,.T.);
#6062 = EDGE_CURVE('',#6055,#6063,#6065,.T.);
#6063 = VERTEX_POINT('',#6064);
#6064 = CARTESIAN_POINT('',(35.66622,52.135785,0.));
#6065 = LINE('',#6066,#6067);
#6066 = CARTESIAN_POINT('',(21.566223,52.135785,0.));
#6067 = VECTOR('',#6068,1.);
#6068 = DIRECTION('',(1.,0.,0.));
#6069 = ORIENTED_EDGE('',*,*,#6070,.T.);
#6070 = EDGE_CURVE('',#6063,#5885,#6071,.T.);
#6071 = LINE('',#6072,#6073);
#6072 = CARTESIAN_POINT('',(35.66622,52.135785,0.));
#6073 = VECTOR('',#6074,1.);
#6074 = DIRECTION('',(0.995138357525,-9.848679801061E-02,0.));
#6075 = FACE_BOUND('',#6076,.F.);
#6076 = EDGE_LOOP('',(#6077,#6087,#6095,#6103,#6111,#6119,#6127,#6135,
    #6143,#6151,#6159,#6167,#6175,#6183,#6191,#6199,#6207,#6215,#6223,
    #6231,#6239,#6247,#6255,#6263));
#6077 = ORIENTED_EDGE('',*,*,#6078,.T.);
#6078 = EDGE_CURVE('',#6079,#6081,#6083,.T.);
#6079 = VERTEX_POINT('',#6080);
#6080 = CARTESIAN_POINT('',(90.449651,28.321837,0.));
#6081 = VERTEX_POINT('',#6082);
#6082 = CARTESIAN_POINT('',(90.476677,28.310636,0.));
#6083 = LINE('',#6084,#6085);
#6084 = CARTESIAN_POINT('',(90.449651,28.321837,0.));
#6085 = VECTOR('',#6086,1.);
#6086 = DIRECTION('',(0.923801391705,-0.382872026511,0.));
#6087 = ORIENTED_EDGE('',*,*,#6088,.T.);
#6088 = EDGE_CURVE('',#6081,#6089,#6091,.T.);
#6089 = VERTEX_POINT('',#6090);
#6090 = CARTESIAN_POINT('',(90.497378,28.28996,0.));
#6091 = LINE('',#6092,#6093);
#6092 = CARTESIAN_POINT('',(90.476677,28.310636,0.));
#6093 = VECTOR('',#6094,1.);
#6094 = DIRECTION('',(0.707533886242,-0.706679417996,0.));
#6095 = ORIENTED_EDGE('',*,*,#6096,.T.);
#6096 = EDGE_CURVE('',#6089,#6097,#6099,.T.);
#6097 = VERTEX_POINT('',#6098);
#6098 = CARTESIAN_POINT('',(90.508579,28.262909,0.));
#6099 = LINE('',#6100,#6101);
#6100 = CARTESIAN_POINT('',(90.497378,28.28996,0.));
#6101 = VECTOR('',#6102,1.);
#6102 = DIRECTION('',(0.382569992546,-0.923926512664,0.));
#6103 = ORIENTED_EDGE('',*,*,#6104,.T.);
#6104 = EDGE_CURVE('',#6097,#6105,#6107,.T.);
#6105 = VERTEX_POINT('',#6106);
#6106 = CARTESIAN_POINT('',(90.510027,28.248279,0.));
#6107 = LINE('',#6108,#6109);
#6108 = CARTESIAN_POINT('',(90.508579,28.262909,0.));
#6109 = VECTOR('',#6110,1.);
#6110 = DIRECTION('',(9.849346454601E-02,-0.995137697729,0.));
#6111 = ORIENTED_EDGE('',*,*,#6112,.T.);
#6112 = EDGE_CURVE('',#6105,#6113,#6115,.T.);
#6113 = VERTEX_POINT('',#6114);
#6114 = CARTESIAN_POINT('',(90.510027,14.148282,0.));
#6115 = LINE('',#6116,#6117);
#6116 = CARTESIAN_POINT('',(90.510027,28.248279,0.));
#6117 = VECTOR('',#6118,1.);
#6118 = DIRECTION('',(0.,-1.,0.));
#6119 = ORIENTED_EDGE('',*,*,#6120,.T.);
#6120 = EDGE_CURVE('',#6113,#6121,#6123,.T.);
#6121 = VERTEX_POINT('',#6122);
#6122 = CARTESIAN_POINT('',(90.508579,14.133651,0.));
#6123 = LINE('',#6124,#6125);
#6124 = CARTESIAN_POINT('',(90.510027,14.148282,0.));
#6125 = VECTOR('',#6126,1.);
#6126 = DIRECTION('',(-9.848679801057E-02,-0.995138357525,0.));
#6127 = ORIENTED_EDGE('',*,*,#6128,.T.);
#6128 = EDGE_CURVE('',#6121,#6129,#6131,.T.);
#6129 = VERTEX_POINT('',#6130);
#6130 = CARTESIAN_POINT('',(90.497378,14.1066,0.));
#6131 = LINE('',#6132,#6133);
#6132 = CARTESIAN_POINT('',(90.508579,14.133651,0.));
#6133 = VECTOR('',#6134,1.);
#6134 = DIRECTION('',(-0.382569992546,-0.923926512664,0.));
#6135 = ORIENTED_EDGE('',*,*,#6136,.T.);
#6136 = EDGE_CURVE('',#6129,#6137,#6139,.T.);
#6137 = VERTEX_POINT('',#6138);
#6138 = CARTESIAN_POINT('',(90.476677,14.085925,0.));
#6139 = LINE('',#6140,#6141);
#6140 = CARTESIAN_POINT('',(90.497378,14.1066,0.));
#6141 = VECTOR('',#6142,1.);
#6142 = DIRECTION('',(-0.7075509758,-0.70666230736,0.));
#6143 = ORIENTED_EDGE('',*,*,#6144,.T.);
#6144 = EDGE_CURVE('',#6137,#6145,#6147,.T.);
#6145 = VERTEX_POINT('',#6146);
#6146 = CARTESIAN_POINT('',(90.449651,14.074723,0.));
#6147 = LINE('',#6148,#6149);
#6148 = CARTESIAN_POINT('',(90.476677,14.085925,0.));
#6149 = VECTOR('',#6150,1.);
#6150 = DIRECTION('',(-0.923789301325,-0.382901197123,0.));
#6151 = ORIENTED_EDGE('',*,*,#6152,.T.);
#6152 = EDGE_CURVE('',#6145,#6153,#6155,.T.);
#6153 = VERTEX_POINT('',#6154);
#6154 = CARTESIAN_POINT('',(90.435021,14.073276,0.));
#6155 = LINE('',#6156,#6157);
#6156 = CARTESIAN_POINT('',(90.449651,14.074723,0.));
#6157 = VECTOR('',#6158,1.);
#6158 = DIRECTION('',(-0.995144362478,-9.842610338396E-02,0.));
#6159 = ORIENTED_EDGE('',*,*,#6160,.T.);
#6160 = EDGE_CURVE('',#6153,#6161,#6163,.T.);
#6161 = VERTEX_POINT('',#6162);
#6162 = CARTESIAN_POINT('',(76.335024,14.073276,0.));
#6163 = LINE('',#6164,#6165);
#6164 = CARTESIAN_POINT('',(90.435021,14.073276,0.));
#6165 = VECTOR('',#6166,1.);
#6166 = DIRECTION('',(-1.,0.,0.));
#6167 = ORIENTED_EDGE('',*,*,#6168,.T.);
#6168 = EDGE_CURVE('',#6161,#6169,#6171,.T.);
#6169 = VERTEX_POINT('',#6170);
#6170 = CARTESIAN_POINT('',(76.320393,14.074723,0.));
#6171 = LINE('',#6172,#6173);
#6172 = CARTESIAN_POINT('',(76.335024,14.073276,0.));
#6173 = VECTOR('',#6174,1.);
#6174 = DIRECTION('',(-0.995145021377,9.841944131855E-02,0.));
#6175 = ORIENTED_EDGE('',*,*,#6176,.T.);
#6176 = EDGE_CURVE('',#6169,#6177,#6179,.T.);
#6177 = VERTEX_POINT('',#6178);
#6178 = CARTESIAN_POINT('',(76.293342,14.085925,0.));
#6179 = LINE('',#6180,#6181);
#6180 = CARTESIAN_POINT('',(76.320393,14.074723,0.));
#6181 = VECTOR('',#6182,1.);
#6182 = DIRECTION('',(-0.923914439717,0.382599148043,0.));
#6183 = ORIENTED_EDGE('',*,*,#6184,.T.);
#6184 = EDGE_CURVE('',#6177,#6185,#6187,.T.);
#6185 = VERTEX_POINT('',#6186);
#6186 = CARTESIAN_POINT('',(76.272667,14.1066,0.));
#6187 = LINE('',#6188,#6189);
#6188 = CARTESIAN_POINT('',(76.293342,14.085925,0.));
#6189 = VECTOR('',#6190,1.);
#6190 = DIRECTION('',(-0.707106781186,0.707106781187,0.));
#6191 = ORIENTED_EDGE('',*,*,#6192,.T.);
#6192 = EDGE_CURVE('',#6185,#6193,#6195,.T.);
#6193 = VERTEX_POINT('',#6194);
#6194 = CARTESIAN_POINT('',(76.261465,14.133651,0.));
#6195 = LINE('',#6196,#6197);
#6196 = CARTESIAN_POINT('',(76.272667,14.1066,0.));
#6197 = VECTOR('',#6198,1.);
#6198 = DIRECTION('',(-0.382599148043,0.923914439717,0.));
#6199 = ORIENTED_EDGE('',*,*,#6200,.T.);
#6200 = EDGE_CURVE('',#6193,#6201,#6203,.T.);
#6201 = VERTEX_POINT('',#6202);
#6202 = CARTESIAN_POINT('',(76.260018,14.148282,0.));
#6203 = LINE('',#6204,#6205);
#6204 = CARTESIAN_POINT('',(76.261465,14.133651,0.));
#6205 = VECTOR('',#6206,1.);
#6206 = DIRECTION('',(-9.841944131849E-02,0.995145021377,0.));
#6207 = ORIENTED_EDGE('',*,*,#6208,.T.);
#6208 = EDGE_CURVE('',#6201,#6209,#6211,.T.);
#6209 = VERTEX_POINT('',#6210);
#6210 = CARTESIAN_POINT('',(76.260018,28.248279,0.));
#6211 = LINE('',#6212,#6213);
#6212 = CARTESIAN_POINT('',(76.260018,14.148282,0.));
#6213 = VECTOR('',#6214,1.);
#6214 = DIRECTION('',(0.,1.,0.));
#6215 = ORIENTED_EDGE('',*,*,#6216,.T.);
#6216 = EDGE_CURVE('',#6209,#6217,#6219,.T.);
#6217 = VERTEX_POINT('',#6218);
#6218 = CARTESIAN_POINT('',(76.261465,28.262909,0.));
#6219 = LINE('',#6220,#6221);
#6220 = CARTESIAN_POINT('',(76.260018,28.248279,0.));
#6221 = VECTOR('',#6222,1.);
#6222 = DIRECTION('',(9.842610338381E-02,0.995144362478,0.));
#6223 = ORIENTED_EDGE('',*,*,#6224,.T.);
#6224 = EDGE_CURVE('',#6217,#6225,#6227,.T.);
#6225 = VERTEX_POINT('',#6226);
#6226 = CARTESIAN_POINT('',(76.272667,28.28996,0.));
#6227 = LINE('',#6228,#6229);
#6228 = CARTESIAN_POINT('',(76.261465,28.262909,0.));
#6229 = VECTOR('',#6230,1.);
#6230 = DIRECTION('',(0.382599148043,0.923914439717,0.));
#6231 = ORIENTED_EDGE('',*,*,#6232,.T.);
#6232 = EDGE_CURVE('',#6225,#6233,#6235,.T.);
#6233 = VERTEX_POINT('',#6234);
#6234 = CARTESIAN_POINT('',(76.293342,28.310636,0.));
#6235 = LINE('',#6236,#6237);
#6236 = CARTESIAN_POINT('',(76.272667,28.28996,0.));
#6237 = VECTOR('',#6238,1.);
#6238 = DIRECTION('',(0.707089680867,0.707123881093,0.));
#6239 = ORIENTED_EDGE('',*,*,#6240,.T.);
#6240 = EDGE_CURVE('',#6233,#6241,#6243,.T.);
#6241 = VERTEX_POINT('',#6242);
#6242 = CARTESIAN_POINT('',(76.320393,28.321837,0.));
#6243 = LINE('',#6244,#6245);
#6244 = CARTESIAN_POINT('',(76.293342,28.310636,0.));
#6245 = VECTOR('',#6246,1.);
#6246 = DIRECTION('',(0.923926512664,0.382569992546,0.));
#6247 = ORIENTED_EDGE('',*,*,#6248,.T.);
#6248 = EDGE_CURVE('',#6241,#6249,#6251,.T.);
#6249 = VERTEX_POINT('',#6250);
#6250 = CARTESIAN_POINT('',(76.335024,28.323285,0.));
#6251 = LINE('',#6252,#6253);
#6252 = CARTESIAN_POINT('',(76.320393,28.321837,0.));
#6253 = VECTOR('',#6254,1.);
#6254 = DIRECTION('',(0.995138357525,9.848679801075E-02,0.));
#6255 = ORIENTED_EDGE('',*,*,#6256,.T.);
#6256 = EDGE_CURVE('',#6249,#6257,#6259,.T.);
#6257 = VERTEX_POINT('',#6258);
#6258 = CARTESIAN_POINT('',(90.435021,28.323285,0.));
#6259 = LINE('',#6260,#6261);
#6260 = CARTESIAN_POINT('',(76.335024,28.323285,0.));
#6261 = VECTOR('',#6262,1.);
#6262 = DIRECTION('',(1.,0.,0.));
#6263 = ORIENTED_EDGE('',*,*,#6264,.T.);
#6264 = EDGE_CURVE('',#6257,#6079,#6265,.T.);
#6265 = LINE('',#6266,#6267);
#6266 = CARTESIAN_POINT('',(90.435021,28.323285,0.));
#6267 = VECTOR('',#6268,1.);
#6268 = DIRECTION('',(0.995137697729,-9.849346454628E-02,0.));
#6269 = FACE_BOUND('',#6270,.T.);
#6270 = EDGE_LOOP('',(#6271));
#6271 = ORIENTED_EDGE('',*,*,#6272,.T.);
#6272 = EDGE_CURVE('',#6273,#6273,#6275,.T.);
#6273 = VERTEX_POINT('',#6274);
#6274 = CARTESIAN_POINT('',(96.493778,33.099525,0.));
#6275 = CIRCLE('',#6276,1.2);
#6276 = AXIS2_PLACEMENT_3D('',#6277,#6278,#6279);
#6277 = CARTESIAN_POINT('',(95.293778,33.099525,0.));
#6278 = DIRECTION('',(0.,0.,1.));
#6279 = DIRECTION('',(1.,0.,0.));
#6280 = FACE_BOUND('',#6281,.T.);
#6281 = EDGE_LOOP('',(#6282));
#6282 = ORIENTED_EDGE('',*,*,#6283,.T.);
#6283 = EDGE_CURVE('',#6284,#6284,#6286,.T.);
#6284 = VERTEX_POINT('',#6285);
#6285 = CARTESIAN_POINT('',(125.228313,54.251915,0.));
#6286 = CIRCLE('',#6287,1.2);
#6287 = AXIS2_PLACEMENT_3D('',#6288,#6289,#6290);
#6288 = CARTESIAN_POINT('',(124.028313,54.251915,0.));
#6289 = DIRECTION('',(0.,0.,1.));
#6290 = DIRECTION('',(1.,0.,0.));
#6291 = FACE_BOUND('',#6292,.T.);
#6292 = EDGE_LOOP('',(#6293));
#6293 = ORIENTED_EDGE('',*,*,#6294,.T.);
#6294 = EDGE_CURVE('',#6295,#6295,#6297,.T.);
#6295 = VERTEX_POINT('',#6296);
#6296 = CARTESIAN_POINT('',(116.326213,18.450752,0.));
#6297 = CIRCLE('',#6298,1.2);
#6298 = AXIS2_PLACEMENT_3D('',#6299,#6300,#6301);
#6299 = CARTESIAN_POINT('',(115.126213,18.450752,0.));
#6300 = DIRECTION('',(0.,0.,1.));
#6301 = DIRECTION('',(1.,0.,0.));
#6302 = FACE_BOUND('',#6303,.T.);
#6303 = EDGE_LOOP('',(#6304));
#6304 = ORIENTED_EDGE('',*,*,#6305,.T.);
#6305 = EDGE_CURVE('',#6306,#6306,#6308,.T.);
#6306 = VERTEX_POINT('',#6307);
#6307 = CARTESIAN_POINT('',(20.289638,25.958557,0.));
#6308 = CIRCLE('',#6309,1.2);
#6309 = AXIS2_PLACEMENT_3D('',#6310,#6311,#6312);
#6310 = CARTESIAN_POINT('',(19.089638,25.958557,0.));
#6311 = DIRECTION('',(0.,0.,1.));
#6312 = DIRECTION('',(1.,0.,0.));
#6313 = FACE_BOUND('',#6314,.T.);
#6314 = EDGE_LOOP('',(#6315));
#6315 = ORIENTED_EDGE('',*,*,#6316,.T.);
#6316 = EDGE_CURVE('',#6317,#6317,#6319,.T.);
#6317 = VERTEX_POINT('',#6318);
#6318 = CARTESIAN_POINT('',(96.489208,83.110489,0.));
#6319 = CIRCLE('',#6320,1.2);
#6320 = AXIS2_PLACEMENT_3D('',#6321,#6322,#6323);
#6321 = CARTESIAN_POINT('',(95.289208,83.110489,0.));
#6322 = DIRECTION('',(0.,0.,1.));
#6323 = DIRECTION('',(1.,0.,0.));
#6324 = FACE_BOUND('',#6325,.T.);
#6325 = EDGE_LOOP('',(#6326));
#6326 = ORIENTED_EDGE('',*,*,#6327,.T.);
#6327 = EDGE_CURVE('',#6328,#6328,#6330,.T.);
#6328 = VERTEX_POINT('',#6329);
#6329 = CARTESIAN_POINT('',(20.291572,83.112621,0.));
#6330 = CIRCLE('',#6331,1.2);
#6331 = AXIS2_PLACEMENT_3D('',#6332,#6333,#6334);
#6332 = CARTESIAN_POINT('',(19.091572,83.112621,0.));
#6333 = DIRECTION('',(0.,0.,1.));
#6334 = DIRECTION('',(1.,0.,0.));
#6335 = PLANE('',#6336);
#6336 = AXIS2_PLACEMENT_3D('',#6337,#6338,#6339);
#6337 = CARTESIAN_POINT('',(65.765317856145,51.448375656388,0.));
#6338 = DIRECTION('',(0.,0.,1.));
#6339 = DIRECTION('',(1.,0.,0.));
#6340 = ADVANCED_FACE('',(#6341),#6366,.F.);
#6341 = FACE_BOUND('',#6342,.F.);
#6342 = EDGE_LOOP('',(#6343,#6351,#6359,#6365));
#6343 = ORIENTED_EDGE('',*,*,#6344,.T.);
#6344 = EDGE_CURVE('',#1479,#6345,#6347,.T.);
#6345 = VERTEX_POINT('',#6346);
#6346 = CARTESIAN_POINT('',(120.736154,22.385451,1.7));
#6347 = LINE('',#6348,#6349);
#6348 = CARTESIAN_POINT('',(120.736154,22.385451,0.));
#6349 = VECTOR('',#6350,1.);
#6350 = DIRECTION('',(0.,0.,1.));
#6351 = ORIENTED_EDGE('',*,*,#6352,.T.);
#6352 = EDGE_CURVE('',#6345,#6353,#6355,.T.);
#6353 = VERTEX_POINT('',#6354);
#6354 = CARTESIAN_POINT('',(133.809433,17.103496,1.7));
#6355 = LINE('',#6356,#6357);
#6356 = CARTESIAN_POINT('',(120.736154,22.385451,1.7));
#6357 = VECTOR('',#6358,1.);
#6358 = DIRECTION('',(0.927183671631,-0.374607046196,0.));
#6359 = ORIENTED_EDGE('',*,*,#6360,.F.);
#6360 = EDGE_CURVE('',#1481,#6353,#6361,.T.);
#6361 = LINE('',#6362,#6363);
#6362 = CARTESIAN_POINT('',(133.809433,17.103496,0.));
#6363 = VECTOR('',#6364,1.);
#6364 = DIRECTION('',(0.,0.,1.));
#6365 = ORIENTED_EDGE('',*,*,#1478,.F.);
#6366 = PLANE('',#6367);
#6367 = AXIS2_PLACEMENT_3D('',#6368,#6369,#6370);
#6368 = CARTESIAN_POINT('',(120.736154,22.385451,0.));
#6369 = DIRECTION('',(0.374607046196,0.927183671631,0.));
#6370 = DIRECTION('',(0.927183671631,-0.374607046196,0.));
#6371 = ADVANCED_FACE('',(#6372),#6390,.F.);
#6372 = FACE_BOUND('',#6373,.F.);
#6373 = EDGE_LOOP('',(#6374,#6375,#6383,#6389));
#6374 = ORIENTED_EDGE('',*,*,#6360,.T.);
#6375 = ORIENTED_EDGE('',*,*,#6376,.T.);
#6376 = EDGE_CURVE('',#6353,#6377,#6379,.T.);
#6377 = VERTEX_POINT('',#6378);
#6378 = CARTESIAN_POINT('',(133.822463,17.096663,1.7));
#6379 = LINE('',#6380,#6381);
#6380 = CARTESIAN_POINT('',(133.809433,17.103496,1.7));
#6381 = VECTOR('',#6382,1.);
#6382 = DIRECTION('',(0.885614596091,-0.46442091597,0.));
#6383 = ORIENTED_EDGE('',*,*,#6384,.F.);
#6384 = EDGE_CURVE('',#1489,#6377,#6385,.T.);
#6385 = LINE('',#6386,#6387);
#6386 = CARTESIAN_POINT('',(133.822463,17.096663,0.));
#6387 = VECTOR('',#6388,1.);
#6388 = DIRECTION('',(0.,0.,1.));
#6389 = ORIENTED_EDGE('',*,*,#1488,.F.);
#6390 = PLANE('',#6391);
#6391 = AXIS2_PLACEMENT_3D('',#6392,#6393,#6394);
#6392 = CARTESIAN_POINT('',(133.809433,17.103496,0.));
#6393 = DIRECTION('',(0.46442091597,0.885614596091,0.));
#6394 = DIRECTION('',(0.885614596091,-0.46442091597,0.));
#6395 = ADVANCED_FACE('',(#6396),#6414,.F.);
#6396 = FACE_BOUND('',#6397,.F.);
#6397 = EDGE_LOOP('',(#6398,#6399,#6407,#6413));
#6398 = ORIENTED_EDGE('',*,*,#6384,.T.);
#6399 = ORIENTED_EDGE('',*,*,#6400,.T.);
#6400 = EDGE_CURVE('',#6377,#6401,#6403,.T.);
#6401 = VERTEX_POINT('',#6402);
#6402 = CARTESIAN_POINT('',(133.843342,17.076165,1.7));
#6403 = LINE('',#6404,#6405);
#6404 = CARTESIAN_POINT('',(133.822463,17.096663,1.7));
#6405 = VECTOR('',#6406,1.);
#6406 = DIRECTION('',(0.713587579387,-0.700566032965,0.));
#6407 = ORIENTED_EDGE('',*,*,#6408,.F.);
#6408 = EDGE_CURVE('',#1497,#6401,#6409,.T.);
#6409 = LINE('',#6410,#6411);
#6410 = CARTESIAN_POINT('',(133.843342,17.076165,0.));
#6411 = VECTOR('',#6412,1.);
#6412 = DIRECTION('',(0.,0.,1.));
#6413 = ORIENTED_EDGE('',*,*,#1496,.F.);
#6414 = PLANE('',#6415);
#6415 = AXIS2_PLACEMENT_3D('',#6416,#6417,#6418);
#6416 = CARTESIAN_POINT('',(133.822463,17.096663,0.));
#6417 = DIRECTION('',(0.700566032965,0.713587579387,0.));
#6418 = DIRECTION('',(0.713587579387,-0.700566032965,0.));
#6419 = ADVANCED_FACE('',(#6420),#6438,.F.);
#6420 = FACE_BOUND('',#6421,.F.);
#6421 = EDGE_LOOP('',(#6422,#6423,#6431,#6437));
#6422 = ORIENTED_EDGE('',*,*,#6408,.T.);
#6423 = ORIENTED_EDGE('',*,*,#6424,.T.);
#6424 = EDGE_CURVE('',#6401,#6425,#6427,.T.);
#6425 = VERTEX_POINT('',#6426);
#6426 = CARTESIAN_POINT('',(133.854772,17.049216,1.7));
#6427 = LINE('',#6428,#6429);
#6428 = CARTESIAN_POINT('',(133.843342,17.076165,1.7));
#6429 = VECTOR('',#6430,1.);
#6430 = DIRECTION('',(0.390465624565,-0.920617507998,0.));
#6431 = ORIENTED_EDGE('',*,*,#6432,.F.);
#6432 = EDGE_CURVE('',#1505,#6425,#6433,.T.);
#6433 = LINE('',#6434,#6435);
#6434 = CARTESIAN_POINT('',(133.854772,17.049216,0.));
#6435 = VECTOR('',#6436,1.);
#6436 = DIRECTION('',(0.,0.,1.));
#6437 = ORIENTED_EDGE('',*,*,#1504,.F.);
#6438 = PLANE('',#6439);
#6439 = AXIS2_PLACEMENT_3D('',#6440,#6441,#6442);
#6440 = CARTESIAN_POINT('',(133.843342,17.076165,0.));
#6441 = DIRECTION('',(0.920617507998,0.390465624565,0.));
#6442 = DIRECTION('',(0.390465624565,-0.920617507998,0.));
#6443 = ADVANCED_FACE('',(#6444),#6462,.F.);
#6444 = FACE_BOUND('',#6445,.F.);
#6445 = EDGE_LOOP('',(#6446,#6447,#6455,#6461));
#6446 = ORIENTED_EDGE('',*,*,#6432,.T.);
#6447 = ORIENTED_EDGE('',*,*,#6448,.T.);
#6448 = EDGE_CURVE('',#6425,#6449,#6451,.T.);
#6449 = VERTEX_POINT('',#6450);
#6450 = CARTESIAN_POINT('',(133.855026,17.019955,1.7));
#6451 = LINE('',#6452,#6453);
#6452 = CARTESIAN_POINT('',(133.854772,17.049216,1.7));
#6453 = VECTOR('',#6454,1.);
#6454 = DIRECTION('',(8.680169200448E-03,-0.999962326622,0.));
#6455 = ORIENTED_EDGE('',*,*,#6456,.F.);
#6456 = EDGE_CURVE('',#1513,#6449,#6457,.T.);
#6457 = LINE('',#6458,#6459);
#6458 = CARTESIAN_POINT('',(133.855026,17.019955,0.));
#6459 = VECTOR('',#6460,1.);
#6460 = DIRECTION('',(0.,0.,1.));
#6461 = ORIENTED_EDGE('',*,*,#1512,.F.);
#6462 = PLANE('',#6463);
#6463 = AXIS2_PLACEMENT_3D('',#6464,#6465,#6466);
#6464 = CARTESIAN_POINT('',(133.854772,17.049216,0.));
#6465 = DIRECTION('',(0.999962326622,8.680169200448E-03,0.));
#6466 = DIRECTION('',(8.680169200448E-03,-0.999962326622,0.));
#6467 = ADVANCED_FACE('',(#6468),#6486,.F.);
#6468 = FACE_BOUND('',#6469,.F.);
#6469 = EDGE_LOOP('',(#6470,#6471,#6479,#6485));
#6470 = ORIENTED_EDGE('',*,*,#6456,.T.);
#6471 = ORIENTED_EDGE('',*,*,#6472,.T.);
#6472 = EDGE_CURVE('',#6449,#6473,#6475,.T.);
#6473 = VERTEX_POINT('',#6474);
#6474 = CARTESIAN_POINT('',(133.850885,17.005858,1.7));
#6475 = LINE('',#6476,#6477);
#6476 = CARTESIAN_POINT('',(133.855026,17.019955,1.7));
#6477 = VECTOR('',#6478,1.);
#6478 = DIRECTION('',(-0.28184204107,-0.959460819359,0.));
#6479 = ORIENTED_EDGE('',*,*,#6480,.F.);
#6480 = EDGE_CURVE('',#1521,#6473,#6481,.T.);
#6481 = LINE('',#6482,#6483);
#6482 = CARTESIAN_POINT('',(133.850885,17.005858,0.));
#6483 = VECTOR('',#6484,1.);
#6484 = DIRECTION('',(0.,0.,1.));
#6485 = ORIENTED_EDGE('',*,*,#1520,.F.);
#6486 = PLANE('',#6487);
#6487 = AXIS2_PLACEMENT_3D('',#6488,#6489,#6490);
#6488 = CARTESIAN_POINT('',(133.855026,17.019955,0.));
#6489 = DIRECTION('',(0.959460819359,-0.28184204107,0.));
#6490 = DIRECTION('',(-0.28184204107,-0.959460819359,0.));
#6491 = ADVANCED_FACE('',(#6492),#6510,.F.);
#6492 = FACE_BOUND('',#6493,.F.);
#6493 = EDGE_LOOP('',(#6494,#6495,#6503,#6509));
#6494 = ORIENTED_EDGE('',*,*,#6480,.T.);
#6495 = ORIENTED_EDGE('',*,*,#6496,.T.);
#6496 = EDGE_CURVE('',#6473,#6497,#6499,.T.);
#6497 = VERTEX_POINT('',#6498);
#6498 = CARTESIAN_POINT('',(128.56893,3.932554,1.7));
#6499 = LINE('',#6500,#6501);
#6500 = CARTESIAN_POINT('',(133.850885,17.005858,1.7));
#6501 = VECTOR('',#6502,1.);
#6502 = DIRECTION('',(-0.374606430364,-0.927183920444,0.));
#6503 = ORIENTED_EDGE('',*,*,#6504,.F.);
#6504 = EDGE_CURVE('',#1529,#6497,#6505,.T.);
#6505 = LINE('',#6506,#6507);
#6506 = CARTESIAN_POINT('',(128.56893,3.932554,0.));
#6507 = VECTOR('',#6508,1.);
#6508 = DIRECTION('',(0.,0.,1.));
#6509 = ORIENTED_EDGE('',*,*,#1528,.F.);
#6510 = PLANE('',#6511);
#6511 = AXIS2_PLACEMENT_3D('',#6512,#6513,#6514);
#6512 = CARTESIAN_POINT('',(133.850885,17.005858,0.));
#6513 = DIRECTION('',(0.927183920444,-0.374606430364,0.));
#6514 = DIRECTION('',(-0.374606430364,-0.927183920444,0.));
#6515 = ADVANCED_FACE('',(#6516),#6534,.F.);
#6516 = FACE_BOUND('',#6517,.F.);
#6517 = EDGE_LOOP('',(#6518,#6519,#6527,#6533));
#6518 = ORIENTED_EDGE('',*,*,#6504,.T.);
#6519 = ORIENTED_EDGE('',*,*,#6520,.T.);
#6520 = EDGE_CURVE('',#6497,#6521,#6523,.T.);
#6521 = VERTEX_POINT('',#6522);
#6522 = CARTESIAN_POINT('',(128.562123,3.919549,1.7));
#6523 = LINE('',#6524,#6525);
#6524 = CARTESIAN_POINT('',(128.56893,3.932554,1.7));
#6525 = VECTOR('',#6526,1.);
#6526 = DIRECTION('',(-0.46373204488,-0.88597550223,0.));
#6527 = ORIENTED_EDGE('',*,*,#6528,.F.);
#6528 = EDGE_CURVE('',#1537,#6521,#6529,.T.);
#6529 = LINE('',#6530,#6531);
#6530 = CARTESIAN_POINT('',(128.562123,3.919549,0.));
#6531 = VECTOR('',#6532,1.);
#6532 = DIRECTION('',(0.,0.,1.));
#6533 = ORIENTED_EDGE('',*,*,#1536,.F.);
#6534 = PLANE('',#6535);
#6535 = AXIS2_PLACEMENT_3D('',#6536,#6537,#6538);
#6536 = CARTESIAN_POINT('',(128.56893,3.932554,0.));
#6537 = DIRECTION('',(0.88597550223,-0.46373204488,0.));
#6538 = DIRECTION('',(-0.46373204488,-0.88597550223,0.));
#6539 = ADVANCED_FACE('',(#6540),#6558,.F.);
#6540 = FACE_BOUND('',#6541,.F.);
#6541 = EDGE_LOOP('',(#6542,#6543,#6551,#6557));
#6542 = ORIENTED_EDGE('',*,*,#6528,.T.);
#6543 = ORIENTED_EDGE('',*,*,#6544,.T.);
#6544 = EDGE_CURVE('',#6521,#6545,#6547,.T.);
#6545 = VERTEX_POINT('',#6546);
#6546 = CARTESIAN_POINT('',(128.562123,3.919524,1.7));
#6547 = LINE('',#6548,#6549);
#6548 = CARTESIAN_POINT('',(128.562123,3.919549,1.7));
#6549 = VECTOR('',#6550,1.);
#6550 = DIRECTION('',(0.,-1.,0.));
#6551 = ORIENTED_EDGE('',*,*,#6552,.F.);
#6552 = EDGE_CURVE('',#1545,#6545,#6553,.T.);
#6553 = LINE('',#6554,#6555);
#6554 = CARTESIAN_POINT('',(128.562123,3.919524,0.));
#6555 = VECTOR('',#6556,1.);
#6556 = DIRECTION('',(0.,0.,1.));
#6557 = ORIENTED_EDGE('',*,*,#1544,.F.);
#6558 = PLANE('',#6559);
#6559 = AXIS2_PLACEMENT_3D('',#6560,#6561,#6562);
#6560 = CARTESIAN_POINT('',(128.562123,3.919549,0.));
#6561 = DIRECTION('',(1.,0.,0.));
#6562 = DIRECTION('',(0.,-1.,0.));
#6563 = ADVANCED_FACE('',(#6564),#6582,.F.);
#6564 = FACE_BOUND('',#6565,.F.);
#6565 = EDGE_LOOP('',(#6566,#6567,#6575,#6581));
#6566 = ORIENTED_EDGE('',*,*,#6552,.T.);
#6567 = ORIENTED_EDGE('',*,*,#6568,.T.);
#6568 = EDGE_CURVE('',#6545,#6569,#6571,.T.);
#6569 = VERTEX_POINT('',#6570);
#6570 = CARTESIAN_POINT('',(128.5416,3.898671,1.7));
#6571 = LINE('',#6572,#6573);
#6572 = CARTESIAN_POINT('',(128.562123,3.919524,1.7));
#6573 = VECTOR('',#6574,1.);
#6574 = DIRECTION('',(-0.701444844057,-0.712723740832,0.));
#6575 = ORIENTED_EDGE('',*,*,#6576,.F.);
#6576 = EDGE_CURVE('',#1553,#6569,#6577,.T.);
#6577 = LINE('',#6578,#6579);
#6578 = CARTESIAN_POINT('',(128.5416,3.898671,0.));
#6579 = VECTOR('',#6580,1.);
#6580 = DIRECTION('',(0.,0.,1.));
#6581 = ORIENTED_EDGE('',*,*,#1552,.F.);
#6582 = PLANE('',#6583);
#6583 = AXIS2_PLACEMENT_3D('',#6584,#6585,#6586);
#6584 = CARTESIAN_POINT('',(128.562123,3.919524,0.));
#6585 = DIRECTION('',(0.712723740832,-0.701444844057,0.));
#6586 = DIRECTION('',(-0.701444844057,-0.712723740832,0.));
#6587 = ADVANCED_FACE('',(#6588),#6606,.F.);
#6588 = FACE_BOUND('',#6589,.F.);
#6589 = EDGE_LOOP('',(#6590,#6591,#6599,#6605));
#6590 = ORIENTED_EDGE('',*,*,#6576,.T.);
#6591 = ORIENTED_EDGE('',*,*,#6592,.T.);
#6592 = EDGE_CURVE('',#6569,#6593,#6595,.T.);
#6593 = VERTEX_POINT('',#6594);
#6594 = CARTESIAN_POINT('',(128.514676,3.887241,1.7));
#6595 = LINE('',#6596,#6597);
#6596 = CARTESIAN_POINT('',(128.5416,3.898671,1.7));
#6597 = VECTOR('',#6598,1.);
#6598 = DIRECTION('',(-0.920487144923,-0.390772844543,0.));
#6599 = ORIENTED_EDGE('',*,*,#6600,.F.);
#6600 = EDGE_CURVE('',#1561,#6593,#6601,.T.);
#6601 = LINE('',#6602,#6603);
#6602 = CARTESIAN_POINT('',(128.514676,3.887241,0.));
#6603 = VECTOR('',#6604,1.);
#6604 = DIRECTION('',(0.,0.,1.));
#6605 = ORIENTED_EDGE('',*,*,#1560,.F.);
#6606 = PLANE('',#6607);
#6607 = AXIS2_PLACEMENT_3D('',#6608,#6609,#6610);
#6608 = CARTESIAN_POINT('',(128.5416,3.898671,0.));
#6609 = DIRECTION('',(0.390772844543,-0.920487144923,0.));
#6610 = DIRECTION('',(-0.920487144923,-0.390772844543,0.));
#6611 = ADVANCED_FACE('',(#6612),#6630,.F.);
#6612 = FACE_BOUND('',#6613,.F.);
#6613 = EDGE_LOOP('',(#6614,#6615,#6623,#6629));
#6614 = ORIENTED_EDGE('',*,*,#6600,.T.);
#6615 = ORIENTED_EDGE('',*,*,#6616,.T.);
#6616 = EDGE_CURVE('',#6593,#6617,#6619,.T.);
#6617 = VERTEX_POINT('',#6618);
#6618 = CARTESIAN_POINT('',(128.485415,3.886961,1.7));
#6619 = LINE('',#6620,#6621);
#6620 = CARTESIAN_POINT('',(128.514676,3.887241,1.7));
#6621 = VECTOR('',#6622,1.);
#6622 = DIRECTION('',(-0.999954219776,-9.568612881894E-03,0.));
#6623 = ORIENTED_EDGE('',*,*,#6624,.F.);
#6624 = EDGE_CURVE('',#1569,#6617,#6625,.T.);
#6625 = LINE('',#6626,#6627);
#6626 = CARTESIAN_POINT('',(128.485415,3.886961,0.));
#6627 = VECTOR('',#6628,1.);
#6628 = DIRECTION('',(0.,0.,1.));
#6629 = ORIENTED_EDGE('',*,*,#1568,.F.);
#6630 = PLANE('',#6631);
#6631 = AXIS2_PLACEMENT_3D('',#6632,#6633,#6634);
#6632 = CARTESIAN_POINT('',(128.514676,3.887241,0.));
#6633 = DIRECTION('',(9.568612881894E-03,-0.999954219776,0.));
#6634 = DIRECTION('',(-0.999954219776,-9.568612881894E-03,0.));
#6635 = ADVANCED_FACE('',(#6636),#6654,.F.);
#6636 = FACE_BOUND('',#6637,.F.);
#6637 = EDGE_LOOP('',(#6638,#6639,#6647,#6653));
#6638 = ORIENTED_EDGE('',*,*,#6624,.T.);
#6639 = ORIENTED_EDGE('',*,*,#6640,.T.);
#6640 = EDGE_CURVE('',#6617,#6641,#6643,.T.);
#6641 = VERTEX_POINT('',#6642);
#6642 = CARTESIAN_POINT('',(128.471292,3.891127,1.7));
#6643 = LINE('',#6644,#6645);
#6644 = CARTESIAN_POINT('',(128.485415,3.886961,1.7));
#6645 = VECTOR('',#6646,1.);
#6646 = DIRECTION('',(-0.959141344891,0.282927341416,0.));
#6647 = ORIENTED_EDGE('',*,*,#6648,.F.);
#6648 = EDGE_CURVE('',#1577,#6641,#6649,.T.);
#6649 = LINE('',#6650,#6651);
#6650 = CARTESIAN_POINT('',(128.471292,3.891127,0.));
#6651 = VECTOR('',#6652,1.);
#6652 = DIRECTION('',(0.,0.,1.));
#6653 = ORIENTED_EDGE('',*,*,#1576,.F.);
#6654 = PLANE('',#6655);
#6655 = AXIS2_PLACEMENT_3D('',#6656,#6657,#6658);
#6656 = CARTESIAN_POINT('',(128.485415,3.886961,0.));
#6657 = DIRECTION('',(-0.282927341416,-0.959141344891,0.));
#6658 = DIRECTION('',(-0.959141344891,0.282927341416,0.));
#6659 = ADVANCED_FACE('',(#6660),#6678,.F.);
#6660 = FACE_BOUND('',#6661,.F.);
#6661 = EDGE_LOOP('',(#6662,#6663,#6671,#6677));
#6662 = ORIENTED_EDGE('',*,*,#6648,.T.);
#6663 = ORIENTED_EDGE('',*,*,#6664,.T.);
#6664 = EDGE_CURVE('',#6641,#6665,#6667,.T.);
#6665 = VERTEX_POINT('',#6666);
#6666 = CARTESIAN_POINT('',(115.398014,9.173082,1.7));
#6667 = LINE('',#6668,#6669);
#6668 = CARTESIAN_POINT('',(128.471292,3.891127,1.7));
#6669 = VECTOR('',#6670,1.);
#6670 = DIRECTION('',(-0.927183661679,0.37460707083,0.));
#6671 = ORIENTED_EDGE('',*,*,#6672,.F.);
#6672 = EDGE_CURVE('',#1585,#6665,#6673,.T.);
#6673 = LINE('',#6674,#6675);
#6674 = CARTESIAN_POINT('',(115.398014,9.173082,0.));
#6675 = VECTOR('',#6676,1.);
#6676 = DIRECTION('',(0.,0.,1.));
#6677 = ORIENTED_EDGE('',*,*,#1584,.F.);
#6678 = PLANE('',#6679);
#6679 = AXIS2_PLACEMENT_3D('',#6680,#6681,#6682);
#6680 = CARTESIAN_POINT('',(128.471292,3.891127,0.));
#6681 = DIRECTION('',(-0.37460707083,-0.927183661679,0.));
#6682 = DIRECTION('',(-0.927183661679,0.37460707083,0.));
#6683 = ADVANCED_FACE('',(#6684),#6702,.F.);
#6684 = FACE_BOUND('',#6685,.F.);
#6685 = EDGE_LOOP('',(#6686,#6687,#6695,#6701));
#6686 = ORIENTED_EDGE('',*,*,#6672,.T.);
#6687 = ORIENTED_EDGE('',*,*,#6688,.T.);
#6688 = EDGE_CURVE('',#6665,#6689,#6691,.T.);
#6689 = VERTEX_POINT('',#6690);
#6690 = CARTESIAN_POINT('',(115.384984,9.179889,1.7));
#6691 = LINE('',#6692,#6693);
#6692 = CARTESIAN_POINT('',(115.398014,9.173082,1.7));
#6693 = VECTOR('',#6694,1.);
#6694 = DIRECTION('',(-0.886340931492,0.463033209567,0.));
#6695 = ORIENTED_EDGE('',*,*,#6696,.F.);
#6696 = EDGE_CURVE('',#1593,#6689,#6697,.T.);
#6697 = LINE('',#6698,#6699);
#6698 = CARTESIAN_POINT('',(115.384984,9.179889,0.));
#6699 = VECTOR('',#6700,1.);
#6700 = DIRECTION('',(0.,0.,1.));
#6701 = ORIENTED_EDGE('',*,*,#1592,.F.);
#6702 = PLANE('',#6703);
#6703 = AXIS2_PLACEMENT_3D('',#6704,#6705,#6706);
#6704 = CARTESIAN_POINT('',(115.398014,9.173082,0.));
#6705 = DIRECTION('',(-0.463033209567,-0.886340931492,0.));
#6706 = DIRECTION('',(-0.886340931492,0.463033209567,0.));
#6707 = ADVANCED_FACE('',(#6708),#6726,.F.);
#6708 = FACE_BOUND('',#6709,.F.);
#6709 = EDGE_LOOP('',(#6710,#6711,#6719,#6725));
#6710 = ORIENTED_EDGE('',*,*,#6696,.T.);
#6711 = ORIENTED_EDGE('',*,*,#6712,.T.);
#6712 = EDGE_CURVE('',#6689,#6713,#6715,.T.);
#6713 = VERTEX_POINT('',#6714);
#6714 = CARTESIAN_POINT('',(115.364105,9.200413,1.7));
#6715 = LINE('',#6716,#6717);
#6716 = CARTESIAN_POINT('',(115.384984,9.179889,1.7));
#6717 = VECTOR('',#6718,1.);
#6718 = DIRECTION('',(-0.713143483171,0.701018097064,0.));
#6719 = ORIENTED_EDGE('',*,*,#6720,.F.);
#6720 = EDGE_CURVE('',#1601,#6713,#6721,.T.);
#6721 = LINE('',#6722,#6723);
#6722 = CARTESIAN_POINT('',(115.364105,9.200413,0.));
#6723 = VECTOR('',#6724,1.);
#6724 = DIRECTION('',(0.,0.,1.));
#6725 = ORIENTED_EDGE('',*,*,#1600,.F.);
#6726 = PLANE('',#6727);
#6727 = AXIS2_PLACEMENT_3D('',#6728,#6729,#6730);
#6728 = CARTESIAN_POINT('',(115.384984,9.179889,0.));
#6729 = DIRECTION('',(-0.701018097064,-0.713143483171,0.));
#6730 = DIRECTION('',(-0.713143483171,0.701018097064,0.));
#6731 = ADVANCED_FACE('',(#6732),#6750,.F.);
#6732 = FACE_BOUND('',#6733,.F.);
#6733 = EDGE_LOOP('',(#6734,#6735,#6743,#6749));
#6734 = ORIENTED_EDGE('',*,*,#6720,.T.);
#6735 = ORIENTED_EDGE('',*,*,#6736,.T.);
#6736 = EDGE_CURVE('',#6713,#6737,#6739,.T.);
#6737 = VERTEX_POINT('',#6738);
#6738 = CARTESIAN_POINT('',(115.352675,9.227337,1.7));
#6739 = LINE('',#6740,#6741);
#6740 = CARTESIAN_POINT('',(115.364105,9.200413,1.7));
#6741 = VECTOR('',#6742,1.);
#6742 = DIRECTION('',(-0.390772844542,0.920487144923,0.));
#6743 = ORIENTED_EDGE('',*,*,#6744,.F.);
#6744 = EDGE_CURVE('',#1609,#6737,#6745,.T.);
#6745 = LINE('',#6746,#6747);
#6746 = CARTESIAN_POINT('',(115.352675,9.227337,0.));
#6747 = VECTOR('',#6748,1.);
#6748 = DIRECTION('',(0.,0.,1.));
#6749 = ORIENTED_EDGE('',*,*,#1608,.F.);
#6750 = PLANE('',#6751);
#6751 = AXIS2_PLACEMENT_3D('',#6752,#6753,#6754);
#6752 = CARTESIAN_POINT('',(115.364105,9.200413,0.));
#6753 = DIRECTION('',(-0.920487144923,-0.390772844542,0.));
#6754 = DIRECTION('',(-0.390772844542,0.920487144923,0.));
#6755 = ADVANCED_FACE('',(#6756),#6774,.F.);
#6756 = FACE_BOUND('',#6757,.F.);
#6757 = EDGE_LOOP('',(#6758,#6759,#6767,#6773));
#6758 = ORIENTED_EDGE('',*,*,#6744,.T.);
#6759 = ORIENTED_EDGE('',*,*,#6760,.T.);
#6760 = EDGE_CURVE('',#6737,#6761,#6763,.T.);
#6761 = VERTEX_POINT('',#6762);
#6762 = CARTESIAN_POINT('',(115.352421,9.256597,1.7));
#6763 = LINE('',#6764,#6765);
#6764 = CARTESIAN_POINT('',(115.352675,9.227337,1.7));
#6765 = VECTOR('',#6766,1.);
#6766 = DIRECTION('',(-8.680465834111E-03,0.999962324047,0.));
#6767 = ORIENTED_EDGE('',*,*,#6768,.F.);
#6768 = EDGE_CURVE('',#1617,#6761,#6769,.T.);
#6769 = LINE('',#6770,#6771);
#6770 = CARTESIAN_POINT('',(115.352421,9.256597,0.));
#6771 = VECTOR('',#6772,1.);
#6772 = DIRECTION('',(0.,0.,1.));
#6773 = ORIENTED_EDGE('',*,*,#1616,.F.);
#6774 = PLANE('',#6775);
#6775 = AXIS2_PLACEMENT_3D('',#6776,#6777,#6778);
#6776 = CARTESIAN_POINT('',(115.352675,9.227337,0.));
#6777 = DIRECTION('',(-0.999962324047,-8.680465834111E-03,0.));
#6778 = DIRECTION('',(-8.680465834111E-03,0.999962324047,0.));
#6779 = ADVANCED_FACE('',(#6780),#6798,.F.);
#6780 = FACE_BOUND('',#6781,.F.);
#6781 = EDGE_LOOP('',(#6782,#6783,#6791,#6797));
#6782 = ORIENTED_EDGE('',*,*,#6768,.T.);
#6783 = ORIENTED_EDGE('',*,*,#6784,.T.);
#6784 = EDGE_CURVE('',#6761,#6785,#6787,.T.);
#6785 = VERTEX_POINT('',#6786);
#6786 = CARTESIAN_POINT('',(115.356561,9.270694,1.7));
#6787 = LINE('',#6788,#6789);
#6788 = CARTESIAN_POINT('',(115.352421,9.256597,1.7));
#6789 = VECTOR('',#6790,1.);
#6790 = DIRECTION('',(0.281779384368,0.959479222571,0.));
#6791 = ORIENTED_EDGE('',*,*,#6792,.F.);
#6792 = EDGE_CURVE('',#1625,#6785,#6793,.T.);
#6793 = LINE('',#6794,#6795);
#6794 = CARTESIAN_POINT('',(115.356561,9.270694,0.));
#6795 = VECTOR('',#6796,1.);
#6796 = DIRECTION('',(0.,0.,1.));
#6797 = ORIENTED_EDGE('',*,*,#1624,.F.);
#6798 = PLANE('',#6799);
#6799 = AXIS2_PLACEMENT_3D('',#6800,#6801,#6802);
#6800 = CARTESIAN_POINT('',(115.352421,9.256597,0.));
#6801 = DIRECTION('',(-0.959479222571,0.281779384368,0.));
#6802 = DIRECTION('',(0.281779384368,0.959479222571,0.));
#6803 = ADVANCED_FACE('',(#6804),#6822,.F.);
#6804 = FACE_BOUND('',#6805,.F.);
#6805 = EDGE_LOOP('',(#6806,#6807,#6815,#6821));
#6806 = ORIENTED_EDGE('',*,*,#6792,.T.);
#6807 = ORIENTED_EDGE('',*,*,#6808,.T.);
#6808 = EDGE_CURVE('',#6785,#6809,#6811,.T.);
#6809 = VERTEX_POINT('',#6810);
#6810 = CARTESIAN_POINT('',(120.638517,22.343998,1.7));
#6811 = LINE('',#6812,#6813);
#6812 = CARTESIAN_POINT('',(115.356561,9.270694,1.7));
#6813 = VECTOR('',#6814,1.);
#6814 = DIRECTION('',(0.374606491334,0.927183895811,0.));
#6815 = ORIENTED_EDGE('',*,*,#6816,.F.);
#6816 = EDGE_CURVE('',#1633,#6809,#6817,.T.);
#6817 = LINE('',#6818,#6819);
#6818 = CARTESIAN_POINT('',(120.638517,22.343998,0.));
#6819 = VECTOR('',#6820,1.);
#6820 = DIRECTION('',(0.,0.,1.));
#6821 = ORIENTED_EDGE('',*,*,#1632,.F.);
#6822 = PLANE('',#6823);
#6823 = AXIS2_PLACEMENT_3D('',#6824,#6825,#6826);
#6824 = CARTESIAN_POINT('',(115.356561,9.270694,0.));
#6825 = DIRECTION('',(-0.927183895811,0.374606491334,0.));
#6826 = DIRECTION('',(0.374606491334,0.927183895811,0.));
#6827 = ADVANCED_FACE('',(#6828),#6846,.F.);
#6828 = FACE_BOUND('',#6829,.F.);
#6829 = EDGE_LOOP('',(#6830,#6831,#6839,#6845));
#6830 = ORIENTED_EDGE('',*,*,#6816,.T.);
#6831 = ORIENTED_EDGE('',*,*,#6832,.T.);
#6832 = EDGE_CURVE('',#6809,#6833,#6835,.T.);
#6833 = VERTEX_POINT('',#6834);
#6834 = CARTESIAN_POINT('',(120.645324,22.357028,1.7));
#6835 = LINE('',#6836,#6837);
#6836 = CARTESIAN_POINT('',(120.638517,22.343998,1.7));
#6837 = VECTOR('',#6838,1.);
#6838 = DIRECTION('',(0.463033209568,0.886340931491,0.));
#6839 = ORIENTED_EDGE('',*,*,#6840,.F.);
#6840 = EDGE_CURVE('',#1641,#6833,#6841,.T.);
#6841 = LINE('',#6842,#6843);
#6842 = CARTESIAN_POINT('',(120.645324,22.357028,0.));
#6843 = VECTOR('',#6844,1.);
#6844 = DIRECTION('',(0.,0.,1.));
#6845 = ORIENTED_EDGE('',*,*,#1640,.F.);
#6846 = PLANE('',#6847);
#6847 = AXIS2_PLACEMENT_3D('',#6848,#6849,#6850);
#6848 = CARTESIAN_POINT('',(120.638517,22.343998,0.));
#6849 = DIRECTION('',(-0.886340931491,0.463033209568,0.));
#6850 = DIRECTION('',(0.463033209568,0.886340931491,0.));
#6851 = ADVANCED_FACE('',(#6852),#6870,.F.);
#6852 = FACE_BOUND('',#6853,.F.);
#6853 = EDGE_LOOP('',(#6854,#6855,#6863,#6869));
#6854 = ORIENTED_EDGE('',*,*,#6840,.T.);
#6855 = ORIENTED_EDGE('',*,*,#6856,.T.);
#6856 = EDGE_CURVE('',#6833,#6857,#6859,.T.);
#6857 = VERTEX_POINT('',#6858);
#6858 = CARTESIAN_POINT('',(120.665847,22.377907,1.7));
#6859 = LINE('',#6860,#6861);
#6860 = CARTESIAN_POINT('',(120.645324,22.357028,1.7));
#6861 = VECTOR('',#6862,1.);
#6862 = DIRECTION('',(0.70100072559,0.713160558866,0.));
#6863 = ORIENTED_EDGE('',*,*,#6864,.F.);
#6864 = EDGE_CURVE('',#1649,#6857,#6865,.T.);
#6865 = LINE('',#6866,#6867);
#6866 = CARTESIAN_POINT('',(120.665847,22.377907,0.));
#6867 = VECTOR('',#6868,1.);
#6868 = DIRECTION('',(0.,0.,1.));
#6869 = ORIENTED_EDGE('',*,*,#1648,.F.);
#6870 = PLANE('',#6871);
#6871 = AXIS2_PLACEMENT_3D('',#6872,#6873,#6874);
#6872 = CARTESIAN_POINT('',(120.645324,22.357028,0.));
#6873 = DIRECTION('',(-0.713160558866,0.70100072559,0.));
#6874 = DIRECTION('',(0.70100072559,0.713160558866,0.));
#6875 = ADVANCED_FACE('',(#6876),#6894,.F.);
#6876 = FACE_BOUND('',#6877,.F.);
#6877 = EDGE_LOOP('',(#6878,#6879,#6887,#6893));
#6878 = ORIENTED_EDGE('',*,*,#6864,.T.);
#6879 = ORIENTED_EDGE('',*,*,#6880,.T.);
#6880 = EDGE_CURVE('',#6857,#6881,#6883,.T.);
#6881 = VERTEX_POINT('',#6882);
#6882 = CARTESIAN_POINT('',(120.692771,22.389337,1.7));
#6883 = LINE('',#6884,#6885);
#6884 = CARTESIAN_POINT('',(120.665847,22.377907,1.7));
#6885 = VECTOR('',#6886,1.);
#6886 = DIRECTION('',(0.920487144923,0.390772844543,0.));
#6887 = ORIENTED_EDGE('',*,*,#6888,.F.);
#6888 = EDGE_CURVE('',#1657,#6881,#6889,.T.);
#6889 = LINE('',#6890,#6891);
#6890 = CARTESIAN_POINT('',(120.692771,22.389337,0.));
#6891 = VECTOR('',#6892,1.);
#6892 = DIRECTION('',(0.,0.,1.));
#6893 = ORIENTED_EDGE('',*,*,#1656,.F.);
#6894 = PLANE('',#6895);
#6895 = AXIS2_PLACEMENT_3D('',#6896,#6897,#6898);
#6896 = CARTESIAN_POINT('',(120.665847,22.377907,0.));
#6897 = DIRECTION('',(-0.390772844543,0.920487144923,0.));
#6898 = DIRECTION('',(0.920487144923,0.390772844543,0.));
#6899 = ADVANCED_FACE('',(#6900),#6918,.F.);
#6900 = FACE_BOUND('',#6901,.F.);
#6901 = EDGE_LOOP('',(#6902,#6903,#6911,#6917));
#6902 = ORIENTED_EDGE('',*,*,#6888,.T.);
#6903 = ORIENTED_EDGE('',*,*,#6904,.T.);
#6904 = EDGE_CURVE('',#6881,#6905,#6907,.T.);
#6905 = VERTEX_POINT('',#6906);
#6906 = CARTESIAN_POINT('',(120.722032,22.389591,1.7));
#6907 = LINE('',#6908,#6909);
#6908 = CARTESIAN_POINT('',(120.692771,22.389337,1.7));
#6909 = VECTOR('',#6910,1.);
#6910 = DIRECTION('',(0.999962326622,8.680169199961E-03,0.));
#6911 = ORIENTED_EDGE('',*,*,#6912,.F.);
#6912 = EDGE_CURVE('',#1665,#6905,#6913,.T.);
#6913 = LINE('',#6914,#6915);
#6914 = CARTESIAN_POINT('',(120.722032,22.389591,0.));
#6915 = VECTOR('',#6916,1.);
#6916 = DIRECTION('',(0.,0.,1.));
#6917 = ORIENTED_EDGE('',*,*,#1664,.F.);
#6918 = PLANE('',#6919);
#6919 = AXIS2_PLACEMENT_3D('',#6920,#6921,#6922);
#6920 = CARTESIAN_POINT('',(120.692771,22.389337,0.));
#6921 = DIRECTION('',(-8.680169199961E-03,0.999962326622,0.));
#6922 = DIRECTION('',(0.999962326622,8.680169199961E-03,0.));
#6923 = ADVANCED_FACE('',(#6924),#6935,.F.);
#6924 = FACE_BOUND('',#6925,.F.);
#6925 = EDGE_LOOP('',(#6926,#6927,#6933,#6934));
#6926 = ORIENTED_EDGE('',*,*,#6912,.T.);
#6927 = ORIENTED_EDGE('',*,*,#6928,.T.);
#6928 = EDGE_CURVE('',#6905,#6345,#6929,.T.);
#6929 = LINE('',#6930,#6931);
#6930 = CARTESIAN_POINT('',(120.722032,22.389591,1.7));
#6931 = VECTOR('',#6932,1.);
#6932 = DIRECTION('',(0.959613996138,-0.281320064014,0.));
#6933 = ORIENTED_EDGE('',*,*,#6344,.F.);
#6934 = ORIENTED_EDGE('',*,*,#1672,.F.);
#6935 = PLANE('',#6936);
#6936 = AXIS2_PLACEMENT_3D('',#6937,#6938,#6939);
#6937 = CARTESIAN_POINT('',(120.722032,22.389591,0.));
#6938 = DIRECTION('',(0.281320064014,0.959613996138,0.));
#6939 = DIRECTION('',(0.959613996138,-0.281320064014,0.));
#6940 = ADVANCED_FACE('',(#6941),#6966,.F.);
#6941 = FACE_BOUND('',#6942,.F.);
#6942 = EDGE_LOOP('',(#6943,#6951,#6959,#6965));
#6943 = ORIENTED_EDGE('',*,*,#6944,.T.);
#6944 = EDGE_CURVE('',#1681,#6945,#6947,.T.);
#6945 = VERTEX_POINT('',#6946);
#6946 = CARTESIAN_POINT('',(98.718139,27.538959,1.7));
#6947 = LINE('',#6948,#6949);
#6948 = CARTESIAN_POINT('',(98.718139,27.538959,0.));
#6949 = VECTOR('',#6950,1.);
#6950 = DIRECTION('',(0.,0.,1.));
#6951 = ORIENTED_EDGE('',*,*,#6952,.T.);
#6952 = EDGE_CURVE('',#6945,#6953,#6955,.T.);
#6953 = VERTEX_POINT('',#6954);
#6954 = CARTESIAN_POINT('',(98.732769,27.537587,1.7));
#6955 = LINE('',#6956,#6957);
#6956 = CARTESIAN_POINT('',(98.718139,27.538959,1.7));
#6957 = VECTOR('',#6958,1.);
#6958 = DIRECTION('',(0.995631458659,-9.337022291727E-02,0.));
#6959 = ORIENTED_EDGE('',*,*,#6960,.F.);
#6960 = EDGE_CURVE('',#1683,#6953,#6961,.T.);
#6961 = LINE('',#6962,#6963);
#6962 = CARTESIAN_POINT('',(98.732769,27.537587,0.));
#6963 = VECTOR('',#6964,1.);
#6964 = DIRECTION('',(0.,0.,1.));
#6965 = ORIENTED_EDGE('',*,*,#1680,.F.);
#6966 = PLANE('',#6967);
#6967 = AXIS2_PLACEMENT_3D('',#6968,#6969,#6970);
#6968 = CARTESIAN_POINT('',(98.718139,27.538959,0.));
#6969 = DIRECTION('',(9.337022291727E-02,0.995631458659,0.));
#6970 = DIRECTION('',(0.995631458659,-9.337022291727E-02,0.));
#6971 = ADVANCED_FACE('',(#6972),#6990,.F.);
#6972 = FACE_BOUND('',#6973,.F.);
#6973 = EDGE_LOOP('',(#6974,#6975,#6983,#6989));
#6974 = ORIENTED_EDGE('',*,*,#6960,.T.);
#6975 = ORIENTED_EDGE('',*,*,#6976,.T.);
#6976 = EDGE_CURVE('',#6953,#6977,#6979,.T.);
#6977 = VERTEX_POINT('',#6978);
#6978 = CARTESIAN_POINT('',(112.573712,24.847168,1.7));
#6979 = LINE('',#6980,#6981);
#6980 = CARTESIAN_POINT('',(98.732769,27.537587,1.7));
#6981 = VECTOR('',#6982,1.);
#6982 = DIRECTION('',(0.981627021106,-0.190809830551,0.));
#6983 = ORIENTED_EDGE('',*,*,#6984,.F.);
#6984 = EDGE_CURVE('',#1691,#6977,#6985,.T.);
#6985 = LINE('',#6986,#6987);
#6986 = CARTESIAN_POINT('',(112.573712,24.847168,0.));
#6987 = VECTOR('',#6988,1.);
#6988 = DIRECTION('',(0.,0.,1.));
#6989 = ORIENTED_EDGE('',*,*,#1690,.F.);
#6990 = PLANE('',#6991);
#6991 = AXIS2_PLACEMENT_3D('',#6992,#6993,#6994);
#6992 = CARTESIAN_POINT('',(98.732769,27.537587,0.));
#6993 = DIRECTION('',(0.190809830551,0.981627021106,0.));
#6994 = DIRECTION('',(0.981627021106,-0.190809830551,0.));
#6995 = ADVANCED_FACE('',(#6996),#7014,.F.);
#6996 = FACE_BOUND('',#6997,.F.);
#6997 = EDGE_LOOP('',(#6998,#6999,#7007,#7013));
#6998 = ORIENTED_EDGE('',*,*,#6984,.T.);
#6999 = ORIENTED_EDGE('',*,*,#7000,.T.);
#7000 = EDGE_CURVE('',#6977,#7001,#7003,.T.);
#7001 = VERTEX_POINT('',#7002);
#7002 = CARTESIAN_POINT('',(112.587783,24.842952,1.7));
#7003 = LINE('',#7004,#7005);
#7004 = CARTESIAN_POINT('',(112.573712,24.847168,1.7));
#7005 = VECTOR('',#7006,1.);
#7006 = DIRECTION('',(0.957925534461,-0.28701684694,0.));
#7007 = ORIENTED_EDGE('',*,*,#7008,.F.);
#7008 = EDGE_CURVE('',#1699,#7001,#7009,.T.);
#7009 = LINE('',#7010,#7011);
#7010 = CARTESIAN_POINT('',(112.587783,24.842952,0.));
#7011 = VECTOR('',#7012,1.);
#7012 = DIRECTION('',(0.,0.,1.));
#7013 = ORIENTED_EDGE('',*,*,#1698,.F.);
#7014 = PLANE('',#7015);
#7015 = AXIS2_PLACEMENT_3D('',#7016,#7017,#7018);
#7016 = CARTESIAN_POINT('',(112.573712,24.847168,0.));
#7017 = DIRECTION('',(0.28701684694,0.957925534461,0.));
#7018 = DIRECTION('',(0.957925534461,-0.28701684694,0.));
#7019 = ADVANCED_FACE('',(#7020),#7038,.F.);
#7020 = FACE_BOUND('',#7021,.F.);
#7021 = EDGE_LOOP('',(#7022,#7023,#7031,#7037));
#7022 = ORIENTED_EDGE('',*,*,#7008,.T.);
#7023 = ORIENTED_EDGE('',*,*,#7024,.T.);
#7024 = EDGE_CURVE('',#7001,#7025,#7027,.T.);
#7025 = VERTEX_POINT('',#7026);
#7026 = CARTESIAN_POINT('',(112.612193,24.826823,1.7));
#7027 = LINE('',#7028,#7029);
#7028 = CARTESIAN_POINT('',(112.587783,24.842952,1.7));
#7029 = VECTOR('',#7030,1.);
#7030 = DIRECTION('',(0.834320161517,-0.551280208321,0.));
#7031 = ORIENTED_EDGE('',*,*,#7032,.F.);
#7032 = EDGE_CURVE('',#1707,#7025,#7033,.T.);
#7033 = LINE('',#7034,#7035);
#7034 = CARTESIAN_POINT('',(112.612193,24.826823,0.));
#7035 = VECTOR('',#7036,1.);
#7036 = DIRECTION('',(0.,0.,1.));
#7037 = ORIENTED_EDGE('',*,*,#1706,.F.);
#7038 = PLANE('',#7039);
#7039 = AXIS2_PLACEMENT_3D('',#7040,#7041,#7042);
#7040 = CARTESIAN_POINT('',(112.587783,24.842952,0.));
#7041 = DIRECTION('',(0.551280208321,0.834320161517,0.));
#7042 = DIRECTION('',(0.834320161517,-0.551280208321,0.));
#7043 = ADVANCED_FACE('',(#7044),#7062,.F.);
#7044 = FACE_BOUND('',#7045,.F.);
#7045 = EDGE_LOOP('',(#7046,#7047,#7055,#7061));
#7046 = ORIENTED_EDGE('',*,*,#7032,.T.);
#7047 = ORIENTED_EDGE('',*,*,#7048,.T.);
#7048 = EDGE_CURVE('',#7025,#7049,#7051,.T.);
#7049 = VERTEX_POINT('',#7050);
#7050 = CARTESIAN_POINT('',(112.62855,24.80254,1.7));
#7051 = LINE('',#7052,#7053);
#7052 = CARTESIAN_POINT('',(112.612193,24.826823,1.7));
#7053 = VECTOR('',#7054,1.);
#7054 = DIRECTION('',(0.55867422656,-0.829387188578,0.));
#7055 = ORIENTED_EDGE('',*,*,#7056,.F.);
#7056 = EDGE_CURVE('',#1715,#7049,#7057,.T.);
#7057 = LINE('',#7058,#7059);
#7058 = CARTESIAN_POINT('',(112.62855,24.80254,0.));
#7059 = VECTOR('',#7060,1.);
#7060 = DIRECTION('',(0.,0.,1.));
#7061 = ORIENTED_EDGE('',*,*,#1714,.F.);
#7062 = PLANE('',#7063);
#7063 = AXIS2_PLACEMENT_3D('',#7064,#7065,#7066);
#7064 = CARTESIAN_POINT('',(112.612193,24.826823,0.));
#7065 = DIRECTION('',(0.829387188578,0.55867422656,0.));
#7066 = DIRECTION('',(0.55867422656,-0.829387188578,0.));
#7067 = ADVANCED_FACE('',(#7068),#7086,.F.);
#7068 = FACE_BOUND('',#7069,.F.);
#7069 = EDGE_LOOP('',(#7070,#7071,#7079,#7085));
#7070 = ORIENTED_EDGE('',*,*,#7056,.T.);
#7071 = ORIENTED_EDGE('',*,*,#7072,.T.);
#7072 = EDGE_CURVE('',#7049,#7073,#7075,.T.);
#7073 = VERTEX_POINT('',#7074);
#7074 = CARTESIAN_POINT('',(112.634392,24.773864,1.7));
#7075 = LINE('',#7076,#7077);
#7076 = CARTESIAN_POINT('',(112.62855,24.80254,1.7));
#7077 = VECTOR('',#7078,1.);
#7078 = DIRECTION('',(0.19962392451,-0.979872588025,0.));
#7079 = ORIENTED_EDGE('',*,*,#7080,.F.);
#7080 = EDGE_CURVE('',#1723,#7073,#7081,.T.);
#7081 = LINE('',#7082,#7083);
#7082 = CARTESIAN_POINT('',(112.634392,24.773864,0.));
#7083 = VECTOR('',#7084,1.);
#7084 = DIRECTION('',(0.,0.,1.));
#7085 = ORIENTED_EDGE('',*,*,#1722,.F.);
#7086 = PLANE('',#7087);
#7087 = AXIS2_PLACEMENT_3D('',#7088,#7089,#7090);
#7088 = CARTESIAN_POINT('',(112.62855,24.80254,0.));
#7089 = DIRECTION('',(0.979872588025,0.19962392451,0.));
#7090 = DIRECTION('',(0.19962392451,-0.979872588025,0.));
#7091 = ADVANCED_FACE('',(#7092),#7110,.F.);
#7092 = FACE_BOUND('',#7093,.F.);
#7093 = EDGE_LOOP('',(#7094,#7095,#7103,#7109));
#7094 = ORIENTED_EDGE('',*,*,#7080,.T.);
#7095 = ORIENTED_EDGE('',*,*,#7096,.T.);
#7096 = EDGE_CURVE('',#7073,#7097,#7099,.T.);
#7097 = VERTEX_POINT('',#7098);
#7098 = CARTESIAN_POINT('',(112.633021,24.759233,1.7));
#7099 = LINE('',#7100,#7101);
#7100 = CARTESIAN_POINT('',(112.634392,24.773864,1.7));
#7101 = VECTOR('',#7102,1.);
#7102 = DIRECTION('',(-9.329643992157E-02,-0.995638375264,0.));
#7103 = ORIENTED_EDGE('',*,*,#7104,.F.);
#7104 = EDGE_CURVE('',#1731,#7097,#7105,.T.);
#7105 = LINE('',#7106,#7107);
#7106 = CARTESIAN_POINT('',(112.633021,24.759233,0.));
#7107 = VECTOR('',#7108,1.);
#7108 = DIRECTION('',(0.,0.,1.));
#7109 = ORIENTED_EDGE('',*,*,#1730,.F.);
#7110 = PLANE('',#7111);
#7111 = AXIS2_PLACEMENT_3D('',#7112,#7113,#7114);
#7112 = CARTESIAN_POINT('',(112.634392,24.773864,0.));
#7113 = DIRECTION('',(0.995638375264,-9.329643992157E-02,0.));
#7114 = DIRECTION('',(-9.329643992157E-02,-0.995638375264,0.));
#7115 = ADVANCED_FACE('',(#7116),#7134,.F.);
#7116 = FACE_BOUND('',#7117,.F.);
#7117 = EDGE_LOOP('',(#7118,#7119,#7127,#7133));
#7118 = ORIENTED_EDGE('',*,*,#7104,.T.);
#7119 = ORIENTED_EDGE('',*,*,#7120,.T.);
#7120 = EDGE_CURVE('',#7097,#7121,#7123,.T.);
#7121 = VERTEX_POINT('',#7122);
#7122 = CARTESIAN_POINT('',(109.942602,10.918291,1.7));
#7123 = LINE('',#7124,#7125);
#7124 = CARTESIAN_POINT('',(112.633021,24.759233,1.7));
#7125 = VECTOR('',#7126,1.);
#7126 = DIRECTION('',(-0.190809843835,-0.981627018524,0.));
#7127 = ORIENTED_EDGE('',*,*,#7128,.F.);
#7128 = EDGE_CURVE('',#1739,#7121,#7129,.T.);
#7129 = LINE('',#7130,#7131);
#7130 = CARTESIAN_POINT('',(109.942602,10.918291,0.));
#7131 = VECTOR('',#7132,1.);
#7132 = DIRECTION('',(0.,0.,1.));
#7133 = ORIENTED_EDGE('',*,*,#1738,.F.);
#7134 = PLANE('',#7135);
#7135 = AXIS2_PLACEMENT_3D('',#7136,#7137,#7138);
#7136 = CARTESIAN_POINT('',(112.633021,24.759233,0.));
#7137 = DIRECTION('',(0.981627018524,-0.190809843835,0.));
#7138 = DIRECTION('',(-0.190809843835,-0.981627018524,0.));
#7139 = ADVANCED_FACE('',(#7140),#7158,.F.);
#7140 = FACE_BOUND('',#7141,.F.);
#7141 = EDGE_LOOP('',(#7142,#7143,#7151,#7157));
#7142 = ORIENTED_EDGE('',*,*,#7128,.T.);
#7143 = ORIENTED_EDGE('',*,*,#7144,.T.);
#7144 = EDGE_CURVE('',#7121,#7145,#7147,.T.);
#7145 = VERTEX_POINT('',#7146);
#7146 = CARTESIAN_POINT('',(109.938411,10.904194,1.7));
#7147 = LINE('',#7148,#7149);
#7148 = CARTESIAN_POINT('',(109.942602,10.918291,1.7));
#7149 = VECTOR('',#7150,1.);
#7150 = DIRECTION('',(-0.284970268082,-0.958536356279,0.));
#7151 = ORIENTED_EDGE('',*,*,#7152,.F.);
#7152 = EDGE_CURVE('',#1747,#7145,#7153,.T.);
#7153 = LINE('',#7154,#7155);
#7154 = CARTESIAN_POINT('',(109.938411,10.904194,0.));
#7155 = VECTOR('',#7156,1.);
#7156 = DIRECTION('',(0.,0.,1.));
#7157 = ORIENTED_EDGE('',*,*,#1746,.F.);
#7158 = PLANE('',#7159);
#7159 = AXIS2_PLACEMENT_3D('',#7160,#7161,#7162);
#7160 = CARTESIAN_POINT('',(109.942602,10.918291,0.));
#7161 = DIRECTION('',(0.958536356279,-0.284970268082,0.));
#7162 = DIRECTION('',(-0.284970268082,-0.958536356279,0.));
#7163 = ADVANCED_FACE('',(#7164),#7182,.F.);
#7164 = FACE_BOUND('',#7165,.F.);
#7165 = EDGE_LOOP('',(#7166,#7167,#7175,#7181));
#7166 = ORIENTED_EDGE('',*,*,#7152,.T.);
#7167 = ORIENTED_EDGE('',*,*,#7168,.T.);
#7168 = EDGE_CURVE('',#7145,#7169,#7171,.T.);
#7169 = VERTEX_POINT('',#7170);
#7170 = CARTESIAN_POINT('',(109.922257,10.87981,1.7));
#7171 = LINE('',#7172,#7173);
#7172 = CARTESIAN_POINT('',(109.938411,10.904194,1.7));
#7173 = VECTOR('',#7174,1.);
#7174 = DIRECTION('',(-0.552283615808,-0.833656288713,0.));
#7175 = ORIENTED_EDGE('',*,*,#7176,.F.);
#7176 = EDGE_CURVE('',#1755,#7169,#7177,.T.);
#7177 = LINE('',#7178,#7179);
#7178 = CARTESIAN_POINT('',(109.922257,10.87981,0.));
#7179 = VECTOR('',#7180,1.);
#7180 = DIRECTION('',(0.,0.,1.));
#7181 = ORIENTED_EDGE('',*,*,#1754,.F.);
#7182 = PLANE('',#7183);
#7183 = AXIS2_PLACEMENT_3D('',#7184,#7185,#7186);
#7184 = CARTESIAN_POINT('',(109.938411,10.904194,0.));
#7185 = DIRECTION('',(0.833656288713,-0.552283615808,0.));
#7186 = DIRECTION('',(-0.552283615808,-0.833656288713,0.));
#7187 = ADVANCED_FACE('',(#7188),#7206,.F.);
#7188 = FACE_BOUND('',#7189,.F.);
#7189 = EDGE_LOOP('',(#7190,#7191,#7199,#7205));
#7190 = ORIENTED_EDGE('',*,*,#7176,.T.);
#7191 = ORIENTED_EDGE('',*,*,#7192,.T.);
#7192 = EDGE_CURVE('',#7169,#7193,#7195,.T.);
#7193 = VERTEX_POINT('',#7194);
#7194 = CARTESIAN_POINT('',(109.898,10.863452,1.7));
#7195 = LINE('',#7196,#7197);
#7196 = CARTESIAN_POINT('',(109.922257,10.87981,1.7));
#7197 = VECTOR('',#7198,1.);
#7198 = DIRECTION('',(-0.82909386844,-0.559109432326,0.));
#7199 = ORIENTED_EDGE('',*,*,#7200,.F.);
#7200 = EDGE_CURVE('',#1763,#7193,#7201,.T.);
#7201 = LINE('',#7202,#7203);
#7202 = CARTESIAN_POINT('',(109.898,10.863452,0.));
#7203 = VECTOR('',#7204,1.);
#7204 = DIRECTION('',(0.,0.,1.));
#7205 = ORIENTED_EDGE('',*,*,#1762,.F.);
#7206 = PLANE('',#7207);
#7207 = AXIS2_PLACEMENT_3D('',#7208,#7209,#7210);
#7208 = CARTESIAN_POINT('',(109.922257,10.87981,0.));
#7209 = DIRECTION('',(0.559109432326,-0.82909386844,0.));
#7210 = DIRECTION('',(-0.82909386844,-0.559109432326,0.));
#7211 = ADVANCED_FACE('',(#7212),#7230,.F.);
#7212 = FACE_BOUND('',#7213,.F.);
#7213 = EDGE_LOOP('',(#7214,#7215,#7223,#7229));
#7214 = ORIENTED_EDGE('',*,*,#7200,.T.);
#7215 = ORIENTED_EDGE('',*,*,#7216,.T.);
#7216 = EDGE_CURVE('',#7193,#7217,#7219,.T.);
#7217 = VERTEX_POINT('',#7218);
#7218 = CARTESIAN_POINT('',(109.869323,10.85761,1.7));
#7219 = LINE('',#7220,#7221);
#7220 = CARTESIAN_POINT('',(109.898,10.863452,1.7));
#7221 = VECTOR('',#7222,1.);
#7222 = DIRECTION('',(-0.97987394964,-0.199617240778,0.));
#7223 = ORIENTED_EDGE('',*,*,#7224,.F.);
#7224 = EDGE_CURVE('',#1771,#7217,#7225,.T.);
#7225 = LINE('',#7226,#7227);
#7226 = CARTESIAN_POINT('',(109.869323,10.85761,0.));
#7227 = VECTOR('',#7228,1.);
#7228 = DIRECTION('',(0.,0.,1.));
#7229 = ORIENTED_EDGE('',*,*,#1770,.F.);
#7230 = PLANE('',#7231);
#7231 = AXIS2_PLACEMENT_3D('',#7232,#7233,#7234);
#7232 = CARTESIAN_POINT('',(109.898,10.863452,0.));
#7233 = DIRECTION('',(0.199617240778,-0.97987394964,0.));
#7234 = DIRECTION('',(-0.97987394964,-0.199617240778,0.));
#7235 = ADVANCED_FACE('',(#7236),#7254,.F.);
#7236 = FACE_BOUND('',#7237,.F.);
#7237 = EDGE_LOOP('',(#7238,#7239,#7247,#7253));
#7238 = ORIENTED_EDGE('',*,*,#7224,.T.);
#7239 = ORIENTED_EDGE('',*,*,#7240,.T.);
#7240 = EDGE_CURVE('',#7217,#7241,#7243,.T.);
#7241 = VERTEX_POINT('',#7242);
#7242 = CARTESIAN_POINT('',(109.854667,10.858982,1.7));
#7243 = LINE('',#7244,#7245);
#7244 = CARTESIAN_POINT('',(109.869323,10.85761,1.7));
#7245 = VECTOR('',#7246,1.);
#7246 = DIRECTION('',(-0.995646843676,9.320602275685E-02,0.));
#7247 = ORIENTED_EDGE('',*,*,#7248,.F.);
#7248 = EDGE_CURVE('',#1779,#7241,#7249,.T.);
#7249 = LINE('',#7250,#7251);
#7250 = CARTESIAN_POINT('',(109.854667,10.858982,0.));
#7251 = VECTOR('',#7252,1.);
#7252 = DIRECTION('',(0.,0.,1.));
#7253 = ORIENTED_EDGE('',*,*,#1778,.F.);
#7254 = PLANE('',#7255);
#7255 = AXIS2_PLACEMENT_3D('',#7256,#7257,#7258);
#7256 = CARTESIAN_POINT('',(109.869323,10.85761,0.));
#7257 = DIRECTION('',(-9.320602275685E-02,-0.995646843676,0.));
#7258 = DIRECTION('',(-0.995646843676,9.320602275685E-02,0.));
#7259 = ADVANCED_FACE('',(#7260),#7278,.F.);
#7260 = FACE_BOUND('',#7261,.F.);
#7261 = EDGE_LOOP('',(#7262,#7263,#7271,#7277));
#7262 = ORIENTED_EDGE('',*,*,#7248,.T.);
#7263 = ORIENTED_EDGE('',*,*,#7264,.T.);
#7264 = EDGE_CURVE('',#7241,#7265,#7267,.T.);
#7265 = VERTEX_POINT('',#7266);
#7266 = CARTESIAN_POINT('',(96.013725,13.549401,1.7));
#7267 = LINE('',#7268,#7269);
#7268 = CARTESIAN_POINT('',(109.854667,10.858982,1.7));
#7269 = VECTOR('',#7270,1.);
#7270 = DIRECTION('',(-0.981627018524,0.190809843835,0.));
#7271 = ORIENTED_EDGE('',*,*,#7272,.F.);
#7272 = EDGE_CURVE('',#1787,#7265,#7273,.T.);
#7273 = LINE('',#7274,#7275);
#7274 = CARTESIAN_POINT('',(96.013725,13.549401,0.));
#7275 = VECTOR('',#7276,1.);
#7276 = DIRECTION('',(0.,0.,1.));
#7277 = ORIENTED_EDGE('',*,*,#1786,.F.);
#7278 = PLANE('',#7279);
#7279 = AXIS2_PLACEMENT_3D('',#7280,#7281,#7282);
#7280 = CARTESIAN_POINT('',(109.854667,10.858982,0.));
#7281 = DIRECTION('',(-0.190809843835,-0.981627018524,0.));
#7282 = DIRECTION('',(-0.981627018524,0.190809843835,0.));
#7283 = ADVANCED_FACE('',(#7284),#7302,.F.);
#7284 = FACE_BOUND('',#7285,.F.);
#7285 = EDGE_LOOP('',(#7286,#7287,#7295,#7301));
#7286 = ORIENTED_EDGE('',*,*,#7272,.T.);
#7287 = ORIENTED_EDGE('',*,*,#7288,.T.);
#7288 = EDGE_CURVE('',#7265,#7289,#7291,.T.);
#7289 = VERTEX_POINT('',#7290);
#7290 = CARTESIAN_POINT('',(95.999653,13.553592,1.7));
#7291 = LINE('',#7292,#7293);
#7292 = CARTESIAN_POINT('',(96.013725,13.549401,1.7));
#7293 = VECTOR('',#7294,1.);
#7294 = DIRECTION('',(-0.958397973061,0.285435325831,0.));
#7295 = ORIENTED_EDGE('',*,*,#7296,.F.);
#7296 = EDGE_CURVE('',#1795,#7289,#7297,.T.);
#7297 = LINE('',#7298,#7299);
#7298 = CARTESIAN_POINT('',(95.999653,13.553592,0.));
#7299 = VECTOR('',#7300,1.);
#7300 = DIRECTION('',(0.,0.,1.));
#7301 = ORIENTED_EDGE('',*,*,#1794,.F.);
#7302 = PLANE('',#7303);
#7303 = AXIS2_PLACEMENT_3D('',#7304,#7305,#7306);
#7304 = CARTESIAN_POINT('',(96.013725,13.549401,0.));
#7305 = DIRECTION('',(-0.285435325831,-0.958397973061,0.));
#7306 = DIRECTION('',(-0.958397973061,0.285435325831,0.));
#7307 = ADVANCED_FACE('',(#7308),#7326,.F.);
#7308 = FACE_BOUND('',#7309,.F.);
#7309 = EDGE_LOOP('',(#7310,#7311,#7319,#7325));
#7310 = ORIENTED_EDGE('',*,*,#7296,.T.);
#7311 = ORIENTED_EDGE('',*,*,#7312,.T.);
#7312 = EDGE_CURVE('',#7289,#7313,#7315,.T.);
#7313 = VERTEX_POINT('',#7314);
#7314 = CARTESIAN_POINT('',(95.975244,13.569746,1.7));
#7315 = LINE('',#7316,#7317);
#7316 = CARTESIAN_POINT('',(95.999653,13.553592,1.7));
#7317 = VECTOR('',#7318,1.);
#7318 = DIRECTION('',(-0.833916713534,0.551890310559,0.));
#7319 = ORIENTED_EDGE('',*,*,#7320,.F.);
#7320 = EDGE_CURVE('',#1803,#7313,#7321,.T.);
#7321 = LINE('',#7322,#7323);
#7322 = CARTESIAN_POINT('',(95.975244,13.569746,0.));
#7323 = VECTOR('',#7324,1.);
#7324 = DIRECTION('',(0.,0.,1.));
#7325 = ORIENTED_EDGE('',*,*,#1802,.F.);
#7326 = PLANE('',#7327);
#7327 = AXIS2_PLACEMENT_3D('',#7328,#7329,#7330);
#7328 = CARTESIAN_POINT('',(95.999653,13.553592,0.));
#7329 = DIRECTION('',(-0.551890310559,-0.833916713534,0.));
#7330 = DIRECTION('',(-0.833916713534,0.551890310559,0.));
#7331 = ADVANCED_FACE('',(#7332),#7350,.F.);
#7332 = FACE_BOUND('',#7333,.F.);
#7333 = EDGE_LOOP('',(#7334,#7335,#7343,#7349));
#7334 = ORIENTED_EDGE('',*,*,#7320,.T.);
#7335 = ORIENTED_EDGE('',*,*,#7336,.T.);
#7336 = EDGE_CURVE('',#7313,#7337,#7339,.T.);
#7337 = VERTEX_POINT('',#7338);
#7338 = CARTESIAN_POINT('',(95.958886,13.594003,1.7));
#7339 = LINE('',#7340,#7341);
#7340 = CARTESIAN_POINT('',(95.975244,13.569746,1.7));
#7341 = VECTOR('',#7342,1.);
#7342 = DIRECTION('',(-0.559109432326,0.82909386844,0.));
#7343 = ORIENTED_EDGE('',*,*,#7344,.F.);
#7344 = EDGE_CURVE('',#1811,#7337,#7345,.T.);
#7345 = LINE('',#7346,#7347);
#7346 = CARTESIAN_POINT('',(95.958886,13.594003,0.));
#7347 = VECTOR('',#7348,1.);
#7348 = DIRECTION('',(0.,0.,1.));
#7349 = ORIENTED_EDGE('',*,*,#1810,.F.);
#7350 = PLANE('',#7351);
#7351 = AXIS2_PLACEMENT_3D('',#7352,#7353,#7354);
#7352 = CARTESIAN_POINT('',(95.975244,13.569746,0.));
#7353 = DIRECTION('',(-0.82909386844,-0.559109432326,0.));
#7354 = DIRECTION('',(-0.559109432326,0.82909386844,0.));
#7355 = ADVANCED_FACE('',(#7356),#7374,.F.);
#7356 = FACE_BOUND('',#7357,.F.);
#7357 = EDGE_LOOP('',(#7358,#7359,#7367,#7373));
#7358 = ORIENTED_EDGE('',*,*,#7344,.T.);
#7359 = ORIENTED_EDGE('',*,*,#7360,.T.);
#7360 = EDGE_CURVE('',#7337,#7361,#7363,.T.);
#7361 = VERTEX_POINT('',#7362);
#7362 = CARTESIAN_POINT('',(95.953044,13.62268,1.7));
#7363 = LINE('',#7364,#7365);
#7364 = CARTESIAN_POINT('',(95.958886,13.594003,1.7));
#7365 = VECTOR('',#7366,1.);
#7366 = DIRECTION('',(-0.199617240778,0.97987394964,0.));
#7367 = ORIENTED_EDGE('',*,*,#7368,.F.);
#7368 = EDGE_CURVE('',#1819,#7361,#7369,.T.);
#7369 = LINE('',#7370,#7371);
#7370 = CARTESIAN_POINT('',(95.953044,13.62268,0.));
#7371 = VECTOR('',#7372,1.);
#7372 = DIRECTION('',(0.,0.,1.));
#7373 = ORIENTED_EDGE('',*,*,#1818,.F.);
#7374 = PLANE('',#7375);
#7375 = AXIS2_PLACEMENT_3D('',#7376,#7377,#7378);
#7376 = CARTESIAN_POINT('',(95.958886,13.594003,0.));
#7377 = DIRECTION('',(-0.97987394964,-0.199617240778,0.));
#7378 = DIRECTION('',(-0.199617240778,0.97987394964,0.));
#7379 = ADVANCED_FACE('',(#7380),#7398,.F.);
#7380 = FACE_BOUND('',#7381,.F.);
#7381 = EDGE_LOOP('',(#7382,#7383,#7391,#7397));
#7382 = ORIENTED_EDGE('',*,*,#7368,.T.);
#7383 = ORIENTED_EDGE('',*,*,#7384,.T.);
#7384 = EDGE_CURVE('',#7361,#7385,#7387,.T.);
#7385 = VERTEX_POINT('',#7386);
#7386 = CARTESIAN_POINT('',(95.954416,13.637335,1.7));
#7387 = LINE('',#7388,#7389);
#7388 = CARTESIAN_POINT('',(95.953044,13.62268,1.7));
#7389 = VECTOR('',#7390,1.);
#7390 = DIRECTION('',(9.32123275139E-02,0.995646253445,0.));
#7391 = ORIENTED_EDGE('',*,*,#7392,.F.);
#7392 = EDGE_CURVE('',#1827,#7385,#7393,.T.);
#7393 = LINE('',#7394,#7395);
#7394 = CARTESIAN_POINT('',(95.954416,13.637335,0.));
#7395 = VECTOR('',#7396,1.);
#7396 = DIRECTION('',(0.,0.,1.));
#7397 = ORIENTED_EDGE('',*,*,#1826,.F.);
#7398 = PLANE('',#7399);
#7399 = AXIS2_PLACEMENT_3D('',#7400,#7401,#7402);
#7400 = CARTESIAN_POINT('',(95.953044,13.62268,0.));
#7401 = DIRECTION('',(-0.995646253445,9.32123275139E-02,0.));
#7402 = DIRECTION('',(9.32123275139E-02,0.995646253445,0.));
#7403 = ADVANCED_FACE('',(#7404),#7422,.F.);
#7404 = FACE_BOUND('',#7405,.F.);
#7405 = EDGE_LOOP('',(#7406,#7407,#7415,#7421));
#7406 = ORIENTED_EDGE('',*,*,#7392,.T.);
#7407 = ORIENTED_EDGE('',*,*,#7408,.T.);
#7408 = EDGE_CURVE('',#7385,#7409,#7411,.T.);
#7409 = VERTEX_POINT('',#7410);
#7410 = CARTESIAN_POINT('',(98.644834,27.478278,1.7));
#7411 = LINE('',#7412,#7413);
#7412 = CARTESIAN_POINT('',(95.954416,13.637335,1.7));
#7413 = VECTOR('',#7414,1.);
#7414 = DIRECTION('',(0.190809762211,0.98162703439,0.));
#7415 = ORIENTED_EDGE('',*,*,#7416,.F.);
#7416 = EDGE_CURVE('',#1835,#7409,#7417,.T.);
#7417 = LINE('',#7418,#7419);
#7418 = CARTESIAN_POINT('',(98.644834,27.478278,0.));
#7419 = VECTOR('',#7420,1.);
#7420 = DIRECTION('',(0.,0.,1.));
#7421 = ORIENTED_EDGE('',*,*,#1834,.F.);
#7422 = PLANE('',#7423);
#7423 = AXIS2_PLACEMENT_3D('',#7424,#7425,#7426);
#7424 = CARTESIAN_POINT('',(95.954416,13.637335,0.));
#7425 = DIRECTION('',(-0.98162703439,0.190809762211,0.));
#7426 = DIRECTION('',(0.190809762211,0.98162703439,0.));
#7427 = ADVANCED_FACE('',(#7428),#7446,.F.);
#7428 = FACE_BOUND('',#7429,.F.);
#7429 = EDGE_LOOP('',(#7430,#7431,#7439,#7445));
#7430 = ORIENTED_EDGE('',*,*,#7416,.T.);
#7431 = ORIENTED_EDGE('',*,*,#7432,.T.);
#7432 = EDGE_CURVE('',#7409,#7433,#7435,.T.);
#7433 = VERTEX_POINT('',#7434);
#7434 = CARTESIAN_POINT('',(98.649025,27.49235,1.7));
#7435 = LINE('',#7436,#7437);
#7436 = CARTESIAN_POINT('',(98.644834,27.478278,1.7));
#7437 = VECTOR('',#7438,1.);
#7438 = DIRECTION('',(0.285435325831,0.958397973061,0.));
#7439 = ORIENTED_EDGE('',*,*,#7440,.F.);
#7440 = EDGE_CURVE('',#1843,#7433,#7441,.T.);
#7441 = LINE('',#7442,#7443);
#7442 = CARTESIAN_POINT('',(98.649025,27.49235,0.));
#7443 = VECTOR('',#7444,1.);
#7444 = DIRECTION('',(0.,0.,1.));
#7445 = ORIENTED_EDGE('',*,*,#1842,.F.);
#7446 = PLANE('',#7447);
#7447 = AXIS2_PLACEMENT_3D('',#7448,#7449,#7450);
#7448 = CARTESIAN_POINT('',(98.644834,27.478278,0.));
#7449 = DIRECTION('',(-0.958397973061,0.285435325831,0.));
#7450 = DIRECTION('',(0.285435325831,0.958397973061,0.));
#7451 = ADVANCED_FACE('',(#7452),#7470,.F.);
#7452 = FACE_BOUND('',#7453,.F.);
#7453 = EDGE_LOOP('',(#7454,#7455,#7463,#7469));
#7454 = ORIENTED_EDGE('',*,*,#7440,.T.);
#7455 = ORIENTED_EDGE('',*,*,#7456,.T.);
#7456 = EDGE_CURVE('',#7433,#7457,#7459,.T.);
#7457 = VERTEX_POINT('',#7458);
#7458 = CARTESIAN_POINT('',(98.66518,27.516759,1.7));
#7459 = LINE('',#7460,#7461);
#7460 = CARTESIAN_POINT('',(98.649025,27.49235,1.7));
#7461 = VECTOR('',#7462,1.);
#7462 = DIRECTION('',(0.551914068334,0.833900990031,0.));
#7463 = ORIENTED_EDGE('',*,*,#7464,.F.);
#7464 = EDGE_CURVE('',#1851,#7457,#7465,.T.);
#7465 = LINE('',#7466,#7467);
#7466 = CARTESIAN_POINT('',(98.66518,27.516759,0.));
#7467 = VECTOR('',#7468,1.);
#7468 = DIRECTION('',(0.,0.,1.));
#7469 = ORIENTED_EDGE('',*,*,#1850,.F.);
#7470 = PLANE('',#7471);
#7471 = AXIS2_PLACEMENT_3D('',#7472,#7473,#7474);
#7472 = CARTESIAN_POINT('',(98.649025,27.49235,0.));
#7473 = DIRECTION('',(-0.833900990031,0.551914068334,0.));
#7474 = DIRECTION('',(0.551914068334,0.833900990031,0.));
#7475 = ADVANCED_FACE('',(#7476),#7494,.F.);
#7476 = FACE_BOUND('',#7477,.F.);
#7477 = EDGE_LOOP('',(#7478,#7479,#7487,#7493));
#7478 = ORIENTED_EDGE('',*,*,#7464,.T.);
#7479 = ORIENTED_EDGE('',*,*,#7480,.T.);
#7480 = EDGE_CURVE('',#7457,#7481,#7483,.T.);
#7481 = VERTEX_POINT('',#7482);
#7482 = CARTESIAN_POINT('',(98.689462,27.533117,1.7));
#7483 = LINE('',#7484,#7485);
#7484 = CARTESIAN_POINT('',(98.66518,27.516759,1.7));
#7485 = VECTOR('',#7486,1.);
#7486 = DIRECTION('',(0.829360701039,0.558713546973,0.));
#7487 = ORIENTED_EDGE('',*,*,#7488,.F.);
#7488 = EDGE_CURVE('',#1859,#7481,#7489,.T.);
#7489 = LINE('',#7490,#7491);
#7490 = CARTESIAN_POINT('',(98.689462,27.533117,0.));
#7491 = VECTOR('',#7492,1.);
#7492 = DIRECTION('',(0.,0.,1.));
#7493 = ORIENTED_EDGE('',*,*,#1858,.F.);
#7494 = PLANE('',#7495);
#7495 = AXIS2_PLACEMENT_3D('',#7496,#7497,#7498);
#7496 = CARTESIAN_POINT('',(98.66518,27.516759,0.));
#7497 = DIRECTION('',(-0.558713546973,0.829360701039,0.));
#7498 = DIRECTION('',(0.829360701039,0.558713546973,0.));
#7499 = ADVANCED_FACE('',(#7500),#7511,.F.);
#7500 = FACE_BOUND('',#7501,.F.);
#7501 = EDGE_LOOP('',(#7502,#7503,#7509,#7510));
#7502 = ORIENTED_EDGE('',*,*,#7488,.T.);
#7503 = ORIENTED_EDGE('',*,*,#7504,.T.);
#7504 = EDGE_CURVE('',#7481,#6945,#7505,.T.);
#7505 = LINE('',#7506,#7507);
#7506 = CARTESIAN_POINT('',(98.689462,27.533117,1.7));
#7507 = VECTOR('',#7508,1.);
#7508 = DIRECTION('',(0.97987394964,0.199617240778,0.));
#7509 = ORIENTED_EDGE('',*,*,#6944,.F.);
#7510 = ORIENTED_EDGE('',*,*,#1866,.F.);
#7511 = PLANE('',#7512);
#7512 = AXIS2_PLACEMENT_3D('',#7513,#7514,#7515);
#7513 = CARTESIAN_POINT('',(98.689462,27.533117,0.));
#7514 = DIRECTION('',(-0.199617240778,0.97987394964,0.));
#7515 = DIRECTION('',(0.97987394964,0.199617240778,0.));
#7516 = ADVANCED_FACE('',(#7517),#7542,.F.);
#7517 = FACE_BOUND('',#7518,.F.);
#7518 = EDGE_LOOP('',(#7519,#7527,#7535,#7541));
#7519 = ORIENTED_EDGE('',*,*,#7520,.T.);
#7520 = EDGE_CURVE('',#1875,#7521,#7523,.T.);
#7521 = VERTEX_POINT('',#7522);
#7522 = CARTESIAN_POINT('',(132.244589,46.746388,1.7));
#7523 = LINE('',#7524,#7525);
#7524 = CARTESIAN_POINT('',(132.244589,46.746388,0.));
#7525 = VECTOR('',#7526,1.);
#7526 = DIRECTION('',(0.,0.,1.));
#7527 = ORIENTED_EDGE('',*,*,#7528,.T.);
#7528 = EDGE_CURVE('',#7521,#7529,#7531,.T.);
#7529 = VERTEX_POINT('',#7530);
#7530 = CARTESIAN_POINT('',(132.258128,46.73285,1.7));
#7531 = LINE('',#7532,#7533);
#7532 = CARTESIAN_POINT('',(132.244589,46.746388,1.7));
#7533 = VECTOR('',#7534,1.);
#7534 = DIRECTION('',(0.707132895369,-0.707080666039,0.));
#7535 = ORIENTED_EDGE('',*,*,#7536,.F.);
#7536 = EDGE_CURVE('',#1877,#7529,#7537,.T.);
#7537 = LINE('',#7538,#7539);
#7538 = CARTESIAN_POINT('',(132.258128,46.73285,0.));
#7539 = VECTOR('',#7540,1.);
#7540 = DIRECTION('',(0.,0.,1.));
#7541 = ORIENTED_EDGE('',*,*,#1874,.F.);
#7542 = PLANE('',#7543);
#7543 = AXIS2_PLACEMENT_3D('',#7544,#7545,#7546);
#7544 = CARTESIAN_POINT('',(132.244589,46.746388,0.));
#7545 = DIRECTION('',(0.707080666039,0.707132895369,0.));
#7546 = DIRECTION('',(0.707132895369,-0.707080666039,0.));
#7547 = ADVANCED_FACE('',(#7548),#7566,.F.);
#7548 = FACE_BOUND('',#7549,.F.);
#7549 = EDGE_LOOP('',(#7550,#7551,#7559,#7565));
#7550 = ORIENTED_EDGE('',*,*,#7536,.T.);
#7551 = ORIENTED_EDGE('',*,*,#7552,.T.);
#7552 = EDGE_CURVE('',#7529,#7553,#7555,.T.);
#7553 = VERTEX_POINT('',#7554);
#7554 = CARTESIAN_POINT('',(132.260033,46.723274,1.7));
#7555 = LINE('',#7556,#7557);
#7556 = CARTESIAN_POINT('',(132.258128,46.73285,1.7));
#7557 = VECTOR('',#7558,1.);
#7558 = DIRECTION('',(0.195111521073,-0.980781063411,0.));
#7559 = ORIENTED_EDGE('',*,*,#7560,.F.);
#7560 = EDGE_CURVE('',#1885,#7553,#7561,.T.);
#7561 = LINE('',#7562,#7563);
#7562 = CARTESIAN_POINT('',(132.260033,46.723274,0.));
#7563 = VECTOR('',#7564,1.);
#7564 = DIRECTION('',(0.,0.,1.));
#7565 = ORIENTED_EDGE('',*,*,#1884,.F.);
#7566 = PLANE('',#7567);
#7567 = AXIS2_PLACEMENT_3D('',#7568,#7569,#7570);
#7568 = CARTESIAN_POINT('',(132.258128,46.73285,0.));
#7569 = DIRECTION('',(0.980781063411,0.195111521073,0.));
#7570 = DIRECTION('',(0.195111521073,-0.980781063411,0.));
#7571 = ADVANCED_FACE('',(#7572),#7590,.F.);
#7572 = FACE_BOUND('',#7573,.F.);
#7573 = EDGE_LOOP('',(#7574,#7575,#7583,#7589));
#7574 = ORIENTED_EDGE('',*,*,#7560,.T.);
#7575 = ORIENTED_EDGE('',*,*,#7576,.T.);
#7576 = EDGE_CURVE('',#7553,#7577,#7579,.T.);
#7577 = VERTEX_POINT('',#7578);
#7578 = CARTESIAN_POINT('',(132.260033,31.723278,1.7));
#7579 = LINE('',#7580,#7581);
#7580 = CARTESIAN_POINT('',(132.260033,46.723274,1.7));
#7581 = VECTOR('',#7582,1.);
#7582 = DIRECTION('',(0.,-1.,0.));
#7583 = ORIENTED_EDGE('',*,*,#7584,.F.);
#7584 = EDGE_CURVE('',#1893,#7577,#7585,.T.);
#7585 = LINE('',#7586,#7587);
#7586 = CARTESIAN_POINT('',(132.260033,31.723278,0.));
#7587 = VECTOR('',#7588,1.);
#7588 = DIRECTION('',(0.,0.,1.));
#7589 = ORIENTED_EDGE('',*,*,#1892,.F.);
#7590 = PLANE('',#7591);
#7591 = AXIS2_PLACEMENT_3D('',#7592,#7593,#7594);
#7592 = CARTESIAN_POINT('',(132.260033,46.723274,0.));
#7593 = DIRECTION('',(1.,0.,0.));
#7594 = DIRECTION('',(0.,-1.,0.));
#7595 = ADVANCED_FACE('',(#7596),#7614,.F.);
#7596 = FACE_BOUND('',#7597,.F.);
#7597 = EDGE_LOOP('',(#7598,#7599,#7607,#7613));
#7598 = ORIENTED_EDGE('',*,*,#7584,.T.);
#7599 = ORIENTED_EDGE('',*,*,#7600,.T.);
#7600 = EDGE_CURVE('',#7577,#7601,#7603,.T.);
#7601 = VERTEX_POINT('',#7602);
#7602 = CARTESIAN_POINT('',(132.258128,31.713703,1.7));
#7603 = LINE('',#7604,#7605);
#7604 = CARTESIAN_POINT('',(132.260033,31.723278,1.7));
#7605 = VECTOR('',#7606,1.);
#7606 = DIRECTION('',(-0.195131122409,-0.980777163818,0.));
#7607 = ORIENTED_EDGE('',*,*,#7608,.F.);
#7608 = EDGE_CURVE('',#1901,#7601,#7609,.T.);
#7609 = LINE('',#7610,#7611);
#7610 = CARTESIAN_POINT('',(132.258128,31.713703,0.));
#7611 = VECTOR('',#7612,1.);
#7612 = DIRECTION('',(0.,0.,1.));
#7613 = ORIENTED_EDGE('',*,*,#1900,.F.);
#7614 = PLANE('',#7615);
#7615 = AXIS2_PLACEMENT_3D('',#7616,#7617,#7618);
#7616 = CARTESIAN_POINT('',(132.260033,31.723278,0.));
#7617 = DIRECTION('',(0.980777163818,-0.195131122409,0.));
#7618 = DIRECTION('',(-0.195131122409,-0.980777163818,0.));
#7619 = ADVANCED_FACE('',(#7620),#7638,.F.);
#7620 = FACE_BOUND('',#7621,.F.);
#7621 = EDGE_LOOP('',(#7622,#7623,#7631,#7637));
#7622 = ORIENTED_EDGE('',*,*,#7608,.T.);
#7623 = ORIENTED_EDGE('',*,*,#7624,.T.);
#7624 = EDGE_CURVE('',#7601,#7625,#7627,.T.);
#7625 = VERTEX_POINT('',#7626);
#7626 = CARTESIAN_POINT('',(132.244589,31.70019,1.7));
#7627 = LINE('',#7628,#7629);
#7628 = CARTESIAN_POINT('',(132.258128,31.713703,1.7));
#7629 = VECTOR('',#7630,1.);
#7630 = DIRECTION('',(-0.707786063048,-0.706426846145,0.));
#7631 = ORIENTED_EDGE('',*,*,#7632,.F.);
#7632 = EDGE_CURVE('',#1909,#7625,#7633,.T.);
#7633 = LINE('',#7634,#7635);
#7634 = CARTESIAN_POINT('',(132.244589,31.70019,0.));
#7635 = VECTOR('',#7636,1.);
#7636 = DIRECTION('',(0.,0.,1.));
#7637 = ORIENTED_EDGE('',*,*,#1908,.F.);
#7638 = PLANE('',#7639);
#7639 = AXIS2_PLACEMENT_3D('',#7640,#7641,#7642);
#7640 = CARTESIAN_POINT('',(132.258128,31.713703,0.));
#7641 = DIRECTION('',(0.706426846145,-0.707786063048,0.));
#7642 = DIRECTION('',(-0.707786063048,-0.706426846145,0.));
#7643 = ADVANCED_FACE('',(#7644),#7662,.F.);
#7644 = FACE_BOUND('',#7645,.F.);
#7645 = EDGE_LOOP('',(#7646,#7647,#7655,#7661));
#7646 = ORIENTED_EDGE('',*,*,#7632,.T.);
#7647 = ORIENTED_EDGE('',*,*,#7648,.T.);
#7648 = EDGE_CURVE('',#7625,#7649,#7651,.T.);
#7649 = VERTEX_POINT('',#7650);
#7650 = CARTESIAN_POINT('',(132.235014,31.698285,1.7));
#7651 = LINE('',#7652,#7653);
#7652 = CARTESIAN_POINT('',(132.244589,31.70019,1.7));
#7653 = VECTOR('',#7654,1.);
#7654 = DIRECTION('',(-0.980777163818,-0.19513112241,0.));
#7655 = ORIENTED_EDGE('',*,*,#7656,.F.);
#7656 = EDGE_CURVE('',#1917,#7649,#7657,.T.);
#7657 = LINE('',#7658,#7659);
#7658 = CARTESIAN_POINT('',(132.235014,31.698285,0.));
#7659 = VECTOR('',#7660,1.);
#7660 = DIRECTION('',(0.,0.,1.));
#7661 = ORIENTED_EDGE('',*,*,#1916,.F.);
#7662 = PLANE('',#7663);
#7663 = AXIS2_PLACEMENT_3D('',#7664,#7665,#7666);
#7664 = CARTESIAN_POINT('',(132.244589,31.70019,0.));
#7665 = DIRECTION('',(0.19513112241,-0.980777163818,0.));
#7666 = DIRECTION('',(-0.980777163818,-0.19513112241,0.));
#7667 = ADVANCED_FACE('',(#7668),#7686,.F.);
#7668 = FACE_BOUND('',#7669,.F.);
#7669 = EDGE_LOOP('',(#7670,#7671,#7679,#7685));
#7670 = ORIENTED_EDGE('',*,*,#7656,.T.);
#7671 = ORIENTED_EDGE('',*,*,#7672,.T.);
#7672 = EDGE_CURVE('',#7649,#7673,#7675,.T.);
#7673 = VERTEX_POINT('',#7674);
#7674 = CARTESIAN_POINT('',(116.43502,31.698285,1.7));
#7675 = LINE('',#7676,#7677);
#7676 = CARTESIAN_POINT('',(132.235014,31.698285,1.7));
#7677 = VECTOR('',#7678,1.);
#7678 = DIRECTION('',(-1.,0.,0.));
#7679 = ORIENTED_EDGE('',*,*,#7680,.F.);
#7680 = EDGE_CURVE('',#1925,#7673,#7681,.T.);
#7681 = LINE('',#7682,#7683);
#7682 = CARTESIAN_POINT('',(116.43502,31.698285,0.));
#7683 = VECTOR('',#7684,1.);
#7684 = DIRECTION('',(0.,0.,1.));
#7685 = ORIENTED_EDGE('',*,*,#1924,.F.);
#7686 = PLANE('',#7687);
#7687 = AXIS2_PLACEMENT_3D('',#7688,#7689,#7690);
#7688 = CARTESIAN_POINT('',(132.235014,31.698285,0.));
#7689 = DIRECTION('',(0.,-1.,0.));
#7690 = DIRECTION('',(-1.,0.,0.));
#7691 = ADVANCED_FACE('',(#7692),#7710,.F.);
#7692 = FACE_BOUND('',#7693,.F.);
#7693 = EDGE_LOOP('',(#7694,#7695,#7703,#7709));
#7694 = ORIENTED_EDGE('',*,*,#7680,.T.);
#7695 = ORIENTED_EDGE('',*,*,#7696,.T.);
#7696 = EDGE_CURVE('',#7673,#7697,#7699,.T.);
#7697 = VERTEX_POINT('',#7698);
#7698 = CARTESIAN_POINT('',(116.425444,31.70019,1.7));
#7699 = LINE('',#7700,#7701);
#7700 = CARTESIAN_POINT('',(116.43502,31.698285,1.7));
#7701 = VECTOR('',#7702,1.);
#7702 = DIRECTION('',(-0.98078106341,0.195111521073,0.));
#7703 = ORIENTED_EDGE('',*,*,#7704,.F.);
#7704 = EDGE_CURVE('',#1933,#7697,#7705,.T.);
#7705 = LINE('',#7706,#7707);
#7706 = CARTESIAN_POINT('',(116.425444,31.70019,0.));
#7707 = VECTOR('',#7708,1.);
#7708 = DIRECTION('',(0.,0.,1.));
#7709 = ORIENTED_EDGE('',*,*,#1932,.F.);
#7710 = PLANE('',#7711);
#7711 = AXIS2_PLACEMENT_3D('',#7712,#7713,#7714);
#7712 = CARTESIAN_POINT('',(116.43502,31.698285,0.));
#7713 = DIRECTION('',(-0.195111521073,-0.98078106341,0.));
#7714 = DIRECTION('',(-0.98078106341,0.195111521073,0.));
#7715 = ADVANCED_FACE('',(#7716),#7734,.F.);
#7716 = FACE_BOUND('',#7717,.F.);
#7717 = EDGE_LOOP('',(#7718,#7719,#7727,#7733));
#7718 = ORIENTED_EDGE('',*,*,#7704,.T.);
#7719 = ORIENTED_EDGE('',*,*,#7720,.T.);
#7720 = EDGE_CURVE('',#7697,#7721,#7723,.T.);
#7721 = VERTEX_POINT('',#7722);
#7722 = CARTESIAN_POINT('',(116.411931,31.713703,1.7));
#7723 = LINE('',#7724,#7725);
#7724 = CARTESIAN_POINT('',(116.425444,31.70019,1.7));
#7725 = VECTOR('',#7726,1.);
#7726 = DIRECTION('',(-0.707106781187,0.707106781186,0.));
#7727 = ORIENTED_EDGE('',*,*,#7728,.F.);
#7728 = EDGE_CURVE('',#1941,#7721,#7729,.T.);
#7729 = LINE('',#7730,#7731);
#7730 = CARTESIAN_POINT('',(116.411931,31.713703,0.));
#7731 = VECTOR('',#7732,1.);
#7732 = DIRECTION('',(0.,0.,1.));
#7733 = ORIENTED_EDGE('',*,*,#1940,.F.);
#7734 = PLANE('',#7735);
#7735 = AXIS2_PLACEMENT_3D('',#7736,#7737,#7738);
#7736 = CARTESIAN_POINT('',(116.425444,31.70019,0.));
#7737 = DIRECTION('',(-0.707106781186,-0.707106781187,0.));
#7738 = DIRECTION('',(-0.707106781187,0.707106781186,0.));
#7739 = ADVANCED_FACE('',(#7740),#7758,.F.);
#7740 = FACE_BOUND('',#7741,.F.);
#7741 = EDGE_LOOP('',(#7742,#7743,#7751,#7757));
#7742 = ORIENTED_EDGE('',*,*,#7728,.T.);
#7743 = ORIENTED_EDGE('',*,*,#7744,.T.);
#7744 = EDGE_CURVE('',#7721,#7745,#7747,.T.);
#7745 = VERTEX_POINT('',#7746);
#7746 = CARTESIAN_POINT('',(116.410026,31.723278,1.7));
#7747 = LINE('',#7748,#7749);
#7748 = CARTESIAN_POINT('',(116.411931,31.713703,1.7));
#7749 = VECTOR('',#7750,1.);
#7750 = DIRECTION('',(-0.195131122409,0.980777163818,0.));
#7751 = ORIENTED_EDGE('',*,*,#7752,.F.);
#7752 = EDGE_CURVE('',#1949,#7745,#7753,.T.);
#7753 = LINE('',#7754,#7755);
#7754 = CARTESIAN_POINT('',(116.410026,31.723278,0.));
#7755 = VECTOR('',#7756,1.);
#7756 = DIRECTION('',(0.,0.,1.));
#7757 = ORIENTED_EDGE('',*,*,#1948,.F.);
#7758 = PLANE('',#7759);
#7759 = AXIS2_PLACEMENT_3D('',#7760,#7761,#7762);
#7760 = CARTESIAN_POINT('',(116.411931,31.713703,0.));
#7761 = DIRECTION('',(-0.980777163818,-0.195131122409,0.));
#7762 = DIRECTION('',(-0.195131122409,0.980777163818,0.));
#7763 = ADVANCED_FACE('',(#7764),#7782,.F.);
#7764 = FACE_BOUND('',#7765,.F.);
#7765 = EDGE_LOOP('',(#7766,#7767,#7775,#7781));
#7766 = ORIENTED_EDGE('',*,*,#7752,.T.);
#7767 = ORIENTED_EDGE('',*,*,#7768,.T.);
#7768 = EDGE_CURVE('',#7745,#7769,#7771,.T.);
#7769 = VERTEX_POINT('',#7770);
#7770 = CARTESIAN_POINT('',(116.410026,46.723274,1.7));
#7771 = LINE('',#7772,#7773);
#7772 = CARTESIAN_POINT('',(116.410026,31.723278,1.7));
#7773 = VECTOR('',#7774,1.);
#7774 = DIRECTION('',(0.,1.,0.));
#7775 = ORIENTED_EDGE('',*,*,#7776,.F.);
#7776 = EDGE_CURVE('',#1957,#7769,#7777,.T.);
#7777 = LINE('',#7778,#7779);
#7778 = CARTESIAN_POINT('',(116.410026,46.723274,0.));
#7779 = VECTOR('',#7780,1.);
#7780 = DIRECTION('',(0.,0.,1.));
#7781 = ORIENTED_EDGE('',*,*,#1956,.F.);
#7782 = PLANE('',#7783);
#7783 = AXIS2_PLACEMENT_3D('',#7784,#7785,#7786);
#7784 = CARTESIAN_POINT('',(116.410026,31.723278,0.));
#7785 = DIRECTION('',(-1.,0.,0.));
#7786 = DIRECTION('',(0.,1.,0.));
#7787 = ADVANCED_FACE('',(#7788),#7806,.F.);
#7788 = FACE_BOUND('',#7789,.F.);
#7789 = EDGE_LOOP('',(#7790,#7791,#7799,#7805));
#7790 = ORIENTED_EDGE('',*,*,#7776,.T.);
#7791 = ORIENTED_EDGE('',*,*,#7792,.T.);
#7792 = EDGE_CURVE('',#7769,#7793,#7795,.T.);
#7793 = VERTEX_POINT('',#7794);
#7794 = CARTESIAN_POINT('',(116.411931,46.73285,1.7));
#7795 = LINE('',#7796,#7797);
#7796 = CARTESIAN_POINT('',(116.410026,46.723274,1.7));
#7797 = VECTOR('',#7798,1.);
#7798 = DIRECTION('',(0.195111521073,0.980781063411,0.));
#7799 = ORIENTED_EDGE('',*,*,#7800,.F.);
#7800 = EDGE_CURVE('',#1965,#7793,#7801,.T.);
#7801 = LINE('',#7802,#7803);
#7802 = CARTESIAN_POINT('',(116.411931,46.73285,0.));
#7803 = VECTOR('',#7804,1.);
#7804 = DIRECTION('',(0.,0.,1.));
#7805 = ORIENTED_EDGE('',*,*,#1964,.F.);
#7806 = PLANE('',#7807);
#7807 = AXIS2_PLACEMENT_3D('',#7808,#7809,#7810);
#7808 = CARTESIAN_POINT('',(116.410026,46.723274,0.));
#7809 = DIRECTION('',(-0.980781063411,0.195111521073,0.));
#7810 = DIRECTION('',(0.195111521073,0.980781063411,0.));
#7811 = ADVANCED_FACE('',(#7812),#7830,.F.);
#7812 = FACE_BOUND('',#7813,.F.);
#7813 = EDGE_LOOP('',(#7814,#7815,#7823,#7829));
#7814 = ORIENTED_EDGE('',*,*,#7800,.T.);
#7815 = ORIENTED_EDGE('',*,*,#7816,.T.);
#7816 = EDGE_CURVE('',#7793,#7817,#7819,.T.);
#7817 = VERTEX_POINT('',#7818);
#7818 = CARTESIAN_POINT('',(116.425444,46.746388,1.7));
#7819 = LINE('',#7820,#7821);
#7820 = CARTESIAN_POINT('',(116.411931,46.73285,1.7));
#7821 = VECTOR('',#7822,1.);
#7822 = DIRECTION('',(0.706452985369,0.707759973058,0.));
#7823 = ORIENTED_EDGE('',*,*,#7824,.F.);
#7824 = EDGE_CURVE('',#1973,#7817,#7825,.T.);
#7825 = LINE('',#7826,#7827);
#7826 = CARTESIAN_POINT('',(116.425444,46.746388,0.));
#7827 = VECTOR('',#7828,1.);
#7828 = DIRECTION('',(0.,0.,1.));
#7829 = ORIENTED_EDGE('',*,*,#1972,.F.);
#7830 = PLANE('',#7831);
#7831 = AXIS2_PLACEMENT_3D('',#7832,#7833,#7834);
#7832 = CARTESIAN_POINT('',(116.411931,46.73285,0.));
#7833 = DIRECTION('',(-0.707759973058,0.706452985369,0.));
#7834 = DIRECTION('',(0.706452985369,0.707759973058,0.));
#7835 = ADVANCED_FACE('',(#7836),#7854,.F.);
#7836 = FACE_BOUND('',#7837,.F.);
#7837 = EDGE_LOOP('',(#7838,#7839,#7847,#7853));
#7838 = ORIENTED_EDGE('',*,*,#7824,.T.);
#7839 = ORIENTED_EDGE('',*,*,#7840,.T.);
#7840 = EDGE_CURVE('',#7817,#7841,#7843,.T.);
#7841 = VERTEX_POINT('',#7842);
#7842 = CARTESIAN_POINT('',(116.43502,46.748293,1.7));
#7843 = LINE('',#7844,#7845);
#7844 = CARTESIAN_POINT('',(116.425444,46.746388,1.7));
#7845 = VECTOR('',#7846,1.);
#7846 = DIRECTION('',(0.980781063411,0.195111521073,0.));
#7847 = ORIENTED_EDGE('',*,*,#7848,.F.);
#7848 = EDGE_CURVE('',#1981,#7841,#7849,.T.);
#7849 = LINE('',#7850,#7851);
#7850 = CARTESIAN_POINT('',(116.43502,46.748293,0.));
#7851 = VECTOR('',#7852,1.);
#7852 = DIRECTION('',(0.,0.,1.));
#7853 = ORIENTED_EDGE('',*,*,#1980,.F.);
#7854 = PLANE('',#7855);
#7855 = AXIS2_PLACEMENT_3D('',#7856,#7857,#7858);
#7856 = CARTESIAN_POINT('',(116.425444,46.746388,0.));
#7857 = DIRECTION('',(-0.195111521073,0.980781063411,0.));
#7858 = DIRECTION('',(0.980781063411,0.195111521073,0.));
#7859 = ADVANCED_FACE('',(#7860),#7878,.F.);
#7860 = FACE_BOUND('',#7861,.F.);
#7861 = EDGE_LOOP('',(#7862,#7863,#7871,#7877));
#7862 = ORIENTED_EDGE('',*,*,#7848,.T.);
#7863 = ORIENTED_EDGE('',*,*,#7864,.T.);
#7864 = EDGE_CURVE('',#7841,#7865,#7867,.T.);
#7865 = VERTEX_POINT('',#7866);
#7866 = CARTESIAN_POINT('',(132.235014,46.748293,1.7));
#7867 = LINE('',#7868,#7869);
#7868 = CARTESIAN_POINT('',(116.43502,46.748293,1.7));
#7869 = VECTOR('',#7870,1.);
#7870 = DIRECTION('',(1.,0.,0.));
#7871 = ORIENTED_EDGE('',*,*,#7872,.F.);
#7872 = EDGE_CURVE('',#1989,#7865,#7873,.T.);
#7873 = LINE('',#7874,#7875);
#7874 = CARTESIAN_POINT('',(132.235014,46.748293,0.));
#7875 = VECTOR('',#7876,1.);
#7876 = DIRECTION('',(0.,0.,1.));
#7877 = ORIENTED_EDGE('',*,*,#1988,.F.);
#7878 = PLANE('',#7879);
#7879 = AXIS2_PLACEMENT_3D('',#7880,#7881,#7882);
#7880 = CARTESIAN_POINT('',(116.43502,46.748293,0.));
#7881 = DIRECTION('',(0.,1.,0.));
#7882 = DIRECTION('',(1.,0.,0.));
#7883 = ADVANCED_FACE('',(#7884),#7895,.F.);
#7884 = FACE_BOUND('',#7885,.F.);
#7885 = EDGE_LOOP('',(#7886,#7887,#7893,#7894));
#7886 = ORIENTED_EDGE('',*,*,#7872,.T.);
#7887 = ORIENTED_EDGE('',*,*,#7888,.T.);
#7888 = EDGE_CURVE('',#7865,#7521,#7889,.T.);
#7889 = LINE('',#7890,#7891);
#7890 = CARTESIAN_POINT('',(132.235014,46.748293,1.7));
#7891 = VECTOR('',#7892,1.);
#7892 = DIRECTION('',(0.980777163818,-0.195131122409,0.));
#7893 = ORIENTED_EDGE('',*,*,#7520,.F.);
#7894 = ORIENTED_EDGE('',*,*,#1996,.F.);
#7895 = PLANE('',#7896);
#7896 = AXIS2_PLACEMENT_3D('',#7897,#7898,#7899);
#7897 = CARTESIAN_POINT('',(132.235014,46.748293,0.));
#7898 = DIRECTION('',(0.195131122409,0.980777163818,0.));
#7899 = DIRECTION('',(0.980777163818,-0.195131122409,0.));
#7900 = ADVANCED_FACE('',(#7901),#7926,.F.);
#7901 = FACE_BOUND('',#7902,.F.);
#7902 = EDGE_LOOP('',(#7903,#7911,#7919,#7925));
#7903 = ORIENTED_EDGE('',*,*,#7904,.T.);
#7904 = EDGE_CURVE('',#2005,#7905,#7907,.T.);
#7905 = VERTEX_POINT('',#7906);
#7906 = CARTESIAN_POINT('',(111.880851,90.234337,1.7));
#7907 = LINE('',#7908,#7909);
#7908 = CARTESIAN_POINT('',(111.880851,90.234337,0.));
#7909 = VECTOR('',#7910,1.);
#7910 = DIRECTION('',(0.,0.,1.));
#7911 = ORIENTED_EDGE('',*,*,#7912,.T.);
#7912 = EDGE_CURVE('',#7905,#7913,#7915,.T.);
#7913 = VERTEX_POINT('',#7914);
#7914 = CARTESIAN_POINT('',(111.907902,90.223136,1.7));
#7915 = LINE('',#7916,#7917);
#7916 = CARTESIAN_POINT('',(111.880851,90.234337,1.7));
#7917 = VECTOR('',#7918,1.);
#7918 = DIRECTION('',(0.923926512664,-0.382569992546,0.));
#7919 = ORIENTED_EDGE('',*,*,#7920,.F.);
#7920 = EDGE_CURVE('',#2007,#7913,#7921,.T.);
#7921 = LINE('',#7922,#7923);
#7922 = CARTESIAN_POINT('',(111.907902,90.223136,0.));
#7923 = VECTOR('',#7924,1.);
#7924 = DIRECTION('',(0.,0.,1.));
#7925 = ORIENTED_EDGE('',*,*,#2004,.F.);
#7926 = PLANE('',#7927);
#7927 = AXIS2_PLACEMENT_3D('',#7928,#7929,#7930);
#7928 = CARTESIAN_POINT('',(111.880851,90.234337,0.));
#7929 = DIRECTION('',(0.382569992546,0.923926512664,0.));
#7930 = DIRECTION('',(0.923926512664,-0.382569992546,0.));
#7931 = ADVANCED_FACE('',(#7932),#7950,.F.);
#7932 = FACE_BOUND('',#7933,.F.);
#7933 = EDGE_LOOP('',(#7934,#7935,#7943,#7949));
#7934 = ORIENTED_EDGE('',*,*,#7920,.T.);
#7935 = ORIENTED_EDGE('',*,*,#7936,.T.);
#7936 = EDGE_CURVE('',#7913,#7937,#7939,.T.);
#7937 = VERTEX_POINT('',#7938);
#7938 = CARTESIAN_POINT('',(111.928577,90.20246,1.7));
#7939 = LINE('',#7940,#7941);
#7940 = CARTESIAN_POINT('',(111.907902,90.223136,1.7));
#7941 = VECTOR('',#7942,1.);
#7942 = DIRECTION('',(0.707089680867,-0.707123881093,0.));
#7943 = ORIENTED_EDGE('',*,*,#7944,.F.);
#7944 = EDGE_CURVE('',#2015,#7937,#7945,.T.);
#7945 = LINE('',#7946,#7947);
#7946 = CARTESIAN_POINT('',(111.928577,90.20246,0.));
#7947 = VECTOR('',#7948,1.);
#7948 = DIRECTION('',(0.,0.,1.));
#7949 = ORIENTED_EDGE('',*,*,#2014,.F.);
#7950 = PLANE('',#7951);
#7951 = AXIS2_PLACEMENT_3D('',#7952,#7953,#7954);
#7952 = CARTESIAN_POINT('',(111.907902,90.223136,0.));
#7953 = DIRECTION('',(0.707123881093,0.707089680867,0.));
#7954 = DIRECTION('',(0.707089680867,-0.707123881093,0.));
#7955 = ADVANCED_FACE('',(#7956),#7974,.F.);
#7956 = FACE_BOUND('',#7957,.F.);
#7957 = EDGE_LOOP('',(#7958,#7959,#7967,#7973));
#7958 = ORIENTED_EDGE('',*,*,#7944,.T.);
#7959 = ORIENTED_EDGE('',*,*,#7960,.T.);
#7960 = EDGE_CURVE('',#7937,#7961,#7963,.T.);
#7961 = VERTEX_POINT('',#7962);
#7962 = CARTESIAN_POINT('',(111.939779,90.175409,1.7));
#7963 = LINE('',#7964,#7965);
#7964 = CARTESIAN_POINT('',(111.928577,90.20246,1.7));
#7965 = VECTOR('',#7966,1.);
#7966 = DIRECTION('',(0.382599148043,-0.923914439717,0.));
#7967 = ORIENTED_EDGE('',*,*,#7968,.F.);
#7968 = EDGE_CURVE('',#2023,#7961,#7969,.T.);
#7969 = LINE('',#7970,#7971);
#7970 = CARTESIAN_POINT('',(111.939779,90.175409,0.));
#7971 = VECTOR('',#7972,1.);
#7972 = DIRECTION('',(0.,0.,1.));
#7973 = ORIENTED_EDGE('',*,*,#2022,.F.);
#7974 = PLANE('',#7975);
#7975 = AXIS2_PLACEMENT_3D('',#7976,#7977,#7978);
#7976 = CARTESIAN_POINT('',(111.928577,90.20246,0.));
#7977 = DIRECTION('',(0.923914439717,0.382599148043,0.));
#7978 = DIRECTION('',(0.382599148043,-0.923914439717,0.));
#7979 = ADVANCED_FACE('',(#7980),#7998,.F.);
#7980 = FACE_BOUND('',#7981,.F.);
#7981 = EDGE_LOOP('',(#7982,#7983,#7991,#7997));
#7982 = ORIENTED_EDGE('',*,*,#7968,.T.);
#7983 = ORIENTED_EDGE('',*,*,#7984,.T.);
#7984 = EDGE_CURVE('',#7961,#7985,#7987,.T.);
#7985 = VERTEX_POINT('',#7986);
#7986 = CARTESIAN_POINT('',(111.941226,90.160779,1.7));
#7987 = LINE('',#7988,#7989);
#7988 = CARTESIAN_POINT('',(111.939779,90.175409,1.7));
#7989 = VECTOR('',#7990,1.);
#7990 = DIRECTION('',(9.842610338384E-02,-0.995144362478,0.));
#7991 = ORIENTED_EDGE('',*,*,#7992,.F.);
#7992 = EDGE_CURVE('',#2031,#7985,#7993,.T.);
#7993 = LINE('',#7994,#7995);
#7994 = CARTESIAN_POINT('',(111.941226,90.160779,0.));
#7995 = VECTOR('',#7996,1.);
#7996 = DIRECTION('',(0.,0.,1.));
#7997 = ORIENTED_EDGE('',*,*,#2030,.F.);
#7998 = PLANE('',#7999);
#7999 = AXIS2_PLACEMENT_3D('',#8000,#8001,#8002);
#8000 = CARTESIAN_POINT('',(111.939779,90.175409,0.));
#8001 = DIRECTION('',(0.995144362478,9.842610338384E-02,0.));
#8002 = DIRECTION('',(9.842610338384E-02,-0.995144362478,0.));
#8003 = ADVANCED_FACE('',(#8004),#8022,.F.);
#8004 = FACE_BOUND('',#8005,.F.);
#8005 = EDGE_LOOP('',(#8006,#8007,#8015,#8021));
#8006 = ORIENTED_EDGE('',*,*,#7992,.T.);
#8007 = ORIENTED_EDGE('',*,*,#8008,.T.);
#8008 = EDGE_CURVE('',#7985,#8009,#8011,.T.);
#8009 = VERTEX_POINT('',#8010);
#8010 = CARTESIAN_POINT('',(111.941226,76.060782,1.7));
#8011 = LINE('',#8012,#8013);
#8012 = CARTESIAN_POINT('',(111.941226,90.160779,1.7));
#8013 = VECTOR('',#8014,1.);
#8014 = DIRECTION('',(0.,-1.,0.));
#8015 = ORIENTED_EDGE('',*,*,#8016,.F.);
#8016 = EDGE_CURVE('',#2039,#8009,#8017,.T.);
#8017 = LINE('',#8018,#8019);
#8018 = CARTESIAN_POINT('',(111.941226,76.060782,0.));
#8019 = VECTOR('',#8020,1.);
#8020 = DIRECTION('',(0.,0.,1.));
#8021 = ORIENTED_EDGE('',*,*,#2038,.F.);
#8022 = PLANE('',#8023);
#8023 = AXIS2_PLACEMENT_3D('',#8024,#8025,#8026);
#8024 = CARTESIAN_POINT('',(111.941226,90.160779,0.));
#8025 = DIRECTION('',(1.,0.,0.));
#8026 = DIRECTION('',(0.,-1.,0.));
#8027 = ADVANCED_FACE('',(#8028),#8046,.F.);
#8028 = FACE_BOUND('',#8029,.F.);
#8029 = EDGE_LOOP('',(#8030,#8031,#8039,#8045));
#8030 = ORIENTED_EDGE('',*,*,#8016,.T.);
#8031 = ORIENTED_EDGE('',*,*,#8032,.T.);
#8032 = EDGE_CURVE('',#8009,#8033,#8035,.T.);
#8033 = VERTEX_POINT('',#8034);
#8034 = CARTESIAN_POINT('',(111.939779,76.046151,1.7));
#8035 = LINE('',#8036,#8037);
#8036 = CARTESIAN_POINT('',(111.941226,76.060782,1.7));
#8037 = VECTOR('',#8038,1.);
#8038 = DIRECTION('',(-9.841944131843E-02,-0.995145021377,0.));
#8039 = ORIENTED_EDGE('',*,*,#8040,.F.);
#8040 = EDGE_CURVE('',#2047,#8033,#8041,.T.);
#8041 = LINE('',#8042,#8043);
#8042 = CARTESIAN_POINT('',(111.939779,76.046151,0.));
#8043 = VECTOR('',#8044,1.);
#8044 = DIRECTION('',(0.,0.,1.));
#8045 = ORIENTED_EDGE('',*,*,#2046,.F.);
#8046 = PLANE('',#8047);
#8047 = AXIS2_PLACEMENT_3D('',#8048,#8049,#8050);
#8048 = CARTESIAN_POINT('',(111.941226,76.060782,0.));
#8049 = DIRECTION('',(0.995145021377,-9.841944131843E-02,0.));
#8050 = DIRECTION('',(-9.841944131843E-02,-0.995145021377,0.));
#8051 = ADVANCED_FACE('',(#8052),#8070,.F.);
#8052 = FACE_BOUND('',#8053,.F.);
#8053 = EDGE_LOOP('',(#8054,#8055,#8063,#8069));
#8054 = ORIENTED_EDGE('',*,*,#8040,.T.);
#8055 = ORIENTED_EDGE('',*,*,#8056,.T.);
#8056 = EDGE_CURVE('',#8033,#8057,#8059,.T.);
#8057 = VERTEX_POINT('',#8058);
#8058 = CARTESIAN_POINT('',(111.928577,76.0191,1.7));
#8059 = LINE('',#8060,#8061);
#8060 = CARTESIAN_POINT('',(111.939779,76.046151,1.7));
#8061 = VECTOR('',#8062,1.);
#8062 = DIRECTION('',(-0.382599148043,-0.923914439717,0.));
#8063 = ORIENTED_EDGE('',*,*,#8064,.F.);
#8064 = EDGE_CURVE('',#2055,#8057,#8065,.T.);
#8065 = LINE('',#8066,#8067);
#8066 = CARTESIAN_POINT('',(111.928577,76.0191,0.));
#8067 = VECTOR('',#8068,1.);
#8068 = DIRECTION('',(0.,0.,1.));
#8069 = ORIENTED_EDGE('',*,*,#2054,.F.);
#8070 = PLANE('',#8071);
#8071 = AXIS2_PLACEMENT_3D('',#8072,#8073,#8074);
#8072 = CARTESIAN_POINT('',(111.939779,76.046151,0.));
#8073 = DIRECTION('',(0.923914439717,-0.382599148043,0.));
#8074 = DIRECTION('',(-0.382599148043,-0.923914439717,0.));
#8075 = ADVANCED_FACE('',(#8076),#8094,.F.);
#8076 = FACE_BOUND('',#8077,.F.);
#8077 = EDGE_LOOP('',(#8078,#8079,#8087,#8093));
#8078 = ORIENTED_EDGE('',*,*,#8064,.T.);
#8079 = ORIENTED_EDGE('',*,*,#8080,.T.);
#8080 = EDGE_CURVE('',#8057,#8081,#8083,.T.);
#8081 = VERTEX_POINT('',#8082);
#8082 = CARTESIAN_POINT('',(111.907902,75.998425,1.7));
#8083 = LINE('',#8084,#8085);
#8084 = CARTESIAN_POINT('',(111.928577,76.0191,1.7));
#8085 = VECTOR('',#8086,1.);
#8086 = DIRECTION('',(-0.707106781187,-0.707106781187,0.));
#8087 = ORIENTED_EDGE('',*,*,#8088,.F.);
#8088 = EDGE_CURVE('',#2063,#8081,#8089,.T.);
#8089 = LINE('',#8090,#8091);
#8090 = CARTESIAN_POINT('',(111.907902,75.998425,0.));
#8091 = VECTOR('',#8092,1.);
#8092 = DIRECTION('',(0.,0.,1.));
#8093 = ORIENTED_EDGE('',*,*,#2062,.F.);
#8094 = PLANE('',#8095);
#8095 = AXIS2_PLACEMENT_3D('',#8096,#8097,#8098);
#8096 = CARTESIAN_POINT('',(111.928577,76.0191,0.));
#8097 = DIRECTION('',(0.707106781187,-0.707106781187,0.));
#8098 = DIRECTION('',(-0.707106781187,-0.707106781187,0.));
#8099 = ADVANCED_FACE('',(#8100),#8118,.F.);
#8100 = FACE_BOUND('',#8101,.F.);
#8101 = EDGE_LOOP('',(#8102,#8103,#8111,#8117));
#8102 = ORIENTED_EDGE('',*,*,#8088,.T.);
#8103 = ORIENTED_EDGE('',*,*,#8104,.T.);
#8104 = EDGE_CURVE('',#8081,#8105,#8107,.T.);
#8105 = VERTEX_POINT('',#8106);
#8106 = CARTESIAN_POINT('',(111.880851,75.987223,1.7));
#8107 = LINE('',#8108,#8109);
#8108 = CARTESIAN_POINT('',(111.907902,75.998425,1.7));
#8109 = VECTOR('',#8110,1.);
#8110 = DIRECTION('',(-0.923914439717,-0.382599148043,0.));
#8111 = ORIENTED_EDGE('',*,*,#8112,.F.);
#8112 = EDGE_CURVE('',#2071,#8105,#8113,.T.);
#8113 = LINE('',#8114,#8115);
#8114 = CARTESIAN_POINT('',(111.880851,75.987223,0.));
#8115 = VECTOR('',#8116,1.);
#8116 = DIRECTION('',(0.,0.,1.));
#8117 = ORIENTED_EDGE('',*,*,#2070,.F.);
#8118 = PLANE('',#8119);
#8119 = AXIS2_PLACEMENT_3D('',#8120,#8121,#8122);
#8120 = CARTESIAN_POINT('',(111.907902,75.998425,0.));
#8121 = DIRECTION('',(0.382599148043,-0.923914439717,0.));
#8122 = DIRECTION('',(-0.923914439717,-0.382599148043,0.));
#8123 = ADVANCED_FACE('',(#8124),#8142,.F.);
#8124 = FACE_BOUND('',#8125,.F.);
#8125 = EDGE_LOOP('',(#8126,#8127,#8135,#8141));
#8126 = ORIENTED_EDGE('',*,*,#8112,.T.);
#8127 = ORIENTED_EDGE('',*,*,#8128,.T.);
#8128 = EDGE_CURVE('',#8105,#8129,#8131,.T.);
#8129 = VERTEX_POINT('',#8130);
#8130 = CARTESIAN_POINT('',(111.86622,75.985776,1.7));
#8131 = LINE('',#8132,#8133);
#8132 = CARTESIAN_POINT('',(111.880851,75.987223,1.7));
#8133 = VECTOR('',#8134,1.);
#8134 = DIRECTION('',(-0.995145021377,-9.841944131843E-02,0.));
#8135 = ORIENTED_EDGE('',*,*,#8136,.F.);
#8136 = EDGE_CURVE('',#2079,#8129,#8137,.T.);
#8137 = LINE('',#8138,#8139);
#8138 = CARTESIAN_POINT('',(111.86622,75.985776,0.));
#8139 = VECTOR('',#8140,1.);
#8140 = DIRECTION('',(0.,0.,1.));
#8141 = ORIENTED_EDGE('',*,*,#2078,.F.);
#8142 = PLANE('',#8143);
#8143 = AXIS2_PLACEMENT_3D('',#8144,#8145,#8146);
#8144 = CARTESIAN_POINT('',(111.880851,75.987223,0.));
#8145 = DIRECTION('',(9.841944131843E-02,-0.995145021377,0.));
#8146 = DIRECTION('',(-0.995145021377,-9.841944131843E-02,0.));
#8147 = ADVANCED_FACE('',(#8148),#8166,.F.);
#8148 = FACE_BOUND('',#8149,.F.);
#8149 = EDGE_LOOP('',(#8150,#8151,#8159,#8165));
#8150 = ORIENTED_EDGE('',*,*,#8136,.T.);
#8151 = ORIENTED_EDGE('',*,*,#8152,.T.);
#8152 = EDGE_CURVE('',#8129,#8153,#8155,.T.);
#8153 = VERTEX_POINT('',#8154);
#8154 = CARTESIAN_POINT('',(97.766223,75.985776,1.7));
#8155 = LINE('',#8156,#8157);
#8156 = CARTESIAN_POINT('',(111.86622,75.985776,1.7));
#8157 = VECTOR('',#8158,1.);
#8158 = DIRECTION('',(-1.,0.,0.));
#8159 = ORIENTED_EDGE('',*,*,#8160,.F.);
#8160 = EDGE_CURVE('',#2087,#8153,#8161,.T.);
#8161 = LINE('',#8162,#8163);
#8162 = CARTESIAN_POINT('',(97.766223,75.985776,0.));
#8163 = VECTOR('',#8164,1.);
#8164 = DIRECTION('',(0.,0.,1.));
#8165 = ORIENTED_EDGE('',*,*,#2086,.F.);
#8166 = PLANE('',#8167);
#8167 = AXIS2_PLACEMENT_3D('',#8168,#8169,#8170);
#8168 = CARTESIAN_POINT('',(111.86622,75.985776,0.));
#8169 = DIRECTION('',(0.,-1.,0.));
#8170 = DIRECTION('',(-1.,0.,0.));
#8171 = ADVANCED_FACE('',(#8172),#8190,.F.);
#8172 = FACE_BOUND('',#8173,.F.);
#8173 = EDGE_LOOP('',(#8174,#8175,#8183,#8189));
#8174 = ORIENTED_EDGE('',*,*,#8160,.T.);
#8175 = ORIENTED_EDGE('',*,*,#8176,.T.);
#8176 = EDGE_CURVE('',#8153,#8177,#8179,.T.);
#8177 = VERTEX_POINT('',#8178);
#8178 = CARTESIAN_POINT('',(97.751593,75.987223,1.7));
#8179 = LINE('',#8180,#8181);
#8180 = CARTESIAN_POINT('',(97.766223,75.985776,1.7));
#8181 = VECTOR('',#8182,1.);
#8182 = DIRECTION('',(-0.995144362478,9.842610338384E-02,0.));
#8183 = ORIENTED_EDGE('',*,*,#8184,.F.);
#8184 = EDGE_CURVE('',#2095,#8177,#8185,.T.);
#8185 = LINE('',#8186,#8187);
#8186 = CARTESIAN_POINT('',(97.751593,75.987223,0.));
#8187 = VECTOR('',#8188,1.);
#8188 = DIRECTION('',(0.,0.,1.));
#8189 = ORIENTED_EDGE('',*,*,#2094,.F.);
#8190 = PLANE('',#8191);
#8191 = AXIS2_PLACEMENT_3D('',#8192,#8193,#8194);
#8192 = CARTESIAN_POINT('',(97.766223,75.985776,0.));
#8193 = DIRECTION('',(-9.842610338384E-02,-0.995144362478,0.));
#8194 = DIRECTION('',(-0.995144362478,9.842610338384E-02,0.));
#8195 = ADVANCED_FACE('',(#8196),#8214,.F.);
#8196 = FACE_BOUND('',#8197,.F.);
#8197 = EDGE_LOOP('',(#8198,#8199,#8207,#8213));
#8198 = ORIENTED_EDGE('',*,*,#8184,.T.);
#8199 = ORIENTED_EDGE('',*,*,#8200,.T.);
#8200 = EDGE_CURVE('',#8177,#8201,#8203,.T.);
#8201 = VERTEX_POINT('',#8202);
#8202 = CARTESIAN_POINT('',(97.724542,75.998425,1.7));
#8203 = LINE('',#8204,#8205);
#8204 = CARTESIAN_POINT('',(97.751593,75.987223,1.7));
#8205 = VECTOR('',#8206,1.);
#8206 = DIRECTION('',(-0.923914439717,0.382599148043,0.));
#8207 = ORIENTED_EDGE('',*,*,#8208,.F.);
#8208 = EDGE_CURVE('',#2103,#8201,#8209,.T.);
#8209 = LINE('',#8210,#8211);
#8210 = CARTESIAN_POINT('',(97.724542,75.998425,0.));
#8211 = VECTOR('',#8212,1.);
#8212 = DIRECTION('',(0.,0.,1.));
#8213 = ORIENTED_EDGE('',*,*,#2102,.F.);
#8214 = PLANE('',#8215);
#8215 = AXIS2_PLACEMENT_3D('',#8216,#8217,#8218);
#8216 = CARTESIAN_POINT('',(97.751593,75.987223,0.));
#8217 = DIRECTION('',(-0.382599148043,-0.923914439717,0.));
#8218 = DIRECTION('',(-0.923914439717,0.382599148043,0.));
#8219 = ADVANCED_FACE('',(#8220),#8238,.F.);
#8220 = FACE_BOUND('',#8221,.F.);
#8221 = EDGE_LOOP('',(#8222,#8223,#8231,#8237));
#8222 = ORIENTED_EDGE('',*,*,#8208,.T.);
#8223 = ORIENTED_EDGE('',*,*,#8224,.T.);
#8224 = EDGE_CURVE('',#8201,#8225,#8227,.T.);
#8225 = VERTEX_POINT('',#8226);
#8226 = CARTESIAN_POINT('',(97.703866,76.0191,1.7));
#8227 = LINE('',#8228,#8229);
#8228 = CARTESIAN_POINT('',(97.724542,75.998425,1.7));
#8229 = VECTOR('',#8230,1.);
#8230 = DIRECTION('',(-0.707123881093,0.707089680867,0.));
#8231 = ORIENTED_EDGE('',*,*,#8232,.F.);
#8232 = EDGE_CURVE('',#2111,#8225,#8233,.T.);
#8233 = LINE('',#8234,#8235);
#8234 = CARTESIAN_POINT('',(97.703866,76.0191,0.));
#8235 = VECTOR('',#8236,1.);
#8236 = DIRECTION('',(0.,0.,1.));
#8237 = ORIENTED_EDGE('',*,*,#2110,.F.);
#8238 = PLANE('',#8239);
#8239 = AXIS2_PLACEMENT_3D('',#8240,#8241,#8242);
#8240 = CARTESIAN_POINT('',(97.724542,75.998425,0.));
#8241 = DIRECTION('',(-0.707089680867,-0.707123881093,0.));
#8242 = DIRECTION('',(-0.707123881093,0.707089680867,0.));
#8243 = ADVANCED_FACE('',(#8244),#8262,.F.);
#8244 = FACE_BOUND('',#8245,.F.);
#8245 = EDGE_LOOP('',(#8246,#8247,#8255,#8261));
#8246 = ORIENTED_EDGE('',*,*,#8232,.T.);
#8247 = ORIENTED_EDGE('',*,*,#8248,.T.);
#8248 = EDGE_CURVE('',#8225,#8249,#8251,.T.);
#8249 = VERTEX_POINT('',#8250);
#8250 = CARTESIAN_POINT('',(97.692665,76.046151,1.7));
#8251 = LINE('',#8252,#8253);
#8252 = CARTESIAN_POINT('',(97.703866,76.0191,1.7));
#8253 = VECTOR('',#8254,1.);
#8254 = DIRECTION('',(-0.382569992546,0.923926512664,0.));
#8255 = ORIENTED_EDGE('',*,*,#8256,.F.);
#8256 = EDGE_CURVE('',#2119,#8249,#8257,.T.);
#8257 = LINE('',#8258,#8259);
#8258 = CARTESIAN_POINT('',(97.692665,76.046151,0.));
#8259 = VECTOR('',#8260,1.);
#8260 = DIRECTION('',(0.,0.,1.));
#8261 = ORIENTED_EDGE('',*,*,#2118,.F.);
#8262 = PLANE('',#8263);
#8263 = AXIS2_PLACEMENT_3D('',#8264,#8265,#8266);
#8264 = CARTESIAN_POINT('',(97.703866,76.0191,0.));
#8265 = DIRECTION('',(-0.923926512664,-0.382569992546,0.));
#8266 = DIRECTION('',(-0.382569992546,0.923926512664,0.));
#8267 = ADVANCED_FACE('',(#8268),#8286,.F.);
#8268 = FACE_BOUND('',#8269,.F.);
#8269 = EDGE_LOOP('',(#8270,#8271,#8279,#8285));
#8270 = ORIENTED_EDGE('',*,*,#8256,.T.);
#8271 = ORIENTED_EDGE('',*,*,#8272,.T.);
#8272 = EDGE_CURVE('',#8249,#8273,#8275,.T.);
#8273 = VERTEX_POINT('',#8274);
#8274 = CARTESIAN_POINT('',(97.691217,76.060782,1.7));
#8275 = LINE('',#8276,#8277);
#8276 = CARTESIAN_POINT('',(97.692665,76.046151,1.7));
#8277 = VECTOR('',#8278,1.);
#8278 = DIRECTION('',(-9.848679801147E-02,0.995138357525,0.));
#8279 = ORIENTED_EDGE('',*,*,#8280,.F.);
#8280 = EDGE_CURVE('',#2127,#8273,#8281,.T.);
#8281 = LINE('',#8282,#8283);
#8282 = CARTESIAN_POINT('',(97.691217,76.060782,0.));
#8283 = VECTOR('',#8284,1.);
#8284 = DIRECTION('',(0.,0.,1.));
#8285 = ORIENTED_EDGE('',*,*,#2126,.F.);
#8286 = PLANE('',#8287);
#8287 = AXIS2_PLACEMENT_3D('',#8288,#8289,#8290);
#8288 = CARTESIAN_POINT('',(97.692665,76.046151,0.));
#8289 = DIRECTION('',(-0.995138357525,-9.848679801147E-02,0.));
#8290 = DIRECTION('',(-9.848679801147E-02,0.995138357525,0.));
#8291 = ADVANCED_FACE('',(#8292),#8310,.F.);
#8292 = FACE_BOUND('',#8293,.F.);
#8293 = EDGE_LOOP('',(#8294,#8295,#8303,#8309));
#8294 = ORIENTED_EDGE('',*,*,#8280,.T.);
#8295 = ORIENTED_EDGE('',*,*,#8296,.T.);
#8296 = EDGE_CURVE('',#8273,#8297,#8299,.T.);
#8297 = VERTEX_POINT('',#8298);
#8298 = CARTESIAN_POINT('',(97.691217,90.160779,1.7));
#8299 = LINE('',#8300,#8301);
#8300 = CARTESIAN_POINT('',(97.691217,76.060782,1.7));
#8301 = VECTOR('',#8302,1.);
#8302 = DIRECTION('',(0.,1.,0.));
#8303 = ORIENTED_EDGE('',*,*,#8304,.F.);
#8304 = EDGE_CURVE('',#2135,#8297,#8305,.T.);
#8305 = LINE('',#8306,#8307);
#8306 = CARTESIAN_POINT('',(97.691217,90.160779,0.));
#8307 = VECTOR('',#8308,1.);
#8308 = DIRECTION('',(0.,0.,1.));
#8309 = ORIENTED_EDGE('',*,*,#2134,.F.);
#8310 = PLANE('',#8311);
#8311 = AXIS2_PLACEMENT_3D('',#8312,#8313,#8314);
#8312 = CARTESIAN_POINT('',(97.691217,76.060782,0.));
#8313 = DIRECTION('',(-1.,0.,0.));
#8314 = DIRECTION('',(0.,1.,0.));
#8315 = ADVANCED_FACE('',(#8316),#8334,.F.);
#8316 = FACE_BOUND('',#8317,.F.);
#8317 = EDGE_LOOP('',(#8318,#8319,#8327,#8333));
#8318 = ORIENTED_EDGE('',*,*,#8304,.T.);
#8319 = ORIENTED_EDGE('',*,*,#8320,.T.);
#8320 = EDGE_CURVE('',#8297,#8321,#8323,.T.);
#8321 = VERTEX_POINT('',#8322);
#8322 = CARTESIAN_POINT('',(97.692665,90.175409,1.7));
#8323 = LINE('',#8324,#8325);
#8324 = CARTESIAN_POINT('',(97.691217,90.160779,1.7));
#8325 = VECTOR('',#8326,1.);
#8326 = DIRECTION('',(9.849346454699E-02,0.995137697729,0.));
#8327 = ORIENTED_EDGE('',*,*,#8328,.F.);
#8328 = EDGE_CURVE('',#2143,#8321,#8329,.T.);
#8329 = LINE('',#8330,#8331);
#8330 = CARTESIAN_POINT('',(97.692665,90.175409,0.));
#8331 = VECTOR('',#8332,1.);
#8332 = DIRECTION('',(0.,0.,1.));
#8333 = ORIENTED_EDGE('',*,*,#2142,.F.);
#8334 = PLANE('',#8335);
#8335 = AXIS2_PLACEMENT_3D('',#8336,#8337,#8338);
#8336 = CARTESIAN_POINT('',(97.691217,90.160779,0.));
#8337 = DIRECTION('',(-0.995137697729,9.849346454699E-02,0.));
#8338 = DIRECTION('',(9.849346454699E-02,0.995137697729,0.));
#8339 = ADVANCED_FACE('',(#8340),#8358,.F.);
#8340 = FACE_BOUND('',#8341,.F.);
#8341 = EDGE_LOOP('',(#8342,#8343,#8351,#8357));
#8342 = ORIENTED_EDGE('',*,*,#8328,.T.);
#8343 = ORIENTED_EDGE('',*,*,#8344,.T.);
#8344 = EDGE_CURVE('',#8321,#8345,#8347,.T.);
#8345 = VERTEX_POINT('',#8346);
#8346 = CARTESIAN_POINT('',(97.703866,90.20246,1.7));
#8347 = LINE('',#8348,#8349);
#8348 = CARTESIAN_POINT('',(97.692665,90.175409,1.7));
#8349 = VECTOR('',#8350,1.);
#8350 = DIRECTION('',(0.382569992546,0.923926512664,0.));
#8351 = ORIENTED_EDGE('',*,*,#8352,.F.);
#8352 = EDGE_CURVE('',#2151,#8345,#8353,.T.);
#8353 = LINE('',#8354,#8355);
#8354 = CARTESIAN_POINT('',(97.703866,90.20246,0.));
#8355 = VECTOR('',#8356,1.);
#8356 = DIRECTION('',(0.,0.,1.));
#8357 = ORIENTED_EDGE('',*,*,#2150,.F.);
#8358 = PLANE('',#8359);
#8359 = AXIS2_PLACEMENT_3D('',#8360,#8361,#8362);
#8360 = CARTESIAN_POINT('',(97.692665,90.175409,0.));
#8361 = DIRECTION('',(-0.923926512664,0.382569992546,0.));
#8362 = DIRECTION('',(0.382569992546,0.923926512664,0.));
#8363 = ADVANCED_FACE('',(#8364),#8382,.F.);
#8364 = FACE_BOUND('',#8365,.F.);
#8365 = EDGE_LOOP('',(#8366,#8367,#8375,#8381));
#8366 = ORIENTED_EDGE('',*,*,#8352,.T.);
#8367 = ORIENTED_EDGE('',*,*,#8368,.T.);
#8368 = EDGE_CURVE('',#8345,#8369,#8371,.T.);
#8369 = VERTEX_POINT('',#8370);
#8370 = CARTESIAN_POINT('',(97.724542,90.223136,1.7));
#8371 = LINE('',#8372,#8373);
#8372 = CARTESIAN_POINT('',(97.703866,90.20246,1.7));
#8373 = VECTOR('',#8374,1.);
#8374 = DIRECTION('',(0.707106781187,0.707106781187,0.));
#8375 = ORIENTED_EDGE('',*,*,#8376,.F.);
#8376 = EDGE_CURVE('',#2159,#8369,#8377,.T.);
#8377 = LINE('',#8378,#8379);
#8378 = CARTESIAN_POINT('',(97.724542,90.223136,0.));
#8379 = VECTOR('',#8380,1.);
#8380 = DIRECTION('',(0.,0.,1.));
#8381 = ORIENTED_EDGE('',*,*,#2158,.F.);
#8382 = PLANE('',#8383);
#8383 = AXIS2_PLACEMENT_3D('',#8384,#8385,#8386);
#8384 = CARTESIAN_POINT('',(97.703866,90.20246,0.));
#8385 = DIRECTION('',(-0.707106781187,0.707106781187,0.));
#8386 = DIRECTION('',(0.707106781187,0.707106781187,0.));
#8387 = ADVANCED_FACE('',(#8388),#8406,.F.);
#8388 = FACE_BOUND('',#8389,.F.);
#8389 = EDGE_LOOP('',(#8390,#8391,#8399,#8405));
#8390 = ORIENTED_EDGE('',*,*,#8376,.T.);
#8391 = ORIENTED_EDGE('',*,*,#8392,.T.);
#8392 = EDGE_CURVE('',#8369,#8393,#8395,.T.);
#8393 = VERTEX_POINT('',#8394);
#8394 = CARTESIAN_POINT('',(97.751593,90.234337,1.7));
#8395 = LINE('',#8396,#8397);
#8396 = CARTESIAN_POINT('',(97.724542,90.223136,1.7));
#8397 = VECTOR('',#8398,1.);
#8398 = DIRECTION('',(0.923926512664,0.382569992546,0.));
#8399 = ORIENTED_EDGE('',*,*,#8400,.F.);
#8400 = EDGE_CURVE('',#2167,#8393,#8401,.T.);
#8401 = LINE('',#8402,#8403);
#8402 = CARTESIAN_POINT('',(97.751593,90.234337,0.));
#8403 = VECTOR('',#8404,1.);
#8404 = DIRECTION('',(0.,0.,1.));
#8405 = ORIENTED_EDGE('',*,*,#2166,.F.);
#8406 = PLANE('',#8407);
#8407 = AXIS2_PLACEMENT_3D('',#8408,#8409,#8410);
#8408 = CARTESIAN_POINT('',(97.724542,90.223136,0.));
#8409 = DIRECTION('',(-0.382569992546,0.923926512664,0.));
#8410 = DIRECTION('',(0.923926512664,0.382569992546,0.));
#8411 = ADVANCED_FACE('',(#8412),#8430,.F.);
#8412 = FACE_BOUND('',#8413,.F.);
#8413 = EDGE_LOOP('',(#8414,#8415,#8423,#8429));
#8414 = ORIENTED_EDGE('',*,*,#8400,.T.);
#8415 = ORIENTED_EDGE('',*,*,#8416,.T.);
#8416 = EDGE_CURVE('',#8393,#8417,#8419,.T.);
#8417 = VERTEX_POINT('',#8418);
#8418 = CARTESIAN_POINT('',(97.766223,90.235785,1.7));
#8419 = LINE('',#8420,#8421);
#8420 = CARTESIAN_POINT('',(97.751593,90.234337,1.7));
#8421 = VECTOR('',#8422,1.);
#8422 = DIRECTION('',(0.995137697729,9.849346454699E-02,0.));
#8423 = ORIENTED_EDGE('',*,*,#8424,.F.);
#8424 = EDGE_CURVE('',#2175,#8417,#8425,.T.);
#8425 = LINE('',#8426,#8427);
#8426 = CARTESIAN_POINT('',(97.766223,90.235785,0.));
#8427 = VECTOR('',#8428,1.);
#8428 = DIRECTION('',(0.,0.,1.));
#8429 = ORIENTED_EDGE('',*,*,#2174,.F.);
#8430 = PLANE('',#8431);
#8431 = AXIS2_PLACEMENT_3D('',#8432,#8433,#8434);
#8432 = CARTESIAN_POINT('',(97.751593,90.234337,0.));
#8433 = DIRECTION('',(-9.849346454699E-02,0.995137697729,0.));
#8434 = DIRECTION('',(0.995137697729,9.849346454699E-02,0.));
#8435 = ADVANCED_FACE('',(#8436),#8454,.F.);
#8436 = FACE_BOUND('',#8437,.F.);
#8437 = EDGE_LOOP('',(#8438,#8439,#8447,#8453));
#8438 = ORIENTED_EDGE('',*,*,#8424,.T.);
#8439 = ORIENTED_EDGE('',*,*,#8440,.T.);
#8440 = EDGE_CURVE('',#8417,#8441,#8443,.T.);
#8441 = VERTEX_POINT('',#8442);
#8442 = CARTESIAN_POINT('',(111.86622,90.235785,1.7));
#8443 = LINE('',#8444,#8445);
#8444 = CARTESIAN_POINT('',(97.766223,90.235785,1.7));
#8445 = VECTOR('',#8446,1.);
#8446 = DIRECTION('',(1.,0.,0.));
#8447 = ORIENTED_EDGE('',*,*,#8448,.F.);
#8448 = EDGE_CURVE('',#2183,#8441,#8449,.T.);
#8449 = LINE('',#8450,#8451);
#8450 = CARTESIAN_POINT('',(111.86622,90.235785,0.));
#8451 = VECTOR('',#8452,1.);
#8452 = DIRECTION('',(0.,0.,1.));
#8453 = ORIENTED_EDGE('',*,*,#2182,.F.);
#8454 = PLANE('',#8455);
#8455 = AXIS2_PLACEMENT_3D('',#8456,#8457,#8458);
#8456 = CARTESIAN_POINT('',(97.766223,90.235785,0.));
#8457 = DIRECTION('',(0.,1.,0.));
#8458 = DIRECTION('',(1.,0.,0.));
#8459 = ADVANCED_FACE('',(#8460),#8471,.F.);
#8460 = FACE_BOUND('',#8461,.F.);
#8461 = EDGE_LOOP('',(#8462,#8463,#8469,#8470));
#8462 = ORIENTED_EDGE('',*,*,#8448,.T.);
#8463 = ORIENTED_EDGE('',*,*,#8464,.T.);
#8464 = EDGE_CURVE('',#8441,#7905,#8465,.T.);
#8465 = LINE('',#8466,#8467);
#8466 = CARTESIAN_POINT('',(111.86622,90.235785,1.7));
#8467 = VECTOR('',#8468,1.);
#8468 = DIRECTION('',(0.995138357525,-9.848679801147E-02,0.));
#8469 = ORIENTED_EDGE('',*,*,#7904,.F.);
#8470 = ORIENTED_EDGE('',*,*,#2190,.F.);
#8471 = PLANE('',#8472);
#8472 = AXIS2_PLACEMENT_3D('',#8473,#8474,#8475);
#8473 = CARTESIAN_POINT('',(111.86622,90.235785,0.));
#8474 = DIRECTION('',(9.848679801147E-02,0.995138357525,0.));
#8475 = DIRECTION('',(0.995138357525,-9.848679801147E-02,0.));
#8476 = ADVANCED_FACE('',(#8477),#8502,.F.);
#8477 = FACE_BOUND('',#8478,.F.);
#8478 = EDGE_LOOP('',(#8479,#8487,#8495,#8501));
#8479 = ORIENTED_EDGE('',*,*,#8480,.T.);
#8480 = EDGE_CURVE('',#2199,#8481,#8483,.T.);
#8481 = VERTEX_POINT('',#8482);
#8482 = CARTESIAN_POINT('',(92.830851,90.234337,1.7));
#8483 = LINE('',#8484,#8485);
#8484 = CARTESIAN_POINT('',(92.830851,90.234337,0.));
#8485 = VECTOR('',#8486,1.);
#8486 = DIRECTION('',(0.,0.,1.));
#8487 = ORIENTED_EDGE('',*,*,#8488,.T.);
#8488 = EDGE_CURVE('',#8481,#8489,#8491,.T.);
#8489 = VERTEX_POINT('',#8490);
#8490 = CARTESIAN_POINT('',(92.857902,90.223136,1.7));
#8491 = LINE('',#8492,#8493);
#8492 = CARTESIAN_POINT('',(92.830851,90.234337,1.7));
#8493 = VECTOR('',#8494,1.);
#8494 = DIRECTION('',(0.923926512664,-0.382569992546,0.));
#8495 = ORIENTED_EDGE('',*,*,#8496,.F.);
#8496 = EDGE_CURVE('',#2201,#8489,#8497,.T.);
#8497 = LINE('',#8498,#8499);
#8498 = CARTESIAN_POINT('',(92.857902,90.223136,0.));
#8499 = VECTOR('',#8500,1.);
#8500 = DIRECTION('',(0.,0.,1.));
#8501 = ORIENTED_EDGE('',*,*,#2198,.F.);
#8502 = PLANE('',#8503);
#8503 = AXIS2_PLACEMENT_3D('',#8504,#8505,#8506);
#8504 = CARTESIAN_POINT('',(92.830851,90.234337,0.));
#8505 = DIRECTION('',(0.382569992546,0.923926512664,0.));
#8506 = DIRECTION('',(0.923926512664,-0.382569992546,0.));
#8507 = ADVANCED_FACE('',(#8508),#8526,.F.);
#8508 = FACE_BOUND('',#8509,.F.);
#8509 = EDGE_LOOP('',(#8510,#8511,#8519,#8525));
#8510 = ORIENTED_EDGE('',*,*,#8496,.T.);
#8511 = ORIENTED_EDGE('',*,*,#8512,.T.);
#8512 = EDGE_CURVE('',#8489,#8513,#8515,.T.);
#8513 = VERTEX_POINT('',#8514);
#8514 = CARTESIAN_POINT('',(92.878577,90.20246,1.7));
#8515 = LINE('',#8516,#8517);
#8516 = CARTESIAN_POINT('',(92.857902,90.223136,1.7));
#8517 = VECTOR('',#8518,1.);
#8518 = DIRECTION('',(0.707089680867,-0.707123881093,0.));
#8519 = ORIENTED_EDGE('',*,*,#8520,.F.);
#8520 = EDGE_CURVE('',#2209,#8513,#8521,.T.);
#8521 = LINE('',#8522,#8523);
#8522 = CARTESIAN_POINT('',(92.878577,90.20246,0.));
#8523 = VECTOR('',#8524,1.);
#8524 = DIRECTION('',(0.,0.,1.));
#8525 = ORIENTED_EDGE('',*,*,#2208,.F.);
#8526 = PLANE('',#8527);
#8527 = AXIS2_PLACEMENT_3D('',#8528,#8529,#8530);
#8528 = CARTESIAN_POINT('',(92.857902,90.223136,0.));
#8529 = DIRECTION('',(0.707123881093,0.707089680867,0.));
#8530 = DIRECTION('',(0.707089680867,-0.707123881093,0.));
#8531 = ADVANCED_FACE('',(#8532),#8550,.F.);
#8532 = FACE_BOUND('',#8533,.F.);
#8533 = EDGE_LOOP('',(#8534,#8535,#8543,#8549));
#8534 = ORIENTED_EDGE('',*,*,#8520,.T.);
#8535 = ORIENTED_EDGE('',*,*,#8536,.T.);
#8536 = EDGE_CURVE('',#8513,#8537,#8539,.T.);
#8537 = VERTEX_POINT('',#8538);
#8538 = CARTESIAN_POINT('',(92.889779,90.175409,1.7));
#8539 = LINE('',#8540,#8541);
#8540 = CARTESIAN_POINT('',(92.878577,90.20246,1.7));
#8541 = VECTOR('',#8542,1.);
#8542 = DIRECTION('',(0.382599148043,-0.923914439717,0.));
#8543 = ORIENTED_EDGE('',*,*,#8544,.F.);
#8544 = EDGE_CURVE('',#2217,#8537,#8545,.T.);
#8545 = LINE('',#8546,#8547);
#8546 = CARTESIAN_POINT('',(92.889779,90.175409,0.));
#8547 = VECTOR('',#8548,1.);
#8548 = DIRECTION('',(0.,0.,1.));
#8549 = ORIENTED_EDGE('',*,*,#2216,.F.);
#8550 = PLANE('',#8551);
#8551 = AXIS2_PLACEMENT_3D('',#8552,#8553,#8554);
#8552 = CARTESIAN_POINT('',(92.878577,90.20246,0.));
#8553 = DIRECTION('',(0.923914439717,0.382599148043,0.));
#8554 = DIRECTION('',(0.382599148043,-0.923914439717,0.));
#8555 = ADVANCED_FACE('',(#8556),#8574,.F.);
#8556 = FACE_BOUND('',#8557,.F.);
#8557 = EDGE_LOOP('',(#8558,#8559,#8567,#8573));
#8558 = ORIENTED_EDGE('',*,*,#8544,.T.);
#8559 = ORIENTED_EDGE('',*,*,#8560,.T.);
#8560 = EDGE_CURVE('',#8537,#8561,#8563,.T.);
#8561 = VERTEX_POINT('',#8562);
#8562 = CARTESIAN_POINT('',(92.891226,90.160779,1.7));
#8563 = LINE('',#8564,#8565);
#8564 = CARTESIAN_POINT('',(92.889779,90.175409,1.7));
#8565 = VECTOR('',#8566,1.);
#8566 = DIRECTION('',(9.842610338384E-02,-0.995144362478,0.));
#8567 = ORIENTED_EDGE('',*,*,#8568,.F.);
#8568 = EDGE_CURVE('',#2225,#8561,#8569,.T.);
#8569 = LINE('',#8570,#8571);
#8570 = CARTESIAN_POINT('',(92.891226,90.160779,0.));
#8571 = VECTOR('',#8572,1.);
#8572 = DIRECTION('',(0.,0.,1.));
#8573 = ORIENTED_EDGE('',*,*,#2224,.F.);
#8574 = PLANE('',#8575);
#8575 = AXIS2_PLACEMENT_3D('',#8576,#8577,#8578);
#8576 = CARTESIAN_POINT('',(92.889779,90.175409,0.));
#8577 = DIRECTION('',(0.995144362478,9.842610338384E-02,0.));
#8578 = DIRECTION('',(9.842610338384E-02,-0.995144362478,0.));
#8579 = ADVANCED_FACE('',(#8580),#8598,.F.);
#8580 = FACE_BOUND('',#8581,.F.);
#8581 = EDGE_LOOP('',(#8582,#8583,#8591,#8597));
#8582 = ORIENTED_EDGE('',*,*,#8568,.T.);
#8583 = ORIENTED_EDGE('',*,*,#8584,.T.);
#8584 = EDGE_CURVE('',#8561,#8585,#8587,.T.);
#8585 = VERTEX_POINT('',#8586);
#8586 = CARTESIAN_POINT('',(92.891226,76.060782,1.7));
#8587 = LINE('',#8588,#8589);
#8588 = CARTESIAN_POINT('',(92.891226,90.160779,1.7));
#8589 = VECTOR('',#8590,1.);
#8590 = DIRECTION('',(0.,-1.,0.));
#8591 = ORIENTED_EDGE('',*,*,#8592,.F.);
#8592 = EDGE_CURVE('',#2233,#8585,#8593,.T.);
#8593 = LINE('',#8594,#8595);
#8594 = CARTESIAN_POINT('',(92.891226,76.060782,0.));
#8595 = VECTOR('',#8596,1.);
#8596 = DIRECTION('',(0.,0.,1.));
#8597 = ORIENTED_EDGE('',*,*,#2232,.F.);
#8598 = PLANE('',#8599);
#8599 = AXIS2_PLACEMENT_3D('',#8600,#8601,#8602);
#8600 = CARTESIAN_POINT('',(92.891226,90.160779,0.));
#8601 = DIRECTION('',(1.,0.,0.));
#8602 = DIRECTION('',(0.,-1.,0.));
#8603 = ADVANCED_FACE('',(#8604),#8622,.F.);
#8604 = FACE_BOUND('',#8605,.F.);
#8605 = EDGE_LOOP('',(#8606,#8607,#8615,#8621));
#8606 = ORIENTED_EDGE('',*,*,#8592,.T.);
#8607 = ORIENTED_EDGE('',*,*,#8608,.T.);
#8608 = EDGE_CURVE('',#8585,#8609,#8611,.T.);
#8609 = VERTEX_POINT('',#8610);
#8610 = CARTESIAN_POINT('',(92.889779,76.046151,1.7));
#8611 = LINE('',#8612,#8613);
#8612 = CARTESIAN_POINT('',(92.891226,76.060782,1.7));
#8613 = VECTOR('',#8614,1.);
#8614 = DIRECTION('',(-9.841944131843E-02,-0.995145021377,0.));
#8615 = ORIENTED_EDGE('',*,*,#8616,.F.);
#8616 = EDGE_CURVE('',#2241,#8609,#8617,.T.);
#8617 = LINE('',#8618,#8619);
#8618 = CARTESIAN_POINT('',(92.889779,76.046151,0.));
#8619 = VECTOR('',#8620,1.);
#8620 = DIRECTION('',(0.,0.,1.));
#8621 = ORIENTED_EDGE('',*,*,#2240,.F.);
#8622 = PLANE('',#8623);
#8623 = AXIS2_PLACEMENT_3D('',#8624,#8625,#8626);
#8624 = CARTESIAN_POINT('',(92.891226,76.060782,0.));
#8625 = DIRECTION('',(0.995145021377,-9.841944131843E-02,0.));
#8626 = DIRECTION('',(-9.841944131843E-02,-0.995145021377,0.));
#8627 = ADVANCED_FACE('',(#8628),#8646,.F.);
#8628 = FACE_BOUND('',#8629,.F.);
#8629 = EDGE_LOOP('',(#8630,#8631,#8639,#8645));
#8630 = ORIENTED_EDGE('',*,*,#8616,.T.);
#8631 = ORIENTED_EDGE('',*,*,#8632,.T.);
#8632 = EDGE_CURVE('',#8609,#8633,#8635,.T.);
#8633 = VERTEX_POINT('',#8634);
#8634 = CARTESIAN_POINT('',(92.878577,76.0191,1.7));
#8635 = LINE('',#8636,#8637);
#8636 = CARTESIAN_POINT('',(92.889779,76.046151,1.7));
#8637 = VECTOR('',#8638,1.);
#8638 = DIRECTION('',(-0.382599148043,-0.923914439717,0.));
#8639 = ORIENTED_EDGE('',*,*,#8640,.F.);
#8640 = EDGE_CURVE('',#2249,#8633,#8641,.T.);
#8641 = LINE('',#8642,#8643);
#8642 = CARTESIAN_POINT('',(92.878577,76.0191,0.));
#8643 = VECTOR('',#8644,1.);
#8644 = DIRECTION('',(0.,0.,1.));
#8645 = ORIENTED_EDGE('',*,*,#2248,.F.);
#8646 = PLANE('',#8647);
#8647 = AXIS2_PLACEMENT_3D('',#8648,#8649,#8650);
#8648 = CARTESIAN_POINT('',(92.889779,76.046151,0.));
#8649 = DIRECTION('',(0.923914439717,-0.382599148043,0.));
#8650 = DIRECTION('',(-0.382599148043,-0.923914439717,0.));
#8651 = ADVANCED_FACE('',(#8652),#8670,.F.);
#8652 = FACE_BOUND('',#8653,.F.);
#8653 = EDGE_LOOP('',(#8654,#8655,#8663,#8669));
#8654 = ORIENTED_EDGE('',*,*,#8640,.T.);
#8655 = ORIENTED_EDGE('',*,*,#8656,.T.);
#8656 = EDGE_CURVE('',#8633,#8657,#8659,.T.);
#8657 = VERTEX_POINT('',#8658);
#8658 = CARTESIAN_POINT('',(92.857902,75.998425,1.7));
#8659 = LINE('',#8660,#8661);
#8660 = CARTESIAN_POINT('',(92.878577,76.0191,1.7));
#8661 = VECTOR('',#8662,1.);
#8662 = DIRECTION('',(-0.707106781187,-0.707106781186,0.));
#8663 = ORIENTED_EDGE('',*,*,#8664,.F.);
#8664 = EDGE_CURVE('',#2257,#8657,#8665,.T.);
#8665 = LINE('',#8666,#8667);
#8666 = CARTESIAN_POINT('',(92.857902,75.998425,0.));
#8667 = VECTOR('',#8668,1.);
#8668 = DIRECTION('',(0.,0.,1.));
#8669 = ORIENTED_EDGE('',*,*,#2256,.F.);
#8670 = PLANE('',#8671);
#8671 = AXIS2_PLACEMENT_3D('',#8672,#8673,#8674);
#8672 = CARTESIAN_POINT('',(92.878577,76.0191,0.));
#8673 = DIRECTION('',(0.707106781186,-0.707106781187,0.));
#8674 = DIRECTION('',(-0.707106781187,-0.707106781186,0.));
#8675 = ADVANCED_FACE('',(#8676),#8694,.F.);
#8676 = FACE_BOUND('',#8677,.F.);
#8677 = EDGE_LOOP('',(#8678,#8679,#8687,#8693));
#8678 = ORIENTED_EDGE('',*,*,#8664,.T.);
#8679 = ORIENTED_EDGE('',*,*,#8680,.T.);
#8680 = EDGE_CURVE('',#8657,#8681,#8683,.T.);
#8681 = VERTEX_POINT('',#8682);
#8682 = CARTESIAN_POINT('',(92.830851,75.987223,1.7));
#8683 = LINE('',#8684,#8685);
#8684 = CARTESIAN_POINT('',(92.857902,75.998425,1.7));
#8685 = VECTOR('',#8686,1.);
#8686 = DIRECTION('',(-0.923914439717,-0.382599148043,0.));
#8687 = ORIENTED_EDGE('',*,*,#8688,.F.);
#8688 = EDGE_CURVE('',#2265,#8681,#8689,.T.);
#8689 = LINE('',#8690,#8691);
#8690 = CARTESIAN_POINT('',(92.830851,75.987223,0.));
#8691 = VECTOR('',#8692,1.);
#8692 = DIRECTION('',(0.,0.,1.));
#8693 = ORIENTED_EDGE('',*,*,#2264,.F.);
#8694 = PLANE('',#8695);
#8695 = AXIS2_PLACEMENT_3D('',#8696,#8697,#8698);
#8696 = CARTESIAN_POINT('',(92.857902,75.998425,0.));
#8697 = DIRECTION('',(0.382599148043,-0.923914439717,0.));
#8698 = DIRECTION('',(-0.923914439717,-0.382599148043,0.));
#8699 = ADVANCED_FACE('',(#8700),#8718,.F.);
#8700 = FACE_BOUND('',#8701,.F.);
#8701 = EDGE_LOOP('',(#8702,#8703,#8711,#8717));
#8702 = ORIENTED_EDGE('',*,*,#8688,.T.);
#8703 = ORIENTED_EDGE('',*,*,#8704,.T.);
#8704 = EDGE_CURVE('',#8681,#8705,#8707,.T.);
#8705 = VERTEX_POINT('',#8706);
#8706 = CARTESIAN_POINT('',(92.81622,75.985776,1.7));
#8707 = LINE('',#8708,#8709);
#8708 = CARTESIAN_POINT('',(92.830851,75.987223,1.7));
#8709 = VECTOR('',#8710,1.);
#8710 = DIRECTION('',(-0.995145021377,-9.841944131852E-02,0.));
#8711 = ORIENTED_EDGE('',*,*,#8712,.F.);
#8712 = EDGE_CURVE('',#2273,#8705,#8713,.T.);
#8713 = LINE('',#8714,#8715);
#8714 = CARTESIAN_POINT('',(92.81622,75.985776,0.));
#8715 = VECTOR('',#8716,1.);
#8716 = DIRECTION('',(0.,0.,1.));
#8717 = ORIENTED_EDGE('',*,*,#2272,.F.);
#8718 = PLANE('',#8719);
#8719 = AXIS2_PLACEMENT_3D('',#8720,#8721,#8722);
#8720 = CARTESIAN_POINT('',(92.830851,75.987223,0.));
#8721 = DIRECTION('',(9.841944131852E-02,-0.995145021377,0.));
#8722 = DIRECTION('',(-0.995145021377,-9.841944131852E-02,0.));
#8723 = ADVANCED_FACE('',(#8724),#8742,.F.);
#8724 = FACE_BOUND('',#8725,.F.);
#8725 = EDGE_LOOP('',(#8726,#8727,#8735,#8741));
#8726 = ORIENTED_EDGE('',*,*,#8712,.T.);
#8727 = ORIENTED_EDGE('',*,*,#8728,.T.);
#8728 = EDGE_CURVE('',#8705,#8729,#8731,.T.);
#8729 = VERTEX_POINT('',#8730);
#8730 = CARTESIAN_POINT('',(78.716223,75.985776,1.7));
#8731 = LINE('',#8732,#8733);
#8732 = CARTESIAN_POINT('',(92.81622,75.985776,1.7));
#8733 = VECTOR('',#8734,1.);
#8734 = DIRECTION('',(-1.,0.,0.));
#8735 = ORIENTED_EDGE('',*,*,#8736,.F.);
#8736 = EDGE_CURVE('',#2281,#8729,#8737,.T.);
#8737 = LINE('',#8738,#8739);
#8738 = CARTESIAN_POINT('',(78.716223,75.985776,0.));
#8739 = VECTOR('',#8740,1.);
#8740 = DIRECTION('',(0.,0.,1.));
#8741 = ORIENTED_EDGE('',*,*,#2280,.F.);
#8742 = PLANE('',#8743);
#8743 = AXIS2_PLACEMENT_3D('',#8744,#8745,#8746);
#8744 = CARTESIAN_POINT('',(92.81622,75.985776,0.));
#8745 = DIRECTION('',(0.,-1.,0.));
#8746 = DIRECTION('',(-1.,0.,0.));
#8747 = ADVANCED_FACE('',(#8748),#8766,.F.);
#8748 = FACE_BOUND('',#8749,.F.);
#8749 = EDGE_LOOP('',(#8750,#8751,#8759,#8765));
#8750 = ORIENTED_EDGE('',*,*,#8736,.T.);
#8751 = ORIENTED_EDGE('',*,*,#8752,.T.);
#8752 = EDGE_CURVE('',#8729,#8753,#8755,.T.);
#8753 = VERTEX_POINT('',#8754);
#8754 = CARTESIAN_POINT('',(78.701593,75.987223,1.7));
#8755 = LINE('',#8756,#8757);
#8756 = CARTESIAN_POINT('',(78.716223,75.985776,1.7));
#8757 = VECTOR('',#8758,1.);
#8758 = DIRECTION('',(-0.995144362478,9.842610338384E-02,0.));
#8759 = ORIENTED_EDGE('',*,*,#8760,.F.);
#8760 = EDGE_CURVE('',#2289,#8753,#8761,.T.);
#8761 = LINE('',#8762,#8763);
#8762 = CARTESIAN_POINT('',(78.701593,75.987223,0.));
#8763 = VECTOR('',#8764,1.);
#8764 = DIRECTION('',(0.,0.,1.));
#8765 = ORIENTED_EDGE('',*,*,#2288,.F.);
#8766 = PLANE('',#8767);
#8767 = AXIS2_PLACEMENT_3D('',#8768,#8769,#8770);
#8768 = CARTESIAN_POINT('',(78.716223,75.985776,0.));
#8769 = DIRECTION('',(-9.842610338384E-02,-0.995144362478,0.));
#8770 = DIRECTION('',(-0.995144362478,9.842610338384E-02,0.));
#8771 = ADVANCED_FACE('',(#8772),#8790,.F.);
#8772 = FACE_BOUND('',#8773,.F.);
#8773 = EDGE_LOOP('',(#8774,#8775,#8783,#8789));
#8774 = ORIENTED_EDGE('',*,*,#8760,.T.);
#8775 = ORIENTED_EDGE('',*,*,#8776,.T.);
#8776 = EDGE_CURVE('',#8753,#8777,#8779,.T.);
#8777 = VERTEX_POINT('',#8778);
#8778 = CARTESIAN_POINT('',(78.674542,75.998425,1.7));
#8779 = LINE('',#8780,#8781);
#8780 = CARTESIAN_POINT('',(78.701593,75.987223,1.7));
#8781 = VECTOR('',#8782,1.);
#8782 = DIRECTION('',(-0.923914439717,0.382599148043,0.));
#8783 = ORIENTED_EDGE('',*,*,#8784,.F.);
#8784 = EDGE_CURVE('',#2297,#8777,#8785,.T.);
#8785 = LINE('',#8786,#8787);
#8786 = CARTESIAN_POINT('',(78.674542,75.998425,0.));
#8787 = VECTOR('',#8788,1.);
#8788 = DIRECTION('',(0.,0.,1.));
#8789 = ORIENTED_EDGE('',*,*,#2296,.F.);
#8790 = PLANE('',#8791);
#8791 = AXIS2_PLACEMENT_3D('',#8792,#8793,#8794);
#8792 = CARTESIAN_POINT('',(78.701593,75.987223,0.));
#8793 = DIRECTION('',(-0.382599148043,-0.923914439717,0.));
#8794 = DIRECTION('',(-0.923914439717,0.382599148043,0.));
#8795 = ADVANCED_FACE('',(#8796),#8814,.F.);
#8796 = FACE_BOUND('',#8797,.F.);
#8797 = EDGE_LOOP('',(#8798,#8799,#8807,#8813));
#8798 = ORIENTED_EDGE('',*,*,#8784,.T.);
#8799 = ORIENTED_EDGE('',*,*,#8800,.T.);
#8800 = EDGE_CURVE('',#8777,#8801,#8803,.T.);
#8801 = VERTEX_POINT('',#8802);
#8802 = CARTESIAN_POINT('',(78.653866,76.0191,1.7));
#8803 = LINE('',#8804,#8805);
#8804 = CARTESIAN_POINT('',(78.674542,75.998425,1.7));
#8805 = VECTOR('',#8806,1.);
#8806 = DIRECTION('',(-0.707123881093,0.707089680866,0.));
#8807 = ORIENTED_EDGE('',*,*,#8808,.F.);
#8808 = EDGE_CURVE('',#2305,#8801,#8809,.T.);
#8809 = LINE('',#8810,#8811);
#8810 = CARTESIAN_POINT('',(78.653866,76.0191,0.));
#8811 = VECTOR('',#8812,1.);
#8812 = DIRECTION('',(0.,0.,1.));
#8813 = ORIENTED_EDGE('',*,*,#2304,.F.);
#8814 = PLANE('',#8815);
#8815 = AXIS2_PLACEMENT_3D('',#8816,#8817,#8818);
#8816 = CARTESIAN_POINT('',(78.674542,75.998425,0.));
#8817 = DIRECTION('',(-0.707089680866,-0.707123881093,0.));
#8818 = DIRECTION('',(-0.707123881093,0.707089680866,0.));
#8819 = ADVANCED_FACE('',(#8820),#8838,.F.);
#8820 = FACE_BOUND('',#8821,.F.);
#8821 = EDGE_LOOP('',(#8822,#8823,#8831,#8837));
#8822 = ORIENTED_EDGE('',*,*,#8808,.T.);
#8823 = ORIENTED_EDGE('',*,*,#8824,.T.);
#8824 = EDGE_CURVE('',#8801,#8825,#8827,.T.);
#8825 = VERTEX_POINT('',#8826);
#8826 = CARTESIAN_POINT('',(78.642665,76.046151,1.7));
#8827 = LINE('',#8828,#8829);
#8828 = CARTESIAN_POINT('',(78.653866,76.0191,1.7));
#8829 = VECTOR('',#8830,1.);
#8830 = DIRECTION('',(-0.382569992546,0.923926512664,0.));
#8831 = ORIENTED_EDGE('',*,*,#8832,.F.);
#8832 = EDGE_CURVE('',#2313,#8825,#8833,.T.);
#8833 = LINE('',#8834,#8835);
#8834 = CARTESIAN_POINT('',(78.642665,76.046151,0.));
#8835 = VECTOR('',#8836,1.);
#8836 = DIRECTION('',(0.,0.,1.));
#8837 = ORIENTED_EDGE('',*,*,#2312,.F.);
#8838 = PLANE('',#8839);
#8839 = AXIS2_PLACEMENT_3D('',#8840,#8841,#8842);
#8840 = CARTESIAN_POINT('',(78.653866,76.0191,0.));
#8841 = DIRECTION('',(-0.923926512664,-0.382569992546,0.));
#8842 = DIRECTION('',(-0.382569992546,0.923926512664,0.));
#8843 = ADVANCED_FACE('',(#8844),#8862,.F.);
#8844 = FACE_BOUND('',#8845,.F.);
#8845 = EDGE_LOOP('',(#8846,#8847,#8855,#8861));
#8846 = ORIENTED_EDGE('',*,*,#8832,.T.);
#8847 = ORIENTED_EDGE('',*,*,#8848,.T.);
#8848 = EDGE_CURVE('',#8825,#8849,#8851,.T.);
#8849 = VERTEX_POINT('',#8850);
#8850 = CARTESIAN_POINT('',(78.641217,76.060782,1.7));
#8851 = LINE('',#8852,#8853);
#8852 = CARTESIAN_POINT('',(78.642665,76.046151,1.7));
#8853 = VECTOR('',#8854,1.);
#8854 = DIRECTION('',(-9.848679801051E-02,0.995138357525,0.));
#8855 = ORIENTED_EDGE('',*,*,#8856,.F.);
#8856 = EDGE_CURVE('',#2321,#8849,#8857,.T.);
#8857 = LINE('',#8858,#8859);
#8858 = CARTESIAN_POINT('',(78.641217,76.060782,0.));
#8859 = VECTOR('',#8860,1.);
#8860 = DIRECTION('',(0.,0.,1.));
#8861 = ORIENTED_EDGE('',*,*,#2320,.F.);
#8862 = PLANE('',#8863);
#8863 = AXIS2_PLACEMENT_3D('',#8864,#8865,#8866);
#8864 = CARTESIAN_POINT('',(78.642665,76.046151,0.));
#8865 = DIRECTION('',(-0.995138357525,-9.848679801051E-02,0.));
#8866 = DIRECTION('',(-9.848679801051E-02,0.995138357525,0.));
#8867 = ADVANCED_FACE('',(#8868),#8886,.F.);
#8868 = FACE_BOUND('',#8869,.F.);
#8869 = EDGE_LOOP('',(#8870,#8871,#8879,#8885));
#8870 = ORIENTED_EDGE('',*,*,#8856,.T.);
#8871 = ORIENTED_EDGE('',*,*,#8872,.T.);
#8872 = EDGE_CURVE('',#8849,#8873,#8875,.T.);
#8873 = VERTEX_POINT('',#8874);
#8874 = CARTESIAN_POINT('',(78.641217,90.160779,1.7));
#8875 = LINE('',#8876,#8877);
#8876 = CARTESIAN_POINT('',(78.641217,76.060782,1.7));
#8877 = VECTOR('',#8878,1.);
#8878 = DIRECTION('',(0.,1.,0.));
#8879 = ORIENTED_EDGE('',*,*,#8880,.F.);
#8880 = EDGE_CURVE('',#2329,#8873,#8881,.T.);
#8881 = LINE('',#8882,#8883);
#8882 = CARTESIAN_POINT('',(78.641217,90.160779,0.));
#8883 = VECTOR('',#8884,1.);
#8884 = DIRECTION('',(0.,0.,1.));
#8885 = ORIENTED_EDGE('',*,*,#2328,.F.);
#8886 = PLANE('',#8887);
#8887 = AXIS2_PLACEMENT_3D('',#8888,#8889,#8890);
#8888 = CARTESIAN_POINT('',(78.641217,76.060782,0.));
#8889 = DIRECTION('',(-1.,0.,0.));
#8890 = DIRECTION('',(0.,1.,0.));
#8891 = ADVANCED_FACE('',(#8892),#8910,.F.);
#8892 = FACE_BOUND('',#8893,.F.);
#8893 = EDGE_LOOP('',(#8894,#8895,#8903,#8909));
#8894 = ORIENTED_EDGE('',*,*,#8880,.T.);
#8895 = ORIENTED_EDGE('',*,*,#8896,.T.);
#8896 = EDGE_CURVE('',#8873,#8897,#8899,.T.);
#8897 = VERTEX_POINT('',#8898);
#8898 = CARTESIAN_POINT('',(78.642665,90.175409,1.7));
#8899 = LINE('',#8900,#8901);
#8900 = CARTESIAN_POINT('',(78.641217,90.160779,1.7));
#8901 = VECTOR('',#8902,1.);
#8902 = DIRECTION('',(9.849346454604E-02,0.995137697729,0.));
#8903 = ORIENTED_EDGE('',*,*,#8904,.F.);
#8904 = EDGE_CURVE('',#2337,#8897,#8905,.T.);
#8905 = LINE('',#8906,#8907);
#8906 = CARTESIAN_POINT('',(78.642665,90.175409,0.));
#8907 = VECTOR('',#8908,1.);
#8908 = DIRECTION('',(0.,0.,1.));
#8909 = ORIENTED_EDGE('',*,*,#2336,.F.);
#8910 = PLANE('',#8911);
#8911 = AXIS2_PLACEMENT_3D('',#8912,#8913,#8914);
#8912 = CARTESIAN_POINT('',(78.641217,90.160779,0.));
#8913 = DIRECTION('',(-0.995137697729,9.849346454604E-02,0.));
#8914 = DIRECTION('',(9.849346454604E-02,0.995137697729,0.));
#8915 = ADVANCED_FACE('',(#8916),#8934,.F.);
#8916 = FACE_BOUND('',#8917,.F.);
#8917 = EDGE_LOOP('',(#8918,#8919,#8927,#8933));
#8918 = ORIENTED_EDGE('',*,*,#8904,.T.);
#8919 = ORIENTED_EDGE('',*,*,#8920,.T.);
#8920 = EDGE_CURVE('',#8897,#8921,#8923,.T.);
#8921 = VERTEX_POINT('',#8922);
#8922 = CARTESIAN_POINT('',(78.653866,90.20246,1.7));
#8923 = LINE('',#8924,#8925);
#8924 = CARTESIAN_POINT('',(78.642665,90.175409,1.7));
#8925 = VECTOR('',#8926,1.);
#8926 = DIRECTION('',(0.382569992546,0.923926512664,0.));
#8927 = ORIENTED_EDGE('',*,*,#8928,.F.);
#8928 = EDGE_CURVE('',#2345,#8921,#8929,.T.);
#8929 = LINE('',#8930,#8931);
#8930 = CARTESIAN_POINT('',(78.653866,90.20246,0.));
#8931 = VECTOR('',#8932,1.);
#8932 = DIRECTION('',(0.,0.,1.));
#8933 = ORIENTED_EDGE('',*,*,#2344,.F.);
#8934 = PLANE('',#8935);
#8935 = AXIS2_PLACEMENT_3D('',#8936,#8937,#8938);
#8936 = CARTESIAN_POINT('',(78.642665,90.175409,0.));
#8937 = DIRECTION('',(-0.923926512664,0.382569992546,0.));
#8938 = DIRECTION('',(0.382569992546,0.923926512664,0.));
#8939 = ADVANCED_FACE('',(#8940),#8958,.F.);
#8940 = FACE_BOUND('',#8941,.F.);
#8941 = EDGE_LOOP('',(#8942,#8943,#8951,#8957));
#8942 = ORIENTED_EDGE('',*,*,#8928,.T.);
#8943 = ORIENTED_EDGE('',*,*,#8944,.T.);
#8944 = EDGE_CURVE('',#8921,#8945,#8947,.T.);
#8945 = VERTEX_POINT('',#8946);
#8946 = CARTESIAN_POINT('',(78.674542,90.223136,1.7));
#8947 = LINE('',#8948,#8949);
#8948 = CARTESIAN_POINT('',(78.653866,90.20246,1.7));
#8949 = VECTOR('',#8950,1.);
#8950 = DIRECTION('',(0.707106781187,0.707106781186,0.));
#8951 = ORIENTED_EDGE('',*,*,#8952,.F.);
#8952 = EDGE_CURVE('',#2353,#8945,#8953,.T.);
#8953 = LINE('',#8954,#8955);
#8954 = CARTESIAN_POINT('',(78.674542,90.223136,0.));
#8955 = VECTOR('',#8956,1.);
#8956 = DIRECTION('',(0.,0.,1.));
#8957 = ORIENTED_EDGE('',*,*,#2352,.F.);
#8958 = PLANE('',#8959);
#8959 = AXIS2_PLACEMENT_3D('',#8960,#8961,#8962);
#8960 = CARTESIAN_POINT('',(78.653866,90.20246,0.));
#8961 = DIRECTION('',(-0.707106781186,0.707106781187,0.));
#8962 = DIRECTION('',(0.707106781187,0.707106781186,0.));
#8963 = ADVANCED_FACE('',(#8964),#8982,.F.);
#8964 = FACE_BOUND('',#8965,.F.);
#8965 = EDGE_LOOP('',(#8966,#8967,#8975,#8981));
#8966 = ORIENTED_EDGE('',*,*,#8952,.T.);
#8967 = ORIENTED_EDGE('',*,*,#8968,.T.);
#8968 = EDGE_CURVE('',#8945,#8969,#8971,.T.);
#8969 = VERTEX_POINT('',#8970);
#8970 = CARTESIAN_POINT('',(78.701593,90.234337,1.7));
#8971 = LINE('',#8972,#8973);
#8972 = CARTESIAN_POINT('',(78.674542,90.223136,1.7));
#8973 = VECTOR('',#8974,1.);
#8974 = DIRECTION('',(0.923926512664,0.382569992546,0.));
#8975 = ORIENTED_EDGE('',*,*,#8976,.F.);
#8976 = EDGE_CURVE('',#2361,#8969,#8977,.T.);
#8977 = LINE('',#8978,#8979);
#8978 = CARTESIAN_POINT('',(78.701593,90.234337,0.));
#8979 = VECTOR('',#8980,1.);
#8980 = DIRECTION('',(0.,0.,1.));
#8981 = ORIENTED_EDGE('',*,*,#2360,.F.);
#8982 = PLANE('',#8983);
#8983 = AXIS2_PLACEMENT_3D('',#8984,#8985,#8986);
#8984 = CARTESIAN_POINT('',(78.674542,90.223136,0.));
#8985 = DIRECTION('',(-0.382569992546,0.923926512664,0.));
#8986 = DIRECTION('',(0.923926512664,0.382569992546,0.));
#8987 = ADVANCED_FACE('',(#8988),#9006,.F.);
#8988 = FACE_BOUND('',#8989,.F.);
#8989 = EDGE_LOOP('',(#8990,#8991,#8999,#9005));
#8990 = ORIENTED_EDGE('',*,*,#8976,.T.);
#8991 = ORIENTED_EDGE('',*,*,#8992,.T.);
#8992 = EDGE_CURVE('',#8969,#8993,#8995,.T.);
#8993 = VERTEX_POINT('',#8994);
#8994 = CARTESIAN_POINT('',(78.716223,90.235785,1.7));
#8995 = LINE('',#8996,#8997);
#8996 = CARTESIAN_POINT('',(78.701593,90.234337,1.7));
#8997 = VECTOR('',#8998,1.);
#8998 = DIRECTION('',(0.995137697729,9.849346454699E-02,0.));
#8999 = ORIENTED_EDGE('',*,*,#9000,.F.);
#9000 = EDGE_CURVE('',#2369,#8993,#9001,.T.);
#9001 = LINE('',#9002,#9003);
#9002 = CARTESIAN_POINT('',(78.716223,90.235785,0.));
#9003 = VECTOR('',#9004,1.);
#9004 = DIRECTION('',(0.,0.,1.));
#9005 = ORIENTED_EDGE('',*,*,#2368,.F.);
#9006 = PLANE('',#9007);
#9007 = AXIS2_PLACEMENT_3D('',#9008,#9009,#9010);
#9008 = CARTESIAN_POINT('',(78.701593,90.234337,0.));
#9009 = DIRECTION('',(-9.849346454699E-02,0.995137697729,0.));
#9010 = DIRECTION('',(0.995137697729,9.849346454699E-02,0.));
#9011 = ADVANCED_FACE('',(#9012),#9030,.F.);
#9012 = FACE_BOUND('',#9013,.F.);
#9013 = EDGE_LOOP('',(#9014,#9015,#9023,#9029));
#9014 = ORIENTED_EDGE('',*,*,#9000,.T.);
#9015 = ORIENTED_EDGE('',*,*,#9016,.T.);
#9016 = EDGE_CURVE('',#8993,#9017,#9019,.T.);
#9017 = VERTEX_POINT('',#9018);
#9018 = CARTESIAN_POINT('',(92.81622,90.235785,1.7));
#9019 = LINE('',#9020,#9021);
#9020 = CARTESIAN_POINT('',(78.716223,90.235785,1.7));
#9021 = VECTOR('',#9022,1.);
#9022 = DIRECTION('',(1.,0.,0.));
#9023 = ORIENTED_EDGE('',*,*,#9024,.F.);
#9024 = EDGE_CURVE('',#2377,#9017,#9025,.T.);
#9025 = LINE('',#9026,#9027);
#9026 = CARTESIAN_POINT('',(92.81622,90.235785,0.));
#9027 = VECTOR('',#9028,1.);
#9028 = DIRECTION('',(0.,0.,1.));
#9029 = ORIENTED_EDGE('',*,*,#2376,.F.);
#9030 = PLANE('',#9031);
#9031 = AXIS2_PLACEMENT_3D('',#9032,#9033,#9034);
#9032 = CARTESIAN_POINT('',(78.716223,90.235785,0.));
#9033 = DIRECTION('',(0.,1.,0.));
#9034 = DIRECTION('',(1.,0.,0.));
#9035 = ADVANCED_FACE('',(#9036),#9047,.F.);
#9036 = FACE_BOUND('',#9037,.F.);
#9037 = EDGE_LOOP('',(#9038,#9039,#9045,#9046));
#9038 = ORIENTED_EDGE('',*,*,#9024,.T.);
#9039 = ORIENTED_EDGE('',*,*,#9040,.T.);
#9040 = EDGE_CURVE('',#9017,#8481,#9041,.T.);
#9041 = LINE('',#9042,#9043);
#9042 = CARTESIAN_POINT('',(92.81622,90.235785,1.7));
#9043 = VECTOR('',#9044,1.);
#9044 = DIRECTION('',(0.995138357525,-9.848679801156E-02,0.));
#9045 = ORIENTED_EDGE('',*,*,#8480,.F.);
#9046 = ORIENTED_EDGE('',*,*,#2384,.F.);
#9047 = PLANE('',#9048);
#9048 = AXIS2_PLACEMENT_3D('',#9049,#9050,#9051);
#9049 = CARTESIAN_POINT('',(92.81622,90.235785,0.));
#9050 = DIRECTION('',(9.848679801156E-02,0.995138357525,0.));
#9051 = DIRECTION('',(0.995138357525,-9.848679801156E-02,0.));
#9052 = ADVANCED_FACE('',(#9053),#9078,.F.);
#9053 = FACE_BOUND('',#9054,.F.);
#9054 = EDGE_LOOP('',(#9055,#9063,#9071,#9077));
#9055 = ORIENTED_EDGE('',*,*,#9056,.T.);
#9056 = EDGE_CURVE('',#2393,#9057,#9059,.T.);
#9057 = VERTEX_POINT('',#9058);
#9058 = CARTESIAN_POINT('',(73.780851,90.234337,1.7));
#9059 = LINE('',#9060,#9061);
#9060 = CARTESIAN_POINT('',(73.780851,90.234337,0.));
#9061 = VECTOR('',#9062,1.);
#9062 = DIRECTION('',(0.,0.,1.));
#9063 = ORIENTED_EDGE('',*,*,#9064,.T.);
#9064 = EDGE_CURVE('',#9057,#9065,#9067,.T.);
#9065 = VERTEX_POINT('',#9066);
#9066 = CARTESIAN_POINT('',(73.807902,90.223136,1.7));
#9067 = LINE('',#9068,#9069);
#9068 = CARTESIAN_POINT('',(73.780851,90.234337,1.7));
#9069 = VECTOR('',#9070,1.);
#9070 = DIRECTION('',(0.923926512664,-0.382569992546,0.));
#9071 = ORIENTED_EDGE('',*,*,#9072,.F.);
#9072 = EDGE_CURVE('',#2395,#9065,#9073,.T.);
#9073 = LINE('',#9074,#9075);
#9074 = CARTESIAN_POINT('',(73.807902,90.223136,0.));
#9075 = VECTOR('',#9076,1.);
#9076 = DIRECTION('',(0.,0.,1.));
#9077 = ORIENTED_EDGE('',*,*,#2392,.F.);
#9078 = PLANE('',#9079);
#9079 = AXIS2_PLACEMENT_3D('',#9080,#9081,#9082);
#9080 = CARTESIAN_POINT('',(73.780851,90.234337,0.));
#9081 = DIRECTION('',(0.382569992546,0.923926512664,0.));
#9082 = DIRECTION('',(0.923926512664,-0.382569992546,0.));
#9083 = ADVANCED_FACE('',(#9084),#9102,.F.);
#9084 = FACE_BOUND('',#9085,.F.);
#9085 = EDGE_LOOP('',(#9086,#9087,#9095,#9101));
#9086 = ORIENTED_EDGE('',*,*,#9072,.T.);
#9087 = ORIENTED_EDGE('',*,*,#9088,.T.);
#9088 = EDGE_CURVE('',#9065,#9089,#9091,.T.);
#9089 = VERTEX_POINT('',#9090);
#9090 = CARTESIAN_POINT('',(73.828577,90.20246,1.7));
#9091 = LINE('',#9092,#9093);
#9092 = CARTESIAN_POINT('',(73.807902,90.223136,1.7));
#9093 = VECTOR('',#9094,1.);
#9094 = DIRECTION('',(0.707089680867,-0.707123881093,0.));
#9095 = ORIENTED_EDGE('',*,*,#9096,.F.);
#9096 = EDGE_CURVE('',#2403,#9089,#9097,.T.);
#9097 = LINE('',#9098,#9099);
#9098 = CARTESIAN_POINT('',(73.828577,90.20246,0.));
#9099 = VECTOR('',#9100,1.);
#9100 = DIRECTION('',(0.,0.,1.));
#9101 = ORIENTED_EDGE('',*,*,#2402,.F.);
#9102 = PLANE('',#9103);
#9103 = AXIS2_PLACEMENT_3D('',#9104,#9105,#9106);
#9104 = CARTESIAN_POINT('',(73.807902,90.223136,0.));
#9105 = DIRECTION('',(0.707123881093,0.707089680867,0.));
#9106 = DIRECTION('',(0.707089680867,-0.707123881093,0.));
#9107 = ADVANCED_FACE('',(#9108),#9126,.F.);
#9108 = FACE_BOUND('',#9109,.F.);
#9109 = EDGE_LOOP('',(#9110,#9111,#9119,#9125));
#9110 = ORIENTED_EDGE('',*,*,#9096,.T.);
#9111 = ORIENTED_EDGE('',*,*,#9112,.T.);
#9112 = EDGE_CURVE('',#9089,#9113,#9115,.T.);
#9113 = VERTEX_POINT('',#9114);
#9114 = CARTESIAN_POINT('',(73.839779,90.175409,1.7));
#9115 = LINE('',#9116,#9117);
#9116 = CARTESIAN_POINT('',(73.828577,90.20246,1.7));
#9117 = VECTOR('',#9118,1.);
#9118 = DIRECTION('',(0.382599148043,-0.923914439717,0.));
#9119 = ORIENTED_EDGE('',*,*,#9120,.F.);
#9120 = EDGE_CURVE('',#2411,#9113,#9121,.T.);
#9121 = LINE('',#9122,#9123);
#9122 = CARTESIAN_POINT('',(73.839779,90.175409,0.));
#9123 = VECTOR('',#9124,1.);
#9124 = DIRECTION('',(0.,0.,1.));
#9125 = ORIENTED_EDGE('',*,*,#2410,.F.);
#9126 = PLANE('',#9127);
#9127 = AXIS2_PLACEMENT_3D('',#9128,#9129,#9130);
#9128 = CARTESIAN_POINT('',(73.828577,90.20246,0.));
#9129 = DIRECTION('',(0.923914439717,0.382599148043,0.));
#9130 = DIRECTION('',(0.382599148043,-0.923914439717,0.));
#9131 = ADVANCED_FACE('',(#9132),#9150,.F.);
#9132 = FACE_BOUND('',#9133,.F.);
#9133 = EDGE_LOOP('',(#9134,#9135,#9143,#9149));
#9134 = ORIENTED_EDGE('',*,*,#9120,.T.);
#9135 = ORIENTED_EDGE('',*,*,#9136,.T.);
#9136 = EDGE_CURVE('',#9113,#9137,#9139,.T.);
#9137 = VERTEX_POINT('',#9138);
#9138 = CARTESIAN_POINT('',(73.841226,90.160779,1.7));
#9139 = LINE('',#9140,#9141);
#9140 = CARTESIAN_POINT('',(73.839779,90.175409,1.7));
#9141 = VECTOR('',#9142,1.);
#9142 = DIRECTION('',(9.842610338479E-02,-0.995144362478,0.));
#9143 = ORIENTED_EDGE('',*,*,#9144,.F.);
#9144 = EDGE_CURVE('',#2419,#9137,#9145,.T.);
#9145 = LINE('',#9146,#9147);
#9146 = CARTESIAN_POINT('',(73.841226,90.160779,0.));
#9147 = VECTOR('',#9148,1.);
#9148 = DIRECTION('',(0.,0.,1.));
#9149 = ORIENTED_EDGE('',*,*,#2418,.F.);
#9150 = PLANE('',#9151);
#9151 = AXIS2_PLACEMENT_3D('',#9152,#9153,#9154);
#9152 = CARTESIAN_POINT('',(73.839779,90.175409,0.));
#9153 = DIRECTION('',(0.995144362478,9.842610338479E-02,0.));
#9154 = DIRECTION('',(9.842610338479E-02,-0.995144362478,0.));
#9155 = ADVANCED_FACE('',(#9156),#9174,.F.);
#9156 = FACE_BOUND('',#9157,.F.);
#9157 = EDGE_LOOP('',(#9158,#9159,#9167,#9173));
#9158 = ORIENTED_EDGE('',*,*,#9144,.T.);
#9159 = ORIENTED_EDGE('',*,*,#9160,.T.);
#9160 = EDGE_CURVE('',#9137,#9161,#9163,.T.);
#9161 = VERTEX_POINT('',#9162);
#9162 = CARTESIAN_POINT('',(73.841226,76.060782,1.7));
#9163 = LINE('',#9164,#9165);
#9164 = CARTESIAN_POINT('',(73.841226,90.160779,1.7));
#9165 = VECTOR('',#9166,1.);
#9166 = DIRECTION('',(0.,-1.,0.));
#9167 = ORIENTED_EDGE('',*,*,#9168,.F.);
#9168 = EDGE_CURVE('',#2427,#9161,#9169,.T.);
#9169 = LINE('',#9170,#9171);
#9170 = CARTESIAN_POINT('',(73.841226,76.060782,0.));
#9171 = VECTOR('',#9172,1.);
#9172 = DIRECTION('',(0.,0.,1.));
#9173 = ORIENTED_EDGE('',*,*,#2426,.F.);
#9174 = PLANE('',#9175);
#9175 = AXIS2_PLACEMENT_3D('',#9176,#9177,#9178);
#9176 = CARTESIAN_POINT('',(73.841226,90.160779,0.));
#9177 = DIRECTION('',(1.,0.,0.));
#9178 = DIRECTION('',(0.,-1.,0.));
#9179 = ADVANCED_FACE('',(#9180),#9198,.F.);
#9180 = FACE_BOUND('',#9181,.F.);
#9181 = EDGE_LOOP('',(#9182,#9183,#9191,#9197));
#9182 = ORIENTED_EDGE('',*,*,#9168,.T.);
#9183 = ORIENTED_EDGE('',*,*,#9184,.T.);
#9184 = EDGE_CURVE('',#9161,#9185,#9187,.T.);
#9185 = VERTEX_POINT('',#9186);
#9186 = CARTESIAN_POINT('',(73.839779,76.046151,1.7));
#9187 = LINE('',#9188,#9189);
#9188 = CARTESIAN_POINT('',(73.841226,76.060782,1.7));
#9189 = VECTOR('',#9190,1.);
#9190 = DIRECTION('',(-9.841944131939E-02,-0.995145021376,0.));
#9191 = ORIENTED_EDGE('',*,*,#9192,.F.);
#9192 = EDGE_CURVE('',#2435,#9185,#9193,.T.);
#9193 = LINE('',#9194,#9195);
#9194 = CARTESIAN_POINT('',(73.839779,76.046151,0.));
#9195 = VECTOR('',#9196,1.);
#9196 = DIRECTION('',(0.,0.,1.));
#9197 = ORIENTED_EDGE('',*,*,#2434,.F.);
#9198 = PLANE('',#9199);
#9199 = AXIS2_PLACEMENT_3D('',#9200,#9201,#9202);
#9200 = CARTESIAN_POINT('',(73.841226,76.060782,0.));
#9201 = DIRECTION('',(0.995145021376,-9.841944131939E-02,0.));
#9202 = DIRECTION('',(-9.841944131939E-02,-0.995145021376,0.));
#9203 = ADVANCED_FACE('',(#9204),#9222,.F.);
#9204 = FACE_BOUND('',#9205,.F.);
#9205 = EDGE_LOOP('',(#9206,#9207,#9215,#9221));
#9206 = ORIENTED_EDGE('',*,*,#9192,.T.);
#9207 = ORIENTED_EDGE('',*,*,#9208,.T.);
#9208 = EDGE_CURVE('',#9185,#9209,#9211,.T.);
#9209 = VERTEX_POINT('',#9210);
#9210 = CARTESIAN_POINT('',(73.828577,76.0191,1.7));
#9211 = LINE('',#9212,#9213);
#9212 = CARTESIAN_POINT('',(73.839779,76.046151,1.7));
#9213 = VECTOR('',#9214,1.);
#9214 = DIRECTION('',(-0.382599148043,-0.923914439717,0.));
#9215 = ORIENTED_EDGE('',*,*,#9216,.F.);
#9216 = EDGE_CURVE('',#2443,#9209,#9217,.T.);
#9217 = LINE('',#9218,#9219);
#9218 = CARTESIAN_POINT('',(73.828577,76.0191,0.));
#9219 = VECTOR('',#9220,1.);
#9220 = DIRECTION('',(0.,0.,1.));
#9221 = ORIENTED_EDGE('',*,*,#2442,.F.);
#9222 = PLANE('',#9223);
#9223 = AXIS2_PLACEMENT_3D('',#9224,#9225,#9226);
#9224 = CARTESIAN_POINT('',(73.839779,76.046151,0.));
#9225 = DIRECTION('',(0.923914439717,-0.382599148043,0.));
#9226 = DIRECTION('',(-0.382599148043,-0.923914439717,0.));
#9227 = ADVANCED_FACE('',(#9228),#9246,.F.);
#9228 = FACE_BOUND('',#9229,.F.);
#9229 = EDGE_LOOP('',(#9230,#9231,#9239,#9245));
#9230 = ORIENTED_EDGE('',*,*,#9216,.T.);
#9231 = ORIENTED_EDGE('',*,*,#9232,.T.);
#9232 = EDGE_CURVE('',#9209,#9233,#9235,.T.);
#9233 = VERTEX_POINT('',#9234);
#9234 = CARTESIAN_POINT('',(73.807902,75.998425,1.7));
#9235 = LINE('',#9236,#9237);
#9236 = CARTESIAN_POINT('',(73.828577,76.0191,1.7));
#9237 = VECTOR('',#9238,1.);
#9238 = DIRECTION('',(-0.707106781187,-0.707106781187,0.));
#9239 = ORIENTED_EDGE('',*,*,#9240,.F.);
#9240 = EDGE_CURVE('',#2451,#9233,#9241,.T.);
#9241 = LINE('',#9242,#9243);
#9242 = CARTESIAN_POINT('',(73.807902,75.998425,0.));
#9243 = VECTOR('',#9244,1.);
#9244 = DIRECTION('',(0.,0.,1.));
#9245 = ORIENTED_EDGE('',*,*,#2450,.F.);
#9246 = PLANE('',#9247);
#9247 = AXIS2_PLACEMENT_3D('',#9248,#9249,#9250);
#9248 = CARTESIAN_POINT('',(73.828577,76.0191,0.));
#9249 = DIRECTION('',(0.707106781187,-0.707106781187,0.));
#9250 = DIRECTION('',(-0.707106781187,-0.707106781187,0.));
#9251 = ADVANCED_FACE('',(#9252),#9270,.F.);
#9252 = FACE_BOUND('',#9253,.F.);
#9253 = EDGE_LOOP('',(#9254,#9255,#9263,#9269));
#9254 = ORIENTED_EDGE('',*,*,#9240,.T.);
#9255 = ORIENTED_EDGE('',*,*,#9256,.T.);
#9256 = EDGE_CURVE('',#9233,#9257,#9259,.T.);
#9257 = VERTEX_POINT('',#9258);
#9258 = CARTESIAN_POINT('',(73.780851,75.987223,1.7));
#9259 = LINE('',#9260,#9261);
#9260 = CARTESIAN_POINT('',(73.807902,75.998425,1.7));
#9261 = VECTOR('',#9262,1.);
#9262 = DIRECTION('',(-0.923914439717,-0.382599148043,0.));
#9263 = ORIENTED_EDGE('',*,*,#9264,.F.);
#9264 = EDGE_CURVE('',#2459,#9257,#9265,.T.);
#9265 = LINE('',#9266,#9267);
#9266 = CARTESIAN_POINT('',(73.780851,75.987223,0.));
#9267 = VECTOR('',#9268,1.);
#9268 = DIRECTION('',(0.,0.,1.));
#9269 = ORIENTED_EDGE('',*,*,#2458,.F.);
#9270 = PLANE('',#9271);
#9271 = AXIS2_PLACEMENT_3D('',#9272,#9273,#9274);
#9272 = CARTESIAN_POINT('',(73.807902,75.998425,0.));
#9273 = DIRECTION('',(0.382599148043,-0.923914439717,0.));
#9274 = DIRECTION('',(-0.923914439717,-0.382599148043,0.));
#9275 = ADVANCED_FACE('',(#9276),#9294,.F.);
#9276 = FACE_BOUND('',#9277,.F.);
#9277 = EDGE_LOOP('',(#9278,#9279,#9287,#9293));
#9278 = ORIENTED_EDGE('',*,*,#9264,.T.);
#9279 = ORIENTED_EDGE('',*,*,#9280,.T.);
#9280 = EDGE_CURVE('',#9257,#9281,#9283,.T.);
#9281 = VERTEX_POINT('',#9282);
#9282 = CARTESIAN_POINT('',(73.76622,75.985776,1.7));
#9283 = LINE('',#9284,#9285);
#9284 = CARTESIAN_POINT('',(73.780851,75.987223,1.7));
#9285 = VECTOR('',#9286,1.);
#9286 = DIRECTION('',(-0.995145021377,-9.841944131852E-02,0.));
#9287 = ORIENTED_EDGE('',*,*,#9288,.F.);
#9288 = EDGE_CURVE('',#2467,#9281,#9289,.T.);
#9289 = LINE('',#9290,#9291);
#9290 = CARTESIAN_POINT('',(73.76622,75.985776,0.));
#9291 = VECTOR('',#9292,1.);
#9292 = DIRECTION('',(0.,0.,1.));
#9293 = ORIENTED_EDGE('',*,*,#2466,.F.);
#9294 = PLANE('',#9295);
#9295 = AXIS2_PLACEMENT_3D('',#9296,#9297,#9298);
#9296 = CARTESIAN_POINT('',(73.780851,75.987223,0.));
#9297 = DIRECTION('',(9.841944131852E-02,-0.995145021377,0.));
#9298 = DIRECTION('',(-0.995145021377,-9.841944131852E-02,0.));
#9299 = ADVANCED_FACE('',(#9300),#9318,.F.);
#9300 = FACE_BOUND('',#9301,.F.);
#9301 = EDGE_LOOP('',(#9302,#9303,#9311,#9317));
#9302 = ORIENTED_EDGE('',*,*,#9288,.T.);
#9303 = ORIENTED_EDGE('',*,*,#9304,.T.);
#9304 = EDGE_CURVE('',#9281,#9305,#9307,.T.);
#9305 = VERTEX_POINT('',#9306);
#9306 = CARTESIAN_POINT('',(59.666223,75.985776,1.7));
#9307 = LINE('',#9308,#9309);
#9308 = CARTESIAN_POINT('',(73.76622,75.985776,1.7));
#9309 = VECTOR('',#9310,1.);
#9310 = DIRECTION('',(-1.,0.,0.));
#9311 = ORIENTED_EDGE('',*,*,#9312,.F.);
#9312 = EDGE_CURVE('',#2475,#9305,#9313,.T.);
#9313 = LINE('',#9314,#9315);
#9314 = CARTESIAN_POINT('',(59.666223,75.985776,0.));
#9315 = VECTOR('',#9316,1.);
#9316 = DIRECTION('',(0.,0.,1.));
#9317 = ORIENTED_EDGE('',*,*,#2474,.F.);
#9318 = PLANE('',#9319);
#9319 = AXIS2_PLACEMENT_3D('',#9320,#9321,#9322);
#9320 = CARTESIAN_POINT('',(73.76622,75.985776,0.));
#9321 = DIRECTION('',(0.,-1.,0.));
#9322 = DIRECTION('',(-1.,0.,0.));
#9323 = ADVANCED_FACE('',(#9324),#9342,.F.);
#9324 = FACE_BOUND('',#9325,.F.);
#9325 = EDGE_LOOP('',(#9326,#9327,#9335,#9341));
#9326 = ORIENTED_EDGE('',*,*,#9312,.T.);
#9327 = ORIENTED_EDGE('',*,*,#9328,.T.);
#9328 = EDGE_CURVE('',#9305,#9329,#9331,.T.);
#9329 = VERTEX_POINT('',#9330);
#9330 = CARTESIAN_POINT('',(59.651593,75.987223,1.7));
#9331 = LINE('',#9332,#9333);
#9332 = CARTESIAN_POINT('',(59.666223,75.985776,1.7));
#9333 = VECTOR('',#9334,1.);
#9334 = DIRECTION('',(-0.995144362478,9.842610338379E-02,0.));
#9335 = ORIENTED_EDGE('',*,*,#9336,.F.);
#9336 = EDGE_CURVE('',#2483,#9329,#9337,.T.);
#9337 = LINE('',#9338,#9339);
#9338 = CARTESIAN_POINT('',(59.651593,75.987223,0.));
#9339 = VECTOR('',#9340,1.);
#9340 = DIRECTION('',(0.,0.,1.));
#9341 = ORIENTED_EDGE('',*,*,#2482,.F.);
#9342 = PLANE('',#9343);
#9343 = AXIS2_PLACEMENT_3D('',#9344,#9345,#9346);
#9344 = CARTESIAN_POINT('',(59.666223,75.985776,0.));
#9345 = DIRECTION('',(-9.842610338379E-02,-0.995144362478,0.));
#9346 = DIRECTION('',(-0.995144362478,9.842610338379E-02,0.));
#9347 = ADVANCED_FACE('',(#9348),#9366,.F.);
#9348 = FACE_BOUND('',#9349,.F.);
#9349 = EDGE_LOOP('',(#9350,#9351,#9359,#9365));
#9350 = ORIENTED_EDGE('',*,*,#9336,.T.);
#9351 = ORIENTED_EDGE('',*,*,#9352,.T.);
#9352 = EDGE_CURVE('',#9329,#9353,#9355,.T.);
#9353 = VERTEX_POINT('',#9354);
#9354 = CARTESIAN_POINT('',(59.624542,75.998425,1.7));
#9355 = LINE('',#9356,#9357);
#9356 = CARTESIAN_POINT('',(59.651593,75.987223,1.7));
#9357 = VECTOR('',#9358,1.);
#9358 = DIRECTION('',(-0.923914439717,0.382599148043,0.));
#9359 = ORIENTED_EDGE('',*,*,#9360,.F.);
#9360 = EDGE_CURVE('',#2491,#9353,#9361,.T.);
#9361 = LINE('',#9362,#9363);
#9362 = CARTESIAN_POINT('',(59.624542,75.998425,0.));
#9363 = VECTOR('',#9364,1.);
#9364 = DIRECTION('',(0.,0.,1.));
#9365 = ORIENTED_EDGE('',*,*,#2490,.F.);
#9366 = PLANE('',#9367);
#9367 = AXIS2_PLACEMENT_3D('',#9368,#9369,#9370);
#9368 = CARTESIAN_POINT('',(59.651593,75.987223,0.));
#9369 = DIRECTION('',(-0.382599148043,-0.923914439717,0.));
#9370 = DIRECTION('',(-0.923914439717,0.382599148043,0.));
#9371 = ADVANCED_FACE('',(#9372),#9390,.F.);
#9372 = FACE_BOUND('',#9373,.F.);
#9373 = EDGE_LOOP('',(#9374,#9375,#9383,#9389));
#9374 = ORIENTED_EDGE('',*,*,#9360,.T.);
#9375 = ORIENTED_EDGE('',*,*,#9376,.T.);
#9376 = EDGE_CURVE('',#9353,#9377,#9379,.T.);
#9377 = VERTEX_POINT('',#9378);
#9378 = CARTESIAN_POINT('',(59.603866,76.0191,1.7));
#9379 = LINE('',#9380,#9381);
#9380 = CARTESIAN_POINT('',(59.624542,75.998425,1.7));
#9381 = VECTOR('',#9382,1.);
#9382 = DIRECTION('',(-0.707123881093,0.707089680867,0.));
#9383 = ORIENTED_EDGE('',*,*,#9384,.F.);
#9384 = EDGE_CURVE('',#2499,#9377,#9385,.T.);
#9385 = LINE('',#9386,#9387);
#9386 = CARTESIAN_POINT('',(59.603866,76.0191,0.));
#9387 = VECTOR('',#9388,1.);
#9388 = DIRECTION('',(0.,0.,1.));
#9389 = ORIENTED_EDGE('',*,*,#2498,.F.);
#9390 = PLANE('',#9391);
#9391 = AXIS2_PLACEMENT_3D('',#9392,#9393,#9394);
#9392 = CARTESIAN_POINT('',(59.624542,75.998425,0.));
#9393 = DIRECTION('',(-0.707089680867,-0.707123881093,0.));
#9394 = DIRECTION('',(-0.707123881093,0.707089680867,0.));
#9395 = ADVANCED_FACE('',(#9396),#9414,.F.);
#9396 = FACE_BOUND('',#9397,.F.);
#9397 = EDGE_LOOP('',(#9398,#9399,#9407,#9413));
#9398 = ORIENTED_EDGE('',*,*,#9384,.T.);
#9399 = ORIENTED_EDGE('',*,*,#9400,.T.);
#9400 = EDGE_CURVE('',#9377,#9401,#9403,.T.);
#9401 = VERTEX_POINT('',#9402);
#9402 = CARTESIAN_POINT('',(59.592665,76.046151,1.7));
#9403 = LINE('',#9404,#9405);
#9404 = CARTESIAN_POINT('',(59.603866,76.0191,1.7));
#9405 = VECTOR('',#9406,1.);
#9406 = DIRECTION('',(-0.382569992546,0.923926512664,0.));
#9407 = ORIENTED_EDGE('',*,*,#9408,.F.);
#9408 = EDGE_CURVE('',#2507,#9401,#9409,.T.);
#9409 = LINE('',#9410,#9411);
#9410 = CARTESIAN_POINT('',(59.592665,76.046151,0.));
#9411 = VECTOR('',#9412,1.);
#9412 = DIRECTION('',(0.,0.,1.));
#9413 = ORIENTED_EDGE('',*,*,#2506,.F.);
#9414 = PLANE('',#9415);
#9415 = AXIS2_PLACEMENT_3D('',#9416,#9417,#9418);
#9416 = CARTESIAN_POINT('',(59.603866,76.0191,0.));
#9417 = DIRECTION('',(-0.923926512664,-0.382569992546,0.));
#9418 = DIRECTION('',(-0.382569992546,0.923926512664,0.));
#9419 = ADVANCED_FACE('',(#9420),#9438,.F.);
#9420 = FACE_BOUND('',#9421,.F.);
#9421 = EDGE_LOOP('',(#9422,#9423,#9431,#9437));
#9422 = ORIENTED_EDGE('',*,*,#9408,.T.);
#9423 = ORIENTED_EDGE('',*,*,#9424,.T.);
#9424 = EDGE_CURVE('',#9401,#9425,#9427,.T.);
#9425 = VERTEX_POINT('',#9426);
#9426 = CARTESIAN_POINT('',(59.591217,76.060782,1.7));
#9427 = LINE('',#9428,#9429);
#9428 = CARTESIAN_POINT('',(59.592665,76.046151,1.7));
#9429 = VECTOR('',#9430,1.);
#9430 = DIRECTION('',(-9.848679801051E-02,0.995138357525,0.));
#9431 = ORIENTED_EDGE('',*,*,#9432,.F.);
#9432 = EDGE_CURVE('',#2515,#9425,#9433,.T.);
#9433 = LINE('',#9434,#9435);
#9434 = CARTESIAN_POINT('',(59.591217,76.060782,0.));
#9435 = VECTOR('',#9436,1.);
#9436 = DIRECTION('',(0.,0.,1.));
#9437 = ORIENTED_EDGE('',*,*,#2514,.F.);
#9438 = PLANE('',#9439);
#9439 = AXIS2_PLACEMENT_3D('',#9440,#9441,#9442);
#9440 = CARTESIAN_POINT('',(59.592665,76.046151,0.));
#9441 = DIRECTION('',(-0.995138357525,-9.848679801051E-02,0.));
#9442 = DIRECTION('',(-9.848679801051E-02,0.995138357525,0.));
#9443 = ADVANCED_FACE('',(#9444),#9462,.F.);
#9444 = FACE_BOUND('',#9445,.F.);
#9445 = EDGE_LOOP('',(#9446,#9447,#9455,#9461));
#9446 = ORIENTED_EDGE('',*,*,#9432,.T.);
#9447 = ORIENTED_EDGE('',*,*,#9448,.T.);
#9448 = EDGE_CURVE('',#9425,#9449,#9451,.T.);
#9449 = VERTEX_POINT('',#9450);
#9450 = CARTESIAN_POINT('',(59.591217,90.160779,1.7));
#9451 = LINE('',#9452,#9453);
#9452 = CARTESIAN_POINT('',(59.591217,76.060782,1.7));
#9453 = VECTOR('',#9454,1.);
#9454 = DIRECTION('',(0.,1.,0.));
#9455 = ORIENTED_EDGE('',*,*,#9456,.F.);
#9456 = EDGE_CURVE('',#2523,#9449,#9457,.T.);
#9457 = LINE('',#9458,#9459);
#9458 = CARTESIAN_POINT('',(59.591217,90.160779,0.));
#9459 = VECTOR('',#9460,1.);
#9460 = DIRECTION('',(0.,0.,1.));
#9461 = ORIENTED_EDGE('',*,*,#2522,.F.);
#9462 = PLANE('',#9463);
#9463 = AXIS2_PLACEMENT_3D('',#9464,#9465,#9466);
#9464 = CARTESIAN_POINT('',(59.591217,76.060782,0.));
#9465 = DIRECTION('',(-1.,0.,0.));
#9466 = DIRECTION('',(0.,1.,0.));
#9467 = ADVANCED_FACE('',(#9468),#9486,.F.);
#9468 = FACE_BOUND('',#9469,.F.);
#9469 = EDGE_LOOP('',(#9470,#9471,#9479,#9485));
#9470 = ORIENTED_EDGE('',*,*,#9456,.T.);
#9471 = ORIENTED_EDGE('',*,*,#9472,.T.);
#9472 = EDGE_CURVE('',#9449,#9473,#9475,.T.);
#9473 = VERTEX_POINT('',#9474);
#9474 = CARTESIAN_POINT('',(59.592665,90.175409,1.7));
#9475 = LINE('',#9476,#9477);
#9476 = CARTESIAN_POINT('',(59.591217,90.160779,1.7));
#9477 = VECTOR('',#9478,1.);
#9478 = DIRECTION('',(9.849346454604E-02,0.995137697729,0.));
#9479 = ORIENTED_EDGE('',*,*,#9480,.F.);
#9480 = EDGE_CURVE('',#2531,#9473,#9481,.T.);
#9481 = LINE('',#9482,#9483);
#9482 = CARTESIAN_POINT('',(59.592665,90.175409,0.));
#9483 = VECTOR('',#9484,1.);
#9484 = DIRECTION('',(0.,0.,1.));
#9485 = ORIENTED_EDGE('',*,*,#2530,.F.);
#9486 = PLANE('',#9487);
#9487 = AXIS2_PLACEMENT_3D('',#9488,#9489,#9490);
#9488 = CARTESIAN_POINT('',(59.591217,90.160779,0.));
#9489 = DIRECTION('',(-0.995137697729,9.849346454604E-02,0.));
#9490 = DIRECTION('',(9.849346454604E-02,0.995137697729,0.));
#9491 = ADVANCED_FACE('',(#9492),#9510,.F.);
#9492 = FACE_BOUND('',#9493,.F.);
#9493 = EDGE_LOOP('',(#9494,#9495,#9503,#9509));
#9494 = ORIENTED_EDGE('',*,*,#9480,.T.);
#9495 = ORIENTED_EDGE('',*,*,#9496,.T.);
#9496 = EDGE_CURVE('',#9473,#9497,#9499,.T.);
#9497 = VERTEX_POINT('',#9498);
#9498 = CARTESIAN_POINT('',(59.603866,90.20246,1.7));
#9499 = LINE('',#9500,#9501);
#9500 = CARTESIAN_POINT('',(59.592665,90.175409,1.7));
#9501 = VECTOR('',#9502,1.);
#9502 = DIRECTION('',(0.382569992546,0.923926512664,0.));
#9503 = ORIENTED_EDGE('',*,*,#9504,.F.);
#9504 = EDGE_CURVE('',#2539,#9497,#9505,.T.);
#9505 = LINE('',#9506,#9507);
#9506 = CARTESIAN_POINT('',(59.603866,90.20246,0.));
#9507 = VECTOR('',#9508,1.);
#9508 = DIRECTION('',(0.,0.,1.));
#9509 = ORIENTED_EDGE('',*,*,#2538,.F.);
#9510 = PLANE('',#9511);
#9511 = AXIS2_PLACEMENT_3D('',#9512,#9513,#9514);
#9512 = CARTESIAN_POINT('',(59.592665,90.175409,0.));
#9513 = DIRECTION('',(-0.923926512664,0.382569992546,0.));
#9514 = DIRECTION('',(0.382569992546,0.923926512664,0.));
#9515 = ADVANCED_FACE('',(#9516),#9534,.F.);
#9516 = FACE_BOUND('',#9517,.F.);
#9517 = EDGE_LOOP('',(#9518,#9519,#9527,#9533));
#9518 = ORIENTED_EDGE('',*,*,#9504,.T.);
#9519 = ORIENTED_EDGE('',*,*,#9520,.T.);
#9520 = EDGE_CURVE('',#9497,#9521,#9523,.T.);
#9521 = VERTEX_POINT('',#9522);
#9522 = CARTESIAN_POINT('',(59.624542,90.223136,1.7));
#9523 = LINE('',#9524,#9525);
#9524 = CARTESIAN_POINT('',(59.603866,90.20246,1.7));
#9525 = VECTOR('',#9526,1.);
#9526 = DIRECTION('',(0.707106781187,0.707106781186,0.));
#9527 = ORIENTED_EDGE('',*,*,#9528,.F.);
#9528 = EDGE_CURVE('',#2547,#9521,#9529,.T.);
#9529 = LINE('',#9530,#9531);
#9530 = CARTESIAN_POINT('',(59.624542,90.223136,0.));
#9531 = VECTOR('',#9532,1.);
#9532 = DIRECTION('',(0.,0.,1.));
#9533 = ORIENTED_EDGE('',*,*,#2546,.F.);
#9534 = PLANE('',#9535);
#9535 = AXIS2_PLACEMENT_3D('',#9536,#9537,#9538);
#9536 = CARTESIAN_POINT('',(59.603866,90.20246,0.));
#9537 = DIRECTION('',(-0.707106781186,0.707106781187,0.));
#9538 = DIRECTION('',(0.707106781187,0.707106781186,0.));
#9539 = ADVANCED_FACE('',(#9540),#9558,.F.);
#9540 = FACE_BOUND('',#9541,.F.);
#9541 = EDGE_LOOP('',(#9542,#9543,#9551,#9557));
#9542 = ORIENTED_EDGE('',*,*,#9528,.T.);
#9543 = ORIENTED_EDGE('',*,*,#9544,.T.);
#9544 = EDGE_CURVE('',#9521,#9545,#9547,.T.);
#9545 = VERTEX_POINT('',#9546);
#9546 = CARTESIAN_POINT('',(59.651593,90.234337,1.7));
#9547 = LINE('',#9548,#9549);
#9548 = CARTESIAN_POINT('',(59.624542,90.223136,1.7));
#9549 = VECTOR('',#9550,1.);
#9550 = DIRECTION('',(0.923926512664,0.382569992546,0.));
#9551 = ORIENTED_EDGE('',*,*,#9552,.F.);
#9552 = EDGE_CURVE('',#2555,#9545,#9553,.T.);
#9553 = LINE('',#9554,#9555);
#9554 = CARTESIAN_POINT('',(59.651593,90.234337,0.));
#9555 = VECTOR('',#9556,1.);
#9556 = DIRECTION('',(0.,0.,1.));
#9557 = ORIENTED_EDGE('',*,*,#2554,.F.);
#9558 = PLANE('',#9559);
#9559 = AXIS2_PLACEMENT_3D('',#9560,#9561,#9562);
#9560 = CARTESIAN_POINT('',(59.624542,90.223136,0.));
#9561 = DIRECTION('',(-0.382569992546,0.923926512664,0.));
#9562 = DIRECTION('',(0.923926512664,0.382569992546,0.));
#9563 = ADVANCED_FACE('',(#9564),#9582,.F.);
#9564 = FACE_BOUND('',#9565,.F.);
#9565 = EDGE_LOOP('',(#9566,#9567,#9575,#9581));
#9566 = ORIENTED_EDGE('',*,*,#9552,.T.);
#9567 = ORIENTED_EDGE('',*,*,#9568,.T.);
#9568 = EDGE_CURVE('',#9545,#9569,#9571,.T.);
#9569 = VERTEX_POINT('',#9570);
#9570 = CARTESIAN_POINT('',(59.666223,90.235785,1.7));
#9571 = LINE('',#9572,#9573);
#9572 = CARTESIAN_POINT('',(59.651593,90.234337,1.7));
#9573 = VECTOR('',#9574,1.);
#9574 = DIRECTION('',(0.995137697729,9.849346454695E-02,0.));
#9575 = ORIENTED_EDGE('',*,*,#9576,.F.);
#9576 = EDGE_CURVE('',#2563,#9569,#9577,.T.);
#9577 = LINE('',#9578,#9579);
#9578 = CARTESIAN_POINT('',(59.666223,90.235785,0.));
#9579 = VECTOR('',#9580,1.);
#9580 = DIRECTION('',(0.,0.,1.));
#9581 = ORIENTED_EDGE('',*,*,#2562,.F.);
#9582 = PLANE('',#9583);
#9583 = AXIS2_PLACEMENT_3D('',#9584,#9585,#9586);
#9584 = CARTESIAN_POINT('',(59.651593,90.234337,0.));
#9585 = DIRECTION('',(-9.849346454695E-02,0.995137697729,0.));
#9586 = DIRECTION('',(0.995137697729,9.849346454695E-02,0.));
#9587 = ADVANCED_FACE('',(#9588),#9606,.F.);
#9588 = FACE_BOUND('',#9589,.F.);
#9589 = EDGE_LOOP('',(#9590,#9591,#9599,#9605));
#9590 = ORIENTED_EDGE('',*,*,#9576,.T.);
#9591 = ORIENTED_EDGE('',*,*,#9592,.T.);
#9592 = EDGE_CURVE('',#9569,#9593,#9595,.T.);
#9593 = VERTEX_POINT('',#9594);
#9594 = CARTESIAN_POINT('',(73.76622,90.235785,1.7));
#9595 = LINE('',#9596,#9597);
#9596 = CARTESIAN_POINT('',(59.666223,90.235785,1.7));
#9597 = VECTOR('',#9598,1.);
#9598 = DIRECTION('',(1.,0.,0.));
#9599 = ORIENTED_EDGE('',*,*,#9600,.F.);
#9600 = EDGE_CURVE('',#2571,#9593,#9601,.T.);
#9601 = LINE('',#9602,#9603);
#9602 = CARTESIAN_POINT('',(73.76622,90.235785,0.));
#9603 = VECTOR('',#9604,1.);
#9604 = DIRECTION('',(0.,0.,1.));
#9605 = ORIENTED_EDGE('',*,*,#2570,.F.);
#9606 = PLANE('',#9607);
#9607 = AXIS2_PLACEMENT_3D('',#9608,#9609,#9610);
#9608 = CARTESIAN_POINT('',(59.666223,90.235785,0.));
#9609 = DIRECTION('',(0.,1.,0.));
#9610 = DIRECTION('',(1.,0.,0.));
#9611 = ADVANCED_FACE('',(#9612),#9623,.F.);
#9612 = FACE_BOUND('',#9613,.F.);
#9613 = EDGE_LOOP('',(#9614,#9615,#9621,#9622));
#9614 = ORIENTED_EDGE('',*,*,#9600,.T.);
#9615 = ORIENTED_EDGE('',*,*,#9616,.T.);
#9616 = EDGE_CURVE('',#9593,#9057,#9617,.T.);
#9617 = LINE('',#9618,#9619);
#9618 = CARTESIAN_POINT('',(73.76622,90.235785,1.7));
#9619 = VECTOR('',#9620,1.);
#9620 = DIRECTION('',(0.995138357525,-9.848679801156E-02,0.));
#9621 = ORIENTED_EDGE('',*,*,#9056,.F.);
#9622 = ORIENTED_EDGE('',*,*,#2578,.F.);
#9623 = PLANE('',#9624);
#9624 = AXIS2_PLACEMENT_3D('',#9625,#9626,#9627);
#9625 = CARTESIAN_POINT('',(73.76622,90.235785,0.));
#9626 = DIRECTION('',(9.848679801156E-02,0.995138357525,0.));
#9627 = DIRECTION('',(0.995138357525,-9.848679801156E-02,0.));
#9628 = ADVANCED_FACE('',(#9629),#9654,.F.);
#9629 = FACE_BOUND('',#9630,.F.);
#9630 = EDGE_LOOP('',(#9631,#9639,#9647,#9653));
#9631 = ORIENTED_EDGE('',*,*,#9632,.T.);
#9632 = EDGE_CURVE('',#2587,#9633,#9635,.T.);
#9633 = VERTEX_POINT('',#9634);
#9634 = CARTESIAN_POINT('',(16.630851,90.234337,1.7));
#9635 = LINE('',#9636,#9637);
#9636 = CARTESIAN_POINT('',(16.630851,90.234337,0.));
#9637 = VECTOR('',#9638,1.);
#9638 = DIRECTION('',(0.,0.,1.));
#9639 = ORIENTED_EDGE('',*,*,#9640,.T.);
#9640 = EDGE_CURVE('',#9633,#9641,#9643,.T.);
#9641 = VERTEX_POINT('',#9642);
#9642 = CARTESIAN_POINT('',(16.657902,90.223136,1.7));
#9643 = LINE('',#9644,#9645);
#9644 = CARTESIAN_POINT('',(16.630851,90.234337,1.7));
#9645 = VECTOR('',#9646,1.);
#9646 = DIRECTION('',(0.923926512664,-0.382569992546,0.));
#9647 = ORIENTED_EDGE('',*,*,#9648,.F.);
#9648 = EDGE_CURVE('',#2589,#9641,#9649,.T.);
#9649 = LINE('',#9650,#9651);
#9650 = CARTESIAN_POINT('',(16.657902,90.223136,0.));
#9651 = VECTOR('',#9652,1.);
#9652 = DIRECTION('',(0.,0.,1.));
#9653 = ORIENTED_EDGE('',*,*,#2586,.F.);
#9654 = PLANE('',#9655);
#9655 = AXIS2_PLACEMENT_3D('',#9656,#9657,#9658);
#9656 = CARTESIAN_POINT('',(16.630851,90.234337,0.));
#9657 = DIRECTION('',(0.382569992546,0.923926512664,0.));
#9658 = DIRECTION('',(0.923926512664,-0.382569992546,0.));
#9659 = ADVANCED_FACE('',(#9660),#9678,.F.);
#9660 = FACE_BOUND('',#9661,.F.);
#9661 = EDGE_LOOP('',(#9662,#9663,#9671,#9677));
#9662 = ORIENTED_EDGE('',*,*,#9648,.T.);
#9663 = ORIENTED_EDGE('',*,*,#9664,.T.);
#9664 = EDGE_CURVE('',#9641,#9665,#9667,.T.);
#9665 = VERTEX_POINT('',#9666);
#9666 = CARTESIAN_POINT('',(16.678577,90.20246,1.7));
#9667 = LINE('',#9668,#9669);
#9668 = CARTESIAN_POINT('',(16.657902,90.223136,1.7));
#9669 = VECTOR('',#9670,1.);
#9670 = DIRECTION('',(0.707089680867,-0.707123881093,0.));
#9671 = ORIENTED_EDGE('',*,*,#9672,.F.);
#9672 = EDGE_CURVE('',#2597,#9665,#9673,.T.);
#9673 = LINE('',#9674,#9675);
#9674 = CARTESIAN_POINT('',(16.678577,90.20246,0.));
#9675 = VECTOR('',#9676,1.);
#9676 = DIRECTION('',(0.,0.,1.));
#9677 = ORIENTED_EDGE('',*,*,#2596,.F.);
#9678 = PLANE('',#9679);
#9679 = AXIS2_PLACEMENT_3D('',#9680,#9681,#9682);
#9680 = CARTESIAN_POINT('',(16.657902,90.223136,0.));
#9681 = DIRECTION('',(0.707123881093,0.707089680867,0.));
#9682 = DIRECTION('',(0.707089680867,-0.707123881093,0.));
#9683 = ADVANCED_FACE('',(#9684),#9702,.F.);
#9684 = FACE_BOUND('',#9685,.F.);
#9685 = EDGE_LOOP('',(#9686,#9687,#9695,#9701));
#9686 = ORIENTED_EDGE('',*,*,#9672,.T.);
#9687 = ORIENTED_EDGE('',*,*,#9688,.T.);
#9688 = EDGE_CURVE('',#9665,#9689,#9691,.T.);
#9689 = VERTEX_POINT('',#9690);
#9690 = CARTESIAN_POINT('',(16.689779,90.175409,1.7));
#9691 = LINE('',#9692,#9693);
#9692 = CARTESIAN_POINT('',(16.678577,90.20246,1.7));
#9693 = VECTOR('',#9694,1.);
#9694 = DIRECTION('',(0.382599148043,-0.923914439717,0.));
#9695 = ORIENTED_EDGE('',*,*,#9696,.F.);
#9696 = EDGE_CURVE('',#2605,#9689,#9697,.T.);
#9697 = LINE('',#9698,#9699);
#9698 = CARTESIAN_POINT('',(16.689779,90.175409,0.));
#9699 = VECTOR('',#9700,1.);
#9700 = DIRECTION('',(0.,0.,1.));
#9701 = ORIENTED_EDGE('',*,*,#2604,.F.);
#9702 = PLANE('',#9703);
#9703 = AXIS2_PLACEMENT_3D('',#9704,#9705,#9706);
#9704 = CARTESIAN_POINT('',(16.678577,90.20246,0.));
#9705 = DIRECTION('',(0.923914439717,0.382599148043,0.));
#9706 = DIRECTION('',(0.382599148043,-0.923914439717,0.));
#9707 = ADVANCED_FACE('',(#9708),#9726,.F.);
#9708 = FACE_BOUND('',#9709,.F.);
#9709 = EDGE_LOOP('',(#9710,#9711,#9719,#9725));
#9710 = ORIENTED_EDGE('',*,*,#9696,.T.);
#9711 = ORIENTED_EDGE('',*,*,#9712,.T.);
#9712 = EDGE_CURVE('',#9689,#9713,#9715,.T.);
#9713 = VERTEX_POINT('',#9714);
#9714 = CARTESIAN_POINT('',(16.691226,90.160779,1.7));
#9715 = LINE('',#9716,#9717);
#9716 = CARTESIAN_POINT('',(16.689779,90.175409,1.7));
#9717 = VECTOR('',#9718,1.);
#9718 = DIRECTION('',(9.842610338384E-02,-0.995144362478,0.));
#9719 = ORIENTED_EDGE('',*,*,#9720,.F.);
#9720 = EDGE_CURVE('',#2613,#9713,#9721,.T.);
#9721 = LINE('',#9722,#9723);
#9722 = CARTESIAN_POINT('',(16.691226,90.160779,0.));
#9723 = VECTOR('',#9724,1.);
#9724 = DIRECTION('',(0.,0.,1.));
#9725 = ORIENTED_EDGE('',*,*,#2612,.F.);
#9726 = PLANE('',#9727);
#9727 = AXIS2_PLACEMENT_3D('',#9728,#9729,#9730);
#9728 = CARTESIAN_POINT('',(16.689779,90.175409,0.));
#9729 = DIRECTION('',(0.995144362478,9.842610338384E-02,0.));
#9730 = DIRECTION('',(9.842610338384E-02,-0.995144362478,0.));
#9731 = ADVANCED_FACE('',(#9732),#9750,.F.);
#9732 = FACE_BOUND('',#9733,.F.);
#9733 = EDGE_LOOP('',(#9734,#9735,#9743,#9749));
#9734 = ORIENTED_EDGE('',*,*,#9720,.T.);
#9735 = ORIENTED_EDGE('',*,*,#9736,.T.);
#9736 = EDGE_CURVE('',#9713,#9737,#9739,.T.);
#9737 = VERTEX_POINT('',#9738);
#9738 = CARTESIAN_POINT('',(16.691226,76.060782,1.7));
#9739 = LINE('',#9740,#9741);
#9740 = CARTESIAN_POINT('',(16.691226,90.160779,1.7));
#9741 = VECTOR('',#9742,1.);
#9742 = DIRECTION('',(0.,-1.,0.));
#9743 = ORIENTED_EDGE('',*,*,#9744,.F.);
#9744 = EDGE_CURVE('',#2621,#9737,#9745,.T.);
#9745 = LINE('',#9746,#9747);
#9746 = CARTESIAN_POINT('',(16.691226,76.060782,0.));
#9747 = VECTOR('',#9748,1.);
#9748 = DIRECTION('',(0.,0.,1.));
#9749 = ORIENTED_EDGE('',*,*,#2620,.F.);
#9750 = PLANE('',#9751);
#9751 = AXIS2_PLACEMENT_3D('',#9752,#9753,#9754);
#9752 = CARTESIAN_POINT('',(16.691226,90.160779,0.));
#9753 = DIRECTION('',(1.,0.,0.));
#9754 = DIRECTION('',(0.,-1.,0.));
#9755 = ADVANCED_FACE('',(#9756),#9774,.F.);
#9756 = FACE_BOUND('',#9757,.F.);
#9757 = EDGE_LOOP('',(#9758,#9759,#9767,#9773));
#9758 = ORIENTED_EDGE('',*,*,#9744,.T.);
#9759 = ORIENTED_EDGE('',*,*,#9760,.T.);
#9760 = EDGE_CURVE('',#9737,#9761,#9763,.T.);
#9761 = VERTEX_POINT('',#9762);
#9762 = CARTESIAN_POINT('',(16.689779,76.046151,1.7));
#9763 = LINE('',#9764,#9765);
#9764 = CARTESIAN_POINT('',(16.691226,76.060782,1.7));
#9765 = VECTOR('',#9766,1.);
#9766 = DIRECTION('',(-9.841944131843E-02,-0.995145021377,0.));
#9767 = ORIENTED_EDGE('',*,*,#9768,.F.);
#9768 = EDGE_CURVE('',#2629,#9761,#9769,.T.);
#9769 = LINE('',#9770,#9771);
#9770 = CARTESIAN_POINT('',(16.689779,76.046151,0.));
#9771 = VECTOR('',#9772,1.);
#9772 = DIRECTION('',(0.,0.,1.));
#9773 = ORIENTED_EDGE('',*,*,#2628,.F.);
#9774 = PLANE('',#9775);
#9775 = AXIS2_PLACEMENT_3D('',#9776,#9777,#9778);
#9776 = CARTESIAN_POINT('',(16.691226,76.060782,0.));
#9777 = DIRECTION('',(0.995145021377,-9.841944131843E-02,0.));
#9778 = DIRECTION('',(-9.841944131843E-02,-0.995145021377,0.));
#9779 = ADVANCED_FACE('',(#9780),#9798,.F.);
#9780 = FACE_BOUND('',#9781,.F.);
#9781 = EDGE_LOOP('',(#9782,#9783,#9791,#9797));
#9782 = ORIENTED_EDGE('',*,*,#9768,.T.);
#9783 = ORIENTED_EDGE('',*,*,#9784,.T.);
#9784 = EDGE_CURVE('',#9761,#9785,#9787,.T.);
#9785 = VERTEX_POINT('',#9786);
#9786 = CARTESIAN_POINT('',(16.678577,76.0191,1.7));
#9787 = LINE('',#9788,#9789);
#9788 = CARTESIAN_POINT('',(16.689779,76.046151,1.7));
#9789 = VECTOR('',#9790,1.);
#9790 = DIRECTION('',(-0.382599148043,-0.923914439717,0.));
#9791 = ORIENTED_EDGE('',*,*,#9792,.F.);
#9792 = EDGE_CURVE('',#2637,#9785,#9793,.T.);
#9793 = LINE('',#9794,#9795);
#9794 = CARTESIAN_POINT('',(16.678577,76.0191,0.));
#9795 = VECTOR('',#9796,1.);
#9796 = DIRECTION('',(0.,0.,1.));
#9797 = ORIENTED_EDGE('',*,*,#2636,.F.);
#9798 = PLANE('',#9799);
#9799 = AXIS2_PLACEMENT_3D('',#9800,#9801,#9802);
#9800 = CARTESIAN_POINT('',(16.689779,76.046151,0.));
#9801 = DIRECTION('',(0.923914439717,-0.382599148043,0.));
#9802 = DIRECTION('',(-0.382599148043,-0.923914439717,0.));
#9803 = ADVANCED_FACE('',(#9804),#9822,.F.);
#9804 = FACE_BOUND('',#9805,.F.);
#9805 = EDGE_LOOP('',(#9806,#9807,#9815,#9821));
#9806 = ORIENTED_EDGE('',*,*,#9792,.T.);
#9807 = ORIENTED_EDGE('',*,*,#9808,.T.);
#9808 = EDGE_CURVE('',#9785,#9809,#9811,.T.);
#9809 = VERTEX_POINT('',#9810);
#9810 = CARTESIAN_POINT('',(16.657902,75.998425,1.7));
#9811 = LINE('',#9812,#9813);
#9812 = CARTESIAN_POINT('',(16.678577,76.0191,1.7));
#9813 = VECTOR('',#9814,1.);
#9814 = DIRECTION('',(-0.707106781187,-0.707106781186,0.));
#9815 = ORIENTED_EDGE('',*,*,#9816,.F.);
#9816 = EDGE_CURVE('',#2645,#9809,#9817,.T.);
#9817 = LINE('',#9818,#9819);
#9818 = CARTESIAN_POINT('',(16.657902,75.998425,0.));
#9819 = VECTOR('',#9820,1.);
#9820 = DIRECTION('',(0.,0.,1.));
#9821 = ORIENTED_EDGE('',*,*,#2644,.F.);
#9822 = PLANE('',#9823);
#9823 = AXIS2_PLACEMENT_3D('',#9824,#9825,#9826);
#9824 = CARTESIAN_POINT('',(16.678577,76.0191,0.));
#9825 = DIRECTION('',(0.707106781186,-0.707106781187,0.));
#9826 = DIRECTION('',(-0.707106781187,-0.707106781186,0.));
#9827 = ADVANCED_FACE('',(#9828),#9846,.F.);
#9828 = FACE_BOUND('',#9829,.F.);
#9829 = EDGE_LOOP('',(#9830,#9831,#9839,#9845));
#9830 = ORIENTED_EDGE('',*,*,#9816,.T.);
#9831 = ORIENTED_EDGE('',*,*,#9832,.T.);
#9832 = EDGE_CURVE('',#9809,#9833,#9835,.T.);
#9833 = VERTEX_POINT('',#9834);
#9834 = CARTESIAN_POINT('',(16.630851,75.987223,1.7));
#9835 = LINE('',#9836,#9837);
#9836 = CARTESIAN_POINT('',(16.657902,75.998425,1.7));
#9837 = VECTOR('',#9838,1.);
#9838 = DIRECTION('',(-0.923914439717,-0.382599148043,0.));
#9839 = ORIENTED_EDGE('',*,*,#9840,.F.);
#9840 = EDGE_CURVE('',#2653,#9833,#9841,.T.);
#9841 = LINE('',#9842,#9843);
#9842 = CARTESIAN_POINT('',(16.630851,75.987223,0.));
#9843 = VECTOR('',#9844,1.);
#9844 = DIRECTION('',(0.,0.,1.));
#9845 = ORIENTED_EDGE('',*,*,#2652,.F.);
#9846 = PLANE('',#9847);
#9847 = AXIS2_PLACEMENT_3D('',#9848,#9849,#9850);
#9848 = CARTESIAN_POINT('',(16.657902,75.998425,0.));
#9849 = DIRECTION('',(0.382599148043,-0.923914439717,0.));
#9850 = DIRECTION('',(-0.923914439717,-0.382599148043,0.));
#9851 = ADVANCED_FACE('',(#9852),#9870,.F.);
#9852 = FACE_BOUND('',#9853,.F.);
#9853 = EDGE_LOOP('',(#9854,#9855,#9863,#9869));
#9854 = ORIENTED_EDGE('',*,*,#9840,.T.);
#9855 = ORIENTED_EDGE('',*,*,#9856,.T.);
#9856 = EDGE_CURVE('',#9833,#9857,#9859,.T.);
#9857 = VERTEX_POINT('',#9858);
#9858 = CARTESIAN_POINT('',(16.61622,75.985776,1.7));
#9859 = LINE('',#9860,#9861);
#9860 = CARTESIAN_POINT('',(16.630851,75.987223,1.7));
#9861 = VECTOR('',#9862,1.);
#9862 = DIRECTION('',(-0.995145021377,-9.841944131848E-02,0.));
#9863 = ORIENTED_EDGE('',*,*,#9864,.F.);
#9864 = EDGE_CURVE('',#2661,#9857,#9865,.T.);
#9865 = LINE('',#9866,#9867);
#9866 = CARTESIAN_POINT('',(16.61622,75.985776,0.));
#9867 = VECTOR('',#9868,1.);
#9868 = DIRECTION('',(0.,0.,1.));
#9869 = ORIENTED_EDGE('',*,*,#2660,.F.);
#9870 = PLANE('',#9871);
#9871 = AXIS2_PLACEMENT_3D('',#9872,#9873,#9874);
#9872 = CARTESIAN_POINT('',(16.630851,75.987223,0.));
#9873 = DIRECTION('',(9.841944131848E-02,-0.995145021377,0.));
#9874 = DIRECTION('',(-0.995145021377,-9.841944131848E-02,0.));
#9875 = ADVANCED_FACE('',(#9876),#9894,.F.);
#9876 = FACE_BOUND('',#9877,.F.);
#9877 = EDGE_LOOP('',(#9878,#9879,#9887,#9893));
#9878 = ORIENTED_EDGE('',*,*,#9864,.T.);
#9879 = ORIENTED_EDGE('',*,*,#9880,.T.);
#9880 = EDGE_CURVE('',#9857,#9881,#9883,.T.);
#9881 = VERTEX_POINT('',#9882);
#9882 = CARTESIAN_POINT('',(2.516223,75.985776,1.7));
#9883 = LINE('',#9884,#9885);
#9884 = CARTESIAN_POINT('',(16.61622,75.985776,1.7));
#9885 = VECTOR('',#9886,1.);
#9886 = DIRECTION('',(-1.,0.,0.));
#9887 = ORIENTED_EDGE('',*,*,#9888,.F.);
#9888 = EDGE_CURVE('',#2669,#9881,#9889,.T.);
#9889 = LINE('',#9890,#9891);
#9890 = CARTESIAN_POINT('',(2.516223,75.985776,0.));
#9891 = VECTOR('',#9892,1.);
#9892 = DIRECTION('',(0.,0.,1.));
#9893 = ORIENTED_EDGE('',*,*,#2668,.F.);
#9894 = PLANE('',#9895);
#9895 = AXIS2_PLACEMENT_3D('',#9896,#9897,#9898);
#9896 = CARTESIAN_POINT('',(16.61622,75.985776,0.));
#9897 = DIRECTION('',(0.,-1.,0.));
#9898 = DIRECTION('',(-1.,0.,0.));
#9899 = ADVANCED_FACE('',(#9900),#9918,.F.);
#9900 = FACE_BOUND('',#9901,.F.);
#9901 = EDGE_LOOP('',(#9902,#9903,#9911,#9917));
#9902 = ORIENTED_EDGE('',*,*,#9888,.T.);
#9903 = ORIENTED_EDGE('',*,*,#9904,.T.);
#9904 = EDGE_CURVE('',#9881,#9905,#9907,.T.);
#9905 = VERTEX_POINT('',#9906);
#9906 = CARTESIAN_POINT('',(2.501593,75.987223,1.7));
#9907 = LINE('',#9908,#9909);
#9908 = CARTESIAN_POINT('',(2.516223,75.985776,1.7));
#9909 = VECTOR('',#9910,1.);
#9910 = DIRECTION('',(-0.995144362478,9.842610338382E-02,0.));
#9911 = ORIENTED_EDGE('',*,*,#9912,.F.);
#9912 = EDGE_CURVE('',#2677,#9905,#9913,.T.);
#9913 = LINE('',#9914,#9915);
#9914 = CARTESIAN_POINT('',(2.501593,75.987223,0.));
#9915 = VECTOR('',#9916,1.);
#9916 = DIRECTION('',(0.,0.,1.));
#9917 = ORIENTED_EDGE('',*,*,#2676,.F.);
#9918 = PLANE('',#9919);
#9919 = AXIS2_PLACEMENT_3D('',#9920,#9921,#9922);
#9920 = CARTESIAN_POINT('',(2.516223,75.985776,0.));
#9921 = DIRECTION('',(-9.842610338382E-02,-0.995144362478,0.));
#9922 = DIRECTION('',(-0.995144362478,9.842610338382E-02,0.));
#9923 = ADVANCED_FACE('',(#9924),#9942,.F.);
#9924 = FACE_BOUND('',#9925,.F.);
#9925 = EDGE_LOOP('',(#9926,#9927,#9935,#9941));
#9926 = ORIENTED_EDGE('',*,*,#9912,.T.);
#9927 = ORIENTED_EDGE('',*,*,#9928,.T.);
#9928 = EDGE_CURVE('',#9905,#9929,#9931,.T.);
#9929 = VERTEX_POINT('',#9930);
#9930 = CARTESIAN_POINT('',(2.474542,75.998425,1.7));
#9931 = LINE('',#9932,#9933);
#9932 = CARTESIAN_POINT('',(2.501593,75.987223,1.7));
#9933 = VECTOR('',#9934,1.);
#9934 = DIRECTION('',(-0.923914439717,0.382599148043,0.));
#9935 = ORIENTED_EDGE('',*,*,#9936,.F.);
#9936 = EDGE_CURVE('',#2685,#9929,#9937,.T.);
#9937 = LINE('',#9938,#9939);
#9938 = CARTESIAN_POINT('',(2.474542,75.998425,0.));
#9939 = VECTOR('',#9940,1.);
#9940 = DIRECTION('',(0.,0.,1.));
#9941 = ORIENTED_EDGE('',*,*,#2684,.F.);
#9942 = PLANE('',#9943);
#9943 = AXIS2_PLACEMENT_3D('',#9944,#9945,#9946);
#9944 = CARTESIAN_POINT('',(2.501593,75.987223,0.));
#9945 = DIRECTION('',(-0.382599148043,-0.923914439717,0.));
#9946 = DIRECTION('',(-0.923914439717,0.382599148043,0.));
#9947 = ADVANCED_FACE('',(#9948),#9966,.F.);
#9948 = FACE_BOUND('',#9949,.F.);
#9949 = EDGE_LOOP('',(#9950,#9951,#9959,#9965));
#9950 = ORIENTED_EDGE('',*,*,#9936,.T.);
#9951 = ORIENTED_EDGE('',*,*,#9952,.T.);
#9952 = EDGE_CURVE('',#9929,#9953,#9955,.T.);
#9953 = VERTEX_POINT('',#9954);
#9954 = CARTESIAN_POINT('',(2.453866,76.0191,1.7));
#9955 = LINE('',#9956,#9957);
#9956 = CARTESIAN_POINT('',(2.474542,75.998425,1.7));
#9957 = VECTOR('',#9958,1.);
#9958 = DIRECTION('',(-0.707123881093,0.707089680867,0.));
#9959 = ORIENTED_EDGE('',*,*,#9960,.F.);
#9960 = EDGE_CURVE('',#2693,#9953,#9961,.T.);
#9961 = LINE('',#9962,#9963);
#9962 = CARTESIAN_POINT('',(2.453866,76.0191,0.));
#9963 = VECTOR('',#9964,1.);
#9964 = DIRECTION('',(0.,0.,1.));
#9965 = ORIENTED_EDGE('',*,*,#2692,.F.);
#9966 = PLANE('',#9967);
#9967 = AXIS2_PLACEMENT_3D('',#9968,#9969,#9970);
#9968 = CARTESIAN_POINT('',(2.474542,75.998425,0.));
#9969 = DIRECTION('',(-0.707089680867,-0.707123881093,0.));
#9970 = DIRECTION('',(-0.707123881093,0.707089680867,0.));
#9971 = ADVANCED_FACE('',(#9972),#9990,.F.);
#9972 = FACE_BOUND('',#9973,.F.);
#9973 = EDGE_LOOP('',(#9974,#9975,#9983,#9989));
#9974 = ORIENTED_EDGE('',*,*,#9960,.T.);
#9975 = ORIENTED_EDGE('',*,*,#9976,.T.);
#9976 = EDGE_CURVE('',#9953,#9977,#9979,.T.);
#9977 = VERTEX_POINT('',#9978);
#9978 = CARTESIAN_POINT('',(2.442665,76.046151,1.7));
#9979 = LINE('',#9980,#9981);
#9980 = CARTESIAN_POINT('',(2.453866,76.0191,1.7));
#9981 = VECTOR('',#9982,1.);
#9982 = DIRECTION('',(-0.382569992546,0.923926512664,0.));
#9983 = ORIENTED_EDGE('',*,*,#9984,.F.);
#9984 = EDGE_CURVE('',#2701,#9977,#9985,.T.);
#9985 = LINE('',#9986,#9987);
#9986 = CARTESIAN_POINT('',(2.442665,76.046151,0.));
#9987 = VECTOR('',#9988,1.);
#9988 = DIRECTION('',(0.,0.,1.));
#9989 = ORIENTED_EDGE('',*,*,#2700,.F.);
#9990 = PLANE('',#9991);
#9991 = AXIS2_PLACEMENT_3D('',#9992,#9993,#9994);
#9992 = CARTESIAN_POINT('',(2.453866,76.0191,0.));
#9993 = DIRECTION('',(-0.923926512664,-0.382569992546,0.));
#9994 = DIRECTION('',(-0.382569992546,0.923926512664,0.));
#9995 = ADVANCED_FACE('',(#9996),#10014,.F.);
#9996 = FACE_BOUND('',#9997,.F.);
#9997 = EDGE_LOOP('',(#9998,#9999,#10007,#10013));
#9998 = ORIENTED_EDGE('',*,*,#9984,.T.);
#9999 = ORIENTED_EDGE('',*,*,#10000,.T.);
#10000 = EDGE_CURVE('',#9977,#10001,#10003,.T.);
#10001 = VERTEX_POINT('',#10002);
#10002 = CARTESIAN_POINT('',(2.441217,76.060782,1.7));
#10003 = LINE('',#10004,#10005);
#10004 = CARTESIAN_POINT('',(2.442665,76.046151,1.7));
#10005 = VECTOR('',#10006,1.);
#10006 = DIRECTION('',(-9.848679801075E-02,0.995138357525,0.));
#10007 = ORIENTED_EDGE('',*,*,#10008,.F.);
#10008 = EDGE_CURVE('',#2709,#10001,#10009,.T.);
#10009 = LINE('',#10010,#10011);
#10010 = CARTESIAN_POINT('',(2.441217,76.060782,0.));
#10011 = VECTOR('',#10012,1.);
#10012 = DIRECTION('',(0.,0.,1.));
#10013 = ORIENTED_EDGE('',*,*,#2708,.F.);
#10014 = PLANE('',#10015);
#10015 = AXIS2_PLACEMENT_3D('',#10016,#10017,#10018);
#10016 = CARTESIAN_POINT('',(2.442665,76.046151,0.));
#10017 = DIRECTION('',(-0.995138357525,-9.848679801075E-02,0.));
#10018 = DIRECTION('',(-9.848679801075E-02,0.995138357525,0.));
#10019 = ADVANCED_FACE('',(#10020),#10038,.F.);
#10020 = FACE_BOUND('',#10021,.F.);
#10021 = EDGE_LOOP('',(#10022,#10023,#10031,#10037));
#10022 = ORIENTED_EDGE('',*,*,#10008,.T.);
#10023 = ORIENTED_EDGE('',*,*,#10024,.T.);
#10024 = EDGE_CURVE('',#10001,#10025,#10027,.T.);
#10025 = VERTEX_POINT('',#10026);
#10026 = CARTESIAN_POINT('',(2.441217,90.160779,1.7));
#10027 = LINE('',#10028,#10029);
#10028 = CARTESIAN_POINT('',(2.441217,76.060782,1.7));
#10029 = VECTOR('',#10030,1.);
#10030 = DIRECTION('',(0.,1.,0.));
#10031 = ORIENTED_EDGE('',*,*,#10032,.F.);
#10032 = EDGE_CURVE('',#2717,#10025,#10033,.T.);
#10033 = LINE('',#10034,#10035);
#10034 = CARTESIAN_POINT('',(2.441217,90.160779,0.));
#10035 = VECTOR('',#10036,1.);
#10036 = DIRECTION('',(0.,0.,1.));
#10037 = ORIENTED_EDGE('',*,*,#2716,.F.);
#10038 = PLANE('',#10039);
#10039 = AXIS2_PLACEMENT_3D('',#10040,#10041,#10042);
#10040 = CARTESIAN_POINT('',(2.441217,76.060782,0.));
#10041 = DIRECTION('',(-1.,0.,0.));
#10042 = DIRECTION('',(0.,1.,0.));
#10043 = ADVANCED_FACE('',(#10044),#10062,.F.);
#10044 = FACE_BOUND('',#10045,.F.);
#10045 = EDGE_LOOP('',(#10046,#10047,#10055,#10061));
#10046 = ORIENTED_EDGE('',*,*,#10032,.T.);
#10047 = ORIENTED_EDGE('',*,*,#10048,.T.);
#10048 = EDGE_CURVE('',#10025,#10049,#10051,.T.);
#10049 = VERTEX_POINT('',#10050);
#10050 = CARTESIAN_POINT('',(2.442665,90.175409,1.7));
#10051 = LINE('',#10052,#10053);
#10052 = CARTESIAN_POINT('',(2.441217,90.160779,1.7));
#10053 = VECTOR('',#10054,1.);
#10054 = DIRECTION('',(9.849346454628E-02,0.995137697729,0.));
#10055 = ORIENTED_EDGE('',*,*,#10056,.F.);
#10056 = EDGE_CURVE('',#2725,#10049,#10057,.T.);
#10057 = LINE('',#10058,#10059);
#10058 = CARTESIAN_POINT('',(2.442665,90.175409,0.));
#10059 = VECTOR('',#10060,1.);
#10060 = DIRECTION('',(0.,0.,1.));
#10061 = ORIENTED_EDGE('',*,*,#2724,.F.);
#10062 = PLANE('',#10063);
#10063 = AXIS2_PLACEMENT_3D('',#10064,#10065,#10066);
#10064 = CARTESIAN_POINT('',(2.441217,90.160779,0.));
#10065 = DIRECTION('',(-0.995137697729,9.849346454628E-02,0.));
#10066 = DIRECTION('',(9.849346454628E-02,0.995137697729,0.));
#10067 = ADVANCED_FACE('',(#10068),#10086,.F.);
#10068 = FACE_BOUND('',#10069,.F.);
#10069 = EDGE_LOOP('',(#10070,#10071,#10079,#10085));
#10070 = ORIENTED_EDGE('',*,*,#10056,.T.);
#10071 = ORIENTED_EDGE('',*,*,#10072,.T.);
#10072 = EDGE_CURVE('',#10049,#10073,#10075,.T.);
#10073 = VERTEX_POINT('',#10074);
#10074 = CARTESIAN_POINT('',(2.453866,90.20246,1.7));
#10075 = LINE('',#10076,#10077);
#10076 = CARTESIAN_POINT('',(2.442665,90.175409,1.7));
#10077 = VECTOR('',#10078,1.);
#10078 = DIRECTION('',(0.382569992546,0.923926512664,0.));
#10079 = ORIENTED_EDGE('',*,*,#10080,.F.);
#10080 = EDGE_CURVE('',#2733,#10073,#10081,.T.);
#10081 = LINE('',#10082,#10083);
#10082 = CARTESIAN_POINT('',(2.453866,90.20246,0.));
#10083 = VECTOR('',#10084,1.);
#10084 = DIRECTION('',(0.,0.,1.));
#10085 = ORIENTED_EDGE('',*,*,#2732,.F.);
#10086 = PLANE('',#10087);
#10087 = AXIS2_PLACEMENT_3D('',#10088,#10089,#10090);
#10088 = CARTESIAN_POINT('',(2.442665,90.175409,0.));
#10089 = DIRECTION('',(-0.923926512664,0.382569992546,0.));
#10090 = DIRECTION('',(0.382569992546,0.923926512664,0.));
#10091 = ADVANCED_FACE('',(#10092),#10110,.F.);
#10092 = FACE_BOUND('',#10093,.F.);
#10093 = EDGE_LOOP('',(#10094,#10095,#10103,#10109));
#10094 = ORIENTED_EDGE('',*,*,#10080,.T.);
#10095 = ORIENTED_EDGE('',*,*,#10096,.T.);
#10096 = EDGE_CURVE('',#10073,#10097,#10099,.T.);
#10097 = VERTEX_POINT('',#10098);
#10098 = CARTESIAN_POINT('',(2.474542,90.223136,1.7));
#10099 = LINE('',#10100,#10101);
#10100 = CARTESIAN_POINT('',(2.453866,90.20246,1.7));
#10101 = VECTOR('',#10102,1.);
#10102 = DIRECTION('',(0.707106781187,0.707106781186,0.));
#10103 = ORIENTED_EDGE('',*,*,#10104,.F.);
#10104 = EDGE_CURVE('',#2741,#10097,#10105,.T.);
#10105 = LINE('',#10106,#10107);
#10106 = CARTESIAN_POINT('',(2.474542,90.223136,0.));
#10107 = VECTOR('',#10108,1.);
#10108 = DIRECTION('',(0.,0.,1.));
#10109 = ORIENTED_EDGE('',*,*,#2740,.F.);
#10110 = PLANE('',#10111);
#10111 = AXIS2_PLACEMENT_3D('',#10112,#10113,#10114);
#10112 = CARTESIAN_POINT('',(2.453866,90.20246,0.));
#10113 = DIRECTION('',(-0.707106781186,0.707106781187,0.));
#10114 = DIRECTION('',(0.707106781187,0.707106781186,0.));
#10115 = ADVANCED_FACE('',(#10116),#10134,.F.);
#10116 = FACE_BOUND('',#10117,.F.);
#10117 = EDGE_LOOP('',(#10118,#10119,#10127,#10133));
#10118 = ORIENTED_EDGE('',*,*,#10104,.T.);
#10119 = ORIENTED_EDGE('',*,*,#10120,.T.);
#10120 = EDGE_CURVE('',#10097,#10121,#10123,.T.);
#10121 = VERTEX_POINT('',#10122);
#10122 = CARTESIAN_POINT('',(2.501593,90.234337,1.7));
#10123 = LINE('',#10124,#10125);
#10124 = CARTESIAN_POINT('',(2.474542,90.223136,1.7));
#10125 = VECTOR('',#10126,1.);
#10126 = DIRECTION('',(0.923926512664,0.382569992546,0.));
#10127 = ORIENTED_EDGE('',*,*,#10128,.F.);
#10128 = EDGE_CURVE('',#2749,#10121,#10129,.T.);
#10129 = LINE('',#10130,#10131);
#10130 = CARTESIAN_POINT('',(2.501593,90.234337,0.));
#10131 = VECTOR('',#10132,1.);
#10132 = DIRECTION('',(0.,0.,1.));
#10133 = ORIENTED_EDGE('',*,*,#2748,.F.);
#10134 = PLANE('',#10135);
#10135 = AXIS2_PLACEMENT_3D('',#10136,#10137,#10138);
#10136 = CARTESIAN_POINT('',(2.474542,90.223136,0.));
#10137 = DIRECTION('',(-0.382569992546,0.923926512664,0.));
#10138 = DIRECTION('',(0.923926512664,0.382569992546,0.));
#10139 = ADVANCED_FACE('',(#10140),#10158,.F.);
#10140 = FACE_BOUND('',#10141,.F.);
#10141 = EDGE_LOOP('',(#10142,#10143,#10151,#10157));
#10142 = ORIENTED_EDGE('',*,*,#10128,.T.);
#10143 = ORIENTED_EDGE('',*,*,#10144,.T.);
#10144 = EDGE_CURVE('',#10121,#10145,#10147,.T.);
#10145 = VERTEX_POINT('',#10146);
#10146 = CARTESIAN_POINT('',(2.516223,90.235785,1.7));
#10147 = LINE('',#10148,#10149);
#10148 = CARTESIAN_POINT('',(2.501593,90.234337,1.7));
#10149 = VECTOR('',#10150,1.);
#10150 = DIRECTION('',(0.995137697729,9.849346454697E-02,0.));
#10151 = ORIENTED_EDGE('',*,*,#10152,.F.);
#10152 = EDGE_CURVE('',#2757,#10145,#10153,.T.);
#10153 = LINE('',#10154,#10155);
#10154 = CARTESIAN_POINT('',(2.516223,90.235785,0.));
#10155 = VECTOR('',#10156,1.);
#10156 = DIRECTION('',(0.,0.,1.));
#10157 = ORIENTED_EDGE('',*,*,#2756,.F.);
#10158 = PLANE('',#10159);
#10159 = AXIS2_PLACEMENT_3D('',#10160,#10161,#10162);
#10160 = CARTESIAN_POINT('',(2.501593,90.234337,0.));
#10161 = DIRECTION('',(-9.849346454697E-02,0.995137697729,0.));
#10162 = DIRECTION('',(0.995137697729,9.849346454697E-02,0.));
#10163 = ADVANCED_FACE('',(#10164),#10182,.F.);
#10164 = FACE_BOUND('',#10165,.F.);
#10165 = EDGE_LOOP('',(#10166,#10167,#10175,#10181));
#10166 = ORIENTED_EDGE('',*,*,#10152,.T.);
#10167 = ORIENTED_EDGE('',*,*,#10168,.T.);
#10168 = EDGE_CURVE('',#10145,#10169,#10171,.T.);
#10169 = VERTEX_POINT('',#10170);
#10170 = CARTESIAN_POINT('',(16.61622,90.235785,1.7));
#10171 = LINE('',#10172,#10173);
#10172 = CARTESIAN_POINT('',(2.516223,90.235785,1.7));
#10173 = VECTOR('',#10174,1.);
#10174 = DIRECTION('',(1.,0.,0.));
#10175 = ORIENTED_EDGE('',*,*,#10176,.F.);
#10176 = EDGE_CURVE('',#2765,#10169,#10177,.T.);
#10177 = LINE('',#10178,#10179);
#10178 = CARTESIAN_POINT('',(16.61622,90.235785,0.));
#10179 = VECTOR('',#10180,1.);
#10180 = DIRECTION('',(0.,0.,1.));
#10181 = ORIENTED_EDGE('',*,*,#2764,.F.);
#10182 = PLANE('',#10183);
#10183 = AXIS2_PLACEMENT_3D('',#10184,#10185,#10186);
#10184 = CARTESIAN_POINT('',(2.516223,90.235785,0.));
#10185 = DIRECTION('',(0.,1.,0.));
#10186 = DIRECTION('',(1.,0.,0.));
#10187 = ADVANCED_FACE('',(#10188),#10199,.F.);
#10188 = FACE_BOUND('',#10189,.F.);
#10189 = EDGE_LOOP('',(#10190,#10191,#10197,#10198));
#10190 = ORIENTED_EDGE('',*,*,#10176,.T.);
#10191 = ORIENTED_EDGE('',*,*,#10192,.T.);
#10192 = EDGE_CURVE('',#10169,#9633,#10193,.T.);
#10193 = LINE('',#10194,#10195);
#10194 = CARTESIAN_POINT('',(16.61622,90.235785,1.7));
#10195 = VECTOR('',#10196,1.);
#10196 = DIRECTION('',(0.995138357525,-9.848679801152E-02,0.));
#10197 = ORIENTED_EDGE('',*,*,#9632,.F.);
#10198 = ORIENTED_EDGE('',*,*,#2772,.F.);
#10199 = PLANE('',#10200);
#10200 = AXIS2_PLACEMENT_3D('',#10201,#10202,#10203);
#10201 = CARTESIAN_POINT('',(16.61622,90.235785,0.));
#10202 = DIRECTION('',(9.848679801152E-02,0.995138357525,0.));
#10203 = DIRECTION('',(0.995138357525,-9.848679801152E-02,0.));
#10204 = ADVANCED_FACE('',(#10205),#10230,.F.);
#10205 = FACE_BOUND('',#10206,.F.);
#10206 = EDGE_LOOP('',(#10207,#10215,#10223,#10229));
#10207 = ORIENTED_EDGE('',*,*,#10208,.T.);
#10208 = EDGE_CURVE('',#2781,#10209,#10211,.T.);
#10209 = VERTEX_POINT('',#10210);
#10210 = CARTESIAN_POINT('',(54.730851,90.234337,1.7));
#10211 = LINE('',#10212,#10213);
#10212 = CARTESIAN_POINT('',(54.730851,90.234337,0.));
#10213 = VECTOR('',#10214,1.);
#10214 = DIRECTION('',(0.,0.,1.));
#10215 = ORIENTED_EDGE('',*,*,#10216,.T.);
#10216 = EDGE_CURVE('',#10209,#10217,#10219,.T.);
#10217 = VERTEX_POINT('',#10218);
#10218 = CARTESIAN_POINT('',(54.757902,90.223136,1.7));
#10219 = LINE('',#10220,#10221);
#10220 = CARTESIAN_POINT('',(54.730851,90.234337,1.7));
#10221 = VECTOR('',#10222,1.);
#10222 = DIRECTION('',(0.923926512664,-0.382569992546,0.));
#10223 = ORIENTED_EDGE('',*,*,#10224,.F.);
#10224 = EDGE_CURVE('',#2783,#10217,#10225,.T.);
#10225 = LINE('',#10226,#10227);
#10226 = CARTESIAN_POINT('',(54.757902,90.223136,0.));
#10227 = VECTOR('',#10228,1.);
#10228 = DIRECTION('',(0.,0.,1.));
#10229 = ORIENTED_EDGE('',*,*,#2780,.F.);
#10230 = PLANE('',#10231);
#10231 = AXIS2_PLACEMENT_3D('',#10232,#10233,#10234);
#10232 = CARTESIAN_POINT('',(54.730851,90.234337,0.));
#10233 = DIRECTION('',(0.382569992546,0.923926512664,0.));
#10234 = DIRECTION('',(0.923926512664,-0.382569992546,0.));
#10235 = ADVANCED_FACE('',(#10236),#10254,.F.);
#10236 = FACE_BOUND('',#10237,.F.);
#10237 = EDGE_LOOP('',(#10238,#10239,#10247,#10253));
#10238 = ORIENTED_EDGE('',*,*,#10224,.T.);
#10239 = ORIENTED_EDGE('',*,*,#10240,.T.);
#10240 = EDGE_CURVE('',#10217,#10241,#10243,.T.);
#10241 = VERTEX_POINT('',#10242);
#10242 = CARTESIAN_POINT('',(54.778577,90.20246,1.7));
#10243 = LINE('',#10244,#10245);
#10244 = CARTESIAN_POINT('',(54.757902,90.223136,1.7));
#10245 = VECTOR('',#10246,1.);
#10246 = DIRECTION('',(0.707089680867,-0.707123881093,0.));
#10247 = ORIENTED_EDGE('',*,*,#10248,.F.);
#10248 = EDGE_CURVE('',#2791,#10241,#10249,.T.);
#10249 = LINE('',#10250,#10251);
#10250 = CARTESIAN_POINT('',(54.778577,90.20246,0.));
#10251 = VECTOR('',#10252,1.);
#10252 = DIRECTION('',(0.,0.,1.));
#10253 = ORIENTED_EDGE('',*,*,#2790,.F.);
#10254 = PLANE('',#10255);
#10255 = AXIS2_PLACEMENT_3D('',#10256,#10257,#10258);
#10256 = CARTESIAN_POINT('',(54.757902,90.223136,0.));
#10257 = DIRECTION('',(0.707123881093,0.707089680867,0.));
#10258 = DIRECTION('',(0.707089680867,-0.707123881093,0.));
#10259 = ADVANCED_FACE('',(#10260),#10278,.F.);
#10260 = FACE_BOUND('',#10261,.F.);
#10261 = EDGE_LOOP('',(#10262,#10263,#10271,#10277));
#10262 = ORIENTED_EDGE('',*,*,#10248,.T.);
#10263 = ORIENTED_EDGE('',*,*,#10264,.T.);
#10264 = EDGE_CURVE('',#10241,#10265,#10267,.T.);
#10265 = VERTEX_POINT('',#10266);
#10266 = CARTESIAN_POINT('',(54.789779,90.175409,1.7));
#10267 = LINE('',#10268,#10269);
#10268 = CARTESIAN_POINT('',(54.778577,90.20246,1.7));
#10269 = VECTOR('',#10270,1.);
#10270 = DIRECTION('',(0.382599148043,-0.923914439717,0.));
#10271 = ORIENTED_EDGE('',*,*,#10272,.F.);
#10272 = EDGE_CURVE('',#2799,#10265,#10273,.T.);
#10273 = LINE('',#10274,#10275);
#10274 = CARTESIAN_POINT('',(54.789779,90.175409,0.));
#10275 = VECTOR('',#10276,1.);
#10276 = DIRECTION('',(0.,0.,1.));
#10277 = ORIENTED_EDGE('',*,*,#2798,.F.);
#10278 = PLANE('',#10279);
#10279 = AXIS2_PLACEMENT_3D('',#10280,#10281,#10282);
#10280 = CARTESIAN_POINT('',(54.778577,90.20246,0.));
#10281 = DIRECTION('',(0.923914439717,0.382599148043,0.));
#10282 = DIRECTION('',(0.382599148043,-0.923914439717,0.));
#10283 = ADVANCED_FACE('',(#10284),#10302,.F.);
#10284 = FACE_BOUND('',#10285,.F.);
#10285 = EDGE_LOOP('',(#10286,#10287,#10295,#10301));
#10286 = ORIENTED_EDGE('',*,*,#10272,.T.);
#10287 = ORIENTED_EDGE('',*,*,#10288,.T.);
#10288 = EDGE_CURVE('',#10265,#10289,#10291,.T.);
#10289 = VERTEX_POINT('',#10290);
#10290 = CARTESIAN_POINT('',(54.791226,90.160779,1.7));
#10291 = LINE('',#10292,#10293);
#10292 = CARTESIAN_POINT('',(54.789779,90.175409,1.7));
#10293 = VECTOR('',#10294,1.);
#10294 = DIRECTION('',(9.842610338384E-02,-0.995144362478,0.));
#10295 = ORIENTED_EDGE('',*,*,#10296,.F.);
#10296 = EDGE_CURVE('',#2807,#10289,#10297,.T.);
#10297 = LINE('',#10298,#10299);
#10298 = CARTESIAN_POINT('',(54.791226,90.160779,0.));
#10299 = VECTOR('',#10300,1.);
#10300 = DIRECTION('',(0.,0.,1.));
#10301 = ORIENTED_EDGE('',*,*,#2806,.F.);
#10302 = PLANE('',#10303);
#10303 = AXIS2_PLACEMENT_3D('',#10304,#10305,#10306);
#10304 = CARTESIAN_POINT('',(54.789779,90.175409,0.));
#10305 = DIRECTION('',(0.995144362478,9.842610338384E-02,0.));
#10306 = DIRECTION('',(9.842610338384E-02,-0.995144362478,0.));
#10307 = ADVANCED_FACE('',(#10308),#10326,.F.);
#10308 = FACE_BOUND('',#10309,.F.);
#10309 = EDGE_LOOP('',(#10310,#10311,#10319,#10325));
#10310 = ORIENTED_EDGE('',*,*,#10296,.T.);
#10311 = ORIENTED_EDGE('',*,*,#10312,.T.);
#10312 = EDGE_CURVE('',#10289,#10313,#10315,.T.);
#10313 = VERTEX_POINT('',#10314);
#10314 = CARTESIAN_POINT('',(54.791226,76.060782,1.7));
#10315 = LINE('',#10316,#10317);
#10316 = CARTESIAN_POINT('',(54.791226,90.160779,1.7));
#10317 = VECTOR('',#10318,1.);
#10318 = DIRECTION('',(0.,-1.,0.));
#10319 = ORIENTED_EDGE('',*,*,#10320,.F.);
#10320 = EDGE_CURVE('',#2815,#10313,#10321,.T.);
#10321 = LINE('',#10322,#10323);
#10322 = CARTESIAN_POINT('',(54.791226,76.060782,0.));
#10323 = VECTOR('',#10324,1.);
#10324 = DIRECTION('',(0.,0.,1.));
#10325 = ORIENTED_EDGE('',*,*,#2814,.F.);
#10326 = PLANE('',#10327);
#10327 = AXIS2_PLACEMENT_3D('',#10328,#10329,#10330);
#10328 = CARTESIAN_POINT('',(54.791226,90.160779,0.));
#10329 = DIRECTION('',(1.,0.,0.));
#10330 = DIRECTION('',(0.,-1.,0.));
#10331 = ADVANCED_FACE('',(#10332),#10350,.F.);
#10332 = FACE_BOUND('',#10333,.F.);
#10333 = EDGE_LOOP('',(#10334,#10335,#10343,#10349));
#10334 = ORIENTED_EDGE('',*,*,#10320,.T.);
#10335 = ORIENTED_EDGE('',*,*,#10336,.T.);
#10336 = EDGE_CURVE('',#10313,#10337,#10339,.T.);
#10337 = VERTEX_POINT('',#10338);
#10338 = CARTESIAN_POINT('',(54.789779,76.046151,1.7));
#10339 = LINE('',#10340,#10341);
#10340 = CARTESIAN_POINT('',(54.791226,76.060782,1.7));
#10341 = VECTOR('',#10342,1.);
#10342 = DIRECTION('',(-9.841944131843E-02,-0.995145021377,0.));
#10343 = ORIENTED_EDGE('',*,*,#10344,.F.);
#10344 = EDGE_CURVE('',#2823,#10337,#10345,.T.);
#10345 = LINE('',#10346,#10347);
#10346 = CARTESIAN_POINT('',(54.789779,76.046151,0.));
#10347 = VECTOR('',#10348,1.);
#10348 = DIRECTION('',(0.,0.,1.));
#10349 = ORIENTED_EDGE('',*,*,#2822,.F.);
#10350 = PLANE('',#10351);
#10351 = AXIS2_PLACEMENT_3D('',#10352,#10353,#10354);
#10352 = CARTESIAN_POINT('',(54.791226,76.060782,0.));
#10353 = DIRECTION('',(0.995145021377,-9.841944131843E-02,0.));
#10354 = DIRECTION('',(-9.841944131843E-02,-0.995145021377,0.));
#10355 = ADVANCED_FACE('',(#10356),#10374,.F.);
#10356 = FACE_BOUND('',#10357,.F.);
#10357 = EDGE_LOOP('',(#10358,#10359,#10367,#10373));
#10358 = ORIENTED_EDGE('',*,*,#10344,.T.);
#10359 = ORIENTED_EDGE('',*,*,#10360,.T.);
#10360 = EDGE_CURVE('',#10337,#10361,#10363,.T.);
#10361 = VERTEX_POINT('',#10362);
#10362 = CARTESIAN_POINT('',(54.778577,76.0191,1.7));
#10363 = LINE('',#10364,#10365);
#10364 = CARTESIAN_POINT('',(54.789779,76.046151,1.7));
#10365 = VECTOR('',#10366,1.);
#10366 = DIRECTION('',(-0.382599148043,-0.923914439717,0.));
#10367 = ORIENTED_EDGE('',*,*,#10368,.F.);
#10368 = EDGE_CURVE('',#2831,#10361,#10369,.T.);
#10369 = LINE('',#10370,#10371);
#10370 = CARTESIAN_POINT('',(54.778577,76.0191,0.));
#10371 = VECTOR('',#10372,1.);
#10372 = DIRECTION('',(0.,0.,1.));
#10373 = ORIENTED_EDGE('',*,*,#2830,.F.);
#10374 = PLANE('',#10375);
#10375 = AXIS2_PLACEMENT_3D('',#10376,#10377,#10378);
#10376 = CARTESIAN_POINT('',(54.789779,76.046151,0.));
#10377 = DIRECTION('',(0.923914439717,-0.382599148043,0.));
#10378 = DIRECTION('',(-0.382599148043,-0.923914439717,0.));
#10379 = ADVANCED_FACE('',(#10380),#10398,.F.);
#10380 = FACE_BOUND('',#10381,.F.);
#10381 = EDGE_LOOP('',(#10382,#10383,#10391,#10397));
#10382 = ORIENTED_EDGE('',*,*,#10368,.T.);
#10383 = ORIENTED_EDGE('',*,*,#10384,.T.);
#10384 = EDGE_CURVE('',#10361,#10385,#10387,.T.);
#10385 = VERTEX_POINT('',#10386);
#10386 = CARTESIAN_POINT('',(54.757902,75.998425,1.7));
#10387 = LINE('',#10388,#10389);
#10388 = CARTESIAN_POINT('',(54.778577,76.0191,1.7));
#10389 = VECTOR('',#10390,1.);
#10390 = DIRECTION('',(-0.707106781187,-0.707106781187,0.));
#10391 = ORIENTED_EDGE('',*,*,#10392,.F.);
#10392 = EDGE_CURVE('',#2839,#10385,#10393,.T.);
#10393 = LINE('',#10394,#10395);
#10394 = CARTESIAN_POINT('',(54.757902,75.998425,0.));
#10395 = VECTOR('',#10396,1.);
#10396 = DIRECTION('',(0.,0.,1.));
#10397 = ORIENTED_EDGE('',*,*,#2838,.F.);
#10398 = PLANE('',#10399);
#10399 = AXIS2_PLACEMENT_3D('',#10400,#10401,#10402);
#10400 = CARTESIAN_POINT('',(54.778577,76.0191,0.));
#10401 = DIRECTION('',(0.707106781187,-0.707106781187,0.));
#10402 = DIRECTION('',(-0.707106781187,-0.707106781187,0.));
#10403 = ADVANCED_FACE('',(#10404),#10422,.F.);
#10404 = FACE_BOUND('',#10405,.F.);
#10405 = EDGE_LOOP('',(#10406,#10407,#10415,#10421));
#10406 = ORIENTED_EDGE('',*,*,#10392,.T.);
#10407 = ORIENTED_EDGE('',*,*,#10408,.T.);
#10408 = EDGE_CURVE('',#10385,#10409,#10411,.T.);
#10409 = VERTEX_POINT('',#10410);
#10410 = CARTESIAN_POINT('',(54.730851,75.987223,1.7));
#10411 = LINE('',#10412,#10413);
#10412 = CARTESIAN_POINT('',(54.757902,75.998425,1.7));
#10413 = VECTOR('',#10414,1.);
#10414 = DIRECTION('',(-0.923914439717,-0.382599148043,0.));
#10415 = ORIENTED_EDGE('',*,*,#10416,.F.);
#10416 = EDGE_CURVE('',#2847,#10409,#10417,.T.);
#10417 = LINE('',#10418,#10419);
#10418 = CARTESIAN_POINT('',(54.730851,75.987223,0.));
#10419 = VECTOR('',#10420,1.);
#10420 = DIRECTION('',(0.,0.,1.));
#10421 = ORIENTED_EDGE('',*,*,#2846,.F.);
#10422 = PLANE('',#10423);
#10423 = AXIS2_PLACEMENT_3D('',#10424,#10425,#10426);
#10424 = CARTESIAN_POINT('',(54.757902,75.998425,0.));
#10425 = DIRECTION('',(0.382599148043,-0.923914439717,0.));
#10426 = DIRECTION('',(-0.923914439717,-0.382599148043,0.));
#10427 = ADVANCED_FACE('',(#10428),#10446,.F.);
#10428 = FACE_BOUND('',#10429,.F.);
#10429 = EDGE_LOOP('',(#10430,#10431,#10439,#10445));
#10430 = ORIENTED_EDGE('',*,*,#10416,.T.);
#10431 = ORIENTED_EDGE('',*,*,#10432,.T.);
#10432 = EDGE_CURVE('',#10409,#10433,#10435,.T.);
#10433 = VERTEX_POINT('',#10434);
#10434 = CARTESIAN_POINT('',(54.71622,75.985776,1.7));
#10435 = LINE('',#10436,#10437);
#10436 = CARTESIAN_POINT('',(54.730851,75.987223,1.7));
#10437 = VECTOR('',#10438,1.);
#10438 = DIRECTION('',(-0.995145021377,-9.841944131848E-02,0.));
#10439 = ORIENTED_EDGE('',*,*,#10440,.F.);
#10440 = EDGE_CURVE('',#2855,#10433,#10441,.T.);
#10441 = LINE('',#10442,#10443);
#10442 = CARTESIAN_POINT('',(54.71622,75.985776,0.));
#10443 = VECTOR('',#10444,1.);
#10444 = DIRECTION('',(0.,0.,1.));
#10445 = ORIENTED_EDGE('',*,*,#2854,.F.);
#10446 = PLANE('',#10447);
#10447 = AXIS2_PLACEMENT_3D('',#10448,#10449,#10450);
#10448 = CARTESIAN_POINT('',(54.730851,75.987223,0.));
#10449 = DIRECTION('',(9.841944131848E-02,-0.995145021377,0.));
#10450 = DIRECTION('',(-0.995145021377,-9.841944131848E-02,0.));
#10451 = ADVANCED_FACE('',(#10452),#10470,.F.);
#10452 = FACE_BOUND('',#10453,.F.);
#10453 = EDGE_LOOP('',(#10454,#10455,#10463,#10469));
#10454 = ORIENTED_EDGE('',*,*,#10440,.T.);
#10455 = ORIENTED_EDGE('',*,*,#10456,.T.);
#10456 = EDGE_CURVE('',#10433,#10457,#10459,.T.);
#10457 = VERTEX_POINT('',#10458);
#10458 = CARTESIAN_POINT('',(40.616223,75.985776,1.7));
#10459 = LINE('',#10460,#10461);
#10460 = CARTESIAN_POINT('',(54.71622,75.985776,1.7));
#10461 = VECTOR('',#10462,1.);
#10462 = DIRECTION('',(-1.,0.,0.));
#10463 = ORIENTED_EDGE('',*,*,#10464,.F.);
#10464 = EDGE_CURVE('',#2863,#10457,#10465,.T.);
#10465 = LINE('',#10466,#10467);
#10466 = CARTESIAN_POINT('',(40.616223,75.985776,0.));
#10467 = VECTOR('',#10468,1.);
#10468 = DIRECTION('',(0.,0.,1.));
#10469 = ORIENTED_EDGE('',*,*,#2862,.F.);
#10470 = PLANE('',#10471);
#10471 = AXIS2_PLACEMENT_3D('',#10472,#10473,#10474);
#10472 = CARTESIAN_POINT('',(54.71622,75.985776,0.));
#10473 = DIRECTION('',(0.,-1.,0.));
#10474 = DIRECTION('',(-1.,0.,0.));
#10475 = ADVANCED_FACE('',(#10476),#10494,.F.);
#10476 = FACE_BOUND('',#10477,.F.);
#10477 = EDGE_LOOP('',(#10478,#10479,#10487,#10493));
#10478 = ORIENTED_EDGE('',*,*,#10464,.T.);
#10479 = ORIENTED_EDGE('',*,*,#10480,.T.);
#10480 = EDGE_CURVE('',#10457,#10481,#10483,.T.);
#10481 = VERTEX_POINT('',#10482);
#10482 = CARTESIAN_POINT('',(40.601593,75.987223,1.7));
#10483 = LINE('',#10484,#10485);
#10484 = CARTESIAN_POINT('',(40.616223,75.985776,1.7));
#10485 = VECTOR('',#10486,1.);
#10486 = DIRECTION('',(-0.995144362478,9.842610338384E-02,0.));
#10487 = ORIENTED_EDGE('',*,*,#10488,.F.);
#10488 = EDGE_CURVE('',#2871,#10481,#10489,.T.);
#10489 = LINE('',#10490,#10491);
#10490 = CARTESIAN_POINT('',(40.601593,75.987223,0.));
#10491 = VECTOR('',#10492,1.);
#10492 = DIRECTION('',(0.,0.,1.));
#10493 = ORIENTED_EDGE('',*,*,#2870,.F.);
#10494 = PLANE('',#10495);
#10495 = AXIS2_PLACEMENT_3D('',#10496,#10497,#10498);
#10496 = CARTESIAN_POINT('',(40.616223,75.985776,0.));
#10497 = DIRECTION('',(-9.842610338384E-02,-0.995144362478,0.));
#10498 = DIRECTION('',(-0.995144362478,9.842610338384E-02,0.));
#10499 = ADVANCED_FACE('',(#10500),#10518,.F.);
#10500 = FACE_BOUND('',#10501,.F.);
#10501 = EDGE_LOOP('',(#10502,#10503,#10511,#10517));
#10502 = ORIENTED_EDGE('',*,*,#10488,.T.);
#10503 = ORIENTED_EDGE('',*,*,#10504,.T.);
#10504 = EDGE_CURVE('',#10481,#10505,#10507,.T.);
#10505 = VERTEX_POINT('',#10506);
#10506 = CARTESIAN_POINT('',(40.574542,75.998425,1.7));
#10507 = LINE('',#10508,#10509);
#10508 = CARTESIAN_POINT('',(40.601593,75.987223,1.7));
#10509 = VECTOR('',#10510,1.);
#10510 = DIRECTION('',(-0.923914439717,0.382599148043,0.));
#10511 = ORIENTED_EDGE('',*,*,#10512,.F.);
#10512 = EDGE_CURVE('',#2879,#10505,#10513,.T.);
#10513 = LINE('',#10514,#10515);
#10514 = CARTESIAN_POINT('',(40.574542,75.998425,0.));
#10515 = VECTOR('',#10516,1.);
#10516 = DIRECTION('',(0.,0.,1.));
#10517 = ORIENTED_EDGE('',*,*,#2878,.F.);
#10518 = PLANE('',#10519);
#10519 = AXIS2_PLACEMENT_3D('',#10520,#10521,#10522);
#10520 = CARTESIAN_POINT('',(40.601593,75.987223,0.));
#10521 = DIRECTION('',(-0.382599148043,-0.923914439717,0.));
#10522 = DIRECTION('',(-0.923914439717,0.382599148043,0.));
#10523 = ADVANCED_FACE('',(#10524),#10542,.F.);
#10524 = FACE_BOUND('',#10525,.F.);
#10525 = EDGE_LOOP('',(#10526,#10527,#10535,#10541));
#10526 = ORIENTED_EDGE('',*,*,#10512,.T.);
#10527 = ORIENTED_EDGE('',*,*,#10528,.T.);
#10528 = EDGE_CURVE('',#10505,#10529,#10531,.T.);
#10529 = VERTEX_POINT('',#10530);
#10530 = CARTESIAN_POINT('',(40.553866,76.0191,1.7));
#10531 = LINE('',#10532,#10533);
#10532 = CARTESIAN_POINT('',(40.574542,75.998425,1.7));
#10533 = VECTOR('',#10534,1.);
#10534 = DIRECTION('',(-0.707123881093,0.707089680867,0.));
#10535 = ORIENTED_EDGE('',*,*,#10536,.F.);
#10536 = EDGE_CURVE('',#2887,#10529,#10537,.T.);
#10537 = LINE('',#10538,#10539);
#10538 = CARTESIAN_POINT('',(40.553866,76.0191,0.));
#10539 = VECTOR('',#10540,1.);
#10540 = DIRECTION('',(0.,0.,1.));
#10541 = ORIENTED_EDGE('',*,*,#2886,.F.);
#10542 = PLANE('',#10543);
#10543 = AXIS2_PLACEMENT_3D('',#10544,#10545,#10546);
#10544 = CARTESIAN_POINT('',(40.574542,75.998425,0.));
#10545 = DIRECTION('',(-0.707089680867,-0.707123881093,0.));
#10546 = DIRECTION('',(-0.707123881093,0.707089680867,0.));
#10547 = ADVANCED_FACE('',(#10548),#10566,.F.);
#10548 = FACE_BOUND('',#10549,.F.);
#10549 = EDGE_LOOP('',(#10550,#10551,#10559,#10565));
#10550 = ORIENTED_EDGE('',*,*,#10536,.T.);
#10551 = ORIENTED_EDGE('',*,*,#10552,.T.);
#10552 = EDGE_CURVE('',#10529,#10553,#10555,.T.);
#10553 = VERTEX_POINT('',#10554);
#10554 = CARTESIAN_POINT('',(40.542665,76.046151,1.7));
#10555 = LINE('',#10556,#10557);
#10556 = CARTESIAN_POINT('',(40.553866,76.0191,1.7));
#10557 = VECTOR('',#10558,1.);
#10558 = DIRECTION('',(-0.382569992546,0.923926512664,0.));
#10559 = ORIENTED_EDGE('',*,*,#10560,.F.);
#10560 = EDGE_CURVE('',#2895,#10553,#10561,.T.);
#10561 = LINE('',#10562,#10563);
#10562 = CARTESIAN_POINT('',(40.542665,76.046151,0.));
#10563 = VECTOR('',#10564,1.);
#10564 = DIRECTION('',(0.,0.,1.));
#10565 = ORIENTED_EDGE('',*,*,#2894,.F.);
#10566 = PLANE('',#10567);
#10567 = AXIS2_PLACEMENT_3D('',#10568,#10569,#10570);
#10568 = CARTESIAN_POINT('',(40.553866,76.0191,0.));
#10569 = DIRECTION('',(-0.923926512664,-0.382569992546,0.));
#10570 = DIRECTION('',(-0.382569992546,0.923926512664,0.));
#10571 = ADVANCED_FACE('',(#10572),#10590,.F.);
#10572 = FACE_BOUND('',#10573,.F.);
#10573 = EDGE_LOOP('',(#10574,#10575,#10583,#10589));
#10574 = ORIENTED_EDGE('',*,*,#10560,.T.);
#10575 = ORIENTED_EDGE('',*,*,#10576,.T.);
#10576 = EDGE_CURVE('',#10553,#10577,#10579,.T.);
#10577 = VERTEX_POINT('',#10578);
#10578 = CARTESIAN_POINT('',(40.541217,76.060782,1.7));
#10579 = LINE('',#10580,#10581);
#10580 = CARTESIAN_POINT('',(40.542665,76.046151,1.7));
#10581 = VECTOR('',#10582,1.);
#10582 = DIRECTION('',(-9.848679801051E-02,0.995138357525,0.));
#10583 = ORIENTED_EDGE('',*,*,#10584,.F.);
#10584 = EDGE_CURVE('',#2903,#10577,#10585,.T.);
#10585 = LINE('',#10586,#10587);
#10586 = CARTESIAN_POINT('',(40.541217,76.060782,0.));
#10587 = VECTOR('',#10588,1.);
#10588 = DIRECTION('',(0.,0.,1.));
#10589 = ORIENTED_EDGE('',*,*,#2902,.F.);
#10590 = PLANE('',#10591);
#10591 = AXIS2_PLACEMENT_3D('',#10592,#10593,#10594);
#10592 = CARTESIAN_POINT('',(40.542665,76.046151,0.));
#10593 = DIRECTION('',(-0.995138357525,-9.848679801051E-02,0.));
#10594 = DIRECTION('',(-9.848679801051E-02,0.995138357525,0.));
#10595 = ADVANCED_FACE('',(#10596),#10614,.F.);
#10596 = FACE_BOUND('',#10597,.F.);
#10597 = EDGE_LOOP('',(#10598,#10599,#10607,#10613));
#10598 = ORIENTED_EDGE('',*,*,#10584,.T.);
#10599 = ORIENTED_EDGE('',*,*,#10600,.T.);
#10600 = EDGE_CURVE('',#10577,#10601,#10603,.T.);
#10601 = VERTEX_POINT('',#10602);
#10602 = CARTESIAN_POINT('',(40.541217,90.160779,1.7));
#10603 = LINE('',#10604,#10605);
#10604 = CARTESIAN_POINT('',(40.541217,76.060782,1.7));
#10605 = VECTOR('',#10606,1.);
#10606 = DIRECTION('',(0.,1.,0.));
#10607 = ORIENTED_EDGE('',*,*,#10608,.F.);
#10608 = EDGE_CURVE('',#2911,#10601,#10609,.T.);
#10609 = LINE('',#10610,#10611);
#10610 = CARTESIAN_POINT('',(40.541217,90.160779,0.));
#10611 = VECTOR('',#10612,1.);
#10612 = DIRECTION('',(0.,0.,1.));
#10613 = ORIENTED_EDGE('',*,*,#2910,.F.);
#10614 = PLANE('',#10615);
#10615 = AXIS2_PLACEMENT_3D('',#10616,#10617,#10618);
#10616 = CARTESIAN_POINT('',(40.541217,76.060782,0.));
#10617 = DIRECTION('',(-1.,0.,0.));
#10618 = DIRECTION('',(0.,1.,0.));
#10619 = ADVANCED_FACE('',(#10620),#10638,.F.);
#10620 = FACE_BOUND('',#10621,.F.);
#10621 = EDGE_LOOP('',(#10622,#10623,#10631,#10637));
#10622 = ORIENTED_EDGE('',*,*,#10608,.T.);
#10623 = ORIENTED_EDGE('',*,*,#10624,.T.);
#10624 = EDGE_CURVE('',#10601,#10625,#10627,.T.);
#10625 = VERTEX_POINT('',#10626);
#10626 = CARTESIAN_POINT('',(40.542665,90.175409,1.7));
#10627 = LINE('',#10628,#10629);
#10628 = CARTESIAN_POINT('',(40.541217,90.160779,1.7));
#10629 = VECTOR('',#10630,1.);
#10630 = DIRECTION('',(9.849346454604E-02,0.995137697729,0.));
#10631 = ORIENTED_EDGE('',*,*,#10632,.F.);
#10632 = EDGE_CURVE('',#2919,#10625,#10633,.T.);
#10633 = LINE('',#10634,#10635);
#10634 = CARTESIAN_POINT('',(40.542665,90.175409,0.));
#10635 = VECTOR('',#10636,1.);
#10636 = DIRECTION('',(0.,0.,1.));
#10637 = ORIENTED_EDGE('',*,*,#2918,.F.);
#10638 = PLANE('',#10639);
#10639 = AXIS2_PLACEMENT_3D('',#10640,#10641,#10642);
#10640 = CARTESIAN_POINT('',(40.541217,90.160779,0.));
#10641 = DIRECTION('',(-0.995137697729,9.849346454604E-02,0.));
#10642 = DIRECTION('',(9.849346454604E-02,0.995137697729,0.));
#10643 = ADVANCED_FACE('',(#10644),#10662,.F.);
#10644 = FACE_BOUND('',#10645,.F.);
#10645 = EDGE_LOOP('',(#10646,#10647,#10655,#10661));
#10646 = ORIENTED_EDGE('',*,*,#10632,.T.);
#10647 = ORIENTED_EDGE('',*,*,#10648,.T.);
#10648 = EDGE_CURVE('',#10625,#10649,#10651,.T.);
#10649 = VERTEX_POINT('',#10650);
#10650 = CARTESIAN_POINT('',(40.553866,90.20246,1.7));
#10651 = LINE('',#10652,#10653);
#10652 = CARTESIAN_POINT('',(40.542665,90.175409,1.7));
#10653 = VECTOR('',#10654,1.);
#10654 = DIRECTION('',(0.382569992546,0.923926512664,0.));
#10655 = ORIENTED_EDGE('',*,*,#10656,.F.);
#10656 = EDGE_CURVE('',#2927,#10649,#10657,.T.);
#10657 = LINE('',#10658,#10659);
#10658 = CARTESIAN_POINT('',(40.553866,90.20246,0.));
#10659 = VECTOR('',#10660,1.);
#10660 = DIRECTION('',(0.,0.,1.));
#10661 = ORIENTED_EDGE('',*,*,#2926,.F.);
#10662 = PLANE('',#10663);
#10663 = AXIS2_PLACEMENT_3D('',#10664,#10665,#10666);
#10664 = CARTESIAN_POINT('',(40.542665,90.175409,0.));
#10665 = DIRECTION('',(-0.923926512664,0.382569992546,0.));
#10666 = DIRECTION('',(0.382569992546,0.923926512664,0.));
#10667 = ADVANCED_FACE('',(#10668),#10686,.F.);
#10668 = FACE_BOUND('',#10669,.F.);
#10669 = EDGE_LOOP('',(#10670,#10671,#10679,#10685));
#10670 = ORIENTED_EDGE('',*,*,#10656,.T.);
#10671 = ORIENTED_EDGE('',*,*,#10672,.T.);
#10672 = EDGE_CURVE('',#10649,#10673,#10675,.T.);
#10673 = VERTEX_POINT('',#10674);
#10674 = CARTESIAN_POINT('',(40.574542,90.223136,1.7));
#10675 = LINE('',#10676,#10677);
#10676 = CARTESIAN_POINT('',(40.553866,90.20246,1.7));
#10677 = VECTOR('',#10678,1.);
#10678 = DIRECTION('',(0.707106781187,0.707106781186,0.));
#10679 = ORIENTED_EDGE('',*,*,#10680,.F.);
#10680 = EDGE_CURVE('',#2935,#10673,#10681,.T.);
#10681 = LINE('',#10682,#10683);
#10682 = CARTESIAN_POINT('',(40.574542,90.223136,0.));
#10683 = VECTOR('',#10684,1.);
#10684 = DIRECTION('',(0.,0.,1.));
#10685 = ORIENTED_EDGE('',*,*,#2934,.F.);
#10686 = PLANE('',#10687);
#10687 = AXIS2_PLACEMENT_3D('',#10688,#10689,#10690);
#10688 = CARTESIAN_POINT('',(40.553866,90.20246,0.));
#10689 = DIRECTION('',(-0.707106781186,0.707106781187,0.));
#10690 = DIRECTION('',(0.707106781187,0.707106781186,0.));
#10691 = ADVANCED_FACE('',(#10692),#10710,.F.);
#10692 = FACE_BOUND('',#10693,.F.);
#10693 = EDGE_LOOP('',(#10694,#10695,#10703,#10709));
#10694 = ORIENTED_EDGE('',*,*,#10680,.T.);
#10695 = ORIENTED_EDGE('',*,*,#10696,.T.);
#10696 = EDGE_CURVE('',#10673,#10697,#10699,.T.);
#10697 = VERTEX_POINT('',#10698);
#10698 = CARTESIAN_POINT('',(40.601593,90.234337,1.7));
#10699 = LINE('',#10700,#10701);
#10700 = CARTESIAN_POINT('',(40.574542,90.223136,1.7));
#10701 = VECTOR('',#10702,1.);
#10702 = DIRECTION('',(0.923926512664,0.382569992546,0.));
#10703 = ORIENTED_EDGE('',*,*,#10704,.F.);
#10704 = EDGE_CURVE('',#2943,#10697,#10705,.T.);
#10705 = LINE('',#10706,#10707);
#10706 = CARTESIAN_POINT('',(40.601593,90.234337,0.));
#10707 = VECTOR('',#10708,1.);
#10708 = DIRECTION('',(0.,0.,1.));
#10709 = ORIENTED_EDGE('',*,*,#2942,.F.);
#10710 = PLANE('',#10711);
#10711 = AXIS2_PLACEMENT_3D('',#10712,#10713,#10714);
#10712 = CARTESIAN_POINT('',(40.574542,90.223136,0.));
#10713 = DIRECTION('',(-0.382569992546,0.923926512664,0.));
#10714 = DIRECTION('',(0.923926512664,0.382569992546,0.));
#10715 = ADVANCED_FACE('',(#10716),#10734,.F.);
#10716 = FACE_BOUND('',#10717,.F.);
#10717 = EDGE_LOOP('',(#10718,#10719,#10727,#10733));
#10718 = ORIENTED_EDGE('',*,*,#10704,.T.);
#10719 = ORIENTED_EDGE('',*,*,#10720,.T.);
#10720 = EDGE_CURVE('',#10697,#10721,#10723,.T.);
#10721 = VERTEX_POINT('',#10722);
#10722 = CARTESIAN_POINT('',(40.616223,90.235785,1.7));
#10723 = LINE('',#10724,#10725);
#10724 = CARTESIAN_POINT('',(40.601593,90.234337,1.7));
#10725 = VECTOR('',#10726,1.);
#10726 = DIRECTION('',(0.995137697729,9.849346454699E-02,0.));
#10727 = ORIENTED_EDGE('',*,*,#10728,.F.);
#10728 = EDGE_CURVE('',#2951,#10721,#10729,.T.);
#10729 = LINE('',#10730,#10731);
#10730 = CARTESIAN_POINT('',(40.616223,90.235785,0.));
#10731 = VECTOR('',#10732,1.);
#10732 = DIRECTION('',(0.,0.,1.));
#10733 = ORIENTED_EDGE('',*,*,#2950,.F.);
#10734 = PLANE('',#10735);
#10735 = AXIS2_PLACEMENT_3D('',#10736,#10737,#10738);
#10736 = CARTESIAN_POINT('',(40.601593,90.234337,0.));
#10737 = DIRECTION('',(-9.849346454699E-02,0.995137697729,0.));
#10738 = DIRECTION('',(0.995137697729,9.849346454699E-02,0.));
#10739 = ADVANCED_FACE('',(#10740),#10758,.F.);
#10740 = FACE_BOUND('',#10741,.F.);
#10741 = EDGE_LOOP('',(#10742,#10743,#10751,#10757));
#10742 = ORIENTED_EDGE('',*,*,#10728,.T.);
#10743 = ORIENTED_EDGE('',*,*,#10744,.T.);
#10744 = EDGE_CURVE('',#10721,#10745,#10747,.T.);
#10745 = VERTEX_POINT('',#10746);
#10746 = CARTESIAN_POINT('',(54.71622,90.235785,1.7));
#10747 = LINE('',#10748,#10749);
#10748 = CARTESIAN_POINT('',(40.616223,90.235785,1.7));
#10749 = VECTOR('',#10750,1.);
#10750 = DIRECTION('',(1.,0.,0.));
#10751 = ORIENTED_EDGE('',*,*,#10752,.F.);
#10752 = EDGE_CURVE('',#2959,#10745,#10753,.T.);
#10753 = LINE('',#10754,#10755);
#10754 = CARTESIAN_POINT('',(54.71622,90.235785,0.));
#10755 = VECTOR('',#10756,1.);
#10756 = DIRECTION('',(0.,0.,1.));
#10757 = ORIENTED_EDGE('',*,*,#2958,.F.);
#10758 = PLANE('',#10759);
#10759 = AXIS2_PLACEMENT_3D('',#10760,#10761,#10762);
#10760 = CARTESIAN_POINT('',(40.616223,90.235785,0.));
#10761 = DIRECTION('',(0.,1.,0.));
#10762 = DIRECTION('',(1.,0.,0.));
#10763 = ADVANCED_FACE('',(#10764),#10775,.F.);
#10764 = FACE_BOUND('',#10765,.F.);
#10765 = EDGE_LOOP('',(#10766,#10767,#10773,#10774));
#10766 = ORIENTED_EDGE('',*,*,#10752,.T.);
#10767 = ORIENTED_EDGE('',*,*,#10768,.T.);
#10768 = EDGE_CURVE('',#10745,#10209,#10769,.T.);
#10769 = LINE('',#10770,#10771);
#10770 = CARTESIAN_POINT('',(54.71622,90.235785,1.7));
#10771 = VECTOR('',#10772,1.);
#10772 = DIRECTION('',(0.995138357525,-9.848679801152E-02,0.));
#10773 = ORIENTED_EDGE('',*,*,#10208,.F.);
#10774 = ORIENTED_EDGE('',*,*,#2966,.F.);
#10775 = PLANE('',#10776);
#10776 = AXIS2_PLACEMENT_3D('',#10777,#10778,#10779);
#10777 = CARTESIAN_POINT('',(54.71622,90.235785,0.));
#10778 = DIRECTION('',(9.848679801152E-02,0.995138357525,0.));
#10779 = DIRECTION('',(0.995138357525,-9.848679801152E-02,0.));
#10780 = ADVANCED_FACE('',(#10781),#10806,.F.);
#10781 = FACE_BOUND('',#10782,.F.);
#10782 = EDGE_LOOP('',(#10783,#10791,#10799,#10805));
#10783 = ORIENTED_EDGE('',*,*,#10784,.T.);
#10784 = EDGE_CURVE('',#2975,#10785,#10787,.T.);
#10785 = VERTEX_POINT('',#10786);
#10786 = CARTESIAN_POINT('',(35.680851,90.234337,1.7));
#10787 = LINE('',#10788,#10789);
#10788 = CARTESIAN_POINT('',(35.680851,90.234337,0.));
#10789 = VECTOR('',#10790,1.);
#10790 = DIRECTION('',(0.,0.,1.));
#10791 = ORIENTED_EDGE('',*,*,#10792,.T.);
#10792 = EDGE_CURVE('',#10785,#10793,#10795,.T.);
#10793 = VERTEX_POINT('',#10794);
#10794 = CARTESIAN_POINT('',(35.707902,90.223136,1.7));
#10795 = LINE('',#10796,#10797);
#10796 = CARTESIAN_POINT('',(35.680851,90.234337,1.7));
#10797 = VECTOR('',#10798,1.);
#10798 = DIRECTION('',(0.923926512664,-0.382569992546,0.));
#10799 = ORIENTED_EDGE('',*,*,#10800,.F.);
#10800 = EDGE_CURVE('',#2977,#10793,#10801,.T.);
#10801 = LINE('',#10802,#10803);
#10802 = CARTESIAN_POINT('',(35.707902,90.223136,0.));
#10803 = VECTOR('',#10804,1.);
#10804 = DIRECTION('',(0.,0.,1.));
#10805 = ORIENTED_EDGE('',*,*,#2974,.F.);
#10806 = PLANE('',#10807);
#10807 = AXIS2_PLACEMENT_3D('',#10808,#10809,#10810);
#10808 = CARTESIAN_POINT('',(35.680851,90.234337,0.));
#10809 = DIRECTION('',(0.382569992546,0.923926512664,0.));
#10810 = DIRECTION('',(0.923926512664,-0.382569992546,0.));
#10811 = ADVANCED_FACE('',(#10812),#10830,.F.);
#10812 = FACE_BOUND('',#10813,.F.);
#10813 = EDGE_LOOP('',(#10814,#10815,#10823,#10829));
#10814 = ORIENTED_EDGE('',*,*,#10800,.T.);
#10815 = ORIENTED_EDGE('',*,*,#10816,.T.);
#10816 = EDGE_CURVE('',#10793,#10817,#10819,.T.);
#10817 = VERTEX_POINT('',#10818);
#10818 = CARTESIAN_POINT('',(35.728577,90.20246,1.7));
#10819 = LINE('',#10820,#10821);
#10820 = CARTESIAN_POINT('',(35.707902,90.223136,1.7));
#10821 = VECTOR('',#10822,1.);
#10822 = DIRECTION('',(0.707089680867,-0.707123881093,0.));
#10823 = ORIENTED_EDGE('',*,*,#10824,.F.);
#10824 = EDGE_CURVE('',#2985,#10817,#10825,.T.);
#10825 = LINE('',#10826,#10827);
#10826 = CARTESIAN_POINT('',(35.728577,90.20246,0.));
#10827 = VECTOR('',#10828,1.);
#10828 = DIRECTION('',(0.,0.,1.));
#10829 = ORIENTED_EDGE('',*,*,#2984,.F.);
#10830 = PLANE('',#10831);
#10831 = AXIS2_PLACEMENT_3D('',#10832,#10833,#10834);
#10832 = CARTESIAN_POINT('',(35.707902,90.223136,0.));
#10833 = DIRECTION('',(0.707123881093,0.707089680867,0.));
#10834 = DIRECTION('',(0.707089680867,-0.707123881093,0.));
#10835 = ADVANCED_FACE('',(#10836),#10854,.F.);
#10836 = FACE_BOUND('',#10837,.F.);
#10837 = EDGE_LOOP('',(#10838,#10839,#10847,#10853));
#10838 = ORIENTED_EDGE('',*,*,#10824,.T.);
#10839 = ORIENTED_EDGE('',*,*,#10840,.T.);
#10840 = EDGE_CURVE('',#10817,#10841,#10843,.T.);
#10841 = VERTEX_POINT('',#10842);
#10842 = CARTESIAN_POINT('',(35.739779,90.175409,1.7));
#10843 = LINE('',#10844,#10845);
#10844 = CARTESIAN_POINT('',(35.728577,90.20246,1.7));
#10845 = VECTOR('',#10846,1.);
#10846 = DIRECTION('',(0.382599148043,-0.923914439717,0.));
#10847 = ORIENTED_EDGE('',*,*,#10848,.F.);
#10848 = EDGE_CURVE('',#2993,#10841,#10849,.T.);
#10849 = LINE('',#10850,#10851);
#10850 = CARTESIAN_POINT('',(35.739779,90.175409,0.));
#10851 = VECTOR('',#10852,1.);
#10852 = DIRECTION('',(0.,0.,1.));
#10853 = ORIENTED_EDGE('',*,*,#2992,.F.);
#10854 = PLANE('',#10855);
#10855 = AXIS2_PLACEMENT_3D('',#10856,#10857,#10858);
#10856 = CARTESIAN_POINT('',(35.728577,90.20246,0.));
#10857 = DIRECTION('',(0.923914439717,0.382599148043,0.));
#10858 = DIRECTION('',(0.382599148043,-0.923914439717,0.));
#10859 = ADVANCED_FACE('',(#10860),#10878,.F.);
#10860 = FACE_BOUND('',#10861,.F.);
#10861 = EDGE_LOOP('',(#10862,#10863,#10871,#10877));
#10862 = ORIENTED_EDGE('',*,*,#10848,.T.);
#10863 = ORIENTED_EDGE('',*,*,#10864,.T.);
#10864 = EDGE_CURVE('',#10841,#10865,#10867,.T.);
#10865 = VERTEX_POINT('',#10866);
#10866 = CARTESIAN_POINT('',(35.741226,90.160779,1.7));
#10867 = LINE('',#10868,#10869);
#10868 = CARTESIAN_POINT('',(35.739779,90.175409,1.7));
#10869 = VECTOR('',#10870,1.);
#10870 = DIRECTION('',(9.842610338384E-02,-0.995144362478,0.));
#10871 = ORIENTED_EDGE('',*,*,#10872,.F.);
#10872 = EDGE_CURVE('',#3001,#10865,#10873,.T.);
#10873 = LINE('',#10874,#10875);
#10874 = CARTESIAN_POINT('',(35.741226,90.160779,0.));
#10875 = VECTOR('',#10876,1.);
#10876 = DIRECTION('',(0.,0.,1.));
#10877 = ORIENTED_EDGE('',*,*,#3000,.F.);
#10878 = PLANE('',#10879);
#10879 = AXIS2_PLACEMENT_3D('',#10880,#10881,#10882);
#10880 = CARTESIAN_POINT('',(35.739779,90.175409,0.));
#10881 = DIRECTION('',(0.995144362478,9.842610338384E-02,0.));
#10882 = DIRECTION('',(9.842610338384E-02,-0.995144362478,0.));
#10883 = ADVANCED_FACE('',(#10884),#10902,.F.);
#10884 = FACE_BOUND('',#10885,.F.);
#10885 = EDGE_LOOP('',(#10886,#10887,#10895,#10901));
#10886 = ORIENTED_EDGE('',*,*,#10872,.T.);
#10887 = ORIENTED_EDGE('',*,*,#10888,.T.);
#10888 = EDGE_CURVE('',#10865,#10889,#10891,.T.);
#10889 = VERTEX_POINT('',#10890);
#10890 = CARTESIAN_POINT('',(35.741226,76.060782,1.7));
#10891 = LINE('',#10892,#10893);
#10892 = CARTESIAN_POINT('',(35.741226,90.160779,1.7));
#10893 = VECTOR('',#10894,1.);
#10894 = DIRECTION('',(0.,-1.,0.));
#10895 = ORIENTED_EDGE('',*,*,#10896,.F.);
#10896 = EDGE_CURVE('',#3009,#10889,#10897,.T.);
#10897 = LINE('',#10898,#10899);
#10898 = CARTESIAN_POINT('',(35.741226,76.060782,0.));
#10899 = VECTOR('',#10900,1.);
#10900 = DIRECTION('',(0.,0.,1.));
#10901 = ORIENTED_EDGE('',*,*,#3008,.F.);
#10902 = PLANE('',#10903);
#10903 = AXIS2_PLACEMENT_3D('',#10904,#10905,#10906);
#10904 = CARTESIAN_POINT('',(35.741226,90.160779,0.));
#10905 = DIRECTION('',(1.,0.,0.));
#10906 = DIRECTION('',(0.,-1.,0.));
#10907 = ADVANCED_FACE('',(#10908),#10926,.F.);
#10908 = FACE_BOUND('',#10909,.F.);
#10909 = EDGE_LOOP('',(#10910,#10911,#10919,#10925));
#10910 = ORIENTED_EDGE('',*,*,#10896,.T.);
#10911 = ORIENTED_EDGE('',*,*,#10912,.T.);
#10912 = EDGE_CURVE('',#10889,#10913,#10915,.T.);
#10913 = VERTEX_POINT('',#10914);
#10914 = CARTESIAN_POINT('',(35.739779,76.046151,1.7));
#10915 = LINE('',#10916,#10917);
#10916 = CARTESIAN_POINT('',(35.741226,76.060782,1.7));
#10917 = VECTOR('',#10918,1.);
#10918 = DIRECTION('',(-9.841944131843E-02,-0.995145021377,0.));
#10919 = ORIENTED_EDGE('',*,*,#10920,.F.);
#10920 = EDGE_CURVE('',#3017,#10913,#10921,.T.);
#10921 = LINE('',#10922,#10923);
#10922 = CARTESIAN_POINT('',(35.739779,76.046151,0.));
#10923 = VECTOR('',#10924,1.);
#10924 = DIRECTION('',(0.,0.,1.));
#10925 = ORIENTED_EDGE('',*,*,#3016,.F.);
#10926 = PLANE('',#10927);
#10927 = AXIS2_PLACEMENT_3D('',#10928,#10929,#10930);
#10928 = CARTESIAN_POINT('',(35.741226,76.060782,0.));
#10929 = DIRECTION('',(0.995145021377,-9.841944131843E-02,0.));
#10930 = DIRECTION('',(-9.841944131843E-02,-0.995145021377,0.));
#10931 = ADVANCED_FACE('',(#10932),#10950,.F.);
#10932 = FACE_BOUND('',#10933,.F.);
#10933 = EDGE_LOOP('',(#10934,#10935,#10943,#10949));
#10934 = ORIENTED_EDGE('',*,*,#10920,.T.);
#10935 = ORIENTED_EDGE('',*,*,#10936,.T.);
#10936 = EDGE_CURVE('',#10913,#10937,#10939,.T.);
#10937 = VERTEX_POINT('',#10938);
#10938 = CARTESIAN_POINT('',(35.728577,76.0191,1.7));
#10939 = LINE('',#10940,#10941);
#10940 = CARTESIAN_POINT('',(35.739779,76.046151,1.7));
#10941 = VECTOR('',#10942,1.);
#10942 = DIRECTION('',(-0.382599148043,-0.923914439717,0.));
#10943 = ORIENTED_EDGE('',*,*,#10944,.F.);
#10944 = EDGE_CURVE('',#3025,#10937,#10945,.T.);
#10945 = LINE('',#10946,#10947);
#10946 = CARTESIAN_POINT('',(35.728577,76.0191,0.));
#10947 = VECTOR('',#10948,1.);
#10948 = DIRECTION('',(0.,0.,1.));
#10949 = ORIENTED_EDGE('',*,*,#3024,.F.);
#10950 = PLANE('',#10951);
#10951 = AXIS2_PLACEMENT_3D('',#10952,#10953,#10954);
#10952 = CARTESIAN_POINT('',(35.739779,76.046151,0.));
#10953 = DIRECTION('',(0.923914439717,-0.382599148043,0.));
#10954 = DIRECTION('',(-0.382599148043,-0.923914439717,0.));
#10955 = ADVANCED_FACE('',(#10956),#10974,.F.);
#10956 = FACE_BOUND('',#10957,.F.);
#10957 = EDGE_LOOP('',(#10958,#10959,#10967,#10973));
#10958 = ORIENTED_EDGE('',*,*,#10944,.T.);
#10959 = ORIENTED_EDGE('',*,*,#10960,.T.);
#10960 = EDGE_CURVE('',#10937,#10961,#10963,.T.);
#10961 = VERTEX_POINT('',#10962);
#10962 = CARTESIAN_POINT('',(35.707902,75.998425,1.7));
#10963 = LINE('',#10964,#10965);
#10964 = CARTESIAN_POINT('',(35.728577,76.0191,1.7));
#10965 = VECTOR('',#10966,1.);
#10966 = DIRECTION('',(-0.707106781187,-0.707106781186,0.));
#10967 = ORIENTED_EDGE('',*,*,#10968,.F.);
#10968 = EDGE_CURVE('',#3033,#10961,#10969,.T.);
#10969 = LINE('',#10970,#10971);
#10970 = CARTESIAN_POINT('',(35.707902,75.998425,0.));
#10971 = VECTOR('',#10972,1.);
#10972 = DIRECTION('',(0.,0.,1.));
#10973 = ORIENTED_EDGE('',*,*,#3032,.F.);
#10974 = PLANE('',#10975);
#10975 = AXIS2_PLACEMENT_3D('',#10976,#10977,#10978);
#10976 = CARTESIAN_POINT('',(35.728577,76.0191,0.));
#10977 = DIRECTION('',(0.707106781186,-0.707106781187,0.));
#10978 = DIRECTION('',(-0.707106781187,-0.707106781186,0.));
#10979 = ADVANCED_FACE('',(#10980),#10998,.F.);
#10980 = FACE_BOUND('',#10981,.F.);
#10981 = EDGE_LOOP('',(#10982,#10983,#10991,#10997));
#10982 = ORIENTED_EDGE('',*,*,#10968,.T.);
#10983 = ORIENTED_EDGE('',*,*,#10984,.T.);
#10984 = EDGE_CURVE('',#10961,#10985,#10987,.T.);
#10985 = VERTEX_POINT('',#10986);
#10986 = CARTESIAN_POINT('',(35.680851,75.987223,1.7));
#10987 = LINE('',#10988,#10989);
#10988 = CARTESIAN_POINT('',(35.707902,75.998425,1.7));
#10989 = VECTOR('',#10990,1.);
#10990 = DIRECTION('',(-0.923914439717,-0.382599148043,0.));
#10991 = ORIENTED_EDGE('',*,*,#10992,.F.);
#10992 = EDGE_CURVE('',#3041,#10985,#10993,.T.);
#10993 = LINE('',#10994,#10995);
#10994 = CARTESIAN_POINT('',(35.680851,75.987223,0.));
#10995 = VECTOR('',#10996,1.);
#10996 = DIRECTION('',(0.,0.,1.));
#10997 = ORIENTED_EDGE('',*,*,#3040,.F.);
#10998 = PLANE('',#10999);
#10999 = AXIS2_PLACEMENT_3D('',#11000,#11001,#11002);
#11000 = CARTESIAN_POINT('',(35.707902,75.998425,0.));
#11001 = DIRECTION('',(0.382599148043,-0.923914439717,0.));
#11002 = DIRECTION('',(-0.923914439717,-0.382599148043,0.));
#11003 = ADVANCED_FACE('',(#11004),#11022,.F.);
#11004 = FACE_BOUND('',#11005,.F.);
#11005 = EDGE_LOOP('',(#11006,#11007,#11015,#11021));
#11006 = ORIENTED_EDGE('',*,*,#10992,.T.);
#11007 = ORIENTED_EDGE('',*,*,#11008,.T.);
#11008 = EDGE_CURVE('',#10985,#11009,#11011,.T.);
#11009 = VERTEX_POINT('',#11010);
#11010 = CARTESIAN_POINT('',(35.66622,75.985776,1.7));
#11011 = LINE('',#11012,#11013);
#11012 = CARTESIAN_POINT('',(35.680851,75.987223,1.7));
#11013 = VECTOR('',#11014,1.);
#11014 = DIRECTION('',(-0.995145021377,-9.841944131852E-02,0.));
#11015 = ORIENTED_EDGE('',*,*,#11016,.F.);
#11016 = EDGE_CURVE('',#3049,#11009,#11017,.T.);
#11017 = LINE('',#11018,#11019);
#11018 = CARTESIAN_POINT('',(35.66622,75.985776,0.));
#11019 = VECTOR('',#11020,1.);
#11020 = DIRECTION('',(0.,0.,1.));
#11021 = ORIENTED_EDGE('',*,*,#3048,.F.);
#11022 = PLANE('',#11023);
#11023 = AXIS2_PLACEMENT_3D('',#11024,#11025,#11026);
#11024 = CARTESIAN_POINT('',(35.680851,75.987223,0.));
#11025 = DIRECTION('',(9.841944131852E-02,-0.995145021377,0.));
#11026 = DIRECTION('',(-0.995145021377,-9.841944131852E-02,0.));
#11027 = ADVANCED_FACE('',(#11028),#11046,.F.);
#11028 = FACE_BOUND('',#11029,.F.);
#11029 = EDGE_LOOP('',(#11030,#11031,#11039,#11045));
#11030 = ORIENTED_EDGE('',*,*,#11016,.T.);
#11031 = ORIENTED_EDGE('',*,*,#11032,.T.);
#11032 = EDGE_CURVE('',#11009,#11033,#11035,.T.);
#11033 = VERTEX_POINT('',#11034);
#11034 = CARTESIAN_POINT('',(21.566223,75.985776,1.7));
#11035 = LINE('',#11036,#11037);
#11036 = CARTESIAN_POINT('',(35.66622,75.985776,1.7));
#11037 = VECTOR('',#11038,1.);
#11038 = DIRECTION('',(-1.,0.,0.));
#11039 = ORIENTED_EDGE('',*,*,#11040,.F.);
#11040 = EDGE_CURVE('',#3057,#11033,#11041,.T.);
#11041 = LINE('',#11042,#11043);
#11042 = CARTESIAN_POINT('',(21.566223,75.985776,0.));
#11043 = VECTOR('',#11044,1.);
#11044 = DIRECTION('',(0.,0.,1.));
#11045 = ORIENTED_EDGE('',*,*,#3056,.F.);
#11046 = PLANE('',#11047);
#11047 = AXIS2_PLACEMENT_3D('',#11048,#11049,#11050);
#11048 = CARTESIAN_POINT('',(35.66622,75.985776,0.));
#11049 = DIRECTION('',(0.,-1.,0.));
#11050 = DIRECTION('',(-1.,0.,0.));
#11051 = ADVANCED_FACE('',(#11052),#11070,.F.);
#11052 = FACE_BOUND('',#11053,.F.);
#11053 = EDGE_LOOP('',(#11054,#11055,#11063,#11069));
#11054 = ORIENTED_EDGE('',*,*,#11040,.T.);
#11055 = ORIENTED_EDGE('',*,*,#11056,.T.);
#11056 = EDGE_CURVE('',#11033,#11057,#11059,.T.);
#11057 = VERTEX_POINT('',#11058);
#11058 = CARTESIAN_POINT('',(21.551593,75.987223,1.7));
#11059 = LINE('',#11060,#11061);
#11060 = CARTESIAN_POINT('',(21.566223,75.985776,1.7));
#11061 = VECTOR('',#11062,1.);
#11062 = DIRECTION('',(-0.995144362478,9.842610338381E-02,0.));
#11063 = ORIENTED_EDGE('',*,*,#11064,.F.);
#11064 = EDGE_CURVE('',#3065,#11057,#11065,.T.);
#11065 = LINE('',#11066,#11067);
#11066 = CARTESIAN_POINT('',(21.551593,75.987223,0.));
#11067 = VECTOR('',#11068,1.);
#11068 = DIRECTION('',(0.,0.,1.));
#11069 = ORIENTED_EDGE('',*,*,#3064,.F.);
#11070 = PLANE('',#11071);
#11071 = AXIS2_PLACEMENT_3D('',#11072,#11073,#11074);
#11072 = CARTESIAN_POINT('',(21.566223,75.985776,0.));
#11073 = DIRECTION('',(-9.842610338381E-02,-0.995144362478,0.));
#11074 = DIRECTION('',(-0.995144362478,9.842610338381E-02,0.));
#11075 = ADVANCED_FACE('',(#11076),#11094,.F.);
#11076 = FACE_BOUND('',#11077,.F.);
#11077 = EDGE_LOOP('',(#11078,#11079,#11087,#11093));
#11078 = ORIENTED_EDGE('',*,*,#11064,.T.);
#11079 = ORIENTED_EDGE('',*,*,#11080,.T.);
#11080 = EDGE_CURVE('',#11057,#11081,#11083,.T.);
#11081 = VERTEX_POINT('',#11082);
#11082 = CARTESIAN_POINT('',(21.524542,75.998425,1.7));
#11083 = LINE('',#11084,#11085);
#11084 = CARTESIAN_POINT('',(21.551593,75.987223,1.7));
#11085 = VECTOR('',#11086,1.);
#11086 = DIRECTION('',(-0.923914439717,0.382599148043,0.));
#11087 = ORIENTED_EDGE('',*,*,#11088,.F.);
#11088 = EDGE_CURVE('',#3073,#11081,#11089,.T.);
#11089 = LINE('',#11090,#11091);
#11090 = CARTESIAN_POINT('',(21.524542,75.998425,0.));
#11091 = VECTOR('',#11092,1.);
#11092 = DIRECTION('',(0.,0.,1.));
#11093 = ORIENTED_EDGE('',*,*,#3072,.F.);
#11094 = PLANE('',#11095);
#11095 = AXIS2_PLACEMENT_3D('',#11096,#11097,#11098);
#11096 = CARTESIAN_POINT('',(21.551593,75.987223,0.));
#11097 = DIRECTION('',(-0.382599148043,-0.923914439717,0.));
#11098 = DIRECTION('',(-0.923914439717,0.382599148043,0.));
#11099 = ADVANCED_FACE('',(#11100),#11118,.F.);
#11100 = FACE_BOUND('',#11101,.F.);
#11101 = EDGE_LOOP('',(#11102,#11103,#11111,#11117));
#11102 = ORIENTED_EDGE('',*,*,#11088,.T.);
#11103 = ORIENTED_EDGE('',*,*,#11104,.T.);
#11104 = EDGE_CURVE('',#11081,#11105,#11107,.T.);
#11105 = VERTEX_POINT('',#11106);
#11106 = CARTESIAN_POINT('',(21.503866,76.0191,1.7));
#11107 = LINE('',#11108,#11109);
#11108 = CARTESIAN_POINT('',(21.524542,75.998425,1.7));
#11109 = VECTOR('',#11110,1.);
#11110 = DIRECTION('',(-0.707123881093,0.707089680867,0.));
#11111 = ORIENTED_EDGE('',*,*,#11112,.F.);
#11112 = EDGE_CURVE('',#3081,#11105,#11113,.T.);
#11113 = LINE('',#11114,#11115);
#11114 = CARTESIAN_POINT('',(21.503866,76.0191,0.));
#11115 = VECTOR('',#11116,1.);
#11116 = DIRECTION('',(0.,0.,1.));
#11117 = ORIENTED_EDGE('',*,*,#3080,.F.);
#11118 = PLANE('',#11119);
#11119 = AXIS2_PLACEMENT_3D('',#11120,#11121,#11122);
#11120 = CARTESIAN_POINT('',(21.524542,75.998425,0.));
#11121 = DIRECTION('',(-0.707089680867,-0.707123881093,0.));
#11122 = DIRECTION('',(-0.707123881093,0.707089680867,0.));
#11123 = ADVANCED_FACE('',(#11124),#11142,.F.);
#11124 = FACE_BOUND('',#11125,.F.);
#11125 = EDGE_LOOP('',(#11126,#11127,#11135,#11141));
#11126 = ORIENTED_EDGE('',*,*,#11112,.T.);
#11127 = ORIENTED_EDGE('',*,*,#11128,.T.);
#11128 = EDGE_CURVE('',#11105,#11129,#11131,.T.);
#11129 = VERTEX_POINT('',#11130);
#11130 = CARTESIAN_POINT('',(21.492665,76.046151,1.7));
#11131 = LINE('',#11132,#11133);
#11132 = CARTESIAN_POINT('',(21.503866,76.0191,1.7));
#11133 = VECTOR('',#11134,1.);
#11134 = DIRECTION('',(-0.382569992546,0.923926512664,0.));
#11135 = ORIENTED_EDGE('',*,*,#11136,.F.);
#11136 = EDGE_CURVE('',#3089,#11129,#11137,.T.);
#11137 = LINE('',#11138,#11139);
#11138 = CARTESIAN_POINT('',(21.492665,76.046151,0.));
#11139 = VECTOR('',#11140,1.);
#11140 = DIRECTION('',(0.,0.,1.));
#11141 = ORIENTED_EDGE('',*,*,#3088,.F.);
#11142 = PLANE('',#11143);
#11143 = AXIS2_PLACEMENT_3D('',#11144,#11145,#11146);
#11144 = CARTESIAN_POINT('',(21.503866,76.0191,0.));
#11145 = DIRECTION('',(-0.923926512664,-0.382569992546,0.));
#11146 = DIRECTION('',(-0.382569992546,0.923926512664,0.));
#11147 = ADVANCED_FACE('',(#11148),#11166,.F.);
#11148 = FACE_BOUND('',#11149,.F.);
#11149 = EDGE_LOOP('',(#11150,#11151,#11159,#11165));
#11150 = ORIENTED_EDGE('',*,*,#11136,.T.);
#11151 = ORIENTED_EDGE('',*,*,#11152,.T.);
#11152 = EDGE_CURVE('',#11129,#11153,#11155,.T.);
#11153 = VERTEX_POINT('',#11154);
#11154 = CARTESIAN_POINT('',(21.491217,76.060782,1.7));
#11155 = LINE('',#11156,#11157);
#11156 = CARTESIAN_POINT('',(21.492665,76.046151,1.7));
#11157 = VECTOR('',#11158,1.);
#11158 = DIRECTION('',(-9.848679801075E-02,0.995138357525,0.));
#11159 = ORIENTED_EDGE('',*,*,#11160,.F.);
#11160 = EDGE_CURVE('',#3097,#11153,#11161,.T.);
#11161 = LINE('',#11162,#11163);
#11162 = CARTESIAN_POINT('',(21.491217,76.060782,0.));
#11163 = VECTOR('',#11164,1.);
#11164 = DIRECTION('',(0.,0.,1.));
#11165 = ORIENTED_EDGE('',*,*,#3096,.F.);
#11166 = PLANE('',#11167);
#11167 = AXIS2_PLACEMENT_3D('',#11168,#11169,#11170);
#11168 = CARTESIAN_POINT('',(21.492665,76.046151,0.));
#11169 = DIRECTION('',(-0.995138357525,-9.848679801075E-02,0.));
#11170 = DIRECTION('',(-9.848679801075E-02,0.995138357525,0.));
#11171 = ADVANCED_FACE('',(#11172),#11190,.F.);
#11172 = FACE_BOUND('',#11173,.F.);
#11173 = EDGE_LOOP('',(#11174,#11175,#11183,#11189));
#11174 = ORIENTED_EDGE('',*,*,#11160,.T.);
#11175 = ORIENTED_EDGE('',*,*,#11176,.T.);
#11176 = EDGE_CURVE('',#11153,#11177,#11179,.T.);
#11177 = VERTEX_POINT('',#11178);
#11178 = CARTESIAN_POINT('',(21.491217,90.160779,1.7));
#11179 = LINE('',#11180,#11181);
#11180 = CARTESIAN_POINT('',(21.491217,76.060782,1.7));
#11181 = VECTOR('',#11182,1.);
#11182 = DIRECTION('',(0.,1.,0.));
#11183 = ORIENTED_EDGE('',*,*,#11184,.F.);
#11184 = EDGE_CURVE('',#3105,#11177,#11185,.T.);
#11185 = LINE('',#11186,#11187);
#11186 = CARTESIAN_POINT('',(21.491217,90.160779,0.));
#11187 = VECTOR('',#11188,1.);
#11188 = DIRECTION('',(0.,0.,1.));
#11189 = ORIENTED_EDGE('',*,*,#3104,.F.);
#11190 = PLANE('',#11191);
#11191 = AXIS2_PLACEMENT_3D('',#11192,#11193,#11194);
#11192 = CARTESIAN_POINT('',(21.491217,76.060782,0.));
#11193 = DIRECTION('',(-1.,0.,0.));
#11194 = DIRECTION('',(0.,1.,0.));
#11195 = ADVANCED_FACE('',(#11196),#11214,.F.);
#11196 = FACE_BOUND('',#11197,.F.);
#11197 = EDGE_LOOP('',(#11198,#11199,#11207,#11213));
#11198 = ORIENTED_EDGE('',*,*,#11184,.T.);
#11199 = ORIENTED_EDGE('',*,*,#11200,.T.);
#11200 = EDGE_CURVE('',#11177,#11201,#11203,.T.);
#11201 = VERTEX_POINT('',#11202);
#11202 = CARTESIAN_POINT('',(21.492665,90.175409,1.7));
#11203 = LINE('',#11204,#11205);
#11204 = CARTESIAN_POINT('',(21.491217,90.160779,1.7));
#11205 = VECTOR('',#11206,1.);
#11206 = DIRECTION('',(9.849346454628E-02,0.995137697729,0.));
#11207 = ORIENTED_EDGE('',*,*,#11208,.F.);
#11208 = EDGE_CURVE('',#3113,#11201,#11209,.T.);
#11209 = LINE('',#11210,#11211);
#11210 = CARTESIAN_POINT('',(21.492665,90.175409,0.));
#11211 = VECTOR('',#11212,1.);
#11212 = DIRECTION('',(0.,0.,1.));
#11213 = ORIENTED_EDGE('',*,*,#3112,.F.);
#11214 = PLANE('',#11215);
#11215 = AXIS2_PLACEMENT_3D('',#11216,#11217,#11218);
#11216 = CARTESIAN_POINT('',(21.491217,90.160779,0.));
#11217 = DIRECTION('',(-0.995137697729,9.849346454628E-02,0.));
#11218 = DIRECTION('',(9.849346454628E-02,0.995137697729,0.));
#11219 = ADVANCED_FACE('',(#11220),#11238,.F.);
#11220 = FACE_BOUND('',#11221,.F.);
#11221 = EDGE_LOOP('',(#11222,#11223,#11231,#11237));
#11222 = ORIENTED_EDGE('',*,*,#11208,.T.);
#11223 = ORIENTED_EDGE('',*,*,#11224,.T.);
#11224 = EDGE_CURVE('',#11201,#11225,#11227,.T.);
#11225 = VERTEX_POINT('',#11226);
#11226 = CARTESIAN_POINT('',(21.503866,90.20246,1.7));
#11227 = LINE('',#11228,#11229);
#11228 = CARTESIAN_POINT('',(21.492665,90.175409,1.7));
#11229 = VECTOR('',#11230,1.);
#11230 = DIRECTION('',(0.382569992546,0.923926512664,0.));
#11231 = ORIENTED_EDGE('',*,*,#11232,.F.);
#11232 = EDGE_CURVE('',#3121,#11225,#11233,.T.);
#11233 = LINE('',#11234,#11235);
#11234 = CARTESIAN_POINT('',(21.503866,90.20246,0.));
#11235 = VECTOR('',#11236,1.);
#11236 = DIRECTION('',(0.,0.,1.));
#11237 = ORIENTED_EDGE('',*,*,#3120,.F.);
#11238 = PLANE('',#11239);
#11239 = AXIS2_PLACEMENT_3D('',#11240,#11241,#11242);
#11240 = CARTESIAN_POINT('',(21.492665,90.175409,0.));
#11241 = DIRECTION('',(-0.923926512664,0.382569992546,0.));
#11242 = DIRECTION('',(0.382569992546,0.923926512664,0.));
#11243 = ADVANCED_FACE('',(#11244),#11262,.F.);
#11244 = FACE_BOUND('',#11245,.F.);
#11245 = EDGE_LOOP('',(#11246,#11247,#11255,#11261));
#11246 = ORIENTED_EDGE('',*,*,#11232,.T.);
#11247 = ORIENTED_EDGE('',*,*,#11248,.T.);
#11248 = EDGE_CURVE('',#11225,#11249,#11251,.T.);
#11249 = VERTEX_POINT('',#11250);
#11250 = CARTESIAN_POINT('',(21.524542,90.223136,1.7));
#11251 = LINE('',#11252,#11253);
#11252 = CARTESIAN_POINT('',(21.503866,90.20246,1.7));
#11253 = VECTOR('',#11254,1.);
#11254 = DIRECTION('',(0.707106781187,0.707106781186,0.));
#11255 = ORIENTED_EDGE('',*,*,#11256,.F.);
#11256 = EDGE_CURVE('',#3129,#11249,#11257,.T.);
#11257 = LINE('',#11258,#11259);
#11258 = CARTESIAN_POINT('',(21.524542,90.223136,0.));
#11259 = VECTOR('',#11260,1.);
#11260 = DIRECTION('',(0.,0.,1.));
#11261 = ORIENTED_EDGE('',*,*,#3128,.F.);
#11262 = PLANE('',#11263);
#11263 = AXIS2_PLACEMENT_3D('',#11264,#11265,#11266);
#11264 = CARTESIAN_POINT('',(21.503866,90.20246,0.));
#11265 = DIRECTION('',(-0.707106781186,0.707106781187,0.));
#11266 = DIRECTION('',(0.707106781187,0.707106781186,0.));
#11267 = ADVANCED_FACE('',(#11268),#11286,.F.);
#11268 = FACE_BOUND('',#11269,.F.);
#11269 = EDGE_LOOP('',(#11270,#11271,#11279,#11285));
#11270 = ORIENTED_EDGE('',*,*,#11256,.T.);
#11271 = ORIENTED_EDGE('',*,*,#11272,.T.);
#11272 = EDGE_CURVE('',#11249,#11273,#11275,.T.);
#11273 = VERTEX_POINT('',#11274);
#11274 = CARTESIAN_POINT('',(21.551593,90.234337,1.7));
#11275 = LINE('',#11276,#11277);
#11276 = CARTESIAN_POINT('',(21.524542,90.223136,1.7));
#11277 = VECTOR('',#11278,1.);
#11278 = DIRECTION('',(0.923926512664,0.382569992546,0.));
#11279 = ORIENTED_EDGE('',*,*,#11280,.F.);
#11280 = EDGE_CURVE('',#3137,#11273,#11281,.T.);
#11281 = LINE('',#11282,#11283);
#11282 = CARTESIAN_POINT('',(21.551593,90.234337,0.));
#11283 = VECTOR('',#11284,1.);
#11284 = DIRECTION('',(0.,0.,1.));
#11285 = ORIENTED_EDGE('',*,*,#3136,.F.);
#11286 = PLANE('',#11287);
#11287 = AXIS2_PLACEMENT_3D('',#11288,#11289,#11290);
#11288 = CARTESIAN_POINT('',(21.524542,90.223136,0.));
#11289 = DIRECTION('',(-0.382569992546,0.923926512664,0.));
#11290 = DIRECTION('',(0.923926512664,0.382569992546,0.));
#11291 = ADVANCED_FACE('',(#11292),#11310,.F.);
#11292 = FACE_BOUND('',#11293,.F.);
#11293 = EDGE_LOOP('',(#11294,#11295,#11303,#11309));
#11294 = ORIENTED_EDGE('',*,*,#11280,.T.);
#11295 = ORIENTED_EDGE('',*,*,#11296,.T.);
#11296 = EDGE_CURVE('',#11273,#11297,#11299,.T.);
#11297 = VERTEX_POINT('',#11298);
#11298 = CARTESIAN_POINT('',(21.566223,90.235785,1.7));
#11299 = LINE('',#11300,#11301);
#11300 = CARTESIAN_POINT('',(21.551593,90.234337,1.7));
#11301 = VECTOR('',#11302,1.);
#11302 = DIRECTION('',(0.995137697729,9.849346454697E-02,0.));
#11303 = ORIENTED_EDGE('',*,*,#11304,.F.);
#11304 = EDGE_CURVE('',#3145,#11297,#11305,.T.);
#11305 = LINE('',#11306,#11307);
#11306 = CARTESIAN_POINT('',(21.566223,90.235785,0.));
#11307 = VECTOR('',#11308,1.);
#11308 = DIRECTION('',(0.,0.,1.));
#11309 = ORIENTED_EDGE('',*,*,#3144,.F.);
#11310 = PLANE('',#11311);
#11311 = AXIS2_PLACEMENT_3D('',#11312,#11313,#11314);
#11312 = CARTESIAN_POINT('',(21.551593,90.234337,0.));
#11313 = DIRECTION('',(-9.849346454697E-02,0.995137697729,0.));
#11314 = DIRECTION('',(0.995137697729,9.849346454697E-02,0.));
#11315 = ADVANCED_FACE('',(#11316),#11334,.F.);
#11316 = FACE_BOUND('',#11317,.F.);
#11317 = EDGE_LOOP('',(#11318,#11319,#11327,#11333));
#11318 = ORIENTED_EDGE('',*,*,#11304,.T.);
#11319 = ORIENTED_EDGE('',*,*,#11320,.T.);
#11320 = EDGE_CURVE('',#11297,#11321,#11323,.T.);
#11321 = VERTEX_POINT('',#11322);
#11322 = CARTESIAN_POINT('',(35.66622,90.235785,1.7));
#11323 = LINE('',#11324,#11325);
#11324 = CARTESIAN_POINT('',(21.566223,90.235785,1.7));
#11325 = VECTOR('',#11326,1.);
#11326 = DIRECTION('',(1.,0.,0.));
#11327 = ORIENTED_EDGE('',*,*,#11328,.F.);
#11328 = EDGE_CURVE('',#3153,#11321,#11329,.T.);
#11329 = LINE('',#11330,#11331);
#11330 = CARTESIAN_POINT('',(35.66622,90.235785,0.));
#11331 = VECTOR('',#11332,1.);
#11332 = DIRECTION('',(0.,0.,1.));
#11333 = ORIENTED_EDGE('',*,*,#3152,.F.);
#11334 = PLANE('',#11335);
#11335 = AXIS2_PLACEMENT_3D('',#11336,#11337,#11338);
#11336 = CARTESIAN_POINT('',(21.566223,90.235785,0.));
#11337 = DIRECTION('',(0.,1.,0.));
#11338 = DIRECTION('',(1.,0.,0.));
#11339 = ADVANCED_FACE('',(#11340),#11351,.F.);
#11340 = FACE_BOUND('',#11341,.F.);
#11341 = EDGE_LOOP('',(#11342,#11343,#11349,#11350));
#11342 = ORIENTED_EDGE('',*,*,#11328,.T.);
#11343 = ORIENTED_EDGE('',*,*,#11344,.T.);
#11344 = EDGE_CURVE('',#11321,#10785,#11345,.T.);
#11345 = LINE('',#11346,#11347);
#11346 = CARTESIAN_POINT('',(35.66622,90.235785,1.7));
#11347 = VECTOR('',#11348,1.);
#11348 = DIRECTION('',(0.995138357525,-9.848679801156E-02,0.));
#11349 = ORIENTED_EDGE('',*,*,#10784,.F.);
#11350 = ORIENTED_EDGE('',*,*,#3160,.F.);
#11351 = PLANE('',#11352);
#11352 = AXIS2_PLACEMENT_3D('',#11353,#11354,#11355);
#11353 = CARTESIAN_POINT('',(35.66622,90.235785,0.));
#11354 = DIRECTION('',(9.848679801156E-02,0.995138357525,0.));
#11355 = DIRECTION('',(0.995138357525,-9.848679801156E-02,0.));
#11356 = ADVANCED_FACE('',(#11357),#11382,.F.);
#11357 = FACE_BOUND('',#11358,.F.);
#11358 = EDGE_LOOP('',(#11359,#11367,#11375,#11381));
#11359 = ORIENTED_EDGE('',*,*,#11360,.T.);
#11360 = EDGE_CURVE('',#3169,#11361,#11363,.T.);
#11361 = VERTEX_POINT('',#11362);
#11362 = CARTESIAN_POINT('',(111.880851,71.184337,1.7));
#11363 = LINE('',#11364,#11365);
#11364 = CARTESIAN_POINT('',(111.880851,71.184337,0.));
#11365 = VECTOR('',#11366,1.);
#11366 = DIRECTION('',(0.,0.,1.));
#11367 = ORIENTED_EDGE('',*,*,#11368,.T.);
#11368 = EDGE_CURVE('',#11361,#11369,#11371,.T.);
#11369 = VERTEX_POINT('',#11370);
#11370 = CARTESIAN_POINT('',(111.907902,71.173136,1.7));
#11371 = LINE('',#11372,#11373);
#11372 = CARTESIAN_POINT('',(111.880851,71.184337,1.7));
#11373 = VECTOR('',#11374,1.);
#11374 = DIRECTION('',(0.923926512664,-0.382569992546,0.));
#11375 = ORIENTED_EDGE('',*,*,#11376,.F.);
#11376 = EDGE_CURVE('',#3171,#11369,#11377,.T.);
#11377 = LINE('',#11378,#11379);
#11378 = CARTESIAN_POINT('',(111.907902,71.173136,0.));
#11379 = VECTOR('',#11380,1.);
#11380 = DIRECTION('',(0.,0.,1.));
#11381 = ORIENTED_EDGE('',*,*,#3168,.F.);
#11382 = PLANE('',#11383);
#11383 = AXIS2_PLACEMENT_3D('',#11384,#11385,#11386);
#11384 = CARTESIAN_POINT('',(111.880851,71.184337,0.));
#11385 = DIRECTION('',(0.382569992546,0.923926512664,0.));
#11386 = DIRECTION('',(0.923926512664,-0.382569992546,0.));
#11387 = ADVANCED_FACE('',(#11388),#11406,.F.);
#11388 = FACE_BOUND('',#11389,.F.);
#11389 = EDGE_LOOP('',(#11390,#11391,#11399,#11405));
#11390 = ORIENTED_EDGE('',*,*,#11376,.T.);
#11391 = ORIENTED_EDGE('',*,*,#11392,.T.);
#11392 = EDGE_CURVE('',#11369,#11393,#11395,.T.);
#11393 = VERTEX_POINT('',#11394);
#11394 = CARTESIAN_POINT('',(111.928577,71.15246,1.7));
#11395 = LINE('',#11396,#11397);
#11396 = CARTESIAN_POINT('',(111.907902,71.173136,1.7));
#11397 = VECTOR('',#11398,1.);
#11398 = DIRECTION('',(0.707089680867,-0.707123881093,0.));
#11399 = ORIENTED_EDGE('',*,*,#11400,.F.);
#11400 = EDGE_CURVE('',#3179,#11393,#11401,.T.);
#11401 = LINE('',#11402,#11403);
#11402 = CARTESIAN_POINT('',(111.928577,71.15246,0.));
#11403 = VECTOR('',#11404,1.);
#11404 = DIRECTION('',(0.,0.,1.));
#11405 = ORIENTED_EDGE('',*,*,#3178,.F.);
#11406 = PLANE('',#11407);
#11407 = AXIS2_PLACEMENT_3D('',#11408,#11409,#11410);
#11408 = CARTESIAN_POINT('',(111.907902,71.173136,0.));
#11409 = DIRECTION('',(0.707123881093,0.707089680867,0.));
#11410 = DIRECTION('',(0.707089680867,-0.707123881093,0.));
#11411 = ADVANCED_FACE('',(#11412),#11430,.F.);
#11412 = FACE_BOUND('',#11413,.F.);
#11413 = EDGE_LOOP('',(#11414,#11415,#11423,#11429));
#11414 = ORIENTED_EDGE('',*,*,#11400,.T.);
#11415 = ORIENTED_EDGE('',*,*,#11416,.T.);
#11416 = EDGE_CURVE('',#11393,#11417,#11419,.T.);
#11417 = VERTEX_POINT('',#11418);
#11418 = CARTESIAN_POINT('',(111.939779,71.125409,1.7));
#11419 = LINE('',#11420,#11421);
#11420 = CARTESIAN_POINT('',(111.928577,71.15246,1.7));
#11421 = VECTOR('',#11422,1.);
#11422 = DIRECTION('',(0.382599148043,-0.923914439717,0.));
#11423 = ORIENTED_EDGE('',*,*,#11424,.F.);
#11424 = EDGE_CURVE('',#3187,#11417,#11425,.T.);
#11425 = LINE('',#11426,#11427);
#11426 = CARTESIAN_POINT('',(111.939779,71.125409,0.));
#11427 = VECTOR('',#11428,1.);
#11428 = DIRECTION('',(0.,0.,1.));
#11429 = ORIENTED_EDGE('',*,*,#3186,.F.);
#11430 = PLANE('',#11431);
#11431 = AXIS2_PLACEMENT_3D('',#11432,#11433,#11434);
#11432 = CARTESIAN_POINT('',(111.928577,71.15246,0.));
#11433 = DIRECTION('',(0.923914439717,0.382599148043,0.));
#11434 = DIRECTION('',(0.382599148043,-0.923914439717,0.));
#11435 = ADVANCED_FACE('',(#11436),#11454,.F.);
#11436 = FACE_BOUND('',#11437,.F.);
#11437 = EDGE_LOOP('',(#11438,#11439,#11447,#11453));
#11438 = ORIENTED_EDGE('',*,*,#11424,.T.);
#11439 = ORIENTED_EDGE('',*,*,#11440,.T.);
#11440 = EDGE_CURVE('',#11417,#11441,#11443,.T.);
#11441 = VERTEX_POINT('',#11442);
#11442 = CARTESIAN_POINT('',(111.941226,71.110779,1.7));
#11443 = LINE('',#11444,#11445);
#11444 = CARTESIAN_POINT('',(111.939779,71.125409,1.7));
#11445 = VECTOR('',#11446,1.);
#11446 = DIRECTION('',(9.842610338374E-02,-0.995144362478,0.));
#11447 = ORIENTED_EDGE('',*,*,#11448,.F.);
#11448 = EDGE_CURVE('',#3195,#11441,#11449,.T.);
#11449 = LINE('',#11450,#11451);
#11450 = CARTESIAN_POINT('',(111.941226,71.110779,0.));
#11451 = VECTOR('',#11452,1.);
#11452 = DIRECTION('',(0.,0.,1.));
#11453 = ORIENTED_EDGE('',*,*,#3194,.F.);
#11454 = PLANE('',#11455);
#11455 = AXIS2_PLACEMENT_3D('',#11456,#11457,#11458);
#11456 = CARTESIAN_POINT('',(111.939779,71.125409,0.));
#11457 = DIRECTION('',(0.995144362478,9.842610338374E-02,0.));
#11458 = DIRECTION('',(9.842610338374E-02,-0.995144362478,0.));
#11459 = ADVANCED_FACE('',(#11460),#11478,.F.);
#11460 = FACE_BOUND('',#11461,.F.);
#11461 = EDGE_LOOP('',(#11462,#11463,#11471,#11477));
#11462 = ORIENTED_EDGE('',*,*,#11448,.T.);
#11463 = ORIENTED_EDGE('',*,*,#11464,.T.);
#11464 = EDGE_CURVE('',#11441,#11465,#11467,.T.);
#11465 = VERTEX_POINT('',#11466);
#11466 = CARTESIAN_POINT('',(111.941226,57.010782,1.7));
#11467 = LINE('',#11468,#11469);
#11468 = CARTESIAN_POINT('',(111.941226,71.110779,1.7));
#11469 = VECTOR('',#11470,1.);
#11470 = DIRECTION('',(0.,-1.,0.));
#11471 = ORIENTED_EDGE('',*,*,#11472,.F.);
#11472 = EDGE_CURVE('',#3203,#11465,#11473,.T.);
#11473 = LINE('',#11474,#11475);
#11474 = CARTESIAN_POINT('',(111.941226,57.010782,0.));
#11475 = VECTOR('',#11476,1.);
#11476 = DIRECTION('',(0.,0.,1.));
#11477 = ORIENTED_EDGE('',*,*,#3202,.F.);
#11478 = PLANE('',#11479);
#11479 = AXIS2_PLACEMENT_3D('',#11480,#11481,#11482);
#11480 = CARTESIAN_POINT('',(111.941226,71.110779,0.));
#11481 = DIRECTION('',(1.,0.,0.));
#11482 = DIRECTION('',(0.,-1.,0.));
#11483 = ADVANCED_FACE('',(#11484),#11502,.F.);
#11484 = FACE_BOUND('',#11485,.F.);
#11485 = EDGE_LOOP('',(#11486,#11487,#11495,#11501));
#11486 = ORIENTED_EDGE('',*,*,#11472,.T.);
#11487 = ORIENTED_EDGE('',*,*,#11488,.T.);
#11488 = EDGE_CURVE('',#11465,#11489,#11491,.T.);
#11489 = VERTEX_POINT('',#11490);
#11490 = CARTESIAN_POINT('',(111.939779,56.996151,1.7));
#11491 = LINE('',#11492,#11493);
#11492 = CARTESIAN_POINT('',(111.941226,57.010782,1.7));
#11493 = VECTOR('',#11494,1.);
#11494 = DIRECTION('',(-9.841944131848E-02,-0.995145021377,0.));
#11495 = ORIENTED_EDGE('',*,*,#11496,.F.);
#11496 = EDGE_CURVE('',#3211,#11489,#11497,.T.);
#11497 = LINE('',#11498,#11499);
#11498 = CARTESIAN_POINT('',(111.939779,56.996151,0.));
#11499 = VECTOR('',#11500,1.);
#11500 = DIRECTION('',(0.,0.,1.));
#11501 = ORIENTED_EDGE('',*,*,#3210,.F.);
#11502 = PLANE('',#11503);
#11503 = AXIS2_PLACEMENT_3D('',#11504,#11505,#11506);
#11504 = CARTESIAN_POINT('',(111.941226,57.010782,0.));
#11505 = DIRECTION('',(0.995145021377,-9.841944131848E-02,0.));
#11506 = DIRECTION('',(-9.841944131848E-02,-0.995145021377,0.));
#11507 = ADVANCED_FACE('',(#11508),#11526,.F.);
#11508 = FACE_BOUND('',#11509,.F.);
#11509 = EDGE_LOOP('',(#11510,#11511,#11519,#11525));
#11510 = ORIENTED_EDGE('',*,*,#11496,.T.);
#11511 = ORIENTED_EDGE('',*,*,#11512,.T.);
#11512 = EDGE_CURVE('',#11489,#11513,#11515,.T.);
#11513 = VERTEX_POINT('',#11514);
#11514 = CARTESIAN_POINT('',(111.928577,56.9691,1.7));
#11515 = LINE('',#11516,#11517);
#11516 = CARTESIAN_POINT('',(111.939779,56.996151,1.7));
#11517 = VECTOR('',#11518,1.);
#11518 = DIRECTION('',(-0.382599148043,-0.923914439717,0.));
#11519 = ORIENTED_EDGE('',*,*,#11520,.F.);
#11520 = EDGE_CURVE('',#3219,#11513,#11521,.T.);
#11521 = LINE('',#11522,#11523);
#11522 = CARTESIAN_POINT('',(111.928577,56.9691,0.));
#11523 = VECTOR('',#11524,1.);
#11524 = DIRECTION('',(0.,0.,1.));
#11525 = ORIENTED_EDGE('',*,*,#3218,.F.);
#11526 = PLANE('',#11527);
#11527 = AXIS2_PLACEMENT_3D('',#11528,#11529,#11530);
#11528 = CARTESIAN_POINT('',(111.939779,56.996151,0.));
#11529 = DIRECTION('',(0.923914439717,-0.382599148043,0.));
#11530 = DIRECTION('',(-0.382599148043,-0.923914439717,0.));
#11531 = ADVANCED_FACE('',(#11532),#11550,.F.);
#11532 = FACE_BOUND('',#11533,.F.);
#11533 = EDGE_LOOP('',(#11534,#11535,#11543,#11549));
#11534 = ORIENTED_EDGE('',*,*,#11520,.T.);
#11535 = ORIENTED_EDGE('',*,*,#11536,.T.);
#11536 = EDGE_CURVE('',#11513,#11537,#11539,.T.);
#11537 = VERTEX_POINT('',#11538);
#11538 = CARTESIAN_POINT('',(111.907902,56.948425,1.7));
#11539 = LINE('',#11540,#11541);
#11540 = CARTESIAN_POINT('',(111.928577,56.9691,1.7));
#11541 = VECTOR('',#11542,1.);
#11542 = DIRECTION('',(-0.707106781187,-0.707106781187,0.));
#11543 = ORIENTED_EDGE('',*,*,#11544,.F.);
#11544 = EDGE_CURVE('',#3227,#11537,#11545,.T.);
#11545 = LINE('',#11546,#11547);
#11546 = CARTESIAN_POINT('',(111.907902,56.948425,0.));
#11547 = VECTOR('',#11548,1.);
#11548 = DIRECTION('',(0.,0.,1.));
#11549 = ORIENTED_EDGE('',*,*,#3226,.F.);
#11550 = PLANE('',#11551);
#11551 = AXIS2_PLACEMENT_3D('',#11552,#11553,#11554);
#11552 = CARTESIAN_POINT('',(111.928577,56.9691,0.));
#11553 = DIRECTION('',(0.707106781187,-0.707106781187,0.));
#11554 = DIRECTION('',(-0.707106781187,-0.707106781187,0.));
#11555 = ADVANCED_FACE('',(#11556),#11574,.F.);
#11556 = FACE_BOUND('',#11557,.F.);
#11557 = EDGE_LOOP('',(#11558,#11559,#11567,#11573));
#11558 = ORIENTED_EDGE('',*,*,#11544,.T.);
#11559 = ORIENTED_EDGE('',*,*,#11560,.T.);
#11560 = EDGE_CURVE('',#11537,#11561,#11563,.T.);
#11561 = VERTEX_POINT('',#11562);
#11562 = CARTESIAN_POINT('',(111.880851,56.937223,1.7));
#11563 = LINE('',#11564,#11565);
#11564 = CARTESIAN_POINT('',(111.907902,56.948425,1.7));
#11565 = VECTOR('',#11566,1.);
#11566 = DIRECTION('',(-0.923914439717,-0.382599148043,0.));
#11567 = ORIENTED_EDGE('',*,*,#11568,.F.);
#11568 = EDGE_CURVE('',#3235,#11561,#11569,.T.);
#11569 = LINE('',#11570,#11571);
#11570 = CARTESIAN_POINT('',(111.880851,56.937223,0.));
#11571 = VECTOR('',#11572,1.);
#11572 = DIRECTION('',(0.,0.,1.));
#11573 = ORIENTED_EDGE('',*,*,#3234,.F.);
#11574 = PLANE('',#11575);
#11575 = AXIS2_PLACEMENT_3D('',#11576,#11577,#11578);
#11576 = CARTESIAN_POINT('',(111.907902,56.948425,0.));
#11577 = DIRECTION('',(0.382599148043,-0.923914439717,0.));
#11578 = DIRECTION('',(-0.923914439717,-0.382599148043,0.));
#11579 = ADVANCED_FACE('',(#11580),#11598,.F.);
#11580 = FACE_BOUND('',#11581,.F.);
#11581 = EDGE_LOOP('',(#11582,#11583,#11591,#11597));
#11582 = ORIENTED_EDGE('',*,*,#11568,.T.);
#11583 = ORIENTED_EDGE('',*,*,#11584,.T.);
#11584 = EDGE_CURVE('',#11561,#11585,#11587,.T.);
#11585 = VERTEX_POINT('',#11586);
#11586 = CARTESIAN_POINT('',(111.86622,56.935776,1.7));
#11587 = LINE('',#11588,#11589);
#11588 = CARTESIAN_POINT('',(111.880851,56.937223,1.7));
#11589 = VECTOR('',#11590,1.);
#11590 = DIRECTION('',(-0.995145021377,-9.841944131891E-02,0.));
#11591 = ORIENTED_EDGE('',*,*,#11592,.F.);
#11592 = EDGE_CURVE('',#3243,#11585,#11593,.T.);
#11593 = LINE('',#11594,#11595);
#11594 = CARTESIAN_POINT('',(111.86622,56.935776,0.));
#11595 = VECTOR('',#11596,1.);
#11596 = DIRECTION('',(0.,0.,1.));
#11597 = ORIENTED_EDGE('',*,*,#3242,.F.);
#11598 = PLANE('',#11599);
#11599 = AXIS2_PLACEMENT_3D('',#11600,#11601,#11602);
#11600 = CARTESIAN_POINT('',(111.880851,56.937223,0.));
#11601 = DIRECTION('',(9.841944131891E-02,-0.995145021377,0.));
#11602 = DIRECTION('',(-0.995145021377,-9.841944131891E-02,0.));
#11603 = ADVANCED_FACE('',(#11604),#11622,.F.);
#11604 = FACE_BOUND('',#11605,.F.);
#11605 = EDGE_LOOP('',(#11606,#11607,#11615,#11621));
#11606 = ORIENTED_EDGE('',*,*,#11592,.T.);
#11607 = ORIENTED_EDGE('',*,*,#11608,.T.);
#11608 = EDGE_CURVE('',#11585,#11609,#11611,.T.);
#11609 = VERTEX_POINT('',#11610);
#11610 = CARTESIAN_POINT('',(97.766223,56.935776,1.7));
#11611 = LINE('',#11612,#11613);
#11612 = CARTESIAN_POINT('',(111.86622,56.935776,1.7));
#11613 = VECTOR('',#11614,1.);
#11614 = DIRECTION('',(-1.,0.,0.));
#11615 = ORIENTED_EDGE('',*,*,#11616,.F.);
#11616 = EDGE_CURVE('',#3251,#11609,#11617,.T.);
#11617 = LINE('',#11618,#11619);
#11618 = CARTESIAN_POINT('',(97.766223,56.935776,0.));
#11619 = VECTOR('',#11620,1.);
#11620 = DIRECTION('',(0.,0.,1.));
#11621 = ORIENTED_EDGE('',*,*,#3250,.F.);
#11622 = PLANE('',#11623);
#11623 = AXIS2_PLACEMENT_3D('',#11624,#11625,#11626);
#11624 = CARTESIAN_POINT('',(111.86622,56.935776,0.));
#11625 = DIRECTION('',(0.,-1.,0.));
#11626 = DIRECTION('',(-1.,0.,0.));
#11627 = ADVANCED_FACE('',(#11628),#11646,.F.);
#11628 = FACE_BOUND('',#11629,.F.);
#11629 = EDGE_LOOP('',(#11630,#11631,#11639,#11645));
#11630 = ORIENTED_EDGE('',*,*,#11616,.T.);
#11631 = ORIENTED_EDGE('',*,*,#11632,.T.);
#11632 = EDGE_CURVE('',#11609,#11633,#11635,.T.);
#11633 = VERTEX_POINT('',#11634);
#11634 = CARTESIAN_POINT('',(97.751593,56.937223,1.7));
#11635 = LINE('',#11636,#11637);
#11636 = CARTESIAN_POINT('',(97.766223,56.935776,1.7));
#11637 = VECTOR('',#11638,1.);
#11638 = DIRECTION('',(-0.995144362478,9.842610338432E-02,0.));
#11639 = ORIENTED_EDGE('',*,*,#11640,.F.);
#11640 = EDGE_CURVE('',#3259,#11633,#11641,.T.);
#11641 = LINE('',#11642,#11643);
#11642 = CARTESIAN_POINT('',(97.751593,56.937223,0.));
#11643 = VECTOR('',#11644,1.);
#11644 = DIRECTION('',(0.,0.,1.));
#11645 = ORIENTED_EDGE('',*,*,#3258,.F.);
#11646 = PLANE('',#11647);
#11647 = AXIS2_PLACEMENT_3D('',#11648,#11649,#11650);
#11648 = CARTESIAN_POINT('',(97.766223,56.935776,0.));
#11649 = DIRECTION('',(-9.842610338432E-02,-0.995144362478,0.));
#11650 = DIRECTION('',(-0.995144362478,9.842610338432E-02,0.));
#11651 = ADVANCED_FACE('',(#11652),#11670,.F.);
#11652 = FACE_BOUND('',#11653,.F.);
#11653 = EDGE_LOOP('',(#11654,#11655,#11663,#11669));
#11654 = ORIENTED_EDGE('',*,*,#11640,.T.);
#11655 = ORIENTED_EDGE('',*,*,#11656,.T.);
#11656 = EDGE_CURVE('',#11633,#11657,#11659,.T.);
#11657 = VERTEX_POINT('',#11658);
#11658 = CARTESIAN_POINT('',(97.724542,56.948425,1.7));
#11659 = LINE('',#11660,#11661);
#11660 = CARTESIAN_POINT('',(97.751593,56.937223,1.7));
#11661 = VECTOR('',#11662,1.);
#11662 = DIRECTION('',(-0.923914439717,0.382599148043,0.));
#11663 = ORIENTED_EDGE('',*,*,#11664,.F.);
#11664 = EDGE_CURVE('',#3267,#11657,#11665,.T.);
#11665 = LINE('',#11666,#11667);
#11666 = CARTESIAN_POINT('',(97.724542,56.948425,0.));
#11667 = VECTOR('',#11668,1.);
#11668 = DIRECTION('',(0.,0.,1.));
#11669 = ORIENTED_EDGE('',*,*,#3266,.F.);
#11670 = PLANE('',#11671);
#11671 = AXIS2_PLACEMENT_3D('',#11672,#11673,#11674);
#11672 = CARTESIAN_POINT('',(97.751593,56.937223,0.));
#11673 = DIRECTION('',(-0.382599148043,-0.923914439717,0.));
#11674 = DIRECTION('',(-0.923914439717,0.382599148043,0.));
#11675 = ADVANCED_FACE('',(#11676),#11694,.F.);
#11676 = FACE_BOUND('',#11677,.F.);
#11677 = EDGE_LOOP('',(#11678,#11679,#11687,#11693));
#11678 = ORIENTED_EDGE('',*,*,#11664,.T.);
#11679 = ORIENTED_EDGE('',*,*,#11680,.T.);
#11680 = EDGE_CURVE('',#11657,#11681,#11683,.T.);
#11681 = VERTEX_POINT('',#11682);
#11682 = CARTESIAN_POINT('',(97.703866,56.9691,1.7));
#11683 = LINE('',#11684,#11685);
#11684 = CARTESIAN_POINT('',(97.724542,56.948425,1.7));
#11685 = VECTOR('',#11686,1.);
#11686 = DIRECTION('',(-0.707123881093,0.707089680867,0.));
#11687 = ORIENTED_EDGE('',*,*,#11688,.F.);
#11688 = EDGE_CURVE('',#3275,#11681,#11689,.T.);
#11689 = LINE('',#11690,#11691);
#11690 = CARTESIAN_POINT('',(97.703866,56.9691,0.));
#11691 = VECTOR('',#11692,1.);
#11692 = DIRECTION('',(0.,0.,1.));
#11693 = ORIENTED_EDGE('',*,*,#3274,.F.);
#11694 = PLANE('',#11695);
#11695 = AXIS2_PLACEMENT_3D('',#11696,#11697,#11698);
#11696 = CARTESIAN_POINT('',(97.724542,56.948425,0.));
#11697 = DIRECTION('',(-0.707089680867,-0.707123881093,0.));
#11698 = DIRECTION('',(-0.707123881093,0.707089680867,0.));
#11699 = ADVANCED_FACE('',(#11700),#11718,.F.);
#11700 = FACE_BOUND('',#11701,.F.);
#11701 = EDGE_LOOP('',(#11702,#11703,#11711,#11717));
#11702 = ORIENTED_EDGE('',*,*,#11688,.T.);
#11703 = ORIENTED_EDGE('',*,*,#11704,.T.);
#11704 = EDGE_CURVE('',#11681,#11705,#11707,.T.);
#11705 = VERTEX_POINT('',#11706);
#11706 = CARTESIAN_POINT('',(97.692665,56.996151,1.7));
#11707 = LINE('',#11708,#11709);
#11708 = CARTESIAN_POINT('',(97.703866,56.9691,1.7));
#11709 = VECTOR('',#11710,1.);
#11710 = DIRECTION('',(-0.382569992546,0.923926512664,0.));
#11711 = ORIENTED_EDGE('',*,*,#11712,.F.);
#11712 = EDGE_CURVE('',#3283,#11705,#11713,.T.);
#11713 = LINE('',#11714,#11715);
#11714 = CARTESIAN_POINT('',(97.692665,56.996151,0.));
#11715 = VECTOR('',#11716,1.);
#11716 = DIRECTION('',(0.,0.,1.));
#11717 = ORIENTED_EDGE('',*,*,#3282,.F.);
#11718 = PLANE('',#11719);
#11719 = AXIS2_PLACEMENT_3D('',#11720,#11721,#11722);
#11720 = CARTESIAN_POINT('',(97.703866,56.9691,0.));
#11721 = DIRECTION('',(-0.923926512664,-0.382569992546,0.));
#11722 = DIRECTION('',(-0.382569992546,0.923926512664,0.));
#11723 = ADVANCED_FACE('',(#11724),#11742,.F.);
#11724 = FACE_BOUND('',#11725,.F.);
#11725 = EDGE_LOOP('',(#11726,#11727,#11735,#11741));
#11726 = ORIENTED_EDGE('',*,*,#11712,.T.);
#11727 = ORIENTED_EDGE('',*,*,#11728,.T.);
#11728 = EDGE_CURVE('',#11705,#11729,#11731,.T.);
#11729 = VERTEX_POINT('',#11730);
#11730 = CARTESIAN_POINT('',(97.691217,57.010782,1.7));
#11731 = LINE('',#11732,#11733);
#11732 = CARTESIAN_POINT('',(97.692665,56.996151,1.7));
#11733 = VECTOR('',#11734,1.);
#11734 = DIRECTION('',(-9.848679801152E-02,0.995138357525,0.));
#11735 = ORIENTED_EDGE('',*,*,#11736,.F.);
#11736 = EDGE_CURVE('',#3291,#11729,#11737,.T.);
#11737 = LINE('',#11738,#11739);
#11738 = CARTESIAN_POINT('',(97.691217,57.010782,0.));
#11739 = VECTOR('',#11740,1.);
#11740 = DIRECTION('',(0.,0.,1.));
#11741 = ORIENTED_EDGE('',*,*,#3290,.F.);
#11742 = PLANE('',#11743);
#11743 = AXIS2_PLACEMENT_3D('',#11744,#11745,#11746);
#11744 = CARTESIAN_POINT('',(97.692665,56.996151,0.));
#11745 = DIRECTION('',(-0.995138357525,-9.848679801152E-02,0.));
#11746 = DIRECTION('',(-9.848679801152E-02,0.995138357525,0.));
#11747 = ADVANCED_FACE('',(#11748),#11766,.F.);
#11748 = FACE_BOUND('',#11749,.F.);
#11749 = EDGE_LOOP('',(#11750,#11751,#11759,#11765));
#11750 = ORIENTED_EDGE('',*,*,#11736,.T.);
#11751 = ORIENTED_EDGE('',*,*,#11752,.T.);
#11752 = EDGE_CURVE('',#11729,#11753,#11755,.T.);
#11753 = VERTEX_POINT('',#11754);
#11754 = CARTESIAN_POINT('',(97.691217,71.110779,1.7));
#11755 = LINE('',#11756,#11757);
#11756 = CARTESIAN_POINT('',(97.691217,57.010782,1.7));
#11757 = VECTOR('',#11758,1.);
#11758 = DIRECTION('',(0.,1.,0.));
#11759 = ORIENTED_EDGE('',*,*,#11760,.F.);
#11760 = EDGE_CURVE('',#3299,#11753,#11761,.T.);
#11761 = LINE('',#11762,#11763);
#11762 = CARTESIAN_POINT('',(97.691217,71.110779,0.));
#11763 = VECTOR('',#11764,1.);
#11764 = DIRECTION('',(0.,0.,1.));
#11765 = ORIENTED_EDGE('',*,*,#3298,.F.);
#11766 = PLANE('',#11767);
#11767 = AXIS2_PLACEMENT_3D('',#11768,#11769,#11770);
#11768 = CARTESIAN_POINT('',(97.691217,57.010782,0.));
#11769 = DIRECTION('',(-1.,0.,0.));
#11770 = DIRECTION('',(0.,1.,0.));
#11771 = ADVANCED_FACE('',(#11772),#11790,.F.);
#11772 = FACE_BOUND('',#11773,.F.);
#11773 = EDGE_LOOP('',(#11774,#11775,#11783,#11789));
#11774 = ORIENTED_EDGE('',*,*,#11760,.T.);
#11775 = ORIENTED_EDGE('',*,*,#11776,.T.);
#11776 = EDGE_CURVE('',#11753,#11777,#11779,.T.);
#11777 = VERTEX_POINT('',#11778);
#11778 = CARTESIAN_POINT('',(97.692665,71.125409,1.7));
#11779 = LINE('',#11780,#11781);
#11780 = CARTESIAN_POINT('',(97.691217,71.110779,1.7));
#11781 = VECTOR('',#11782,1.);
#11782 = DIRECTION('',(9.84934645469E-02,0.995137697729,0.));
#11783 = ORIENTED_EDGE('',*,*,#11784,.F.);
#11784 = EDGE_CURVE('',#3307,#11777,#11785,.T.);
#11785 = LINE('',#11786,#11787);
#11786 = CARTESIAN_POINT('',(97.692665,71.125409,0.));
#11787 = VECTOR('',#11788,1.);
#11788 = DIRECTION('',(0.,0.,1.));
#11789 = ORIENTED_EDGE('',*,*,#3306,.F.);
#11790 = PLANE('',#11791);
#11791 = AXIS2_PLACEMENT_3D('',#11792,#11793,#11794);
#11792 = CARTESIAN_POINT('',(97.691217,71.110779,0.));
#11793 = DIRECTION('',(-0.995137697729,9.84934645469E-02,0.));
#11794 = DIRECTION('',(9.84934645469E-02,0.995137697729,0.));
#11795 = ADVANCED_FACE('',(#11796),#11814,.F.);
#11796 = FACE_BOUND('',#11797,.F.);
#11797 = EDGE_LOOP('',(#11798,#11799,#11807,#11813));
#11798 = ORIENTED_EDGE('',*,*,#11784,.T.);
#11799 = ORIENTED_EDGE('',*,*,#11800,.T.);
#11800 = EDGE_CURVE('',#11777,#11801,#11803,.T.);
#11801 = VERTEX_POINT('',#11802);
#11802 = CARTESIAN_POINT('',(97.703866,71.15246,1.7));
#11803 = LINE('',#11804,#11805);
#11804 = CARTESIAN_POINT('',(97.692665,71.125409,1.7));
#11805 = VECTOR('',#11806,1.);
#11806 = DIRECTION('',(0.382569992546,0.923926512664,0.));
#11807 = ORIENTED_EDGE('',*,*,#11808,.F.);
#11808 = EDGE_CURVE('',#3315,#11801,#11809,.T.);
#11809 = LINE('',#11810,#11811);
#11810 = CARTESIAN_POINT('',(97.703866,71.15246,0.));
#11811 = VECTOR('',#11812,1.);
#11812 = DIRECTION('',(0.,0.,1.));
#11813 = ORIENTED_EDGE('',*,*,#3314,.F.);
#11814 = PLANE('',#11815);
#11815 = AXIS2_PLACEMENT_3D('',#11816,#11817,#11818);
#11816 = CARTESIAN_POINT('',(97.692665,71.125409,0.));
#11817 = DIRECTION('',(-0.923926512664,0.382569992546,0.));
#11818 = DIRECTION('',(0.382569992546,0.923926512664,0.));
#11819 = ADVANCED_FACE('',(#11820),#11838,.F.);
#11820 = FACE_BOUND('',#11821,.F.);
#11821 = EDGE_LOOP('',(#11822,#11823,#11831,#11837));
#11822 = ORIENTED_EDGE('',*,*,#11808,.T.);
#11823 = ORIENTED_EDGE('',*,*,#11824,.T.);
#11824 = EDGE_CURVE('',#11801,#11825,#11827,.T.);
#11825 = VERTEX_POINT('',#11826);
#11826 = CARTESIAN_POINT('',(97.724542,71.173136,1.7));
#11827 = LINE('',#11828,#11829);
#11828 = CARTESIAN_POINT('',(97.703866,71.15246,1.7));
#11829 = VECTOR('',#11830,1.);
#11830 = DIRECTION('',(0.707106781187,0.707106781187,0.));
#11831 = ORIENTED_EDGE('',*,*,#11832,.F.);
#11832 = EDGE_CURVE('',#3323,#11825,#11833,.T.);
#11833 = LINE('',#11834,#11835);
#11834 = CARTESIAN_POINT('',(97.724542,71.173136,0.));
#11835 = VECTOR('',#11836,1.);
#11836 = DIRECTION('',(0.,0.,1.));
#11837 = ORIENTED_EDGE('',*,*,#3322,.F.);
#11838 = PLANE('',#11839);
#11839 = AXIS2_PLACEMENT_3D('',#11840,#11841,#11842);
#11840 = CARTESIAN_POINT('',(97.703866,71.15246,0.));
#11841 = DIRECTION('',(-0.707106781187,0.707106781187,0.));
#11842 = DIRECTION('',(0.707106781187,0.707106781187,0.));
#11843 = ADVANCED_FACE('',(#11844),#11862,.F.);
#11844 = FACE_BOUND('',#11845,.F.);
#11845 = EDGE_LOOP('',(#11846,#11847,#11855,#11861));
#11846 = ORIENTED_EDGE('',*,*,#11832,.T.);
#11847 = ORIENTED_EDGE('',*,*,#11848,.T.);
#11848 = EDGE_CURVE('',#11825,#11849,#11851,.T.);
#11849 = VERTEX_POINT('',#11850);
#11850 = CARTESIAN_POINT('',(97.751593,71.184337,1.7));
#11851 = LINE('',#11852,#11853);
#11852 = CARTESIAN_POINT('',(97.724542,71.173136,1.7));
#11853 = VECTOR('',#11854,1.);
#11854 = DIRECTION('',(0.923926512664,0.382569992546,0.));
#11855 = ORIENTED_EDGE('',*,*,#11856,.F.);
#11856 = EDGE_CURVE('',#3331,#11849,#11857,.T.);
#11857 = LINE('',#11858,#11859);
#11858 = CARTESIAN_POINT('',(97.751593,71.184337,0.));
#11859 = VECTOR('',#11860,1.);
#11860 = DIRECTION('',(0.,0.,1.));
#11861 = ORIENTED_EDGE('',*,*,#3330,.F.);
#11862 = PLANE('',#11863);
#11863 = AXIS2_PLACEMENT_3D('',#11864,#11865,#11866);
#11864 = CARTESIAN_POINT('',(97.724542,71.173136,0.));
#11865 = DIRECTION('',(-0.382569992546,0.923926512664,0.));
#11866 = DIRECTION('',(0.923926512664,0.382569992546,0.));
#11867 = ADVANCED_FACE('',(#11868),#11886,.F.);
#11868 = FACE_BOUND('',#11869,.F.);
#11869 = EDGE_LOOP('',(#11870,#11871,#11879,#11885));
#11870 = ORIENTED_EDGE('',*,*,#11856,.T.);
#11871 = ORIENTED_EDGE('',*,*,#11872,.T.);
#11872 = EDGE_CURVE('',#11849,#11873,#11875,.T.);
#11873 = VERTEX_POINT('',#11874);
#11874 = CARTESIAN_POINT('',(97.766223,71.185785,1.7));
#11875 = LINE('',#11876,#11877);
#11876 = CARTESIAN_POINT('',(97.751593,71.184337,1.7));
#11877 = VECTOR('',#11878,1.);
#11878 = DIRECTION('',(0.995137697729,9.849346454604E-02,0.));
#11879 = ORIENTED_EDGE('',*,*,#11880,.F.);
#11880 = EDGE_CURVE('',#3339,#11873,#11881,.T.);
#11881 = LINE('',#11882,#11883);
#11882 = CARTESIAN_POINT('',(97.766223,71.185785,0.));
#11883 = VECTOR('',#11884,1.);
#11884 = DIRECTION('',(0.,0.,1.));
#11885 = ORIENTED_EDGE('',*,*,#3338,.F.);
#11886 = PLANE('',#11887);
#11887 = AXIS2_PLACEMENT_3D('',#11888,#11889,#11890);
#11888 = CARTESIAN_POINT('',(97.751593,71.184337,0.));
#11889 = DIRECTION('',(-9.849346454604E-02,0.995137697729,0.));
#11890 = DIRECTION('',(0.995137697729,9.849346454604E-02,0.));
#11891 = ADVANCED_FACE('',(#11892),#11910,.F.);
#11892 = FACE_BOUND('',#11893,.F.);
#11893 = EDGE_LOOP('',(#11894,#11895,#11903,#11909));
#11894 = ORIENTED_EDGE('',*,*,#11880,.T.);
#11895 = ORIENTED_EDGE('',*,*,#11896,.T.);
#11896 = EDGE_CURVE('',#11873,#11897,#11899,.T.);
#11897 = VERTEX_POINT('',#11898);
#11898 = CARTESIAN_POINT('',(111.86622,71.185785,1.7));
#11899 = LINE('',#11900,#11901);
#11900 = CARTESIAN_POINT('',(97.766223,71.185785,1.7));
#11901 = VECTOR('',#11902,1.);
#11902 = DIRECTION('',(1.,0.,0.));
#11903 = ORIENTED_EDGE('',*,*,#11904,.F.);
#11904 = EDGE_CURVE('',#3347,#11897,#11905,.T.);
#11905 = LINE('',#11906,#11907);
#11906 = CARTESIAN_POINT('',(111.86622,71.185785,0.));
#11907 = VECTOR('',#11908,1.);
#11908 = DIRECTION('',(0.,0.,1.));
#11909 = ORIENTED_EDGE('',*,*,#3346,.F.);
#11910 = PLANE('',#11911);
#11911 = AXIS2_PLACEMENT_3D('',#11912,#11913,#11914);
#11912 = CARTESIAN_POINT('',(97.766223,71.185785,0.));
#11913 = DIRECTION('',(0.,1.,0.));
#11914 = DIRECTION('',(1.,0.,0.));
#11915 = ADVANCED_FACE('',(#11916),#11927,.F.);
#11916 = FACE_BOUND('',#11917,.F.);
#11917 = EDGE_LOOP('',(#11918,#11919,#11925,#11926));
#11918 = ORIENTED_EDGE('',*,*,#11904,.T.);
#11919 = ORIENTED_EDGE('',*,*,#11920,.T.);
#11920 = EDGE_CURVE('',#11897,#11361,#11921,.T.);
#11921 = LINE('',#11922,#11923);
#11922 = CARTESIAN_POINT('',(111.86622,71.185785,1.7));
#11923 = VECTOR('',#11924,1.);
#11924 = DIRECTION('',(0.995138357525,-9.848679801051E-02,0.));
#11925 = ORIENTED_EDGE('',*,*,#11360,.F.);
#11926 = ORIENTED_EDGE('',*,*,#3354,.F.);
#11927 = PLANE('',#11928);
#11928 = AXIS2_PLACEMENT_3D('',#11929,#11930,#11931);
#11929 = CARTESIAN_POINT('',(111.86622,71.185785,0.));
#11930 = DIRECTION('',(9.848679801051E-02,0.995138357525,0.));
#11931 = DIRECTION('',(0.995138357525,-9.848679801051E-02,0.));
#11932 = ADVANCED_FACE('',(#11933),#11958,.F.);
#11933 = FACE_BOUND('',#11934,.F.);
#11934 = EDGE_LOOP('',(#11935,#11943,#11951,#11957));
#11935 = ORIENTED_EDGE('',*,*,#11936,.T.);
#11936 = EDGE_CURVE('',#3363,#11937,#11939,.T.);
#11937 = VERTEX_POINT('',#11938);
#11938 = CARTESIAN_POINT('',(92.830851,71.184337,1.7));
#11939 = LINE('',#11940,#11941);
#11940 = CARTESIAN_POINT('',(92.830851,71.184337,0.));
#11941 = VECTOR('',#11942,1.);
#11942 = DIRECTION('',(0.,0.,1.));
#11943 = ORIENTED_EDGE('',*,*,#11944,.T.);
#11944 = EDGE_CURVE('',#11937,#11945,#11947,.T.);
#11945 = VERTEX_POINT('',#11946);
#11946 = CARTESIAN_POINT('',(92.857902,71.173136,1.7));
#11947 = LINE('',#11948,#11949);
#11948 = CARTESIAN_POINT('',(92.830851,71.184337,1.7));
#11949 = VECTOR('',#11950,1.);
#11950 = DIRECTION('',(0.923926512664,-0.382569992546,0.));
#11951 = ORIENTED_EDGE('',*,*,#11952,.F.);
#11952 = EDGE_CURVE('',#3365,#11945,#11953,.T.);
#11953 = LINE('',#11954,#11955);
#11954 = CARTESIAN_POINT('',(92.857902,71.173136,0.));
#11955 = VECTOR('',#11956,1.);
#11956 = DIRECTION('',(0.,0.,1.));
#11957 = ORIENTED_EDGE('',*,*,#3362,.F.);
#11958 = PLANE('',#11959);
#11959 = AXIS2_PLACEMENT_3D('',#11960,#11961,#11962);
#11960 = CARTESIAN_POINT('',(92.830851,71.184337,0.));
#11961 = DIRECTION('',(0.382569992546,0.923926512664,0.));
#11962 = DIRECTION('',(0.923926512664,-0.382569992546,0.));
#11963 = ADVANCED_FACE('',(#11964),#11982,.F.);
#11964 = FACE_BOUND('',#11965,.F.);
#11965 = EDGE_LOOP('',(#11966,#11967,#11975,#11981));
#11966 = ORIENTED_EDGE('',*,*,#11952,.T.);
#11967 = ORIENTED_EDGE('',*,*,#11968,.T.);
#11968 = EDGE_CURVE('',#11945,#11969,#11971,.T.);
#11969 = VERTEX_POINT('',#11970);
#11970 = CARTESIAN_POINT('',(92.878577,71.15246,1.7));
#11971 = LINE('',#11972,#11973);
#11972 = CARTESIAN_POINT('',(92.857902,71.173136,1.7));
#11973 = VECTOR('',#11974,1.);
#11974 = DIRECTION('',(0.707089680867,-0.707123881093,0.));
#11975 = ORIENTED_EDGE('',*,*,#11976,.F.);
#11976 = EDGE_CURVE('',#3373,#11969,#11977,.T.);
#11977 = LINE('',#11978,#11979);
#11978 = CARTESIAN_POINT('',(92.878577,71.15246,0.));
#11979 = VECTOR('',#11980,1.);
#11980 = DIRECTION('',(0.,0.,1.));
#11981 = ORIENTED_EDGE('',*,*,#3372,.F.);
#11982 = PLANE('',#11983);
#11983 = AXIS2_PLACEMENT_3D('',#11984,#11985,#11986);
#11984 = CARTESIAN_POINT('',(92.857902,71.173136,0.));
#11985 = DIRECTION('',(0.707123881093,0.707089680867,0.));
#11986 = DIRECTION('',(0.707089680867,-0.707123881093,0.));
#11987 = ADVANCED_FACE('',(#11988),#12006,.F.);
#11988 = FACE_BOUND('',#11989,.F.);
#11989 = EDGE_LOOP('',(#11990,#11991,#11999,#12005));
#11990 = ORIENTED_EDGE('',*,*,#11976,.T.);
#11991 = ORIENTED_EDGE('',*,*,#11992,.T.);
#11992 = EDGE_CURVE('',#11969,#11993,#11995,.T.);
#11993 = VERTEX_POINT('',#11994);
#11994 = CARTESIAN_POINT('',(92.889779,71.125409,1.7));
#11995 = LINE('',#11996,#11997);
#11996 = CARTESIAN_POINT('',(92.878577,71.15246,1.7));
#11997 = VECTOR('',#11998,1.);
#11998 = DIRECTION('',(0.382599148043,-0.923914439717,0.));
#11999 = ORIENTED_EDGE('',*,*,#12000,.F.);
#12000 = EDGE_CURVE('',#3381,#11993,#12001,.T.);
#12001 = LINE('',#12002,#12003);
#12002 = CARTESIAN_POINT('',(92.889779,71.125409,0.));
#12003 = VECTOR('',#12004,1.);
#12004 = DIRECTION('',(0.,0.,1.));
#12005 = ORIENTED_EDGE('',*,*,#3380,.F.);
#12006 = PLANE('',#12007);
#12007 = AXIS2_PLACEMENT_3D('',#12008,#12009,#12010);
#12008 = CARTESIAN_POINT('',(92.878577,71.15246,0.));
#12009 = DIRECTION('',(0.923914439717,0.382599148043,0.));
#12010 = DIRECTION('',(0.382599148043,-0.923914439717,0.));
#12011 = ADVANCED_FACE('',(#12012),#12030,.F.);
#12012 = FACE_BOUND('',#12013,.F.);
#12013 = EDGE_LOOP('',(#12014,#12015,#12023,#12029));
#12014 = ORIENTED_EDGE('',*,*,#12000,.T.);
#12015 = ORIENTED_EDGE('',*,*,#12016,.T.);
#12016 = EDGE_CURVE('',#11993,#12017,#12019,.T.);
#12017 = VERTEX_POINT('',#12018);
#12018 = CARTESIAN_POINT('',(92.891226,71.110779,1.7));
#12019 = LINE('',#12020,#12021);
#12020 = CARTESIAN_POINT('',(92.889779,71.125409,1.7));
#12021 = VECTOR('',#12022,1.);
#12022 = DIRECTION('',(9.842610338374E-02,-0.995144362478,0.));
#12023 = ORIENTED_EDGE('',*,*,#12024,.F.);
#12024 = EDGE_CURVE('',#3389,#12017,#12025,.T.);
#12025 = LINE('',#12026,#12027);
#12026 = CARTESIAN_POINT('',(92.891226,71.110779,0.));
#12027 = VECTOR('',#12028,1.);
#12028 = DIRECTION('',(0.,0.,1.));
#12029 = ORIENTED_EDGE('',*,*,#3388,.F.);
#12030 = PLANE('',#12031);
#12031 = AXIS2_PLACEMENT_3D('',#12032,#12033,#12034);
#12032 = CARTESIAN_POINT('',(92.889779,71.125409,0.));
#12033 = DIRECTION('',(0.995144362478,9.842610338374E-02,0.));
#12034 = DIRECTION('',(9.842610338374E-02,-0.995144362478,0.));
#12035 = ADVANCED_FACE('',(#12036),#12054,.F.);
#12036 = FACE_BOUND('',#12037,.F.);
#12037 = EDGE_LOOP('',(#12038,#12039,#12047,#12053));
#12038 = ORIENTED_EDGE('',*,*,#12024,.T.);
#12039 = ORIENTED_EDGE('',*,*,#12040,.T.);
#12040 = EDGE_CURVE('',#12017,#12041,#12043,.T.);
#12041 = VERTEX_POINT('',#12042);
#12042 = CARTESIAN_POINT('',(92.891226,57.010782,1.7));
#12043 = LINE('',#12044,#12045);
#12044 = CARTESIAN_POINT('',(92.891226,71.110779,1.7));
#12045 = VECTOR('',#12046,1.);
#12046 = DIRECTION('',(0.,-1.,0.));
#12047 = ORIENTED_EDGE('',*,*,#12048,.F.);
#12048 = EDGE_CURVE('',#3397,#12041,#12049,.T.);
#12049 = LINE('',#12050,#12051);
#12050 = CARTESIAN_POINT('',(92.891226,57.010782,0.));
#12051 = VECTOR('',#12052,1.);
#12052 = DIRECTION('',(0.,0.,1.));
#12053 = ORIENTED_EDGE('',*,*,#3396,.F.);
#12054 = PLANE('',#12055);
#12055 = AXIS2_PLACEMENT_3D('',#12056,#12057,#12058);
#12056 = CARTESIAN_POINT('',(92.891226,71.110779,0.));
#12057 = DIRECTION('',(1.,0.,0.));
#12058 = DIRECTION('',(0.,-1.,0.));
#12059 = ADVANCED_FACE('',(#12060),#12078,.F.);
#12060 = FACE_BOUND('',#12061,.F.);
#12061 = EDGE_LOOP('',(#12062,#12063,#12071,#12077));
#12062 = ORIENTED_EDGE('',*,*,#12048,.T.);
#12063 = ORIENTED_EDGE('',*,*,#12064,.T.);
#12064 = EDGE_CURVE('',#12041,#12065,#12067,.T.);
#12065 = VERTEX_POINT('',#12066);
#12066 = CARTESIAN_POINT('',(92.889779,56.996151,1.7));
#12067 = LINE('',#12068,#12069);
#12068 = CARTESIAN_POINT('',(92.891226,57.010782,1.7));
#12069 = VECTOR('',#12070,1.);
#12070 = DIRECTION('',(-9.841944131848E-02,-0.995145021377,0.));
#12071 = ORIENTED_EDGE('',*,*,#12072,.F.);
#12072 = EDGE_CURVE('',#3405,#12065,#12073,.T.);
#12073 = LINE('',#12074,#12075);
#12074 = CARTESIAN_POINT('',(92.889779,56.996151,0.));
#12075 = VECTOR('',#12076,1.);
#12076 = DIRECTION('',(0.,0.,1.));
#12077 = ORIENTED_EDGE('',*,*,#3404,.F.);
#12078 = PLANE('',#12079);
#12079 = AXIS2_PLACEMENT_3D('',#12080,#12081,#12082);
#12080 = CARTESIAN_POINT('',(92.891226,57.010782,0.));
#12081 = DIRECTION('',(0.995145021377,-9.841944131848E-02,0.));
#12082 = DIRECTION('',(-9.841944131848E-02,-0.995145021377,0.));
#12083 = ADVANCED_FACE('',(#12084),#12102,.F.);
#12084 = FACE_BOUND('',#12085,.F.);
#12085 = EDGE_LOOP('',(#12086,#12087,#12095,#12101));
#12086 = ORIENTED_EDGE('',*,*,#12072,.T.);
#12087 = ORIENTED_EDGE('',*,*,#12088,.T.);
#12088 = EDGE_CURVE('',#12065,#12089,#12091,.T.);
#12089 = VERTEX_POINT('',#12090);
#12090 = CARTESIAN_POINT('',(92.878577,56.9691,1.7));
#12091 = LINE('',#12092,#12093);
#12092 = CARTESIAN_POINT('',(92.889779,56.996151,1.7));
#12093 = VECTOR('',#12094,1.);
#12094 = DIRECTION('',(-0.382599148043,-0.923914439717,0.));
#12095 = ORIENTED_EDGE('',*,*,#12096,.F.);
#12096 = EDGE_CURVE('',#3413,#12089,#12097,.T.);
#12097 = LINE('',#12098,#12099);
#12098 = CARTESIAN_POINT('',(92.878577,56.9691,0.));
#12099 = VECTOR('',#12100,1.);
#12100 = DIRECTION('',(0.,0.,1.));
#12101 = ORIENTED_EDGE('',*,*,#3412,.F.);
#12102 = PLANE('',#12103);
#12103 = AXIS2_PLACEMENT_3D('',#12104,#12105,#12106);
#12104 = CARTESIAN_POINT('',(92.889779,56.996151,0.));
#12105 = DIRECTION('',(0.923914439717,-0.382599148043,0.));
#12106 = DIRECTION('',(-0.382599148043,-0.923914439717,0.));
#12107 = ADVANCED_FACE('',(#12108),#12126,.F.);
#12108 = FACE_BOUND('',#12109,.F.);
#12109 = EDGE_LOOP('',(#12110,#12111,#12119,#12125));
#12110 = ORIENTED_EDGE('',*,*,#12096,.T.);
#12111 = ORIENTED_EDGE('',*,*,#12112,.T.);
#12112 = EDGE_CURVE('',#12089,#12113,#12115,.T.);
#12113 = VERTEX_POINT('',#12114);
#12114 = CARTESIAN_POINT('',(92.857902,56.948425,1.7));
#12115 = LINE('',#12116,#12117);
#12116 = CARTESIAN_POINT('',(92.878577,56.9691,1.7));
#12117 = VECTOR('',#12118,1.);
#12118 = DIRECTION('',(-0.707106781187,-0.707106781186,0.));
#12119 = ORIENTED_EDGE('',*,*,#12120,.F.);
#12120 = EDGE_CURVE('',#3421,#12113,#12121,.T.);
#12121 = LINE('',#12122,#12123);
#12122 = CARTESIAN_POINT('',(92.857902,56.948425,0.));
#12123 = VECTOR('',#12124,1.);
#12124 = DIRECTION('',(0.,0.,1.));
#12125 = ORIENTED_EDGE('',*,*,#3420,.F.);
#12126 = PLANE('',#12127);
#12127 = AXIS2_PLACEMENT_3D('',#12128,#12129,#12130);
#12128 = CARTESIAN_POINT('',(92.878577,56.9691,0.));
#12129 = DIRECTION('',(0.707106781186,-0.707106781187,0.));
#12130 = DIRECTION('',(-0.707106781187,-0.707106781186,0.));
#12131 = ADVANCED_FACE('',(#12132),#12150,.F.);
#12132 = FACE_BOUND('',#12133,.F.);
#12133 = EDGE_LOOP('',(#12134,#12135,#12143,#12149));
#12134 = ORIENTED_EDGE('',*,*,#12120,.T.);
#12135 = ORIENTED_EDGE('',*,*,#12136,.T.);
#12136 = EDGE_CURVE('',#12113,#12137,#12139,.T.);
#12137 = VERTEX_POINT('',#12138);
#12138 = CARTESIAN_POINT('',(92.830851,56.937223,1.7));
#12139 = LINE('',#12140,#12141);
#12140 = CARTESIAN_POINT('',(92.857902,56.948425,1.7));
#12141 = VECTOR('',#12142,1.);
#12142 = DIRECTION('',(-0.923914439717,-0.382599148043,0.));
#12143 = ORIENTED_EDGE('',*,*,#12144,.F.);
#12144 = EDGE_CURVE('',#3429,#12137,#12145,.T.);
#12145 = LINE('',#12146,#12147);
#12146 = CARTESIAN_POINT('',(92.830851,56.937223,0.));
#12147 = VECTOR('',#12148,1.);
#12148 = DIRECTION('',(0.,0.,1.));
#12149 = ORIENTED_EDGE('',*,*,#3428,.F.);
#12150 = PLANE('',#12151);
#12151 = AXIS2_PLACEMENT_3D('',#12152,#12153,#12154);
#12152 = CARTESIAN_POINT('',(92.857902,56.948425,0.));
#12153 = DIRECTION('',(0.382599148043,-0.923914439717,0.));
#12154 = DIRECTION('',(-0.923914439717,-0.382599148043,0.));
#12155 = ADVANCED_FACE('',(#12156),#12174,.F.);
#12156 = FACE_BOUND('',#12157,.F.);
#12157 = EDGE_LOOP('',(#12158,#12159,#12167,#12173));
#12158 = ORIENTED_EDGE('',*,*,#12144,.T.);
#12159 = ORIENTED_EDGE('',*,*,#12160,.T.);
#12160 = EDGE_CURVE('',#12137,#12161,#12163,.T.);
#12161 = VERTEX_POINT('',#12162);
#12162 = CARTESIAN_POINT('',(92.81622,56.935776,1.7));
#12163 = LINE('',#12164,#12165);
#12164 = CARTESIAN_POINT('',(92.830851,56.937223,1.7));
#12165 = VECTOR('',#12166,1.);
#12166 = DIRECTION('',(-0.995145021377,-9.8419441319E-02,0.));
#12167 = ORIENTED_EDGE('',*,*,#12168,.F.);
#12168 = EDGE_CURVE('',#3437,#12161,#12169,.T.);
#12169 = LINE('',#12170,#12171);
#12170 = CARTESIAN_POINT('',(92.81622,56.935776,0.));
#12171 = VECTOR('',#12172,1.);
#12172 = DIRECTION('',(0.,0.,1.));
#12173 = ORIENTED_EDGE('',*,*,#3436,.F.);
#12174 = PLANE('',#12175);
#12175 = AXIS2_PLACEMENT_3D('',#12176,#12177,#12178);
#12176 = CARTESIAN_POINT('',(92.830851,56.937223,0.));
#12177 = DIRECTION('',(9.8419441319E-02,-0.995145021377,0.));
#12178 = DIRECTION('',(-0.995145021377,-9.8419441319E-02,0.));
#12179 = ADVANCED_FACE('',(#12180),#12198,.F.);
#12180 = FACE_BOUND('',#12181,.F.);
#12181 = EDGE_LOOP('',(#12182,#12183,#12191,#12197));
#12182 = ORIENTED_EDGE('',*,*,#12168,.T.);
#12183 = ORIENTED_EDGE('',*,*,#12184,.T.);
#12184 = EDGE_CURVE('',#12161,#12185,#12187,.T.);
#12185 = VERTEX_POINT('',#12186);
#12186 = CARTESIAN_POINT('',(78.716223,56.935776,1.7));
#12187 = LINE('',#12188,#12189);
#12188 = CARTESIAN_POINT('',(92.81622,56.935776,1.7));
#12189 = VECTOR('',#12190,1.);
#12190 = DIRECTION('',(-1.,0.,0.));
#12191 = ORIENTED_EDGE('',*,*,#12192,.F.);
#12192 = EDGE_CURVE('',#3445,#12185,#12193,.T.);
#12193 = LINE('',#12194,#12195);
#12194 = CARTESIAN_POINT('',(78.716223,56.935776,0.));
#12195 = VECTOR('',#12196,1.);
#12196 = DIRECTION('',(0.,0.,1.));
#12197 = ORIENTED_EDGE('',*,*,#3444,.F.);
#12198 = PLANE('',#12199);
#12199 = AXIS2_PLACEMENT_3D('',#12200,#12201,#12202);
#12200 = CARTESIAN_POINT('',(92.81622,56.935776,0.));
#12201 = DIRECTION('',(0.,-1.,0.));
#12202 = DIRECTION('',(-1.,0.,0.));
#12203 = ADVANCED_FACE('',(#12204),#12222,.F.);
#12204 = FACE_BOUND('',#12205,.F.);
#12205 = EDGE_LOOP('',(#12206,#12207,#12215,#12221));
#12206 = ORIENTED_EDGE('',*,*,#12192,.T.);
#12207 = ORIENTED_EDGE('',*,*,#12208,.T.);
#12208 = EDGE_CURVE('',#12185,#12209,#12211,.T.);
#12209 = VERTEX_POINT('',#12210);
#12210 = CARTESIAN_POINT('',(78.701593,56.937223,1.7));
#12211 = LINE('',#12212,#12213);
#12212 = CARTESIAN_POINT('',(78.716223,56.935776,1.7));
#12213 = VECTOR('',#12214,1.);
#12214 = DIRECTION('',(-0.995144362478,9.842610338432E-02,0.));
#12215 = ORIENTED_EDGE('',*,*,#12216,.F.);
#12216 = EDGE_CURVE('',#3453,#12209,#12217,.T.);
#12217 = LINE('',#12218,#12219);
#12218 = CARTESIAN_POINT('',(78.701593,56.937223,0.));
#12219 = VECTOR('',#12220,1.);
#12220 = DIRECTION('',(0.,0.,1.));
#12221 = ORIENTED_EDGE('',*,*,#3452,.F.);
#12222 = PLANE('',#12223);
#12223 = AXIS2_PLACEMENT_3D('',#12224,#12225,#12226);
#12224 = CARTESIAN_POINT('',(78.716223,56.935776,0.));
#12225 = DIRECTION('',(-9.842610338432E-02,-0.995144362478,0.));
#12226 = DIRECTION('',(-0.995144362478,9.842610338432E-02,0.));
#12227 = ADVANCED_FACE('',(#12228),#12246,.F.);
#12228 = FACE_BOUND('',#12229,.F.);
#12229 = EDGE_LOOP('',(#12230,#12231,#12239,#12245));
#12230 = ORIENTED_EDGE('',*,*,#12216,.T.);
#12231 = ORIENTED_EDGE('',*,*,#12232,.T.);
#12232 = EDGE_CURVE('',#12209,#12233,#12235,.T.);
#12233 = VERTEX_POINT('',#12234);
#12234 = CARTESIAN_POINT('',(78.674542,56.948425,1.7));
#12235 = LINE('',#12236,#12237);
#12236 = CARTESIAN_POINT('',(78.701593,56.937223,1.7));
#12237 = VECTOR('',#12238,1.);
#12238 = DIRECTION('',(-0.923914439717,0.382599148043,0.));
#12239 = ORIENTED_EDGE('',*,*,#12240,.F.);
#12240 = EDGE_CURVE('',#3461,#12233,#12241,.T.);
#12241 = LINE('',#12242,#12243);
#12242 = CARTESIAN_POINT('',(78.674542,56.948425,0.));
#12243 = VECTOR('',#12244,1.);
#12244 = DIRECTION('',(0.,0.,1.));
#12245 = ORIENTED_EDGE('',*,*,#3460,.F.);
#12246 = PLANE('',#12247);
#12247 = AXIS2_PLACEMENT_3D('',#12248,#12249,#12250);
#12248 = CARTESIAN_POINT('',(78.701593,56.937223,0.));
#12249 = DIRECTION('',(-0.382599148043,-0.923914439717,0.));
#12250 = DIRECTION('',(-0.923914439717,0.382599148043,0.));
#12251 = ADVANCED_FACE('',(#12252),#12270,.F.);
#12252 = FACE_BOUND('',#12253,.F.);
#12253 = EDGE_LOOP('',(#12254,#12255,#12263,#12269));
#12254 = ORIENTED_EDGE('',*,*,#12240,.T.);
#12255 = ORIENTED_EDGE('',*,*,#12256,.T.);
#12256 = EDGE_CURVE('',#12233,#12257,#12259,.T.);
#12257 = VERTEX_POINT('',#12258);
#12258 = CARTESIAN_POINT('',(78.653866,56.9691,1.7));
#12259 = LINE('',#12260,#12261);
#12260 = CARTESIAN_POINT('',(78.674542,56.948425,1.7));
#12261 = VECTOR('',#12262,1.);
#12262 = DIRECTION('',(-0.707123881093,0.707089680866,0.));
#12263 = ORIENTED_EDGE('',*,*,#12264,.F.);
#12264 = EDGE_CURVE('',#3469,#12257,#12265,.T.);
#12265 = LINE('',#12266,#12267);
#12266 = CARTESIAN_POINT('',(78.653866,56.9691,0.));
#12267 = VECTOR('',#12268,1.);
#12268 = DIRECTION('',(0.,0.,1.));
#12269 = ORIENTED_EDGE('',*,*,#3468,.F.);
#12270 = PLANE('',#12271);
#12271 = AXIS2_PLACEMENT_3D('',#12272,#12273,#12274);
#12272 = CARTESIAN_POINT('',(78.674542,56.948425,0.));
#12273 = DIRECTION('',(-0.707089680866,-0.707123881093,0.));
#12274 = DIRECTION('',(-0.707123881093,0.707089680866,0.));
#12275 = ADVANCED_FACE('',(#12276),#12294,.F.);
#12276 = FACE_BOUND('',#12277,.F.);
#12277 = EDGE_LOOP('',(#12278,#12279,#12287,#12293));
#12278 = ORIENTED_EDGE('',*,*,#12264,.T.);
#12279 = ORIENTED_EDGE('',*,*,#12280,.T.);
#12280 = EDGE_CURVE('',#12257,#12281,#12283,.T.);
#12281 = VERTEX_POINT('',#12282);
#12282 = CARTESIAN_POINT('',(78.642665,56.996151,1.7));
#12283 = LINE('',#12284,#12285);
#12284 = CARTESIAN_POINT('',(78.653866,56.9691,1.7));
#12285 = VECTOR('',#12286,1.);
#12286 = DIRECTION('',(-0.382569992546,0.923926512664,0.));
#12287 = ORIENTED_EDGE('',*,*,#12288,.F.);
#12288 = EDGE_CURVE('',#3477,#12281,#12289,.T.);
#12289 = LINE('',#12290,#12291);
#12290 = CARTESIAN_POINT('',(78.642665,56.996151,0.));
#12291 = VECTOR('',#12292,1.);
#12292 = DIRECTION('',(0.,0.,1.));
#12293 = ORIENTED_EDGE('',*,*,#3476,.F.);
#12294 = PLANE('',#12295);
#12295 = AXIS2_PLACEMENT_3D('',#12296,#12297,#12298);
#12296 = CARTESIAN_POINT('',(78.653866,56.9691,0.));
#12297 = DIRECTION('',(-0.923926512664,-0.382569992546,0.));
#12298 = DIRECTION('',(-0.382569992546,0.923926512664,0.));
#12299 = ADVANCED_FACE('',(#12300),#12318,.F.);
#12300 = FACE_BOUND('',#12301,.F.);
#12301 = EDGE_LOOP('',(#12302,#12303,#12311,#12317));
#12302 = ORIENTED_EDGE('',*,*,#12288,.T.);
#12303 = ORIENTED_EDGE('',*,*,#12304,.T.);
#12304 = EDGE_CURVE('',#12281,#12305,#12307,.T.);
#12305 = VERTEX_POINT('',#12306);
#12306 = CARTESIAN_POINT('',(78.641217,57.010782,1.7));
#12307 = LINE('',#12308,#12309);
#12308 = CARTESIAN_POINT('',(78.642665,56.996151,1.7));
#12309 = VECTOR('',#12310,1.);
#12310 = DIRECTION('',(-9.848679801056E-02,0.995138357525,0.));
#12311 = ORIENTED_EDGE('',*,*,#12312,.F.);
#12312 = EDGE_CURVE('',#3485,#12305,#12313,.T.);
#12313 = LINE('',#12314,#12315);
#12314 = CARTESIAN_POINT('',(78.641217,57.010782,0.));
#12315 = VECTOR('',#12316,1.);
#12316 = DIRECTION('',(0.,0.,1.));
#12317 = ORIENTED_EDGE('',*,*,#3484,.F.);
#12318 = PLANE('',#12319);
#12319 = AXIS2_PLACEMENT_3D('',#12320,#12321,#12322);
#12320 = CARTESIAN_POINT('',(78.642665,56.996151,0.));
#12321 = DIRECTION('',(-0.995138357525,-9.848679801056E-02,0.));
#12322 = DIRECTION('',(-9.848679801056E-02,0.995138357525,0.));
#12323 = ADVANCED_FACE('',(#12324),#12342,.F.);
#12324 = FACE_BOUND('',#12325,.F.);
#12325 = EDGE_LOOP('',(#12326,#12327,#12335,#12341));
#12326 = ORIENTED_EDGE('',*,*,#12312,.T.);
#12327 = ORIENTED_EDGE('',*,*,#12328,.T.);
#12328 = EDGE_CURVE('',#12305,#12329,#12331,.T.);
#12329 = VERTEX_POINT('',#12330);
#12330 = CARTESIAN_POINT('',(78.641217,71.110779,1.7));
#12331 = LINE('',#12332,#12333);
#12332 = CARTESIAN_POINT('',(78.641217,57.010782,1.7));
#12333 = VECTOR('',#12334,1.);
#12334 = DIRECTION('',(0.,1.,0.));
#12335 = ORIENTED_EDGE('',*,*,#12336,.F.);
#12336 = EDGE_CURVE('',#3493,#12329,#12337,.T.);
#12337 = LINE('',#12338,#12339);
#12338 = CARTESIAN_POINT('',(78.641217,71.110779,0.));
#12339 = VECTOR('',#12340,1.);
#12340 = DIRECTION('',(0.,0.,1.));
#12341 = ORIENTED_EDGE('',*,*,#3492,.F.);
#12342 = PLANE('',#12343);
#12343 = AXIS2_PLACEMENT_3D('',#12344,#12345,#12346);
#12344 = CARTESIAN_POINT('',(78.641217,57.010782,0.));
#12345 = DIRECTION('',(-1.,0.,0.));
#12346 = DIRECTION('',(0.,1.,0.));
#12347 = ADVANCED_FACE('',(#12348),#12366,.F.);
#12348 = FACE_BOUND('',#12349,.F.);
#12349 = EDGE_LOOP('',(#12350,#12351,#12359,#12365));
#12350 = ORIENTED_EDGE('',*,*,#12336,.T.);
#12351 = ORIENTED_EDGE('',*,*,#12352,.T.);
#12352 = EDGE_CURVE('',#12329,#12353,#12355,.T.);
#12353 = VERTEX_POINT('',#12354);
#12354 = CARTESIAN_POINT('',(78.642665,71.125409,1.7));
#12355 = LINE('',#12356,#12357);
#12356 = CARTESIAN_POINT('',(78.641217,71.110779,1.7));
#12357 = VECTOR('',#12358,1.);
#12358 = DIRECTION('',(9.849346454594E-02,0.995137697729,0.));
#12359 = ORIENTED_EDGE('',*,*,#12360,.F.);
#12360 = EDGE_CURVE('',#3501,#12353,#12361,.T.);
#12361 = LINE('',#12362,#12363);
#12362 = CARTESIAN_POINT('',(78.642665,71.125409,0.));
#12363 = VECTOR('',#12364,1.);
#12364 = DIRECTION('',(0.,0.,1.));
#12365 = ORIENTED_EDGE('',*,*,#3500,.F.);
#12366 = PLANE('',#12367);
#12367 = AXIS2_PLACEMENT_3D('',#12368,#12369,#12370);
#12368 = CARTESIAN_POINT('',(78.641217,71.110779,0.));
#12369 = DIRECTION('',(-0.995137697729,9.849346454594E-02,0.));
#12370 = DIRECTION('',(9.849346454594E-02,0.995137697729,0.));
#12371 = ADVANCED_FACE('',(#12372),#12390,.F.);
#12372 = FACE_BOUND('',#12373,.F.);
#12373 = EDGE_LOOP('',(#12374,#12375,#12383,#12389));
#12374 = ORIENTED_EDGE('',*,*,#12360,.T.);
#12375 = ORIENTED_EDGE('',*,*,#12376,.T.);
#12376 = EDGE_CURVE('',#12353,#12377,#12379,.T.);
#12377 = VERTEX_POINT('',#12378);
#12378 = CARTESIAN_POINT('',(78.653866,71.15246,1.7));
#12379 = LINE('',#12380,#12381);
#12380 = CARTESIAN_POINT('',(78.642665,71.125409,1.7));
#12381 = VECTOR('',#12382,1.);
#12382 = DIRECTION('',(0.382569992546,0.923926512664,0.));
#12383 = ORIENTED_EDGE('',*,*,#12384,.F.);
#12384 = EDGE_CURVE('',#3509,#12377,#12385,.T.);
#12385 = LINE('',#12386,#12387);
#12386 = CARTESIAN_POINT('',(78.653866,71.15246,0.));
#12387 = VECTOR('',#12388,1.);
#12388 = DIRECTION('',(0.,0.,1.));
#12389 = ORIENTED_EDGE('',*,*,#3508,.F.);
#12390 = PLANE('',#12391);
#12391 = AXIS2_PLACEMENT_3D('',#12392,#12393,#12394);
#12392 = CARTESIAN_POINT('',(78.642665,71.125409,0.));
#12393 = DIRECTION('',(-0.923926512664,0.382569992546,0.));
#12394 = DIRECTION('',(0.382569992546,0.923926512664,0.));
#12395 = ADVANCED_FACE('',(#12396),#12414,.F.);
#12396 = FACE_BOUND('',#12397,.F.);
#12397 = EDGE_LOOP('',(#12398,#12399,#12407,#12413));
#12398 = ORIENTED_EDGE('',*,*,#12384,.T.);
#12399 = ORIENTED_EDGE('',*,*,#12400,.T.);
#12400 = EDGE_CURVE('',#12377,#12401,#12403,.T.);
#12401 = VERTEX_POINT('',#12402);
#12402 = CARTESIAN_POINT('',(78.674542,71.173136,1.7));
#12403 = LINE('',#12404,#12405);
#12404 = CARTESIAN_POINT('',(78.653866,71.15246,1.7));
#12405 = VECTOR('',#12406,1.);
#12406 = DIRECTION('',(0.707106781187,0.707106781186,0.));
#12407 = ORIENTED_EDGE('',*,*,#12408,.F.);
#12408 = EDGE_CURVE('',#3517,#12401,#12409,.T.);
#12409 = LINE('',#12410,#12411);
#12410 = CARTESIAN_POINT('',(78.674542,71.173136,0.));
#12411 = VECTOR('',#12412,1.);
#12412 = DIRECTION('',(0.,0.,1.));
#12413 = ORIENTED_EDGE('',*,*,#3516,.F.);
#12414 = PLANE('',#12415);
#12415 = AXIS2_PLACEMENT_3D('',#12416,#12417,#12418);
#12416 = CARTESIAN_POINT('',(78.653866,71.15246,0.));
#12417 = DIRECTION('',(-0.707106781186,0.707106781187,0.));
#12418 = DIRECTION('',(0.707106781187,0.707106781186,0.));
#12419 = ADVANCED_FACE('',(#12420),#12438,.F.);
#12420 = FACE_BOUND('',#12421,.F.);
#12421 = EDGE_LOOP('',(#12422,#12423,#12431,#12437));
#12422 = ORIENTED_EDGE('',*,*,#12408,.T.);
#12423 = ORIENTED_EDGE('',*,*,#12424,.T.);
#12424 = EDGE_CURVE('',#12401,#12425,#12427,.T.);
#12425 = VERTEX_POINT('',#12426);
#12426 = CARTESIAN_POINT('',(78.701593,71.184337,1.7));
#12427 = LINE('',#12428,#12429);
#12428 = CARTESIAN_POINT('',(78.674542,71.173136,1.7));
#12429 = VECTOR('',#12430,1.);
#12430 = DIRECTION('',(0.923926512664,0.382569992546,0.));
#12431 = ORIENTED_EDGE('',*,*,#12432,.F.);
#12432 = EDGE_CURVE('',#3525,#12425,#12433,.T.);
#12433 = LINE('',#12434,#12435);
#12434 = CARTESIAN_POINT('',(78.701593,71.184337,0.));
#12435 = VECTOR('',#12436,1.);
#12436 = DIRECTION('',(0.,0.,1.));
#12437 = ORIENTED_EDGE('',*,*,#3524,.F.);
#12438 = PLANE('',#12439);
#12439 = AXIS2_PLACEMENT_3D('',#12440,#12441,#12442);
#12440 = CARTESIAN_POINT('',(78.674542,71.173136,0.));
#12441 = DIRECTION('',(-0.382569992546,0.923926512664,0.));
#12442 = DIRECTION('',(0.923926512664,0.382569992546,0.));
#12443 = ADVANCED_FACE('',(#12444),#12462,.F.);
#12444 = FACE_BOUND('',#12445,.F.);
#12445 = EDGE_LOOP('',(#12446,#12447,#12455,#12461));
#12446 = ORIENTED_EDGE('',*,*,#12432,.T.);
#12447 = ORIENTED_EDGE('',*,*,#12448,.T.);
#12448 = EDGE_CURVE('',#12425,#12449,#12451,.T.);
#12449 = VERTEX_POINT('',#12450);
#12450 = CARTESIAN_POINT('',(78.716223,71.185785,1.7));
#12451 = LINE('',#12452,#12453);
#12452 = CARTESIAN_POINT('',(78.701593,71.184337,1.7));
#12453 = VECTOR('',#12454,1.);
#12454 = DIRECTION('',(0.995137697729,9.849346454604E-02,0.));
#12455 = ORIENTED_EDGE('',*,*,#12456,.F.);
#12456 = EDGE_CURVE('',#3533,#12449,#12457,.T.);
#12457 = LINE('',#12458,#12459);
#12458 = CARTESIAN_POINT('',(78.716223,71.185785,0.));
#12459 = VECTOR('',#12460,1.);
#12460 = DIRECTION('',(0.,0.,1.));
#12461 = ORIENTED_EDGE('',*,*,#3532,.F.);
#12462 = PLANE('',#12463);
#12463 = AXIS2_PLACEMENT_3D('',#12464,#12465,#12466);
#12464 = CARTESIAN_POINT('',(78.701593,71.184337,0.));
#12465 = DIRECTION('',(-9.849346454604E-02,0.995137697729,0.));
#12466 = DIRECTION('',(0.995137697729,9.849346454604E-02,0.));
#12467 = ADVANCED_FACE('',(#12468),#12486,.F.);
#12468 = FACE_BOUND('',#12469,.F.);
#12469 = EDGE_LOOP('',(#12470,#12471,#12479,#12485));
#12470 = ORIENTED_EDGE('',*,*,#12456,.T.);
#12471 = ORIENTED_EDGE('',*,*,#12472,.T.);
#12472 = EDGE_CURVE('',#12449,#12473,#12475,.T.);
#12473 = VERTEX_POINT('',#12474);
#12474 = CARTESIAN_POINT('',(92.81622,71.185785,1.7));
#12475 = LINE('',#12476,#12477);
#12476 = CARTESIAN_POINT('',(78.716223,71.185785,1.7));
#12477 = VECTOR('',#12478,1.);
#12478 = DIRECTION('',(1.,0.,0.));
#12479 = ORIENTED_EDGE('',*,*,#12480,.F.);
#12480 = EDGE_CURVE('',#3541,#12473,#12481,.T.);
#12481 = LINE('',#12482,#12483);
#12482 = CARTESIAN_POINT('',(92.81622,71.185785,0.));
#12483 = VECTOR('',#12484,1.);
#12484 = DIRECTION('',(0.,0.,1.));
#12485 = ORIENTED_EDGE('',*,*,#3540,.F.);
#12486 = PLANE('',#12487);
#12487 = AXIS2_PLACEMENT_3D('',#12488,#12489,#12490);
#12488 = CARTESIAN_POINT('',(78.716223,71.185785,0.));
#12489 = DIRECTION('',(0.,1.,0.));
#12490 = DIRECTION('',(1.,0.,0.));
#12491 = ADVANCED_FACE('',(#12492),#12503,.F.);
#12492 = FACE_BOUND('',#12493,.F.);
#12493 = EDGE_LOOP('',(#12494,#12495,#12501,#12502));
#12494 = ORIENTED_EDGE('',*,*,#12480,.T.);
#12495 = ORIENTED_EDGE('',*,*,#12496,.T.);
#12496 = EDGE_CURVE('',#12473,#11937,#12497,.T.);
#12497 = LINE('',#12498,#12499);
#12498 = CARTESIAN_POINT('',(92.81622,71.185785,1.7));
#12499 = VECTOR('',#12500,1.);
#12500 = DIRECTION('',(0.995138357525,-9.848679801061E-02,0.));
#12501 = ORIENTED_EDGE('',*,*,#11936,.F.);
#12502 = ORIENTED_EDGE('',*,*,#3548,.F.);
#12503 = PLANE('',#12504);
#12504 = AXIS2_PLACEMENT_3D('',#12505,#12506,#12507);
#12505 = CARTESIAN_POINT('',(92.81622,71.185785,0.));
#12506 = DIRECTION('',(9.848679801061E-02,0.995138357525,0.));
#12507 = DIRECTION('',(0.995138357525,-9.848679801061E-02,0.));
#12508 = ADVANCED_FACE('',(#12509),#12534,.F.);
#12509 = FACE_BOUND('',#12510,.F.);
#12510 = EDGE_LOOP('',(#12511,#12519,#12527,#12533));
#12511 = ORIENTED_EDGE('',*,*,#12512,.T.);
#12512 = EDGE_CURVE('',#3557,#12513,#12515,.T.);
#12513 = VERTEX_POINT('',#12514);
#12514 = CARTESIAN_POINT('',(73.780851,71.184337,1.7));
#12515 = LINE('',#12516,#12517);
#12516 = CARTESIAN_POINT('',(73.780851,71.184337,0.));
#12517 = VECTOR('',#12518,1.);
#12518 = DIRECTION('',(0.,0.,1.));
#12519 = ORIENTED_EDGE('',*,*,#12520,.T.);
#12520 = EDGE_CURVE('',#12513,#12521,#12523,.T.);
#12521 = VERTEX_POINT('',#12522);
#12522 = CARTESIAN_POINT('',(73.807902,71.173136,1.7));
#12523 = LINE('',#12524,#12525);
#12524 = CARTESIAN_POINT('',(73.780851,71.184337,1.7));
#12525 = VECTOR('',#12526,1.);
#12526 = DIRECTION('',(0.923926512664,-0.382569992546,0.));
#12527 = ORIENTED_EDGE('',*,*,#12528,.F.);
#12528 = EDGE_CURVE('',#3559,#12521,#12529,.T.);
#12529 = LINE('',#12530,#12531);
#12530 = CARTESIAN_POINT('',(73.807902,71.173136,0.));
#12531 = VECTOR('',#12532,1.);
#12532 = DIRECTION('',(0.,0.,1.));
#12533 = ORIENTED_EDGE('',*,*,#3556,.F.);
#12534 = PLANE('',#12535);
#12535 = AXIS2_PLACEMENT_3D('',#12536,#12537,#12538);
#12536 = CARTESIAN_POINT('',(73.780851,71.184337,0.));
#12537 = DIRECTION('',(0.382569992546,0.923926512664,0.));
#12538 = DIRECTION('',(0.923926512664,-0.382569992546,0.));
#12539 = ADVANCED_FACE('',(#12540),#12558,.F.);
#12540 = FACE_BOUND('',#12541,.F.);
#12541 = EDGE_LOOP('',(#12542,#12543,#12551,#12557));
#12542 = ORIENTED_EDGE('',*,*,#12528,.T.);
#12543 = ORIENTED_EDGE('',*,*,#12544,.T.);
#12544 = EDGE_CURVE('',#12521,#12545,#12547,.T.);
#12545 = VERTEX_POINT('',#12546);
#12546 = CARTESIAN_POINT('',(73.828577,71.15246,1.7));
#12547 = LINE('',#12548,#12549);
#12548 = CARTESIAN_POINT('',(73.807902,71.173136,1.7));
#12549 = VECTOR('',#12550,1.);
#12550 = DIRECTION('',(0.707089680867,-0.707123881093,0.));
#12551 = ORIENTED_EDGE('',*,*,#12552,.F.);
#12552 = EDGE_CURVE('',#3567,#12545,#12553,.T.);
#12553 = LINE('',#12554,#12555);
#12554 = CARTESIAN_POINT('',(73.828577,71.15246,0.));
#12555 = VECTOR('',#12556,1.);
#12556 = DIRECTION('',(0.,0.,1.));
#12557 = ORIENTED_EDGE('',*,*,#3566,.F.);
#12558 = PLANE('',#12559);
#12559 = AXIS2_PLACEMENT_3D('',#12560,#12561,#12562);
#12560 = CARTESIAN_POINT('',(73.807902,71.173136,0.));
#12561 = DIRECTION('',(0.707123881093,0.707089680867,0.));
#12562 = DIRECTION('',(0.707089680867,-0.707123881093,0.));
#12563 = ADVANCED_FACE('',(#12564),#12582,.F.);
#12564 = FACE_BOUND('',#12565,.F.);
#12565 = EDGE_LOOP('',(#12566,#12567,#12575,#12581));
#12566 = ORIENTED_EDGE('',*,*,#12552,.T.);
#12567 = ORIENTED_EDGE('',*,*,#12568,.T.);
#12568 = EDGE_CURVE('',#12545,#12569,#12571,.T.);
#12569 = VERTEX_POINT('',#12570);
#12570 = CARTESIAN_POINT('',(73.839779,71.125409,1.7));
#12571 = LINE('',#12572,#12573);
#12572 = CARTESIAN_POINT('',(73.828577,71.15246,1.7));
#12573 = VECTOR('',#12574,1.);
#12574 = DIRECTION('',(0.382599148043,-0.923914439717,0.));
#12575 = ORIENTED_EDGE('',*,*,#12576,.F.);
#12576 = EDGE_CURVE('',#3575,#12569,#12577,.T.);
#12577 = LINE('',#12578,#12579);
#12578 = CARTESIAN_POINT('',(73.839779,71.125409,0.));
#12579 = VECTOR('',#12580,1.);
#12580 = DIRECTION('',(0.,0.,1.));
#12581 = ORIENTED_EDGE('',*,*,#3574,.F.);
#12582 = PLANE('',#12583);
#12583 = AXIS2_PLACEMENT_3D('',#12584,#12585,#12586);
#12584 = CARTESIAN_POINT('',(73.828577,71.15246,0.));
#12585 = DIRECTION('',(0.923914439717,0.382599148043,0.));
#12586 = DIRECTION('',(0.382599148043,-0.923914439717,0.));
#12587 = ADVANCED_FACE('',(#12588),#12606,.F.);
#12588 = FACE_BOUND('',#12589,.F.);
#12589 = EDGE_LOOP('',(#12590,#12591,#12599,#12605));
#12590 = ORIENTED_EDGE('',*,*,#12576,.T.);
#12591 = ORIENTED_EDGE('',*,*,#12592,.T.);
#12592 = EDGE_CURVE('',#12569,#12593,#12595,.T.);
#12593 = VERTEX_POINT('',#12594);
#12594 = CARTESIAN_POINT('',(73.841226,71.110779,1.7));
#12595 = LINE('',#12596,#12597);
#12596 = CARTESIAN_POINT('',(73.839779,71.125409,1.7));
#12597 = VECTOR('',#12598,1.);
#12598 = DIRECTION('',(9.84261033847E-02,-0.995144362478,0.));
#12599 = ORIENTED_EDGE('',*,*,#12600,.F.);
#12600 = EDGE_CURVE('',#3583,#12593,#12601,.T.);
#12601 = LINE('',#12602,#12603);
#12602 = CARTESIAN_POINT('',(73.841226,71.110779,0.));
#12603 = VECTOR('',#12604,1.);
#12604 = DIRECTION('',(0.,0.,1.));
#12605 = ORIENTED_EDGE('',*,*,#3582,.F.);
#12606 = PLANE('',#12607);
#12607 = AXIS2_PLACEMENT_3D('',#12608,#12609,#12610);
#12608 = CARTESIAN_POINT('',(73.839779,71.125409,0.));
#12609 = DIRECTION('',(0.995144362478,9.84261033847E-02,0.));
#12610 = DIRECTION('',(9.84261033847E-02,-0.995144362478,0.));
#12611 = ADVANCED_FACE('',(#12612),#12630,.F.);
#12612 = FACE_BOUND('',#12613,.F.);
#12613 = EDGE_LOOP('',(#12614,#12615,#12623,#12629));
#12614 = ORIENTED_EDGE('',*,*,#12600,.T.);
#12615 = ORIENTED_EDGE('',*,*,#12616,.T.);
#12616 = EDGE_CURVE('',#12593,#12617,#12619,.T.);
#12617 = VERTEX_POINT('',#12618);
#12618 = CARTESIAN_POINT('',(73.841226,57.010782,1.7));
#12619 = LINE('',#12620,#12621);
#12620 = CARTESIAN_POINT('',(73.841226,71.110779,1.7));
#12621 = VECTOR('',#12622,1.);
#12622 = DIRECTION('',(0.,-1.,0.));
#12623 = ORIENTED_EDGE('',*,*,#12624,.F.);
#12624 = EDGE_CURVE('',#3591,#12617,#12625,.T.);
#12625 = LINE('',#12626,#12627);
#12626 = CARTESIAN_POINT('',(73.841226,57.010782,0.));
#12627 = VECTOR('',#12628,1.);
#12628 = DIRECTION('',(0.,0.,1.));
#12629 = ORIENTED_EDGE('',*,*,#3590,.F.);
#12630 = PLANE('',#12631);
#12631 = AXIS2_PLACEMENT_3D('',#12632,#12633,#12634);
#12632 = CARTESIAN_POINT('',(73.841226,71.110779,0.));
#12633 = DIRECTION('',(1.,0.,0.));
#12634 = DIRECTION('',(0.,-1.,0.));
#12635 = ADVANCED_FACE('',(#12636),#12654,.F.);
#12636 = FACE_BOUND('',#12637,.F.);
#12637 = EDGE_LOOP('',(#12638,#12639,#12647,#12653));
#12638 = ORIENTED_EDGE('',*,*,#12624,.T.);
#12639 = ORIENTED_EDGE('',*,*,#12640,.T.);
#12640 = EDGE_CURVE('',#12617,#12641,#12643,.T.);
#12641 = VERTEX_POINT('',#12642);
#12642 = CARTESIAN_POINT('',(73.839779,56.996151,1.7));
#12643 = LINE('',#12644,#12645);
#12644 = CARTESIAN_POINT('',(73.841226,57.010782,1.7));
#12645 = VECTOR('',#12646,1.);
#12646 = DIRECTION('',(-9.841944131943E-02,-0.995145021376,0.));
#12647 = ORIENTED_EDGE('',*,*,#12648,.F.);
#12648 = EDGE_CURVE('',#3599,#12641,#12649,.T.);
#12649 = LINE('',#12650,#12651);
#12650 = CARTESIAN_POINT('',(73.839779,56.996151,0.));
#12651 = VECTOR('',#12652,1.);
#12652 = DIRECTION('',(0.,0.,1.));
#12653 = ORIENTED_EDGE('',*,*,#3598,.F.);
#12654 = PLANE('',#12655);
#12655 = AXIS2_PLACEMENT_3D('',#12656,#12657,#12658);
#12656 = CARTESIAN_POINT('',(73.841226,57.010782,0.));
#12657 = DIRECTION('',(0.995145021376,-9.841944131943E-02,0.));
#12658 = DIRECTION('',(-9.841944131943E-02,-0.995145021376,0.));
#12659 = ADVANCED_FACE('',(#12660),#12678,.F.);
#12660 = FACE_BOUND('',#12661,.F.);
#12661 = EDGE_LOOP('',(#12662,#12663,#12671,#12677));
#12662 = ORIENTED_EDGE('',*,*,#12648,.T.);
#12663 = ORIENTED_EDGE('',*,*,#12664,.T.);
#12664 = EDGE_CURVE('',#12641,#12665,#12667,.T.);
#12665 = VERTEX_POINT('',#12666);
#12666 = CARTESIAN_POINT('',(73.828577,56.9691,1.7));
#12667 = LINE('',#12668,#12669);
#12668 = CARTESIAN_POINT('',(73.839779,56.996151,1.7));
#12669 = VECTOR('',#12670,1.);
#12670 = DIRECTION('',(-0.382599148043,-0.923914439717,0.));
#12671 = ORIENTED_EDGE('',*,*,#12672,.F.);
#12672 = EDGE_CURVE('',#3607,#12665,#12673,.T.);
#12673 = LINE('',#12674,#12675);
#12674 = CARTESIAN_POINT('',(73.828577,56.9691,0.));
#12675 = VECTOR('',#12676,1.);
#12676 = DIRECTION('',(0.,0.,1.));
#12677 = ORIENTED_EDGE('',*,*,#3606,.F.);
#12678 = PLANE('',#12679);
#12679 = AXIS2_PLACEMENT_3D('',#12680,#12681,#12682);
#12680 = CARTESIAN_POINT('',(73.839779,56.996151,0.));
#12681 = DIRECTION('',(0.923914439717,-0.382599148043,0.));
#12682 = DIRECTION('',(-0.382599148043,-0.923914439717,0.));
#12683 = ADVANCED_FACE('',(#12684),#12702,.F.);
#12684 = FACE_BOUND('',#12685,.F.);
#12685 = EDGE_LOOP('',(#12686,#12687,#12695,#12701));
#12686 = ORIENTED_EDGE('',*,*,#12672,.T.);
#12687 = ORIENTED_EDGE('',*,*,#12688,.T.);
#12688 = EDGE_CURVE('',#12665,#12689,#12691,.T.);
#12689 = VERTEX_POINT('',#12690);
#12690 = CARTESIAN_POINT('',(73.807902,56.948425,1.7));
#12691 = LINE('',#12692,#12693);
#12692 = CARTESIAN_POINT('',(73.828577,56.9691,1.7));
#12693 = VECTOR('',#12694,1.);
#12694 = DIRECTION('',(-0.707106781187,-0.707106781187,0.));
#12695 = ORIENTED_EDGE('',*,*,#12696,.F.);
#12696 = EDGE_CURVE('',#3615,#12689,#12697,.T.);
#12697 = LINE('',#12698,#12699);
#12698 = CARTESIAN_POINT('',(73.807902,56.948425,0.));
#12699 = VECTOR('',#12700,1.);
#12700 = DIRECTION('',(0.,0.,1.));
#12701 = ORIENTED_EDGE('',*,*,#3614,.F.);
#12702 = PLANE('',#12703);
#12703 = AXIS2_PLACEMENT_3D('',#12704,#12705,#12706);
#12704 = CARTESIAN_POINT('',(73.828577,56.9691,0.));
#12705 = DIRECTION('',(0.707106781187,-0.707106781187,0.));
#12706 = DIRECTION('',(-0.707106781187,-0.707106781187,0.));
#12707 = ADVANCED_FACE('',(#12708),#12726,.F.);
#12708 = FACE_BOUND('',#12709,.F.);
#12709 = EDGE_LOOP('',(#12710,#12711,#12719,#12725));
#12710 = ORIENTED_EDGE('',*,*,#12696,.T.);
#12711 = ORIENTED_EDGE('',*,*,#12712,.T.);
#12712 = EDGE_CURVE('',#12689,#12713,#12715,.T.);
#12713 = VERTEX_POINT('',#12714);
#12714 = CARTESIAN_POINT('',(73.780851,56.937223,1.7));
#12715 = LINE('',#12716,#12717);
#12716 = CARTESIAN_POINT('',(73.807902,56.948425,1.7));
#12717 = VECTOR('',#12718,1.);
#12718 = DIRECTION('',(-0.923914439717,-0.382599148043,0.));
#12719 = ORIENTED_EDGE('',*,*,#12720,.F.);
#12720 = EDGE_CURVE('',#3623,#12713,#12721,.T.);
#12721 = LINE('',#12722,#12723);
#12722 = CARTESIAN_POINT('',(73.780851,56.937223,0.));
#12723 = VECTOR('',#12724,1.);
#12724 = DIRECTION('',(0.,0.,1.));
#12725 = ORIENTED_EDGE('',*,*,#3622,.F.);
#12726 = PLANE('',#12727);
#12727 = AXIS2_PLACEMENT_3D('',#12728,#12729,#12730);
#12728 = CARTESIAN_POINT('',(73.807902,56.948425,0.));
#12729 = DIRECTION('',(0.382599148043,-0.923914439717,0.));
#12730 = DIRECTION('',(-0.923914439717,-0.382599148043,0.));
#12731 = ADVANCED_FACE('',(#12732),#12750,.F.);
#12732 = FACE_BOUND('',#12733,.F.);
#12733 = EDGE_LOOP('',(#12734,#12735,#12743,#12749));
#12734 = ORIENTED_EDGE('',*,*,#12720,.T.);
#12735 = ORIENTED_EDGE('',*,*,#12736,.T.);
#12736 = EDGE_CURVE('',#12713,#12737,#12739,.T.);
#12737 = VERTEX_POINT('',#12738);
#12738 = CARTESIAN_POINT('',(73.76622,56.935776,1.7));
#12739 = LINE('',#12740,#12741);
#12740 = CARTESIAN_POINT('',(73.780851,56.937223,1.7));
#12741 = VECTOR('',#12742,1.);
#12742 = DIRECTION('',(-0.995145021377,-9.8419441319E-02,0.));
#12743 = ORIENTED_EDGE('',*,*,#12744,.F.);
#12744 = EDGE_CURVE('',#3631,#12737,#12745,.T.);
#12745 = LINE('',#12746,#12747);
#12746 = CARTESIAN_POINT('',(73.76622,56.935776,0.));
#12747 = VECTOR('',#12748,1.);
#12748 = DIRECTION('',(0.,0.,1.));
#12749 = ORIENTED_EDGE('',*,*,#3630,.F.);
#12750 = PLANE('',#12751);
#12751 = AXIS2_PLACEMENT_3D('',#12752,#12753,#12754);
#12752 = CARTESIAN_POINT('',(73.780851,56.937223,0.));
#12753 = DIRECTION('',(9.8419441319E-02,-0.995145021377,0.));
#12754 = DIRECTION('',(-0.995145021377,-9.8419441319E-02,0.));
#12755 = ADVANCED_FACE('',(#12756),#12774,.F.);
#12756 = FACE_BOUND('',#12757,.F.);
#12757 = EDGE_LOOP('',(#12758,#12759,#12767,#12773));
#12758 = ORIENTED_EDGE('',*,*,#12744,.T.);
#12759 = ORIENTED_EDGE('',*,*,#12760,.T.);
#12760 = EDGE_CURVE('',#12737,#12761,#12763,.T.);
#12761 = VERTEX_POINT('',#12762);
#12762 = CARTESIAN_POINT('',(59.666223,56.935776,1.7));
#12763 = LINE('',#12764,#12765);
#12764 = CARTESIAN_POINT('',(73.76622,56.935776,1.7));
#12765 = VECTOR('',#12766,1.);
#12766 = DIRECTION('',(-1.,0.,0.));
#12767 = ORIENTED_EDGE('',*,*,#12768,.F.);
#12768 = EDGE_CURVE('',#3639,#12761,#12769,.T.);
#12769 = LINE('',#12770,#12771);
#12770 = CARTESIAN_POINT('',(59.666223,56.935776,0.));
#12771 = VECTOR('',#12772,1.);
#12772 = DIRECTION('',(0.,0.,1.));
#12773 = ORIENTED_EDGE('',*,*,#3638,.F.);
#12774 = PLANE('',#12775);
#12775 = AXIS2_PLACEMENT_3D('',#12776,#12777,#12778);
#12776 = CARTESIAN_POINT('',(73.76622,56.935776,0.));
#12777 = DIRECTION('',(0.,-1.,0.));
#12778 = DIRECTION('',(-1.,0.,0.));
#12779 = ADVANCED_FACE('',(#12780),#12798,.F.);
#12780 = FACE_BOUND('',#12781,.F.);
#12781 = EDGE_LOOP('',(#12782,#12783,#12791,#12797));
#12782 = ORIENTED_EDGE('',*,*,#12768,.T.);
#12783 = ORIENTED_EDGE('',*,*,#12784,.T.);
#12784 = EDGE_CURVE('',#12761,#12785,#12787,.T.);
#12785 = VERTEX_POINT('',#12786);
#12786 = CARTESIAN_POINT('',(59.651593,56.937223,1.7));
#12787 = LINE('',#12788,#12789);
#12788 = CARTESIAN_POINT('',(59.666223,56.935776,1.7));
#12789 = VECTOR('',#12790,1.);
#12790 = DIRECTION('',(-0.995144362478,9.842610338427E-02,0.));
#12791 = ORIENTED_EDGE('',*,*,#12792,.F.);
#12792 = EDGE_CURVE('',#3647,#12785,#12793,.T.);
#12793 = LINE('',#12794,#12795);
#12794 = CARTESIAN_POINT('',(59.651593,56.937223,0.));
#12795 = VECTOR('',#12796,1.);
#12796 = DIRECTION('',(0.,0.,1.));
#12797 = ORIENTED_EDGE('',*,*,#3646,.F.);
#12798 = PLANE('',#12799);
#12799 = AXIS2_PLACEMENT_3D('',#12800,#12801,#12802);
#12800 = CARTESIAN_POINT('',(59.666223,56.935776,0.));
#12801 = DIRECTION('',(-9.842610338427E-02,-0.995144362478,0.));
#12802 = DIRECTION('',(-0.995144362478,9.842610338427E-02,0.));
#12803 = ADVANCED_FACE('',(#12804),#12822,.F.);
#12804 = FACE_BOUND('',#12805,.F.);
#12805 = EDGE_LOOP('',(#12806,#12807,#12815,#12821));
#12806 = ORIENTED_EDGE('',*,*,#12792,.T.);
#12807 = ORIENTED_EDGE('',*,*,#12808,.T.);
#12808 = EDGE_CURVE('',#12785,#12809,#12811,.T.);
#12809 = VERTEX_POINT('',#12810);
#12810 = CARTESIAN_POINT('',(59.624542,56.948425,1.7));
#12811 = LINE('',#12812,#12813);
#12812 = CARTESIAN_POINT('',(59.651593,56.937223,1.7));
#12813 = VECTOR('',#12814,1.);
#12814 = DIRECTION('',(-0.923914439717,0.382599148043,0.));
#12815 = ORIENTED_EDGE('',*,*,#12816,.F.);
#12816 = EDGE_CURVE('',#3655,#12809,#12817,.T.);
#12817 = LINE('',#12818,#12819);
#12818 = CARTESIAN_POINT('',(59.624542,56.948425,0.));
#12819 = VECTOR('',#12820,1.);
#12820 = DIRECTION('',(0.,0.,1.));
#12821 = ORIENTED_EDGE('',*,*,#3654,.F.);
#12822 = PLANE('',#12823);
#12823 = AXIS2_PLACEMENT_3D('',#12824,#12825,#12826);
#12824 = CARTESIAN_POINT('',(59.651593,56.937223,0.));
#12825 = DIRECTION('',(-0.382599148043,-0.923914439717,0.));
#12826 = DIRECTION('',(-0.923914439717,0.382599148043,0.));
#12827 = ADVANCED_FACE('',(#12828),#12846,.F.);
#12828 = FACE_BOUND('',#12829,.F.);
#12829 = EDGE_LOOP('',(#12830,#12831,#12839,#12845));
#12830 = ORIENTED_EDGE('',*,*,#12816,.T.);
#12831 = ORIENTED_EDGE('',*,*,#12832,.T.);
#12832 = EDGE_CURVE('',#12809,#12833,#12835,.T.);
#12833 = VERTEX_POINT('',#12834);
#12834 = CARTESIAN_POINT('',(59.603866,56.9691,1.7));
#12835 = LINE('',#12836,#12837);
#12836 = CARTESIAN_POINT('',(59.624542,56.948425,1.7));
#12837 = VECTOR('',#12838,1.);
#12838 = DIRECTION('',(-0.707123881093,0.707089680867,0.));
#12839 = ORIENTED_EDGE('',*,*,#12840,.F.);
#12840 = EDGE_CURVE('',#3663,#12833,#12841,.T.);
#12841 = LINE('',#12842,#12843);
#12842 = CARTESIAN_POINT('',(59.603866,56.9691,0.));
#12843 = VECTOR('',#12844,1.);
#12844 = DIRECTION('',(0.,0.,1.));
#12845 = ORIENTED_EDGE('',*,*,#3662,.F.);
#12846 = PLANE('',#12847);
#12847 = AXIS2_PLACEMENT_3D('',#12848,#12849,#12850);
#12848 = CARTESIAN_POINT('',(59.624542,56.948425,0.));
#12849 = DIRECTION('',(-0.707089680867,-0.707123881093,0.));
#12850 = DIRECTION('',(-0.707123881093,0.707089680867,0.));
#12851 = ADVANCED_FACE('',(#12852),#12870,.F.);
#12852 = FACE_BOUND('',#12853,.F.);
#12853 = EDGE_LOOP('',(#12854,#12855,#12863,#12869));
#12854 = ORIENTED_EDGE('',*,*,#12840,.T.);
#12855 = ORIENTED_EDGE('',*,*,#12856,.T.);
#12856 = EDGE_CURVE('',#12833,#12857,#12859,.T.);
#12857 = VERTEX_POINT('',#12858);
#12858 = CARTESIAN_POINT('',(59.592665,56.996151,1.7));
#12859 = LINE('',#12860,#12861);
#12860 = CARTESIAN_POINT('',(59.603866,56.9691,1.7));
#12861 = VECTOR('',#12862,1.);
#12862 = DIRECTION('',(-0.382569992546,0.923926512664,0.));
#12863 = ORIENTED_EDGE('',*,*,#12864,.F.);
#12864 = EDGE_CURVE('',#3671,#12857,#12865,.T.);
#12865 = LINE('',#12866,#12867);
#12866 = CARTESIAN_POINT('',(59.592665,56.996151,0.));
#12867 = VECTOR('',#12868,1.);
#12868 = DIRECTION('',(0.,0.,1.));
#12869 = ORIENTED_EDGE('',*,*,#3670,.F.);
#12870 = PLANE('',#12871);
#12871 = AXIS2_PLACEMENT_3D('',#12872,#12873,#12874);
#12872 = CARTESIAN_POINT('',(59.603866,56.9691,0.));
#12873 = DIRECTION('',(-0.923926512664,-0.382569992546,0.));
#12874 = DIRECTION('',(-0.382569992546,0.923926512664,0.));
#12875 = ADVANCED_FACE('',(#12876),#12894,.F.);
#12876 = FACE_BOUND('',#12877,.F.);
#12877 = EDGE_LOOP('',(#12878,#12879,#12887,#12893));
#12878 = ORIENTED_EDGE('',*,*,#12864,.T.);
#12879 = ORIENTED_EDGE('',*,*,#12880,.T.);
#12880 = EDGE_CURVE('',#12857,#12881,#12883,.T.);
#12881 = VERTEX_POINT('',#12882);
#12882 = CARTESIAN_POINT('',(59.591217,57.010782,1.7));
#12883 = LINE('',#12884,#12885);
#12884 = CARTESIAN_POINT('',(59.592665,56.996151,1.7));
#12885 = VECTOR('',#12886,1.);
#12886 = DIRECTION('',(-9.848679801056E-02,0.995138357525,0.));
#12887 = ORIENTED_EDGE('',*,*,#12888,.F.);
#12888 = EDGE_CURVE('',#3679,#12881,#12889,.T.);
#12889 = LINE('',#12890,#12891);
#12890 = CARTESIAN_POINT('',(59.591217,57.010782,0.));
#12891 = VECTOR('',#12892,1.);
#12892 = DIRECTION('',(0.,0.,1.));
#12893 = ORIENTED_EDGE('',*,*,#3678,.F.);
#12894 = PLANE('',#12895);
#12895 = AXIS2_PLACEMENT_3D('',#12896,#12897,#12898);
#12896 = CARTESIAN_POINT('',(59.592665,56.996151,0.));
#12897 = DIRECTION('',(-0.995138357525,-9.848679801056E-02,0.));
#12898 = DIRECTION('',(-9.848679801056E-02,0.995138357525,0.));
#12899 = ADVANCED_FACE('',(#12900),#12918,.F.);
#12900 = FACE_BOUND('',#12901,.F.);
#12901 = EDGE_LOOP('',(#12902,#12903,#12911,#12917));
#12902 = ORIENTED_EDGE('',*,*,#12888,.T.);
#12903 = ORIENTED_EDGE('',*,*,#12904,.T.);
#12904 = EDGE_CURVE('',#12881,#12905,#12907,.T.);
#12905 = VERTEX_POINT('',#12906);
#12906 = CARTESIAN_POINT('',(59.591217,71.110779,1.7));
#12907 = LINE('',#12908,#12909);
#12908 = CARTESIAN_POINT('',(59.591217,57.010782,1.7));
#12909 = VECTOR('',#12910,1.);
#12910 = DIRECTION('',(0.,1.,0.));
#12911 = ORIENTED_EDGE('',*,*,#12912,.F.);
#12912 = EDGE_CURVE('',#3687,#12905,#12913,.T.);
#12913 = LINE('',#12914,#12915);
#12914 = CARTESIAN_POINT('',(59.591217,71.110779,0.));
#12915 = VECTOR('',#12916,1.);
#12916 = DIRECTION('',(0.,0.,1.));
#12917 = ORIENTED_EDGE('',*,*,#3686,.F.);
#12918 = PLANE('',#12919);
#12919 = AXIS2_PLACEMENT_3D('',#12920,#12921,#12922);
#12920 = CARTESIAN_POINT('',(59.591217,57.010782,0.));
#12921 = DIRECTION('',(-1.,0.,0.));
#12922 = DIRECTION('',(0.,1.,0.));
#12923 = ADVANCED_FACE('',(#12924),#12942,.F.);
#12924 = FACE_BOUND('',#12925,.F.);
#12925 = EDGE_LOOP('',(#12926,#12927,#12935,#12941));
#12926 = ORIENTED_EDGE('',*,*,#12912,.T.);
#12927 = ORIENTED_EDGE('',*,*,#12928,.T.);
#12928 = EDGE_CURVE('',#12905,#12929,#12931,.T.);
#12929 = VERTEX_POINT('',#12930);
#12930 = CARTESIAN_POINT('',(59.592665,71.125409,1.7));
#12931 = LINE('',#12932,#12933);
#12932 = CARTESIAN_POINT('',(59.591217,71.110779,1.7));
#12933 = VECTOR('',#12934,1.);
#12934 = DIRECTION('',(9.849346454594E-02,0.995137697729,0.));
#12935 = ORIENTED_EDGE('',*,*,#12936,.F.);
#12936 = EDGE_CURVE('',#3695,#12929,#12937,.T.);
#12937 = LINE('',#12938,#12939);
#12938 = CARTESIAN_POINT('',(59.592665,71.125409,0.));
#12939 = VECTOR('',#12940,1.);
#12940 = DIRECTION('',(0.,0.,1.));
#12941 = ORIENTED_EDGE('',*,*,#3694,.F.);
#12942 = PLANE('',#12943);
#12943 = AXIS2_PLACEMENT_3D('',#12944,#12945,#12946);
#12944 = CARTESIAN_POINT('',(59.591217,71.110779,0.));
#12945 = DIRECTION('',(-0.995137697729,9.849346454594E-02,0.));
#12946 = DIRECTION('',(9.849346454594E-02,0.995137697729,0.));
#12947 = ADVANCED_FACE('',(#12948),#12966,.F.);
#12948 = FACE_BOUND('',#12949,.F.);
#12949 = EDGE_LOOP('',(#12950,#12951,#12959,#12965));
#12950 = ORIENTED_EDGE('',*,*,#12936,.T.);
#12951 = ORIENTED_EDGE('',*,*,#12952,.T.);
#12952 = EDGE_CURVE('',#12929,#12953,#12955,.T.);
#12953 = VERTEX_POINT('',#12954);
#12954 = CARTESIAN_POINT('',(59.603866,71.15246,1.7));
#12955 = LINE('',#12956,#12957);
#12956 = CARTESIAN_POINT('',(59.592665,71.125409,1.7));
#12957 = VECTOR('',#12958,1.);
#12958 = DIRECTION('',(0.382569992546,0.923926512664,0.));
#12959 = ORIENTED_EDGE('',*,*,#12960,.F.);
#12960 = EDGE_CURVE('',#3703,#12953,#12961,.T.);
#12961 = LINE('',#12962,#12963);
#12962 = CARTESIAN_POINT('',(59.603866,71.15246,0.));
#12963 = VECTOR('',#12964,1.);
#12964 = DIRECTION('',(0.,0.,1.));
#12965 = ORIENTED_EDGE('',*,*,#3702,.F.);
#12966 = PLANE('',#12967);
#12967 = AXIS2_PLACEMENT_3D('',#12968,#12969,#12970);
#12968 = CARTESIAN_POINT('',(59.592665,71.125409,0.));
#12969 = DIRECTION('',(-0.923926512664,0.382569992546,0.));
#12970 = DIRECTION('',(0.382569992546,0.923926512664,0.));
#12971 = ADVANCED_FACE('',(#12972),#12990,.F.);
#12972 = FACE_BOUND('',#12973,.F.);
#12973 = EDGE_LOOP('',(#12974,#12975,#12983,#12989));
#12974 = ORIENTED_EDGE('',*,*,#12960,.T.);
#12975 = ORIENTED_EDGE('',*,*,#12976,.T.);
#12976 = EDGE_CURVE('',#12953,#12977,#12979,.T.);
#12977 = VERTEX_POINT('',#12978);
#12978 = CARTESIAN_POINT('',(59.624542,71.173136,1.7));
#12979 = LINE('',#12980,#12981);
#12980 = CARTESIAN_POINT('',(59.603866,71.15246,1.7));
#12981 = VECTOR('',#12982,1.);
#12982 = DIRECTION('',(0.707106781187,0.707106781186,0.));
#12983 = ORIENTED_EDGE('',*,*,#12984,.F.);
#12984 = EDGE_CURVE('',#3711,#12977,#12985,.T.);
#12985 = LINE('',#12986,#12987);
#12986 = CARTESIAN_POINT('',(59.624542,71.173136,0.));
#12987 = VECTOR('',#12988,1.);
#12988 = DIRECTION('',(0.,0.,1.));
#12989 = ORIENTED_EDGE('',*,*,#3710,.F.);
#12990 = PLANE('',#12991);
#12991 = AXIS2_PLACEMENT_3D('',#12992,#12993,#12994);
#12992 = CARTESIAN_POINT('',(59.603866,71.15246,0.));
#12993 = DIRECTION('',(-0.707106781186,0.707106781187,0.));
#12994 = DIRECTION('',(0.707106781187,0.707106781186,0.));
#12995 = ADVANCED_FACE('',(#12996),#13014,.F.);
#12996 = FACE_BOUND('',#12997,.F.);
#12997 = EDGE_LOOP('',(#12998,#12999,#13007,#13013));
#12998 = ORIENTED_EDGE('',*,*,#12984,.T.);
#12999 = ORIENTED_EDGE('',*,*,#13000,.T.);
#13000 = EDGE_CURVE('',#12977,#13001,#13003,.T.);
#13001 = VERTEX_POINT('',#13002);
#13002 = CARTESIAN_POINT('',(59.651593,71.184337,1.7));
#13003 = LINE('',#13004,#13005);
#13004 = CARTESIAN_POINT('',(59.624542,71.173136,1.7));
#13005 = VECTOR('',#13006,1.);
#13006 = DIRECTION('',(0.923926512664,0.382569992546,0.));
#13007 = ORIENTED_EDGE('',*,*,#13008,.F.);
#13008 = EDGE_CURVE('',#3719,#13001,#13009,.T.);
#13009 = LINE('',#13010,#13011);
#13010 = CARTESIAN_POINT('',(59.651593,71.184337,0.));
#13011 = VECTOR('',#13012,1.);
#13012 = DIRECTION('',(0.,0.,1.));
#13013 = ORIENTED_EDGE('',*,*,#3718,.F.);
#13014 = PLANE('',#13015);
#13015 = AXIS2_PLACEMENT_3D('',#13016,#13017,#13018);
#13016 = CARTESIAN_POINT('',(59.624542,71.173136,0.));
#13017 = DIRECTION('',(-0.382569992546,0.923926512664,0.));
#13018 = DIRECTION('',(0.923926512664,0.382569992546,0.));
#13019 = ADVANCED_FACE('',(#13020),#13038,.F.);
#13020 = FACE_BOUND('',#13021,.F.);
#13021 = EDGE_LOOP('',(#13022,#13023,#13031,#13037));
#13022 = ORIENTED_EDGE('',*,*,#13008,.T.);
#13023 = ORIENTED_EDGE('',*,*,#13024,.T.);
#13024 = EDGE_CURVE('',#13001,#13025,#13027,.T.);
#13025 = VERTEX_POINT('',#13026);
#13026 = CARTESIAN_POINT('',(59.666223,71.185785,1.7));
#13027 = LINE('',#13028,#13029);
#13028 = CARTESIAN_POINT('',(59.651593,71.184337,1.7));
#13029 = VECTOR('',#13030,1.);
#13030 = DIRECTION('',(0.995137697729,9.849346454599E-02,0.));
#13031 = ORIENTED_EDGE('',*,*,#13032,.F.);
#13032 = EDGE_CURVE('',#3727,#13025,#13033,.T.);
#13033 = LINE('',#13034,#13035);
#13034 = CARTESIAN_POINT('',(59.666223,71.185785,0.));
#13035 = VECTOR('',#13036,1.);
#13036 = DIRECTION('',(0.,0.,1.));
#13037 = ORIENTED_EDGE('',*,*,#3726,.F.);
#13038 = PLANE('',#13039);
#13039 = AXIS2_PLACEMENT_3D('',#13040,#13041,#13042);
#13040 = CARTESIAN_POINT('',(59.651593,71.184337,0.));
#13041 = DIRECTION('',(-9.849346454599E-02,0.995137697729,0.));
#13042 = DIRECTION('',(0.995137697729,9.849346454599E-02,0.));
#13043 = ADVANCED_FACE('',(#13044),#13062,.F.);
#13044 = FACE_BOUND('',#13045,.F.);
#13045 = EDGE_LOOP('',(#13046,#13047,#13055,#13061));
#13046 = ORIENTED_EDGE('',*,*,#13032,.T.);
#13047 = ORIENTED_EDGE('',*,*,#13048,.T.);
#13048 = EDGE_CURVE('',#13025,#13049,#13051,.T.);
#13049 = VERTEX_POINT('',#13050);
#13050 = CARTESIAN_POINT('',(73.76622,71.185785,1.7));
#13051 = LINE('',#13052,#13053);
#13052 = CARTESIAN_POINT('',(59.666223,71.185785,1.7));
#13053 = VECTOR('',#13054,1.);
#13054 = DIRECTION('',(1.,0.,0.));
#13055 = ORIENTED_EDGE('',*,*,#13056,.F.);
#13056 = EDGE_CURVE('',#3735,#13049,#13057,.T.);
#13057 = LINE('',#13058,#13059);
#13058 = CARTESIAN_POINT('',(73.76622,71.185785,0.));
#13059 = VECTOR('',#13060,1.);
#13060 = DIRECTION('',(0.,0.,1.));
#13061 = ORIENTED_EDGE('',*,*,#3734,.F.);
#13062 = PLANE('',#13063);
#13063 = AXIS2_PLACEMENT_3D('',#13064,#13065,#13066);
#13064 = CARTESIAN_POINT('',(59.666223,71.185785,0.));
#13065 = DIRECTION('',(0.,1.,0.));
#13066 = DIRECTION('',(1.,0.,0.));
#13067 = ADVANCED_FACE('',(#13068),#13079,.F.);
#13068 = FACE_BOUND('',#13069,.F.);
#13069 = EDGE_LOOP('',(#13070,#13071,#13077,#13078));
#13070 = ORIENTED_EDGE('',*,*,#13056,.T.);
#13071 = ORIENTED_EDGE('',*,*,#13072,.T.);
#13072 = EDGE_CURVE('',#13049,#12513,#13073,.T.);
#13073 = LINE('',#13074,#13075);
#13074 = CARTESIAN_POINT('',(73.76622,71.185785,1.7));
#13075 = VECTOR('',#13076,1.);
#13076 = DIRECTION('',(0.995138357525,-9.848679801061E-02,0.));
#13077 = ORIENTED_EDGE('',*,*,#12512,.F.);
#13078 = ORIENTED_EDGE('',*,*,#3742,.F.);
#13079 = PLANE('',#13080);
#13080 = AXIS2_PLACEMENT_3D('',#13081,#13082,#13083);
#13081 = CARTESIAN_POINT('',(73.76622,71.185785,0.));
#13082 = DIRECTION('',(9.848679801061E-02,0.995138357525,0.));
#13083 = DIRECTION('',(0.995138357525,-9.848679801061E-02,0.));
#13084 = ADVANCED_FACE('',(#13085),#13110,.F.);
#13085 = FACE_BOUND('',#13086,.F.);
#13086 = EDGE_LOOP('',(#13087,#13095,#13103,#13109));
#13087 = ORIENTED_EDGE('',*,*,#13088,.T.);
#13088 = EDGE_CURVE('',#3751,#13089,#13091,.T.);
#13089 = VERTEX_POINT('',#13090);
#13090 = CARTESIAN_POINT('',(111.880851,52.134337,1.7));
#13091 = LINE('',#13092,#13093);
#13092 = CARTESIAN_POINT('',(111.880851,52.134337,0.));
#13093 = VECTOR('',#13094,1.);
#13094 = DIRECTION('',(0.,0.,1.));
#13095 = ORIENTED_EDGE('',*,*,#13096,.T.);
#13096 = EDGE_CURVE('',#13089,#13097,#13099,.T.);
#13097 = VERTEX_POINT('',#13098);
#13098 = CARTESIAN_POINT('',(111.907902,52.123136,1.7));
#13099 = LINE('',#13100,#13101);
#13100 = CARTESIAN_POINT('',(111.880851,52.134337,1.7));
#13101 = VECTOR('',#13102,1.);
#13102 = DIRECTION('',(0.923926512664,-0.382569992546,0.));
#13103 = ORIENTED_EDGE('',*,*,#13104,.F.);
#13104 = EDGE_CURVE('',#3753,#13097,#13105,.T.);
#13105 = LINE('',#13106,#13107);
#13106 = CARTESIAN_POINT('',(111.907902,52.123136,0.));
#13107 = VECTOR('',#13108,1.);
#13108 = DIRECTION('',(0.,0.,1.));
#13109 = ORIENTED_EDGE('',*,*,#3750,.F.);
#13110 = PLANE('',#13111);
#13111 = AXIS2_PLACEMENT_3D('',#13112,#13113,#13114);
#13112 = CARTESIAN_POINT('',(111.880851,52.134337,0.));
#13113 = DIRECTION('',(0.382569992546,0.923926512664,0.));
#13114 = DIRECTION('',(0.923926512664,-0.382569992546,0.));
#13115 = ADVANCED_FACE('',(#13116),#13134,.F.);
#13116 = FACE_BOUND('',#13117,.F.);
#13117 = EDGE_LOOP('',(#13118,#13119,#13127,#13133));
#13118 = ORIENTED_EDGE('',*,*,#13104,.T.);
#13119 = ORIENTED_EDGE('',*,*,#13120,.T.);
#13120 = EDGE_CURVE('',#13097,#13121,#13123,.T.);
#13121 = VERTEX_POINT('',#13122);
#13122 = CARTESIAN_POINT('',(111.928577,52.10246,1.7));
#13123 = LINE('',#13124,#13125);
#13124 = CARTESIAN_POINT('',(111.907902,52.123136,1.7));
#13125 = VECTOR('',#13126,1.);
#13126 = DIRECTION('',(0.707089680867,-0.707123881093,0.));
#13127 = ORIENTED_EDGE('',*,*,#13128,.F.);
#13128 = EDGE_CURVE('',#3761,#13121,#13129,.T.);
#13129 = LINE('',#13130,#13131);
#13130 = CARTESIAN_POINT('',(111.928577,52.10246,0.));
#13131 = VECTOR('',#13132,1.);
#13132 = DIRECTION('',(0.,0.,1.));
#13133 = ORIENTED_EDGE('',*,*,#3760,.F.);
#13134 = PLANE('',#13135);
#13135 = AXIS2_PLACEMENT_3D('',#13136,#13137,#13138);
#13136 = CARTESIAN_POINT('',(111.907902,52.123136,0.));
#13137 = DIRECTION('',(0.707123881093,0.707089680867,0.));
#13138 = DIRECTION('',(0.707089680867,-0.707123881093,0.));
#13139 = ADVANCED_FACE('',(#13140),#13158,.F.);
#13140 = FACE_BOUND('',#13141,.F.);
#13141 = EDGE_LOOP('',(#13142,#13143,#13151,#13157));
#13142 = ORIENTED_EDGE('',*,*,#13128,.T.);
#13143 = ORIENTED_EDGE('',*,*,#13144,.T.);
#13144 = EDGE_CURVE('',#13121,#13145,#13147,.T.);
#13145 = VERTEX_POINT('',#13146);
#13146 = CARTESIAN_POINT('',(111.939779,52.075409,1.7));
#13147 = LINE('',#13148,#13149);
#13148 = CARTESIAN_POINT('',(111.928577,52.10246,1.7));
#13149 = VECTOR('',#13150,1.);
#13150 = DIRECTION('',(0.382599148043,-0.923914439717,0.));
#13151 = ORIENTED_EDGE('',*,*,#13152,.F.);
#13152 = EDGE_CURVE('',#3769,#13145,#13153,.T.);
#13153 = LINE('',#13154,#13155);
#13154 = CARTESIAN_POINT('',(111.939779,52.075409,0.));
#13155 = VECTOR('',#13156,1.);
#13156 = DIRECTION('',(0.,0.,1.));
#13157 = ORIENTED_EDGE('',*,*,#3768,.F.);
#13158 = PLANE('',#13159);
#13159 = AXIS2_PLACEMENT_3D('',#13160,#13161,#13162);
#13160 = CARTESIAN_POINT('',(111.928577,52.10246,0.));
#13161 = DIRECTION('',(0.923914439717,0.382599148043,0.));
#13162 = DIRECTION('',(0.382599148043,-0.923914439717,0.));
#13163 = ADVANCED_FACE('',(#13164),#13182,.F.);
#13164 = FACE_BOUND('',#13165,.F.);
#13165 = EDGE_LOOP('',(#13166,#13167,#13175,#13181));
#13166 = ORIENTED_EDGE('',*,*,#13152,.T.);
#13167 = ORIENTED_EDGE('',*,*,#13168,.T.);
#13168 = EDGE_CURVE('',#13145,#13169,#13171,.T.);
#13169 = VERTEX_POINT('',#13170);
#13170 = CARTESIAN_POINT('',(111.941226,52.060779,1.7));
#13171 = LINE('',#13172,#13173);
#13172 = CARTESIAN_POINT('',(111.939779,52.075409,1.7));
#13173 = VECTOR('',#13174,1.);
#13174 = DIRECTION('',(9.842610338379E-02,-0.995144362478,0.));
#13175 = ORIENTED_EDGE('',*,*,#13176,.F.);
#13176 = EDGE_CURVE('',#3777,#13169,#13177,.T.);
#13177 = LINE('',#13178,#13179);
#13178 = CARTESIAN_POINT('',(111.941226,52.060779,0.));
#13179 = VECTOR('',#13180,1.);
#13180 = DIRECTION('',(0.,0.,1.));
#13181 = ORIENTED_EDGE('',*,*,#3776,.F.);
#13182 = PLANE('',#13183);
#13183 = AXIS2_PLACEMENT_3D('',#13184,#13185,#13186);
#13184 = CARTESIAN_POINT('',(111.939779,52.075409,0.));
#13185 = DIRECTION('',(0.995144362478,9.842610338379E-02,0.));
#13186 = DIRECTION('',(9.842610338379E-02,-0.995144362478,0.));
#13187 = ADVANCED_FACE('',(#13188),#13206,.F.);
#13188 = FACE_BOUND('',#13189,.F.);
#13189 = EDGE_LOOP('',(#13190,#13191,#13199,#13205));
#13190 = ORIENTED_EDGE('',*,*,#13176,.T.);
#13191 = ORIENTED_EDGE('',*,*,#13192,.T.);
#13192 = EDGE_CURVE('',#13169,#13193,#13195,.T.);
#13193 = VERTEX_POINT('',#13194);
#13194 = CARTESIAN_POINT('',(111.941226,37.960782,1.7));
#13195 = LINE('',#13196,#13197);
#13196 = CARTESIAN_POINT('',(111.941226,52.060779,1.7));
#13197 = VECTOR('',#13198,1.);
#13198 = DIRECTION('',(0.,-1.,0.));
#13199 = ORIENTED_EDGE('',*,*,#13200,.F.);
#13200 = EDGE_CURVE('',#3785,#13193,#13201,.T.);
#13201 = LINE('',#13202,#13203);
#13202 = CARTESIAN_POINT('',(111.941226,37.960782,0.));
#13203 = VECTOR('',#13204,1.);
#13204 = DIRECTION('',(0.,0.,1.));
#13205 = ORIENTED_EDGE('',*,*,#3784,.F.);
#13206 = PLANE('',#13207);
#13207 = AXIS2_PLACEMENT_3D('',#13208,#13209,#13210);
#13208 = CARTESIAN_POINT('',(111.941226,52.060779,0.));
#13209 = DIRECTION('',(1.,0.,0.));
#13210 = DIRECTION('',(0.,-1.,0.));
#13211 = ADVANCED_FACE('',(#13212),#13230,.F.);
#13212 = FACE_BOUND('',#13213,.F.);
#13213 = EDGE_LOOP('',(#13214,#13215,#13223,#13229));
#13214 = ORIENTED_EDGE('',*,*,#13200,.T.);
#13215 = ORIENTED_EDGE('',*,*,#13216,.T.);
#13216 = EDGE_CURVE('',#13193,#13217,#13219,.T.);
#13217 = VERTEX_POINT('',#13218);
#13218 = CARTESIAN_POINT('',(111.939779,37.946151,1.7));
#13219 = LINE('',#13220,#13221);
#13220 = CARTESIAN_POINT('',(111.941226,37.960782,1.7));
#13221 = VECTOR('',#13222,1.);
#13222 = DIRECTION('',(-9.841944131848E-02,-0.995145021377,0.));
#13223 = ORIENTED_EDGE('',*,*,#13224,.F.);
#13224 = EDGE_CURVE('',#3793,#13217,#13225,.T.);
#13225 = LINE('',#13226,#13227);
#13226 = CARTESIAN_POINT('',(111.939779,37.946151,0.));
#13227 = VECTOR('',#13228,1.);
#13228 = DIRECTION('',(0.,0.,1.));
#13229 = ORIENTED_EDGE('',*,*,#3792,.F.);
#13230 = PLANE('',#13231);
#13231 = AXIS2_PLACEMENT_3D('',#13232,#13233,#13234);
#13232 = CARTESIAN_POINT('',(111.941226,37.960782,0.));
#13233 = DIRECTION('',(0.995145021377,-9.841944131848E-02,0.));
#13234 = DIRECTION('',(-9.841944131848E-02,-0.995145021377,0.));
#13235 = ADVANCED_FACE('',(#13236),#13254,.F.);
#13236 = FACE_BOUND('',#13237,.F.);
#13237 = EDGE_LOOP('',(#13238,#13239,#13247,#13253));
#13238 = ORIENTED_EDGE('',*,*,#13224,.T.);
#13239 = ORIENTED_EDGE('',*,*,#13240,.T.);
#13240 = EDGE_CURVE('',#13217,#13241,#13243,.T.);
#13241 = VERTEX_POINT('',#13242);
#13242 = CARTESIAN_POINT('',(111.928577,37.9191,1.7));
#13243 = LINE('',#13244,#13245);
#13244 = CARTESIAN_POINT('',(111.939779,37.946151,1.7));
#13245 = VECTOR('',#13246,1.);
#13246 = DIRECTION('',(-0.382599148043,-0.923914439717,0.));
#13247 = ORIENTED_EDGE('',*,*,#13248,.F.);
#13248 = EDGE_CURVE('',#3801,#13241,#13249,.T.);
#13249 = LINE('',#13250,#13251);
#13250 = CARTESIAN_POINT('',(111.928577,37.9191,0.));
#13251 = VECTOR('',#13252,1.);
#13252 = DIRECTION('',(0.,0.,1.));
#13253 = ORIENTED_EDGE('',*,*,#3800,.F.);
#13254 = PLANE('',#13255);
#13255 = AXIS2_PLACEMENT_3D('',#13256,#13257,#13258);
#13256 = CARTESIAN_POINT('',(111.939779,37.946151,0.));
#13257 = DIRECTION('',(0.923914439717,-0.382599148043,0.));
#13258 = DIRECTION('',(-0.382599148043,-0.923914439717,0.));
#13259 = ADVANCED_FACE('',(#13260),#13278,.F.);
#13260 = FACE_BOUND('',#13261,.F.);
#13261 = EDGE_LOOP('',(#13262,#13263,#13271,#13277));
#13262 = ORIENTED_EDGE('',*,*,#13248,.T.);
#13263 = ORIENTED_EDGE('',*,*,#13264,.T.);
#13264 = EDGE_CURVE('',#13241,#13265,#13267,.T.);
#13265 = VERTEX_POINT('',#13266);
#13266 = CARTESIAN_POINT('',(111.907902,37.898425,1.7));
#13267 = LINE('',#13268,#13269);
#13268 = CARTESIAN_POINT('',(111.928577,37.9191,1.7));
#13269 = VECTOR('',#13270,1.);
#13270 = DIRECTION('',(-0.707106781187,-0.707106781187,0.));
#13271 = ORIENTED_EDGE('',*,*,#13272,.F.);
#13272 = EDGE_CURVE('',#3809,#13265,#13273,.T.);
#13273 = LINE('',#13274,#13275);
#13274 = CARTESIAN_POINT('',(111.907902,37.898425,0.));
#13275 = VECTOR('',#13276,1.);
#13276 = DIRECTION('',(0.,0.,1.));
#13277 = ORIENTED_EDGE('',*,*,#3808,.F.);
#13278 = PLANE('',#13279);
#13279 = AXIS2_PLACEMENT_3D('',#13280,#13281,#13282);
#13280 = CARTESIAN_POINT('',(111.928577,37.9191,0.));
#13281 = DIRECTION('',(0.707106781187,-0.707106781187,0.));
#13282 = DIRECTION('',(-0.707106781187,-0.707106781187,0.));
#13283 = ADVANCED_FACE('',(#13284),#13302,.F.);
#13284 = FACE_BOUND('',#13285,.F.);
#13285 = EDGE_LOOP('',(#13286,#13287,#13295,#13301));
#13286 = ORIENTED_EDGE('',*,*,#13272,.T.);
#13287 = ORIENTED_EDGE('',*,*,#13288,.T.);
#13288 = EDGE_CURVE('',#13265,#13289,#13291,.T.);
#13289 = VERTEX_POINT('',#13290);
#13290 = CARTESIAN_POINT('',(111.880851,37.887223,1.7));
#13291 = LINE('',#13292,#13293);
#13292 = CARTESIAN_POINT('',(111.907902,37.898425,1.7));
#13293 = VECTOR('',#13294,1.);
#13294 = DIRECTION('',(-0.923914439717,-0.382599148043,0.));
#13295 = ORIENTED_EDGE('',*,*,#13296,.F.);
#13296 = EDGE_CURVE('',#3817,#13289,#13297,.T.);
#13297 = LINE('',#13298,#13299);
#13298 = CARTESIAN_POINT('',(111.880851,37.887223,0.));
#13299 = VECTOR('',#13300,1.);
#13300 = DIRECTION('',(0.,0.,1.));
#13301 = ORIENTED_EDGE('',*,*,#3816,.F.);
#13302 = PLANE('',#13303);
#13303 = AXIS2_PLACEMENT_3D('',#13304,#13305,#13306);
#13304 = CARTESIAN_POINT('',(111.907902,37.898425,0.));
#13305 = DIRECTION('',(0.382599148043,-0.923914439717,0.));
#13306 = DIRECTION('',(-0.923914439717,-0.382599148043,0.));
#13307 = ADVANCED_FACE('',(#13308),#13326,.F.);
#13308 = FACE_BOUND('',#13309,.F.);
#13309 = EDGE_LOOP('',(#13310,#13311,#13319,#13325));
#13310 = ORIENTED_EDGE('',*,*,#13296,.T.);
#13311 = ORIENTED_EDGE('',*,*,#13312,.T.);
#13312 = EDGE_CURVE('',#13289,#13313,#13315,.T.);
#13313 = VERTEX_POINT('',#13314);
#13314 = CARTESIAN_POINT('',(111.86622,37.885776,1.7));
#13315 = LINE('',#13316,#13317);
#13316 = CARTESIAN_POINT('',(111.880851,37.887223,1.7));
#13317 = VECTOR('',#13318,1.);
#13318 = DIRECTION('',(-0.995145021377,-9.841944131843E-02,0.));
#13319 = ORIENTED_EDGE('',*,*,#13320,.F.);
#13320 = EDGE_CURVE('',#3825,#13313,#13321,.T.);
#13321 = LINE('',#13322,#13323);
#13322 = CARTESIAN_POINT('',(111.86622,37.885776,0.));
#13323 = VECTOR('',#13324,1.);
#13324 = DIRECTION('',(0.,0.,1.));
#13325 = ORIENTED_EDGE('',*,*,#3824,.F.);
#13326 = PLANE('',#13327);
#13327 = AXIS2_PLACEMENT_3D('',#13328,#13329,#13330);
#13328 = CARTESIAN_POINT('',(111.880851,37.887223,0.));
#13329 = DIRECTION('',(9.841944131843E-02,-0.995145021377,0.));
#13330 = DIRECTION('',(-0.995145021377,-9.841944131843E-02,0.));
#13331 = ADVANCED_FACE('',(#13332),#13350,.F.);
#13332 = FACE_BOUND('',#13333,.F.);
#13333 = EDGE_LOOP('',(#13334,#13335,#13343,#13349));
#13334 = ORIENTED_EDGE('',*,*,#13320,.T.);
#13335 = ORIENTED_EDGE('',*,*,#13336,.T.);
#13336 = EDGE_CURVE('',#13313,#13337,#13339,.T.);
#13337 = VERTEX_POINT('',#13338);
#13338 = CARTESIAN_POINT('',(97.766223,37.885776,1.7));
#13339 = LINE('',#13340,#13341);
#13340 = CARTESIAN_POINT('',(111.86622,37.885776,1.7));
#13341 = VECTOR('',#13342,1.);
#13342 = DIRECTION('',(-1.,0.,0.));
#13343 = ORIENTED_EDGE('',*,*,#13344,.F.);
#13344 = EDGE_CURVE('',#3833,#13337,#13345,.T.);
#13345 = LINE('',#13346,#13347);
#13346 = CARTESIAN_POINT('',(97.766223,37.885776,0.));
#13347 = VECTOR('',#13348,1.);
#13348 = DIRECTION('',(0.,0.,1.));
#13349 = ORIENTED_EDGE('',*,*,#3832,.F.);
#13350 = PLANE('',#13351);
#13351 = AXIS2_PLACEMENT_3D('',#13352,#13353,#13354);
#13352 = CARTESIAN_POINT('',(111.86622,37.885776,0.));
#13353 = DIRECTION('',(0.,-1.,0.));
#13354 = DIRECTION('',(-1.,0.,0.));
#13355 = ADVANCED_FACE('',(#13356),#13374,.F.);
#13356 = FACE_BOUND('',#13357,.F.);
#13357 = EDGE_LOOP('',(#13358,#13359,#13367,#13373));
#13358 = ORIENTED_EDGE('',*,*,#13344,.T.);
#13359 = ORIENTED_EDGE('',*,*,#13360,.T.);
#13360 = EDGE_CURVE('',#13337,#13361,#13363,.T.);
#13361 = VERTEX_POINT('',#13362);
#13362 = CARTESIAN_POINT('',(97.751593,37.887223,1.7));
#13363 = LINE('',#13364,#13365);
#13364 = CARTESIAN_POINT('',(97.766223,37.885776,1.7));
#13365 = VECTOR('',#13366,1.);
#13366 = DIRECTION('',(-0.995144362478,9.842610338384E-02,0.));
#13367 = ORIENTED_EDGE('',*,*,#13368,.F.);
#13368 = EDGE_CURVE('',#3841,#13361,#13369,.T.);
#13369 = LINE('',#13370,#13371);
#13370 = CARTESIAN_POINT('',(97.751593,37.887223,0.));
#13371 = VECTOR('',#13372,1.);
#13372 = DIRECTION('',(0.,0.,1.));
#13373 = ORIENTED_EDGE('',*,*,#3840,.F.);
#13374 = PLANE('',#13375);
#13375 = AXIS2_PLACEMENT_3D('',#13376,#13377,#13378);
#13376 = CARTESIAN_POINT('',(97.766223,37.885776,0.));
#13377 = DIRECTION('',(-9.842610338384E-02,-0.995144362478,0.));
#13378 = DIRECTION('',(-0.995144362478,9.842610338384E-02,0.));
#13379 = ADVANCED_FACE('',(#13380),#13398,.F.);
#13380 = FACE_BOUND('',#13381,.F.);
#13381 = EDGE_LOOP('',(#13382,#13383,#13391,#13397));
#13382 = ORIENTED_EDGE('',*,*,#13368,.T.);
#13383 = ORIENTED_EDGE('',*,*,#13384,.T.);
#13384 = EDGE_CURVE('',#13361,#13385,#13387,.T.);
#13385 = VERTEX_POINT('',#13386);
#13386 = CARTESIAN_POINT('',(97.724542,37.898425,1.7));
#13387 = LINE('',#13388,#13389);
#13388 = CARTESIAN_POINT('',(97.751593,37.887223,1.7));
#13389 = VECTOR('',#13390,1.);
#13390 = DIRECTION('',(-0.923914439717,0.382599148043,0.));
#13391 = ORIENTED_EDGE('',*,*,#13392,.F.);
#13392 = EDGE_CURVE('',#3849,#13385,#13393,.T.);
#13393 = LINE('',#13394,#13395);
#13394 = CARTESIAN_POINT('',(97.724542,37.898425,0.));
#13395 = VECTOR('',#13396,1.);
#13396 = DIRECTION('',(0.,0.,1.));
#13397 = ORIENTED_EDGE('',*,*,#3848,.F.);
#13398 = PLANE('',#13399);
#13399 = AXIS2_PLACEMENT_3D('',#13400,#13401,#13402);
#13400 = CARTESIAN_POINT('',(97.751593,37.887223,0.));
#13401 = DIRECTION('',(-0.382599148043,-0.923914439717,0.));
#13402 = DIRECTION('',(-0.923914439717,0.382599148043,0.));
#13403 = ADVANCED_FACE('',(#13404),#13422,.F.);
#13404 = FACE_BOUND('',#13405,.F.);
#13405 = EDGE_LOOP('',(#13406,#13407,#13415,#13421));
#13406 = ORIENTED_EDGE('',*,*,#13392,.T.);
#13407 = ORIENTED_EDGE('',*,*,#13408,.T.);
#13408 = EDGE_CURVE('',#13385,#13409,#13411,.T.);
#13409 = VERTEX_POINT('',#13410);
#13410 = CARTESIAN_POINT('',(97.703866,37.9191,1.7));
#13411 = LINE('',#13412,#13413);
#13412 = CARTESIAN_POINT('',(97.724542,37.898425,1.7));
#13413 = VECTOR('',#13414,1.);
#13414 = DIRECTION('',(-0.707123881093,0.707089680867,0.));
#13415 = ORIENTED_EDGE('',*,*,#13416,.F.);
#13416 = EDGE_CURVE('',#3857,#13409,#13417,.T.);
#13417 = LINE('',#13418,#13419);
#13418 = CARTESIAN_POINT('',(97.703866,37.9191,0.));
#13419 = VECTOR('',#13420,1.);
#13420 = DIRECTION('',(0.,0.,1.));
#13421 = ORIENTED_EDGE('',*,*,#3856,.F.);
#13422 = PLANE('',#13423);
#13423 = AXIS2_PLACEMENT_3D('',#13424,#13425,#13426);
#13424 = CARTESIAN_POINT('',(97.724542,37.898425,0.));
#13425 = DIRECTION('',(-0.707089680867,-0.707123881093,0.));
#13426 = DIRECTION('',(-0.707123881093,0.707089680867,0.));
#13427 = ADVANCED_FACE('',(#13428),#13446,.F.);
#13428 = FACE_BOUND('',#13429,.F.);
#13429 = EDGE_LOOP('',(#13430,#13431,#13439,#13445));
#13430 = ORIENTED_EDGE('',*,*,#13416,.T.);
#13431 = ORIENTED_EDGE('',*,*,#13432,.T.);
#13432 = EDGE_CURVE('',#13409,#13433,#13435,.T.);
#13433 = VERTEX_POINT('',#13434);
#13434 = CARTESIAN_POINT('',(97.692665,37.946151,1.7));
#13435 = LINE('',#13436,#13437);
#13436 = CARTESIAN_POINT('',(97.703866,37.9191,1.7));
#13437 = VECTOR('',#13438,1.);
#13438 = DIRECTION('',(-0.382569992546,0.923926512664,0.));
#13439 = ORIENTED_EDGE('',*,*,#13440,.F.);
#13440 = EDGE_CURVE('',#3865,#13433,#13441,.T.);
#13441 = LINE('',#13442,#13443);
#13442 = CARTESIAN_POINT('',(97.692665,37.946151,0.));
#13443 = VECTOR('',#13444,1.);
#13444 = DIRECTION('',(0.,0.,1.));
#13445 = ORIENTED_EDGE('',*,*,#3864,.F.);
#13446 = PLANE('',#13447);
#13447 = AXIS2_PLACEMENT_3D('',#13448,#13449,#13450);
#13448 = CARTESIAN_POINT('',(97.703866,37.9191,0.));
#13449 = DIRECTION('',(-0.923926512664,-0.382569992546,0.));
#13450 = DIRECTION('',(-0.382569992546,0.923926512664,0.));
#13451 = ADVANCED_FACE('',(#13452),#13470,.F.);
#13452 = FACE_BOUND('',#13453,.F.);
#13453 = EDGE_LOOP('',(#13454,#13455,#13463,#13469));
#13454 = ORIENTED_EDGE('',*,*,#13440,.T.);
#13455 = ORIENTED_EDGE('',*,*,#13456,.T.);
#13456 = EDGE_CURVE('',#13433,#13457,#13459,.T.);
#13457 = VERTEX_POINT('',#13458);
#13458 = CARTESIAN_POINT('',(97.691217,37.960782,1.7));
#13459 = LINE('',#13460,#13461);
#13460 = CARTESIAN_POINT('',(97.692665,37.946151,1.7));
#13461 = VECTOR('',#13462,1.);
#13462 = DIRECTION('',(-9.848679801152E-02,0.995138357525,0.));
#13463 = ORIENTED_EDGE('',*,*,#13464,.F.);
#13464 = EDGE_CURVE('',#3873,#13457,#13465,.T.);
#13465 = LINE('',#13466,#13467);
#13466 = CARTESIAN_POINT('',(97.691217,37.960782,0.));
#13467 = VECTOR('',#13468,1.);
#13468 = DIRECTION('',(0.,0.,1.));
#13469 = ORIENTED_EDGE('',*,*,#3872,.F.);
#13470 = PLANE('',#13471);
#13471 = AXIS2_PLACEMENT_3D('',#13472,#13473,#13474);
#13472 = CARTESIAN_POINT('',(97.692665,37.946151,0.));
#13473 = DIRECTION('',(-0.995138357525,-9.848679801152E-02,0.));
#13474 = DIRECTION('',(-9.848679801152E-02,0.995138357525,0.));
#13475 = ADVANCED_FACE('',(#13476),#13494,.F.);
#13476 = FACE_BOUND('',#13477,.F.);
#13477 = EDGE_LOOP('',(#13478,#13479,#13487,#13493));
#13478 = ORIENTED_EDGE('',*,*,#13464,.T.);
#13479 = ORIENTED_EDGE('',*,*,#13480,.T.);
#13480 = EDGE_CURVE('',#13457,#13481,#13483,.T.);
#13481 = VERTEX_POINT('',#13482);
#13482 = CARTESIAN_POINT('',(97.691217,52.060779,1.7));
#13483 = LINE('',#13484,#13485);
#13484 = CARTESIAN_POINT('',(97.691217,37.960782,1.7));
#13485 = VECTOR('',#13486,1.);
#13486 = DIRECTION('',(0.,1.,0.));
#13487 = ORIENTED_EDGE('',*,*,#13488,.F.);
#13488 = EDGE_CURVE('',#3881,#13481,#13489,.T.);
#13489 = LINE('',#13490,#13491);
#13490 = CARTESIAN_POINT('',(97.691217,52.060779,0.));
#13491 = VECTOR('',#13492,1.);
#13492 = DIRECTION('',(0.,0.,1.));
#13493 = ORIENTED_EDGE('',*,*,#3880,.F.);
#13494 = PLANE('',#13495);
#13495 = AXIS2_PLACEMENT_3D('',#13496,#13497,#13498);
#13496 = CARTESIAN_POINT('',(97.691217,37.960782,0.));
#13497 = DIRECTION('',(-1.,0.,0.));
#13498 = DIRECTION('',(0.,1.,0.));
#13499 = ADVANCED_FACE('',(#13500),#13518,.F.);
#13500 = FACE_BOUND('',#13501,.F.);
#13501 = EDGE_LOOP('',(#13502,#13503,#13511,#13517));
#13502 = ORIENTED_EDGE('',*,*,#13488,.T.);
#13503 = ORIENTED_EDGE('',*,*,#13504,.T.);
#13504 = EDGE_CURVE('',#13481,#13505,#13507,.T.);
#13505 = VERTEX_POINT('',#13506);
#13506 = CARTESIAN_POINT('',(97.692665,52.075409,1.7));
#13507 = LINE('',#13508,#13509);
#13508 = CARTESIAN_POINT('',(97.691217,52.060779,1.7));
#13509 = VECTOR('',#13510,1.);
#13510 = DIRECTION('',(9.849346454695E-02,0.995137697729,0.));
#13511 = ORIENTED_EDGE('',*,*,#13512,.F.);
#13512 = EDGE_CURVE('',#3889,#13505,#13513,.T.);
#13513 = LINE('',#13514,#13515);
#13514 = CARTESIAN_POINT('',(97.692665,52.075409,0.));
#13515 = VECTOR('',#13516,1.);
#13516 = DIRECTION('',(0.,0.,1.));
#13517 = ORIENTED_EDGE('',*,*,#3888,.F.);
#13518 = PLANE('',#13519);
#13519 = AXIS2_PLACEMENT_3D('',#13520,#13521,#13522);
#13520 = CARTESIAN_POINT('',(97.691217,52.060779,0.));
#13521 = DIRECTION('',(-0.995137697729,9.849346454695E-02,0.));
#13522 = DIRECTION('',(9.849346454695E-02,0.995137697729,0.));
#13523 = ADVANCED_FACE('',(#13524),#13542,.F.);
#13524 = FACE_BOUND('',#13525,.F.);
#13525 = EDGE_LOOP('',(#13526,#13527,#13535,#13541));
#13526 = ORIENTED_EDGE('',*,*,#13512,.T.);
#13527 = ORIENTED_EDGE('',*,*,#13528,.T.);
#13528 = EDGE_CURVE('',#13505,#13529,#13531,.T.);
#13529 = VERTEX_POINT('',#13530);
#13530 = CARTESIAN_POINT('',(97.703866,52.10246,1.7));
#13531 = LINE('',#13532,#13533);
#13532 = CARTESIAN_POINT('',(97.692665,52.075409,1.7));
#13533 = VECTOR('',#13534,1.);
#13534 = DIRECTION('',(0.382569992546,0.923926512664,0.));
#13535 = ORIENTED_EDGE('',*,*,#13536,.F.);
#13536 = EDGE_CURVE('',#3897,#13529,#13537,.T.);
#13537 = LINE('',#13538,#13539);
#13538 = CARTESIAN_POINT('',(97.703866,52.10246,0.));
#13539 = VECTOR('',#13540,1.);
#13540 = DIRECTION('',(0.,0.,1.));
#13541 = ORIENTED_EDGE('',*,*,#3896,.F.);
#13542 = PLANE('',#13543);
#13543 = AXIS2_PLACEMENT_3D('',#13544,#13545,#13546);
#13544 = CARTESIAN_POINT('',(97.692665,52.075409,0.));
#13545 = DIRECTION('',(-0.923926512664,0.382569992546,0.));
#13546 = DIRECTION('',(0.382569992546,0.923926512664,0.));
#13547 = ADVANCED_FACE('',(#13548),#13566,.F.);
#13548 = FACE_BOUND('',#13549,.F.);
#13549 = EDGE_LOOP('',(#13550,#13551,#13559,#13565));
#13550 = ORIENTED_EDGE('',*,*,#13536,.T.);
#13551 = ORIENTED_EDGE('',*,*,#13552,.T.);
#13552 = EDGE_CURVE('',#13529,#13553,#13555,.T.);
#13553 = VERTEX_POINT('',#13554);
#13554 = CARTESIAN_POINT('',(97.724542,52.123136,1.7));
#13555 = LINE('',#13556,#13557);
#13556 = CARTESIAN_POINT('',(97.703866,52.10246,1.7));
#13557 = VECTOR('',#13558,1.);
#13558 = DIRECTION('',(0.707106781186,0.707106781187,0.));
#13559 = ORIENTED_EDGE('',*,*,#13560,.F.);
#13560 = EDGE_CURVE('',#3905,#13553,#13561,.T.);
#13561 = LINE('',#13562,#13563);
#13562 = CARTESIAN_POINT('',(97.724542,52.123136,0.));
#13563 = VECTOR('',#13564,1.);
#13564 = DIRECTION('',(0.,0.,1.));
#13565 = ORIENTED_EDGE('',*,*,#3904,.F.);
#13566 = PLANE('',#13567);
#13567 = AXIS2_PLACEMENT_3D('',#13568,#13569,#13570);
#13568 = CARTESIAN_POINT('',(97.703866,52.10246,0.));
#13569 = DIRECTION('',(-0.707106781187,0.707106781186,0.));
#13570 = DIRECTION('',(0.707106781186,0.707106781187,0.));
#13571 = ADVANCED_FACE('',(#13572),#13590,.F.);
#13572 = FACE_BOUND('',#13573,.F.);
#13573 = EDGE_LOOP('',(#13574,#13575,#13583,#13589));
#13574 = ORIENTED_EDGE('',*,*,#13560,.T.);
#13575 = ORIENTED_EDGE('',*,*,#13576,.T.);
#13576 = EDGE_CURVE('',#13553,#13577,#13579,.T.);
#13577 = VERTEX_POINT('',#13578);
#13578 = CARTESIAN_POINT('',(97.751593,52.134337,1.7));
#13579 = LINE('',#13580,#13581);
#13580 = CARTESIAN_POINT('',(97.724542,52.123136,1.7));
#13581 = VECTOR('',#13582,1.);
#13582 = DIRECTION('',(0.923926512664,0.382569992546,0.));
#13583 = ORIENTED_EDGE('',*,*,#13584,.F.);
#13584 = EDGE_CURVE('',#3913,#13577,#13585,.T.);
#13585 = LINE('',#13586,#13587);
#13586 = CARTESIAN_POINT('',(97.751593,52.134337,0.));
#13587 = VECTOR('',#13588,1.);
#13588 = DIRECTION('',(0.,0.,1.));
#13589 = ORIENTED_EDGE('',*,*,#3912,.F.);
#13590 = PLANE('',#13591);
#13591 = AXIS2_PLACEMENT_3D('',#13592,#13593,#13594);
#13592 = CARTESIAN_POINT('',(97.724542,52.123136,0.));
#13593 = DIRECTION('',(-0.382569992546,0.923926512664,0.));
#13594 = DIRECTION('',(0.923926512664,0.382569992546,0.));
#13595 = ADVANCED_FACE('',(#13596),#13614,.F.);
#13596 = FACE_BOUND('',#13597,.F.);
#13597 = EDGE_LOOP('',(#13598,#13599,#13607,#13613));
#13598 = ORIENTED_EDGE('',*,*,#13584,.T.);
#13599 = ORIENTED_EDGE('',*,*,#13600,.T.);
#13600 = EDGE_CURVE('',#13577,#13601,#13603,.T.);
#13601 = VERTEX_POINT('',#13602);
#13602 = CARTESIAN_POINT('',(97.766223,52.135785,1.7));
#13603 = LINE('',#13604,#13605);
#13604 = CARTESIAN_POINT('',(97.751593,52.134337,1.7));
#13605 = VECTOR('',#13606,1.);
#13606 = DIRECTION('',(0.995137697729,9.849346454604E-02,0.));
#13607 = ORIENTED_EDGE('',*,*,#13608,.F.);
#13608 = EDGE_CURVE('',#3921,#13601,#13609,.T.);
#13609 = LINE('',#13610,#13611);
#13610 = CARTESIAN_POINT('',(97.766223,52.135785,0.));
#13611 = VECTOR('',#13612,1.);
#13612 = DIRECTION('',(0.,0.,1.));
#13613 = ORIENTED_EDGE('',*,*,#3920,.F.);
#13614 = PLANE('',#13615);
#13615 = AXIS2_PLACEMENT_3D('',#13616,#13617,#13618);
#13616 = CARTESIAN_POINT('',(97.751593,52.134337,0.));
#13617 = DIRECTION('',(-9.849346454604E-02,0.995137697729,0.));
#13618 = DIRECTION('',(0.995137697729,9.849346454604E-02,0.));
#13619 = ADVANCED_FACE('',(#13620),#13638,.F.);
#13620 = FACE_BOUND('',#13621,.F.);
#13621 = EDGE_LOOP('',(#13622,#13623,#13631,#13637));
#13622 = ORIENTED_EDGE('',*,*,#13608,.T.);
#13623 = ORIENTED_EDGE('',*,*,#13624,.T.);
#13624 = EDGE_CURVE('',#13601,#13625,#13627,.T.);
#13625 = VERTEX_POINT('',#13626);
#13626 = CARTESIAN_POINT('',(111.86622,52.135785,1.7));
#13627 = LINE('',#13628,#13629);
#13628 = CARTESIAN_POINT('',(97.766223,52.135785,1.7));
#13629 = VECTOR('',#13630,1.);
#13630 = DIRECTION('',(1.,0.,0.));
#13631 = ORIENTED_EDGE('',*,*,#13632,.F.);
#13632 = EDGE_CURVE('',#3929,#13625,#13633,.T.);
#13633 = LINE('',#13634,#13635);
#13634 = CARTESIAN_POINT('',(111.86622,52.135785,0.));
#13635 = VECTOR('',#13636,1.);
#13636 = DIRECTION('',(0.,0.,1.));
#13637 = ORIENTED_EDGE('',*,*,#3928,.F.);
#13638 = PLANE('',#13639);
#13639 = AXIS2_PLACEMENT_3D('',#13640,#13641,#13642);
#13640 = CARTESIAN_POINT('',(97.766223,52.135785,0.));
#13641 = DIRECTION('',(0.,1.,0.));
#13642 = DIRECTION('',(1.,0.,0.));
#13643 = ADVANCED_FACE('',(#13644),#13655,.F.);
#13644 = FACE_BOUND('',#13645,.F.);
#13645 = EDGE_LOOP('',(#13646,#13647,#13653,#13654));
#13646 = ORIENTED_EDGE('',*,*,#13632,.T.);
#13647 = ORIENTED_EDGE('',*,*,#13648,.T.);
#13648 = EDGE_CURVE('',#13625,#13089,#13649,.T.);
#13649 = LINE('',#13650,#13651);
#13650 = CARTESIAN_POINT('',(111.86622,52.135785,1.7));
#13651 = VECTOR('',#13652,1.);
#13652 = DIRECTION('',(0.995138357525,-9.848679801051E-02,0.));
#13653 = ORIENTED_EDGE('',*,*,#13088,.F.);
#13654 = ORIENTED_EDGE('',*,*,#3936,.F.);
#13655 = PLANE('',#13656);
#13656 = AXIS2_PLACEMENT_3D('',#13657,#13658,#13659);
#13657 = CARTESIAN_POINT('',(111.86622,52.135785,0.));
#13658 = DIRECTION('',(9.848679801051E-02,0.995138357525,0.));
#13659 = DIRECTION('',(0.995138357525,-9.848679801051E-02,0.));
#13660 = ADVANCED_FACE('',(#13661),#13686,.F.);
#13661 = FACE_BOUND('',#13662,.F.);
#13662 = EDGE_LOOP('',(#13663,#13671,#13679,#13685));
#13663 = ORIENTED_EDGE('',*,*,#13664,.T.);
#13664 = EDGE_CURVE('',#3945,#13665,#13667,.T.);
#13665 = VERTEX_POINT('',#13666);
#13666 = CARTESIAN_POINT('',(92.830851,52.134337,1.7));
#13667 = LINE('',#13668,#13669);
#13668 = CARTESIAN_POINT('',(92.830851,52.134337,0.));
#13669 = VECTOR('',#13670,1.);
#13670 = DIRECTION('',(0.,0.,1.));
#13671 = ORIENTED_EDGE('',*,*,#13672,.T.);
#13672 = EDGE_CURVE('',#13665,#13673,#13675,.T.);
#13673 = VERTEX_POINT('',#13674);
#13674 = CARTESIAN_POINT('',(92.857902,52.123136,1.7));
#13675 = LINE('',#13676,#13677);
#13676 = CARTESIAN_POINT('',(92.830851,52.134337,1.7));
#13677 = VECTOR('',#13678,1.);
#13678 = DIRECTION('',(0.923926512664,-0.382569992546,0.));
#13679 = ORIENTED_EDGE('',*,*,#13680,.F.);
#13680 = EDGE_CURVE('',#3947,#13673,#13681,.T.);
#13681 = LINE('',#13682,#13683);
#13682 = CARTESIAN_POINT('',(92.857902,52.123136,0.));
#13683 = VECTOR('',#13684,1.);
#13684 = DIRECTION('',(0.,0.,1.));
#13685 = ORIENTED_EDGE('',*,*,#3944,.F.);
#13686 = PLANE('',#13687);
#13687 = AXIS2_PLACEMENT_3D('',#13688,#13689,#13690);
#13688 = CARTESIAN_POINT('',(92.830851,52.134337,0.));
#13689 = DIRECTION('',(0.382569992546,0.923926512664,0.));
#13690 = DIRECTION('',(0.923926512664,-0.382569992546,0.));
#13691 = ADVANCED_FACE('',(#13692),#13710,.F.);
#13692 = FACE_BOUND('',#13693,.F.);
#13693 = EDGE_LOOP('',(#13694,#13695,#13703,#13709));
#13694 = ORIENTED_EDGE('',*,*,#13680,.T.);
#13695 = ORIENTED_EDGE('',*,*,#13696,.T.);
#13696 = EDGE_CURVE('',#13673,#13697,#13699,.T.);
#13697 = VERTEX_POINT('',#13698);
#13698 = CARTESIAN_POINT('',(92.878577,52.10246,1.7));
#13699 = LINE('',#13700,#13701);
#13700 = CARTESIAN_POINT('',(92.857902,52.123136,1.7));
#13701 = VECTOR('',#13702,1.);
#13702 = DIRECTION('',(0.707089680867,-0.707123881093,0.));
#13703 = ORIENTED_EDGE('',*,*,#13704,.F.);
#13704 = EDGE_CURVE('',#3955,#13697,#13705,.T.);
#13705 = LINE('',#13706,#13707);
#13706 = CARTESIAN_POINT('',(92.878577,52.10246,0.));
#13707 = VECTOR('',#13708,1.);
#13708 = DIRECTION('',(0.,0.,1.));
#13709 = ORIENTED_EDGE('',*,*,#3954,.F.);
#13710 = PLANE('',#13711);
#13711 = AXIS2_PLACEMENT_3D('',#13712,#13713,#13714);
#13712 = CARTESIAN_POINT('',(92.857902,52.123136,0.));
#13713 = DIRECTION('',(0.707123881093,0.707089680867,0.));
#13714 = DIRECTION('',(0.707089680867,-0.707123881093,0.));
#13715 = ADVANCED_FACE('',(#13716),#13734,.F.);
#13716 = FACE_BOUND('',#13717,.F.);
#13717 = EDGE_LOOP('',(#13718,#13719,#13727,#13733));
#13718 = ORIENTED_EDGE('',*,*,#13704,.T.);
#13719 = ORIENTED_EDGE('',*,*,#13720,.T.);
#13720 = EDGE_CURVE('',#13697,#13721,#13723,.T.);
#13721 = VERTEX_POINT('',#13722);
#13722 = CARTESIAN_POINT('',(92.889779,52.075409,1.7));
#13723 = LINE('',#13724,#13725);
#13724 = CARTESIAN_POINT('',(92.878577,52.10246,1.7));
#13725 = VECTOR('',#13726,1.);
#13726 = DIRECTION('',(0.382599148043,-0.923914439717,0.));
#13727 = ORIENTED_EDGE('',*,*,#13728,.F.);
#13728 = EDGE_CURVE('',#3963,#13721,#13729,.T.);
#13729 = LINE('',#13730,#13731);
#13730 = CARTESIAN_POINT('',(92.889779,52.075409,0.));
#13731 = VECTOR('',#13732,1.);
#13732 = DIRECTION('',(0.,0.,1.));
#13733 = ORIENTED_EDGE('',*,*,#3962,.F.);
#13734 = PLANE('',#13735);
#13735 = AXIS2_PLACEMENT_3D('',#13736,#13737,#13738);
#13736 = CARTESIAN_POINT('',(92.878577,52.10246,0.));
#13737 = DIRECTION('',(0.923914439717,0.382599148043,0.));
#13738 = DIRECTION('',(0.382599148043,-0.923914439717,0.));
#13739 = ADVANCED_FACE('',(#13740),#13758,.F.);
#13740 = FACE_BOUND('',#13741,.F.);
#13741 = EDGE_LOOP('',(#13742,#13743,#13751,#13757));
#13742 = ORIENTED_EDGE('',*,*,#13728,.T.);
#13743 = ORIENTED_EDGE('',*,*,#13744,.T.);
#13744 = EDGE_CURVE('',#13721,#13745,#13747,.T.);
#13745 = VERTEX_POINT('',#13746);
#13746 = CARTESIAN_POINT('',(92.891226,52.060779,1.7));
#13747 = LINE('',#13748,#13749);
#13748 = CARTESIAN_POINT('',(92.889779,52.075409,1.7));
#13749 = VECTOR('',#13750,1.);
#13750 = DIRECTION('',(9.842610338379E-02,-0.995144362478,0.));
#13751 = ORIENTED_EDGE('',*,*,#13752,.F.);
#13752 = EDGE_CURVE('',#3971,#13745,#13753,.T.);
#13753 = LINE('',#13754,#13755);
#13754 = CARTESIAN_POINT('',(92.891226,52.060779,0.));
#13755 = VECTOR('',#13756,1.);
#13756 = DIRECTION('',(0.,0.,1.));
#13757 = ORIENTED_EDGE('',*,*,#3970,.F.);
#13758 = PLANE('',#13759);
#13759 = AXIS2_PLACEMENT_3D('',#13760,#13761,#13762);
#13760 = CARTESIAN_POINT('',(92.889779,52.075409,0.));
#13761 = DIRECTION('',(0.995144362478,9.842610338379E-02,0.));
#13762 = DIRECTION('',(9.842610338379E-02,-0.995144362478,0.));
#13763 = ADVANCED_FACE('',(#13764),#13782,.F.);
#13764 = FACE_BOUND('',#13765,.F.);
#13765 = EDGE_LOOP('',(#13766,#13767,#13775,#13781));
#13766 = ORIENTED_EDGE('',*,*,#13752,.T.);
#13767 = ORIENTED_EDGE('',*,*,#13768,.T.);
#13768 = EDGE_CURVE('',#13745,#13769,#13771,.T.);
#13769 = VERTEX_POINT('',#13770);
#13770 = CARTESIAN_POINT('',(92.891226,37.960782,1.7));
#13771 = LINE('',#13772,#13773);
#13772 = CARTESIAN_POINT('',(92.891226,52.060779,1.7));
#13773 = VECTOR('',#13774,1.);
#13774 = DIRECTION('',(0.,-1.,0.));
#13775 = ORIENTED_EDGE('',*,*,#13776,.F.);
#13776 = EDGE_CURVE('',#3979,#13769,#13777,.T.);
#13777 = LINE('',#13778,#13779);
#13778 = CARTESIAN_POINT('',(92.891226,37.960782,0.));
#13779 = VECTOR('',#13780,1.);
#13780 = DIRECTION('',(0.,0.,1.));
#13781 = ORIENTED_EDGE('',*,*,#3978,.F.);
#13782 = PLANE('',#13783);
#13783 = AXIS2_PLACEMENT_3D('',#13784,#13785,#13786);
#13784 = CARTESIAN_POINT('',(92.891226,52.060779,0.));
#13785 = DIRECTION('',(1.,0.,0.));
#13786 = DIRECTION('',(0.,-1.,0.));
#13787 = ADVANCED_FACE('',(#13788),#13806,.F.);
#13788 = FACE_BOUND('',#13789,.F.);
#13789 = EDGE_LOOP('',(#13790,#13791,#13799,#13805));
#13790 = ORIENTED_EDGE('',*,*,#13776,.T.);
#13791 = ORIENTED_EDGE('',*,*,#13792,.T.);
#13792 = EDGE_CURVE('',#13769,#13793,#13795,.T.);
#13793 = VERTEX_POINT('',#13794);
#13794 = CARTESIAN_POINT('',(92.889779,37.946151,1.7));
#13795 = LINE('',#13796,#13797);
#13796 = CARTESIAN_POINT('',(92.891226,37.960782,1.7));
#13797 = VECTOR('',#13798,1.);
#13798 = DIRECTION('',(-9.841944131848E-02,-0.995145021377,0.));
#13799 = ORIENTED_EDGE('',*,*,#13800,.F.);
#13800 = EDGE_CURVE('',#3987,#13793,#13801,.T.);
#13801 = LINE('',#13802,#13803);
#13802 = CARTESIAN_POINT('',(92.889779,37.946151,0.));
#13803 = VECTOR('',#13804,1.);
#13804 = DIRECTION('',(0.,0.,1.));
#13805 = ORIENTED_EDGE('',*,*,#3986,.F.);
#13806 = PLANE('',#13807);
#13807 = AXIS2_PLACEMENT_3D('',#13808,#13809,#13810);
#13808 = CARTESIAN_POINT('',(92.891226,37.960782,0.));
#13809 = DIRECTION('',(0.995145021377,-9.841944131848E-02,0.));
#13810 = DIRECTION('',(-9.841944131848E-02,-0.995145021377,0.));
#13811 = ADVANCED_FACE('',(#13812),#13830,.F.);
#13812 = FACE_BOUND('',#13813,.F.);
#13813 = EDGE_LOOP('',(#13814,#13815,#13823,#13829));
#13814 = ORIENTED_EDGE('',*,*,#13800,.T.);
#13815 = ORIENTED_EDGE('',*,*,#13816,.T.);
#13816 = EDGE_CURVE('',#13793,#13817,#13819,.T.);
#13817 = VERTEX_POINT('',#13818);
#13818 = CARTESIAN_POINT('',(92.878577,37.9191,1.7));
#13819 = LINE('',#13820,#13821);
#13820 = CARTESIAN_POINT('',(92.889779,37.946151,1.7));
#13821 = VECTOR('',#13822,1.);
#13822 = DIRECTION('',(-0.382599148043,-0.923914439717,0.));
#13823 = ORIENTED_EDGE('',*,*,#13824,.F.);
#13824 = EDGE_CURVE('',#3995,#13817,#13825,.T.);
#13825 = LINE('',#13826,#13827);
#13826 = CARTESIAN_POINT('',(92.878577,37.9191,0.));
#13827 = VECTOR('',#13828,1.);
#13828 = DIRECTION('',(0.,0.,1.));
#13829 = ORIENTED_EDGE('',*,*,#3994,.F.);
#13830 = PLANE('',#13831);
#13831 = AXIS2_PLACEMENT_3D('',#13832,#13833,#13834);
#13832 = CARTESIAN_POINT('',(92.889779,37.946151,0.));
#13833 = DIRECTION('',(0.923914439717,-0.382599148043,0.));
#13834 = DIRECTION('',(-0.382599148043,-0.923914439717,0.));
#13835 = ADVANCED_FACE('',(#13836),#13854,.F.);
#13836 = FACE_BOUND('',#13837,.F.);
#13837 = EDGE_LOOP('',(#13838,#13839,#13847,#13853));
#13838 = ORIENTED_EDGE('',*,*,#13824,.T.);
#13839 = ORIENTED_EDGE('',*,*,#13840,.T.);
#13840 = EDGE_CURVE('',#13817,#13841,#13843,.T.);
#13841 = VERTEX_POINT('',#13842);
#13842 = CARTESIAN_POINT('',(92.857902,37.898425,1.7));
#13843 = LINE('',#13844,#13845);
#13844 = CARTESIAN_POINT('',(92.878577,37.9191,1.7));
#13845 = VECTOR('',#13846,1.);
#13846 = DIRECTION('',(-0.707106781187,-0.707106781186,0.));
#13847 = ORIENTED_EDGE('',*,*,#13848,.F.);
#13848 = EDGE_CURVE('',#4003,#13841,#13849,.T.);
#13849 = LINE('',#13850,#13851);
#13850 = CARTESIAN_POINT('',(92.857902,37.898425,0.));
#13851 = VECTOR('',#13852,1.);
#13852 = DIRECTION('',(0.,0.,1.));
#13853 = ORIENTED_EDGE('',*,*,#4002,.F.);
#13854 = PLANE('',#13855);
#13855 = AXIS2_PLACEMENT_3D('',#13856,#13857,#13858);
#13856 = CARTESIAN_POINT('',(92.878577,37.9191,0.));
#13857 = DIRECTION('',(0.707106781186,-0.707106781187,0.));
#13858 = DIRECTION('',(-0.707106781187,-0.707106781186,0.));
#13859 = ADVANCED_FACE('',(#13860),#13878,.F.);
#13860 = FACE_BOUND('',#13861,.F.);
#13861 = EDGE_LOOP('',(#13862,#13863,#13871,#13877));
#13862 = ORIENTED_EDGE('',*,*,#13848,.T.);
#13863 = ORIENTED_EDGE('',*,*,#13864,.T.);
#13864 = EDGE_CURVE('',#13841,#13865,#13867,.T.);
#13865 = VERTEX_POINT('',#13866);
#13866 = CARTESIAN_POINT('',(92.830851,37.887223,1.7));
#13867 = LINE('',#13868,#13869);
#13868 = CARTESIAN_POINT('',(92.857902,37.898425,1.7));
#13869 = VECTOR('',#13870,1.);
#13870 = DIRECTION('',(-0.923914439717,-0.382599148043,0.));
#13871 = ORIENTED_EDGE('',*,*,#13872,.F.);
#13872 = EDGE_CURVE('',#4011,#13865,#13873,.T.);
#13873 = LINE('',#13874,#13875);
#13874 = CARTESIAN_POINT('',(92.830851,37.887223,0.));
#13875 = VECTOR('',#13876,1.);
#13876 = DIRECTION('',(0.,0.,1.));
#13877 = ORIENTED_EDGE('',*,*,#4010,.F.);
#13878 = PLANE('',#13879);
#13879 = AXIS2_PLACEMENT_3D('',#13880,#13881,#13882);
#13880 = CARTESIAN_POINT('',(92.857902,37.898425,0.));
#13881 = DIRECTION('',(0.382599148043,-0.923914439717,0.));
#13882 = DIRECTION('',(-0.923914439717,-0.382599148043,0.));
#13883 = ADVANCED_FACE('',(#13884),#13902,.F.);
#13884 = FACE_BOUND('',#13885,.F.);
#13885 = EDGE_LOOP('',(#13886,#13887,#13895,#13901));
#13886 = ORIENTED_EDGE('',*,*,#13872,.T.);
#13887 = ORIENTED_EDGE('',*,*,#13888,.T.);
#13888 = EDGE_CURVE('',#13865,#13889,#13891,.T.);
#13889 = VERTEX_POINT('',#13890);
#13890 = CARTESIAN_POINT('',(92.81622,37.885776,1.7));
#13891 = LINE('',#13892,#13893);
#13892 = CARTESIAN_POINT('',(92.830851,37.887223,1.7));
#13893 = VECTOR('',#13894,1.);
#13894 = DIRECTION('',(-0.995145021377,-9.841944131852E-02,0.));
#13895 = ORIENTED_EDGE('',*,*,#13896,.F.);
#13896 = EDGE_CURVE('',#4019,#13889,#13897,.T.);
#13897 = LINE('',#13898,#13899);
#13898 = CARTESIAN_POINT('',(92.81622,37.885776,0.));
#13899 = VECTOR('',#13900,1.);
#13900 = DIRECTION('',(0.,0.,1.));
#13901 = ORIENTED_EDGE('',*,*,#4018,.F.);
#13902 = PLANE('',#13903);
#13903 = AXIS2_PLACEMENT_3D('',#13904,#13905,#13906);
#13904 = CARTESIAN_POINT('',(92.830851,37.887223,0.));
#13905 = DIRECTION('',(9.841944131852E-02,-0.995145021377,0.));
#13906 = DIRECTION('',(-0.995145021377,-9.841944131852E-02,0.));
#13907 = ADVANCED_FACE('',(#13908),#13926,.F.);
#13908 = FACE_BOUND('',#13909,.F.);
#13909 = EDGE_LOOP('',(#13910,#13911,#13919,#13925));
#13910 = ORIENTED_EDGE('',*,*,#13896,.T.);
#13911 = ORIENTED_EDGE('',*,*,#13912,.T.);
#13912 = EDGE_CURVE('',#13889,#13913,#13915,.T.);
#13913 = VERTEX_POINT('',#13914);
#13914 = CARTESIAN_POINT('',(78.716223,37.885776,1.7));
#13915 = LINE('',#13916,#13917);
#13916 = CARTESIAN_POINT('',(92.81622,37.885776,1.7));
#13917 = VECTOR('',#13918,1.);
#13918 = DIRECTION('',(-1.,0.,0.));
#13919 = ORIENTED_EDGE('',*,*,#13920,.F.);
#13920 = EDGE_CURVE('',#4027,#13913,#13921,.T.);
#13921 = LINE('',#13922,#13923);
#13922 = CARTESIAN_POINT('',(78.716223,37.885776,0.));
#13923 = VECTOR('',#13924,1.);
#13924 = DIRECTION('',(0.,0.,1.));
#13925 = ORIENTED_EDGE('',*,*,#4026,.F.);
#13926 = PLANE('',#13927);
#13927 = AXIS2_PLACEMENT_3D('',#13928,#13929,#13930);
#13928 = CARTESIAN_POINT('',(92.81622,37.885776,0.));
#13929 = DIRECTION('',(0.,-1.,0.));
#13930 = DIRECTION('',(-1.,0.,0.));
#13931 = ADVANCED_FACE('',(#13932),#13950,.F.);
#13932 = FACE_BOUND('',#13933,.F.);
#13933 = EDGE_LOOP('',(#13934,#13935,#13943,#13949));
#13934 = ORIENTED_EDGE('',*,*,#13920,.T.);
#13935 = ORIENTED_EDGE('',*,*,#13936,.T.);
#13936 = EDGE_CURVE('',#13913,#13937,#13939,.T.);
#13937 = VERTEX_POINT('',#13938);
#13938 = CARTESIAN_POINT('',(78.701593,37.887223,1.7));
#13939 = LINE('',#13940,#13941);
#13940 = CARTESIAN_POINT('',(78.716223,37.885776,1.7));
#13941 = VECTOR('',#13942,1.);
#13942 = DIRECTION('',(-0.995144362478,9.842610338384E-02,0.));
#13943 = ORIENTED_EDGE('',*,*,#13944,.F.);
#13944 = EDGE_CURVE('',#4035,#13937,#13945,.T.);
#13945 = LINE('',#13946,#13947);
#13946 = CARTESIAN_POINT('',(78.701593,37.887223,0.));
#13947 = VECTOR('',#13948,1.);
#13948 = DIRECTION('',(0.,0.,1.));
#13949 = ORIENTED_EDGE('',*,*,#4034,.F.);
#13950 = PLANE('',#13951);
#13951 = AXIS2_PLACEMENT_3D('',#13952,#13953,#13954);
#13952 = CARTESIAN_POINT('',(78.716223,37.885776,0.));
#13953 = DIRECTION('',(-9.842610338384E-02,-0.995144362478,0.));
#13954 = DIRECTION('',(-0.995144362478,9.842610338384E-02,0.));
#13955 = ADVANCED_FACE('',(#13956),#13974,.F.);
#13956 = FACE_BOUND('',#13957,.F.);
#13957 = EDGE_LOOP('',(#13958,#13959,#13967,#13973));
#13958 = ORIENTED_EDGE('',*,*,#13944,.T.);
#13959 = ORIENTED_EDGE('',*,*,#13960,.T.);
#13960 = EDGE_CURVE('',#13937,#13961,#13963,.T.);
#13961 = VERTEX_POINT('',#13962);
#13962 = CARTESIAN_POINT('',(78.674542,37.898425,1.7));
#13963 = LINE('',#13964,#13965);
#13964 = CARTESIAN_POINT('',(78.701593,37.887223,1.7));
#13965 = VECTOR('',#13966,1.);
#13966 = DIRECTION('',(-0.923914439717,0.382599148043,0.));
#13967 = ORIENTED_EDGE('',*,*,#13968,.F.);
#13968 = EDGE_CURVE('',#4043,#13961,#13969,.T.);
#13969 = LINE('',#13970,#13971);
#13970 = CARTESIAN_POINT('',(78.674542,37.898425,0.));
#13971 = VECTOR('',#13972,1.);
#13972 = DIRECTION('',(0.,0.,1.));
#13973 = ORIENTED_EDGE('',*,*,#4042,.F.);
#13974 = PLANE('',#13975);
#13975 = AXIS2_PLACEMENT_3D('',#13976,#13977,#13978);
#13976 = CARTESIAN_POINT('',(78.701593,37.887223,0.));
#13977 = DIRECTION('',(-0.382599148043,-0.923914439717,0.));
#13978 = DIRECTION('',(-0.923914439717,0.382599148043,0.));
#13979 = ADVANCED_FACE('',(#13980),#13998,.F.);
#13980 = FACE_BOUND('',#13981,.F.);
#13981 = EDGE_LOOP('',(#13982,#13983,#13991,#13997));
#13982 = ORIENTED_EDGE('',*,*,#13968,.T.);
#13983 = ORIENTED_EDGE('',*,*,#13984,.T.);
#13984 = EDGE_CURVE('',#13961,#13985,#13987,.T.);
#13985 = VERTEX_POINT('',#13986);
#13986 = CARTESIAN_POINT('',(78.653866,37.9191,1.7));
#13987 = LINE('',#13988,#13989);
#13988 = CARTESIAN_POINT('',(78.674542,37.898425,1.7));
#13989 = VECTOR('',#13990,1.);
#13990 = DIRECTION('',(-0.707123881093,0.707089680866,0.));
#13991 = ORIENTED_EDGE('',*,*,#13992,.F.);
#13992 = EDGE_CURVE('',#4051,#13985,#13993,.T.);
#13993 = LINE('',#13994,#13995);
#13994 = CARTESIAN_POINT('',(78.653866,37.9191,0.));
#13995 = VECTOR('',#13996,1.);
#13996 = DIRECTION('',(0.,0.,1.));
#13997 = ORIENTED_EDGE('',*,*,#4050,.F.);
#13998 = PLANE('',#13999);
#13999 = AXIS2_PLACEMENT_3D('',#14000,#14001,#14002);
#14000 = CARTESIAN_POINT('',(78.674542,37.898425,0.));
#14001 = DIRECTION('',(-0.707089680866,-0.707123881093,0.));
#14002 = DIRECTION('',(-0.707123881093,0.707089680866,0.));
#14003 = ADVANCED_FACE('',(#14004),#14022,.F.);
#14004 = FACE_BOUND('',#14005,.F.);
#14005 = EDGE_LOOP('',(#14006,#14007,#14015,#14021));
#14006 = ORIENTED_EDGE('',*,*,#13992,.T.);
#14007 = ORIENTED_EDGE('',*,*,#14008,.T.);
#14008 = EDGE_CURVE('',#13985,#14009,#14011,.T.);
#14009 = VERTEX_POINT('',#14010);
#14010 = CARTESIAN_POINT('',(78.642665,37.946151,1.7));
#14011 = LINE('',#14012,#14013);
#14012 = CARTESIAN_POINT('',(78.653866,37.9191,1.7));
#14013 = VECTOR('',#14014,1.);
#14014 = DIRECTION('',(-0.382569992546,0.923926512664,0.));
#14015 = ORIENTED_EDGE('',*,*,#14016,.F.);
#14016 = EDGE_CURVE('',#4059,#14009,#14017,.T.);
#14017 = LINE('',#14018,#14019);
#14018 = CARTESIAN_POINT('',(78.642665,37.946151,0.));
#14019 = VECTOR('',#14020,1.);
#14020 = DIRECTION('',(0.,0.,1.));
#14021 = ORIENTED_EDGE('',*,*,#4058,.F.);
#14022 = PLANE('',#14023);
#14023 = AXIS2_PLACEMENT_3D('',#14024,#14025,#14026);
#14024 = CARTESIAN_POINT('',(78.653866,37.9191,0.));
#14025 = DIRECTION('',(-0.923926512664,-0.382569992546,0.));
#14026 = DIRECTION('',(-0.382569992546,0.923926512664,0.));
#14027 = ADVANCED_FACE('',(#14028),#14046,.F.);
#14028 = FACE_BOUND('',#14029,.F.);
#14029 = EDGE_LOOP('',(#14030,#14031,#14039,#14045));
#14030 = ORIENTED_EDGE('',*,*,#14016,.T.);
#14031 = ORIENTED_EDGE('',*,*,#14032,.T.);
#14032 = EDGE_CURVE('',#14009,#14033,#14035,.T.);
#14033 = VERTEX_POINT('',#14034);
#14034 = CARTESIAN_POINT('',(78.641217,37.960782,1.7));
#14035 = LINE('',#14036,#14037);
#14036 = CARTESIAN_POINT('',(78.642665,37.946151,1.7));
#14037 = VECTOR('',#14038,1.);
#14038 = DIRECTION('',(-9.848679801056E-02,0.995138357525,0.));
#14039 = ORIENTED_EDGE('',*,*,#14040,.F.);
#14040 = EDGE_CURVE('',#4067,#14033,#14041,.T.);
#14041 = LINE('',#14042,#14043);
#14042 = CARTESIAN_POINT('',(78.641217,37.960782,0.));
#14043 = VECTOR('',#14044,1.);
#14044 = DIRECTION('',(0.,0.,1.));
#14045 = ORIENTED_EDGE('',*,*,#4066,.F.);
#14046 = PLANE('',#14047);
#14047 = AXIS2_PLACEMENT_3D('',#14048,#14049,#14050);
#14048 = CARTESIAN_POINT('',(78.642665,37.946151,0.));
#14049 = DIRECTION('',(-0.995138357525,-9.848679801056E-02,0.));
#14050 = DIRECTION('',(-9.848679801056E-02,0.995138357525,0.));
#14051 = ADVANCED_FACE('',(#14052),#14070,.F.);
#14052 = FACE_BOUND('',#14053,.F.);
#14053 = EDGE_LOOP('',(#14054,#14055,#14063,#14069));
#14054 = ORIENTED_EDGE('',*,*,#14040,.T.);
#14055 = ORIENTED_EDGE('',*,*,#14056,.T.);
#14056 = EDGE_CURVE('',#14033,#14057,#14059,.T.);
#14057 = VERTEX_POINT('',#14058);
#14058 = CARTESIAN_POINT('',(78.641217,52.060779,1.7));
#14059 = LINE('',#14060,#14061);
#14060 = CARTESIAN_POINT('',(78.641217,37.960782,1.7));
#14061 = VECTOR('',#14062,1.);
#14062 = DIRECTION('',(0.,1.,0.));
#14063 = ORIENTED_EDGE('',*,*,#14064,.F.);
#14064 = EDGE_CURVE('',#4075,#14057,#14065,.T.);
#14065 = LINE('',#14066,#14067);
#14066 = CARTESIAN_POINT('',(78.641217,52.060779,0.));
#14067 = VECTOR('',#14068,1.);
#14068 = DIRECTION('',(0.,0.,1.));
#14069 = ORIENTED_EDGE('',*,*,#4074,.F.);
#14070 = PLANE('',#14071);
#14071 = AXIS2_PLACEMENT_3D('',#14072,#14073,#14074);
#14072 = CARTESIAN_POINT('',(78.641217,37.960782,0.));
#14073 = DIRECTION('',(-1.,0.,0.));
#14074 = DIRECTION('',(0.,1.,0.));
#14075 = ADVANCED_FACE('',(#14076),#14094,.F.);
#14076 = FACE_BOUND('',#14077,.F.);
#14077 = EDGE_LOOP('',(#14078,#14079,#14087,#14093));
#14078 = ORIENTED_EDGE('',*,*,#14064,.T.);
#14079 = ORIENTED_EDGE('',*,*,#14080,.T.);
#14080 = EDGE_CURVE('',#14057,#14081,#14083,.T.);
#14081 = VERTEX_POINT('',#14082);
#14082 = CARTESIAN_POINT('',(78.642665,52.075409,1.7));
#14083 = LINE('',#14084,#14085);
#14084 = CARTESIAN_POINT('',(78.641217,52.060779,1.7));
#14085 = VECTOR('',#14086,1.);
#14086 = DIRECTION('',(9.849346454599E-02,0.995137697729,0.));
#14087 = ORIENTED_EDGE('',*,*,#14088,.F.);
#14088 = EDGE_CURVE('',#4083,#14081,#14089,.T.);
#14089 = LINE('',#14090,#14091);
#14090 = CARTESIAN_POINT('',(78.642665,52.075409,0.));
#14091 = VECTOR('',#14092,1.);
#14092 = DIRECTION('',(0.,0.,1.));
#14093 = ORIENTED_EDGE('',*,*,#4082,.F.);
#14094 = PLANE('',#14095);
#14095 = AXIS2_PLACEMENT_3D('',#14096,#14097,#14098);
#14096 = CARTESIAN_POINT('',(78.641217,52.060779,0.));
#14097 = DIRECTION('',(-0.995137697729,9.849346454599E-02,0.));
#14098 = DIRECTION('',(9.849346454599E-02,0.995137697729,0.));
#14099 = ADVANCED_FACE('',(#14100),#14118,.F.);
#14100 = FACE_BOUND('',#14101,.F.);
#14101 = EDGE_LOOP('',(#14102,#14103,#14111,#14117));
#14102 = ORIENTED_EDGE('',*,*,#14088,.T.);
#14103 = ORIENTED_EDGE('',*,*,#14104,.T.);
#14104 = EDGE_CURVE('',#14081,#14105,#14107,.T.);
#14105 = VERTEX_POINT('',#14106);
#14106 = CARTESIAN_POINT('',(78.653866,52.10246,1.7));
#14107 = LINE('',#14108,#14109);
#14108 = CARTESIAN_POINT('',(78.642665,52.075409,1.7));
#14109 = VECTOR('',#14110,1.);
#14110 = DIRECTION('',(0.382569992546,0.923926512664,0.));
#14111 = ORIENTED_EDGE('',*,*,#14112,.F.);
#14112 = EDGE_CURVE('',#4091,#14105,#14113,.T.);
#14113 = LINE('',#14114,#14115);
#14114 = CARTESIAN_POINT('',(78.653866,52.10246,0.));
#14115 = VECTOR('',#14116,1.);
#14116 = DIRECTION('',(0.,0.,1.));
#14117 = ORIENTED_EDGE('',*,*,#4090,.F.);
#14118 = PLANE('',#14119);
#14119 = AXIS2_PLACEMENT_3D('',#14120,#14121,#14122);
#14120 = CARTESIAN_POINT('',(78.642665,52.075409,0.));
#14121 = DIRECTION('',(-0.923926512664,0.382569992546,0.));
#14122 = DIRECTION('',(0.382569992546,0.923926512664,0.));
#14123 = ADVANCED_FACE('',(#14124),#14142,.F.);
#14124 = FACE_BOUND('',#14125,.F.);
#14125 = EDGE_LOOP('',(#14126,#14127,#14135,#14141));
#14126 = ORIENTED_EDGE('',*,*,#14112,.T.);
#14127 = ORIENTED_EDGE('',*,*,#14128,.T.);
#14128 = EDGE_CURVE('',#14105,#14129,#14131,.T.);
#14129 = VERTEX_POINT('',#14130);
#14130 = CARTESIAN_POINT('',(78.674542,52.123136,1.7));
#14131 = LINE('',#14132,#14133);
#14132 = CARTESIAN_POINT('',(78.653866,52.10246,1.7));
#14133 = VECTOR('',#14134,1.);
#14134 = DIRECTION('',(0.707106781187,0.707106781186,0.));
#14135 = ORIENTED_EDGE('',*,*,#14136,.F.);
#14136 = EDGE_CURVE('',#4099,#14129,#14137,.T.);
#14137 = LINE('',#14138,#14139);
#14138 = CARTESIAN_POINT('',(78.674542,52.123136,0.));
#14139 = VECTOR('',#14140,1.);
#14140 = DIRECTION('',(0.,0.,1.));
#14141 = ORIENTED_EDGE('',*,*,#4098,.F.);
#14142 = PLANE('',#14143);
#14143 = AXIS2_PLACEMENT_3D('',#14144,#14145,#14146);
#14144 = CARTESIAN_POINT('',(78.653866,52.10246,0.));
#14145 = DIRECTION('',(-0.707106781186,0.707106781187,0.));
#14146 = DIRECTION('',(0.707106781187,0.707106781186,0.));
#14147 = ADVANCED_FACE('',(#14148),#14166,.F.);
#14148 = FACE_BOUND('',#14149,.F.);
#14149 = EDGE_LOOP('',(#14150,#14151,#14159,#14165));
#14150 = ORIENTED_EDGE('',*,*,#14136,.T.);
#14151 = ORIENTED_EDGE('',*,*,#14152,.T.);
#14152 = EDGE_CURVE('',#14129,#14153,#14155,.T.);
#14153 = VERTEX_POINT('',#14154);
#14154 = CARTESIAN_POINT('',(78.701593,52.134337,1.7));
#14155 = LINE('',#14156,#14157);
#14156 = CARTESIAN_POINT('',(78.674542,52.123136,1.7));
#14157 = VECTOR('',#14158,1.);
#14158 = DIRECTION('',(0.923926512664,0.382569992546,0.));
#14159 = ORIENTED_EDGE('',*,*,#14160,.F.);
#14160 = EDGE_CURVE('',#4107,#14153,#14161,.T.);
#14161 = LINE('',#14162,#14163);
#14162 = CARTESIAN_POINT('',(78.701593,52.134337,0.));
#14163 = VECTOR('',#14164,1.);
#14164 = DIRECTION('',(0.,0.,1.));
#14165 = ORIENTED_EDGE('',*,*,#4106,.F.);
#14166 = PLANE('',#14167);
#14167 = AXIS2_PLACEMENT_3D('',#14168,#14169,#14170);
#14168 = CARTESIAN_POINT('',(78.674542,52.123136,0.));
#14169 = DIRECTION('',(-0.382569992546,0.923926512664,0.));
#14170 = DIRECTION('',(0.923926512664,0.382569992546,0.));
#14171 = ADVANCED_FACE('',(#14172),#14190,.F.);
#14172 = FACE_BOUND('',#14173,.F.);
#14173 = EDGE_LOOP('',(#14174,#14175,#14183,#14189));
#14174 = ORIENTED_EDGE('',*,*,#14160,.T.);
#14175 = ORIENTED_EDGE('',*,*,#14176,.T.);
#14176 = EDGE_CURVE('',#14153,#14177,#14179,.T.);
#14177 = VERTEX_POINT('',#14178);
#14178 = CARTESIAN_POINT('',(78.716223,52.135785,1.7));
#14179 = LINE('',#14180,#14181);
#14180 = CARTESIAN_POINT('',(78.701593,52.134337,1.7));
#14181 = VECTOR('',#14182,1.);
#14182 = DIRECTION('',(0.995137697729,9.849346454604E-02,0.));
#14183 = ORIENTED_EDGE('',*,*,#14184,.F.);
#14184 = EDGE_CURVE('',#4115,#14177,#14185,.T.);
#14185 = LINE('',#14186,#14187);
#14186 = CARTESIAN_POINT('',(78.716223,52.135785,0.));
#14187 = VECTOR('',#14188,1.);
#14188 = DIRECTION('',(0.,0.,1.));
#14189 = ORIENTED_EDGE('',*,*,#4114,.F.);
#14190 = PLANE('',#14191);
#14191 = AXIS2_PLACEMENT_3D('',#14192,#14193,#14194);
#14192 = CARTESIAN_POINT('',(78.701593,52.134337,0.));
#14193 = DIRECTION('',(-9.849346454604E-02,0.995137697729,0.));
#14194 = DIRECTION('',(0.995137697729,9.849346454604E-02,0.));
#14195 = ADVANCED_FACE('',(#14196),#14214,.F.);
#14196 = FACE_BOUND('',#14197,.F.);
#14197 = EDGE_LOOP('',(#14198,#14199,#14207,#14213));
#14198 = ORIENTED_EDGE('',*,*,#14184,.T.);
#14199 = ORIENTED_EDGE('',*,*,#14200,.T.);
#14200 = EDGE_CURVE('',#14177,#14201,#14203,.T.);
#14201 = VERTEX_POINT('',#14202);
#14202 = CARTESIAN_POINT('',(92.81622,52.135785,1.7));
#14203 = LINE('',#14204,#14205);
#14204 = CARTESIAN_POINT('',(78.716223,52.135785,1.7));
#14205 = VECTOR('',#14206,1.);
#14206 = DIRECTION('',(1.,0.,0.));
#14207 = ORIENTED_EDGE('',*,*,#14208,.F.);
#14208 = EDGE_CURVE('',#4123,#14201,#14209,.T.);
#14209 = LINE('',#14210,#14211);
#14210 = CARTESIAN_POINT('',(92.81622,52.135785,0.));
#14211 = VECTOR('',#14212,1.);
#14212 = DIRECTION('',(0.,0.,1.));
#14213 = ORIENTED_EDGE('',*,*,#4122,.F.);
#14214 = PLANE('',#14215);
#14215 = AXIS2_PLACEMENT_3D('',#14216,#14217,#14218);
#14216 = CARTESIAN_POINT('',(78.716223,52.135785,0.));
#14217 = DIRECTION('',(0.,1.,0.));
#14218 = DIRECTION('',(1.,0.,0.));
#14219 = ADVANCED_FACE('',(#14220),#14231,.F.);
#14220 = FACE_BOUND('',#14221,.F.);
#14221 = EDGE_LOOP('',(#14222,#14223,#14229,#14230));
#14222 = ORIENTED_EDGE('',*,*,#14208,.T.);
#14223 = ORIENTED_EDGE('',*,*,#14224,.T.);
#14224 = EDGE_CURVE('',#14201,#13665,#14225,.T.);
#14225 = LINE('',#14226,#14227);
#14226 = CARTESIAN_POINT('',(92.81622,52.135785,1.7));
#14227 = VECTOR('',#14228,1.);
#14228 = DIRECTION('',(0.995138357525,-9.848679801061E-02,0.));
#14229 = ORIENTED_EDGE('',*,*,#13664,.F.);
#14230 = ORIENTED_EDGE('',*,*,#4130,.F.);
#14231 = PLANE('',#14232);
#14232 = AXIS2_PLACEMENT_3D('',#14233,#14234,#14235);
#14233 = CARTESIAN_POINT('',(92.81622,52.135785,0.));
#14234 = DIRECTION('',(9.848679801061E-02,0.995138357525,0.));
#14235 = DIRECTION('',(0.995138357525,-9.848679801061E-02,0.));
#14236 = ADVANCED_FACE('',(#14237),#14262,.F.);
#14237 = FACE_BOUND('',#14238,.F.);
#14238 = EDGE_LOOP('',(#14239,#14247,#14255,#14261));
#14239 = ORIENTED_EDGE('',*,*,#14240,.T.);
#14240 = EDGE_CURVE('',#4139,#14241,#14243,.T.);
#14241 = VERTEX_POINT('',#14242);
#14242 = CARTESIAN_POINT('',(73.780851,52.134337,1.7));
#14243 = LINE('',#14244,#14245);
#14244 = CARTESIAN_POINT('',(73.780851,52.134337,0.));
#14245 = VECTOR('',#14246,1.);
#14246 = DIRECTION('',(0.,0.,1.));
#14247 = ORIENTED_EDGE('',*,*,#14248,.T.);
#14248 = EDGE_CURVE('',#14241,#14249,#14251,.T.);
#14249 = VERTEX_POINT('',#14250);
#14250 = CARTESIAN_POINT('',(73.807902,52.123136,1.7));
#14251 = LINE('',#14252,#14253);
#14252 = CARTESIAN_POINT('',(73.780851,52.134337,1.7));
#14253 = VECTOR('',#14254,1.);
#14254 = DIRECTION('',(0.923926512664,-0.382569992546,0.));
#14255 = ORIENTED_EDGE('',*,*,#14256,.F.);
#14256 = EDGE_CURVE('',#4141,#14249,#14257,.T.);
#14257 = LINE('',#14258,#14259);
#14258 = CARTESIAN_POINT('',(73.807902,52.123136,0.));
#14259 = VECTOR('',#14260,1.);
#14260 = DIRECTION('',(0.,0.,1.));
#14261 = ORIENTED_EDGE('',*,*,#4138,.F.);
#14262 = PLANE('',#14263);
#14263 = AXIS2_PLACEMENT_3D('',#14264,#14265,#14266);
#14264 = CARTESIAN_POINT('',(73.780851,52.134337,0.));
#14265 = DIRECTION('',(0.382569992546,0.923926512664,0.));
#14266 = DIRECTION('',(0.923926512664,-0.382569992546,0.));
#14267 = ADVANCED_FACE('',(#14268),#14286,.F.);
#14268 = FACE_BOUND('',#14269,.F.);
#14269 = EDGE_LOOP('',(#14270,#14271,#14279,#14285));
#14270 = ORIENTED_EDGE('',*,*,#14256,.T.);
#14271 = ORIENTED_EDGE('',*,*,#14272,.T.);
#14272 = EDGE_CURVE('',#14249,#14273,#14275,.T.);
#14273 = VERTEX_POINT('',#14274);
#14274 = CARTESIAN_POINT('',(73.828577,52.10246,1.7));
#14275 = LINE('',#14276,#14277);
#14276 = CARTESIAN_POINT('',(73.807902,52.123136,1.7));
#14277 = VECTOR('',#14278,1.);
#14278 = DIRECTION('',(0.707089680867,-0.707123881093,0.));
#14279 = ORIENTED_EDGE('',*,*,#14280,.F.);
#14280 = EDGE_CURVE('',#4149,#14273,#14281,.T.);
#14281 = LINE('',#14282,#14283);
#14282 = CARTESIAN_POINT('',(73.828577,52.10246,0.));
#14283 = VECTOR('',#14284,1.);
#14284 = DIRECTION('',(0.,0.,1.));
#14285 = ORIENTED_EDGE('',*,*,#4148,.F.);
#14286 = PLANE('',#14287);
#14287 = AXIS2_PLACEMENT_3D('',#14288,#14289,#14290);
#14288 = CARTESIAN_POINT('',(73.807902,52.123136,0.));
#14289 = DIRECTION('',(0.707123881093,0.707089680867,0.));
#14290 = DIRECTION('',(0.707089680867,-0.707123881093,0.));
#14291 = ADVANCED_FACE('',(#14292),#14310,.F.);
#14292 = FACE_BOUND('',#14293,.F.);
#14293 = EDGE_LOOP('',(#14294,#14295,#14303,#14309));
#14294 = ORIENTED_EDGE('',*,*,#14280,.T.);
#14295 = ORIENTED_EDGE('',*,*,#14296,.T.);
#14296 = EDGE_CURVE('',#14273,#14297,#14299,.T.);
#14297 = VERTEX_POINT('',#14298);
#14298 = CARTESIAN_POINT('',(73.839779,52.075409,1.7));
#14299 = LINE('',#14300,#14301);
#14300 = CARTESIAN_POINT('',(73.828577,52.10246,1.7));
#14301 = VECTOR('',#14302,1.);
#14302 = DIRECTION('',(0.382599148043,-0.923914439717,0.));
#14303 = ORIENTED_EDGE('',*,*,#14304,.F.);
#14304 = EDGE_CURVE('',#4157,#14297,#14305,.T.);
#14305 = LINE('',#14306,#14307);
#14306 = CARTESIAN_POINT('',(73.839779,52.075409,0.));
#14307 = VECTOR('',#14308,1.);
#14308 = DIRECTION('',(0.,0.,1.));
#14309 = ORIENTED_EDGE('',*,*,#4156,.F.);
#14310 = PLANE('',#14311);
#14311 = AXIS2_PLACEMENT_3D('',#14312,#14313,#14314);
#14312 = CARTESIAN_POINT('',(73.828577,52.10246,0.));
#14313 = DIRECTION('',(0.923914439717,0.382599148043,0.));
#14314 = DIRECTION('',(0.382599148043,-0.923914439717,0.));
#14315 = ADVANCED_FACE('',(#14316),#14334,.F.);
#14316 = FACE_BOUND('',#14317,.F.);
#14317 = EDGE_LOOP('',(#14318,#14319,#14327,#14333));
#14318 = ORIENTED_EDGE('',*,*,#14304,.T.);
#14319 = ORIENTED_EDGE('',*,*,#14320,.T.);
#14320 = EDGE_CURVE('',#14297,#14321,#14323,.T.);
#14321 = VERTEX_POINT('',#14322);
#14322 = CARTESIAN_POINT('',(73.841226,52.060779,1.7));
#14323 = LINE('',#14324,#14325);
#14324 = CARTESIAN_POINT('',(73.839779,52.075409,1.7));
#14325 = VECTOR('',#14326,1.);
#14326 = DIRECTION('',(9.842610338475E-02,-0.995144362478,0.));
#14327 = ORIENTED_EDGE('',*,*,#14328,.F.);
#14328 = EDGE_CURVE('',#4165,#14321,#14329,.T.);
#14329 = LINE('',#14330,#14331);
#14330 = CARTESIAN_POINT('',(73.841226,52.060779,0.));
#14331 = VECTOR('',#14332,1.);
#14332 = DIRECTION('',(0.,0.,1.));
#14333 = ORIENTED_EDGE('',*,*,#4164,.F.);
#14334 = PLANE('',#14335);
#14335 = AXIS2_PLACEMENT_3D('',#14336,#14337,#14338);
#14336 = CARTESIAN_POINT('',(73.839779,52.075409,0.));
#14337 = DIRECTION('',(0.995144362478,9.842610338475E-02,0.));
#14338 = DIRECTION('',(9.842610338475E-02,-0.995144362478,0.));
#14339 = ADVANCED_FACE('',(#14340),#14358,.F.);
#14340 = FACE_BOUND('',#14341,.F.);
#14341 = EDGE_LOOP('',(#14342,#14343,#14351,#14357));
#14342 = ORIENTED_EDGE('',*,*,#14328,.T.);
#14343 = ORIENTED_EDGE('',*,*,#14344,.T.);
#14344 = EDGE_CURVE('',#14321,#14345,#14347,.T.);
#14345 = VERTEX_POINT('',#14346);
#14346 = CARTESIAN_POINT('',(73.841226,37.960782,1.7));
#14347 = LINE('',#14348,#14349);
#14348 = CARTESIAN_POINT('',(73.841226,52.060779,1.7));
#14349 = VECTOR('',#14350,1.);
#14350 = DIRECTION('',(0.,-1.,0.));
#14351 = ORIENTED_EDGE('',*,*,#14352,.F.);
#14352 = EDGE_CURVE('',#4173,#14345,#14353,.T.);
#14353 = LINE('',#14354,#14355);
#14354 = CARTESIAN_POINT('',(73.841226,37.960782,0.));
#14355 = VECTOR('',#14356,1.);
#14356 = DIRECTION('',(0.,0.,1.));
#14357 = ORIENTED_EDGE('',*,*,#4172,.F.);
#14358 = PLANE('',#14359);
#14359 = AXIS2_PLACEMENT_3D('',#14360,#14361,#14362);
#14360 = CARTESIAN_POINT('',(73.841226,52.060779,0.));
#14361 = DIRECTION('',(1.,0.,0.));
#14362 = DIRECTION('',(0.,-1.,0.));
#14363 = ADVANCED_FACE('',(#14364),#14382,.F.);
#14364 = FACE_BOUND('',#14365,.F.);
#14365 = EDGE_LOOP('',(#14366,#14367,#14375,#14381));
#14366 = ORIENTED_EDGE('',*,*,#14352,.T.);
#14367 = ORIENTED_EDGE('',*,*,#14368,.T.);
#14368 = EDGE_CURVE('',#14345,#14369,#14371,.T.);
#14369 = VERTEX_POINT('',#14370);
#14370 = CARTESIAN_POINT('',(73.839779,37.946151,1.7));
#14371 = LINE('',#14372,#14373);
#14372 = CARTESIAN_POINT('',(73.841226,37.960782,1.7));
#14373 = VECTOR('',#14374,1.);
#14374 = DIRECTION('',(-9.841944131943E-02,-0.995145021376,0.));
#14375 = ORIENTED_EDGE('',*,*,#14376,.F.);
#14376 = EDGE_CURVE('',#4181,#14369,#14377,.T.);
#14377 = LINE('',#14378,#14379);
#14378 = CARTESIAN_POINT('',(73.839779,37.946151,0.));
#14379 = VECTOR('',#14380,1.);
#14380 = DIRECTION('',(0.,0.,1.));
#14381 = ORIENTED_EDGE('',*,*,#4180,.F.);
#14382 = PLANE('',#14383);
#14383 = AXIS2_PLACEMENT_3D('',#14384,#14385,#14386);
#14384 = CARTESIAN_POINT('',(73.841226,37.960782,0.));
#14385 = DIRECTION('',(0.995145021376,-9.841944131943E-02,0.));
#14386 = DIRECTION('',(-9.841944131943E-02,-0.995145021376,0.));
#14387 = ADVANCED_FACE('',(#14388),#14406,.F.);
#14388 = FACE_BOUND('',#14389,.F.);
#14389 = EDGE_LOOP('',(#14390,#14391,#14399,#14405));
#14390 = ORIENTED_EDGE('',*,*,#14376,.T.);
#14391 = ORIENTED_EDGE('',*,*,#14392,.T.);
#14392 = EDGE_CURVE('',#14369,#14393,#14395,.T.);
#14393 = VERTEX_POINT('',#14394);
#14394 = CARTESIAN_POINT('',(73.828577,37.9191,1.7));
#14395 = LINE('',#14396,#14397);
#14396 = CARTESIAN_POINT('',(73.839779,37.946151,1.7));
#14397 = VECTOR('',#14398,1.);
#14398 = DIRECTION('',(-0.382599148043,-0.923914439717,0.));
#14399 = ORIENTED_EDGE('',*,*,#14400,.F.);
#14400 = EDGE_CURVE('',#4189,#14393,#14401,.T.);
#14401 = LINE('',#14402,#14403);
#14402 = CARTESIAN_POINT('',(73.828577,37.9191,0.));
#14403 = VECTOR('',#14404,1.);
#14404 = DIRECTION('',(0.,0.,1.));
#14405 = ORIENTED_EDGE('',*,*,#4188,.F.);
#14406 = PLANE('',#14407);
#14407 = AXIS2_PLACEMENT_3D('',#14408,#14409,#14410);
#14408 = CARTESIAN_POINT('',(73.839779,37.946151,0.));
#14409 = DIRECTION('',(0.923914439717,-0.382599148043,0.));
#14410 = DIRECTION('',(-0.382599148043,-0.923914439717,0.));
#14411 = ADVANCED_FACE('',(#14412),#14430,.F.);
#14412 = FACE_BOUND('',#14413,.F.);
#14413 = EDGE_LOOP('',(#14414,#14415,#14423,#14429));
#14414 = ORIENTED_EDGE('',*,*,#14400,.T.);
#14415 = ORIENTED_EDGE('',*,*,#14416,.T.);
#14416 = EDGE_CURVE('',#14393,#14417,#14419,.T.);
#14417 = VERTEX_POINT('',#14418);
#14418 = CARTESIAN_POINT('',(73.807902,37.898425,1.7));
#14419 = LINE('',#14420,#14421);
#14420 = CARTESIAN_POINT('',(73.828577,37.9191,1.7));
#14421 = VECTOR('',#14422,1.);
#14422 = DIRECTION('',(-0.707106781187,-0.707106781187,0.));
#14423 = ORIENTED_EDGE('',*,*,#14424,.F.);
#14424 = EDGE_CURVE('',#4197,#14417,#14425,.T.);
#14425 = LINE('',#14426,#14427);
#14426 = CARTESIAN_POINT('',(73.807902,37.898425,0.));
#14427 = VECTOR('',#14428,1.);
#14428 = DIRECTION('',(0.,0.,1.));
#14429 = ORIENTED_EDGE('',*,*,#4196,.F.);
#14430 = PLANE('',#14431);
#14431 = AXIS2_PLACEMENT_3D('',#14432,#14433,#14434);
#14432 = CARTESIAN_POINT('',(73.828577,37.9191,0.));
#14433 = DIRECTION('',(0.707106781187,-0.707106781187,0.));
#14434 = DIRECTION('',(-0.707106781187,-0.707106781187,0.));
#14435 = ADVANCED_FACE('',(#14436),#14454,.F.);
#14436 = FACE_BOUND('',#14437,.F.);
#14437 = EDGE_LOOP('',(#14438,#14439,#14447,#14453));
#14438 = ORIENTED_EDGE('',*,*,#14424,.T.);
#14439 = ORIENTED_EDGE('',*,*,#14440,.T.);
#14440 = EDGE_CURVE('',#14417,#14441,#14443,.T.);
#14441 = VERTEX_POINT('',#14442);
#14442 = CARTESIAN_POINT('',(73.780851,37.887223,1.7));
#14443 = LINE('',#14444,#14445);
#14444 = CARTESIAN_POINT('',(73.807902,37.898425,1.7));
#14445 = VECTOR('',#14446,1.);
#14446 = DIRECTION('',(-0.923914439717,-0.382599148043,0.));
#14447 = ORIENTED_EDGE('',*,*,#14448,.F.);
#14448 = EDGE_CURVE('',#4205,#14441,#14449,.T.);
#14449 = LINE('',#14450,#14451);
#14450 = CARTESIAN_POINT('',(73.780851,37.887223,0.));
#14451 = VECTOR('',#14452,1.);
#14452 = DIRECTION('',(0.,0.,1.));
#14453 = ORIENTED_EDGE('',*,*,#4204,.F.);
#14454 = PLANE('',#14455);
#14455 = AXIS2_PLACEMENT_3D('',#14456,#14457,#14458);
#14456 = CARTESIAN_POINT('',(73.807902,37.898425,0.));
#14457 = DIRECTION('',(0.382599148043,-0.923914439717,0.));
#14458 = DIRECTION('',(-0.923914439717,-0.382599148043,0.));
#14459 = ADVANCED_FACE('',(#14460),#14478,.F.);
#14460 = FACE_BOUND('',#14461,.F.);
#14461 = EDGE_LOOP('',(#14462,#14463,#14471,#14477));
#14462 = ORIENTED_EDGE('',*,*,#14448,.T.);
#14463 = ORIENTED_EDGE('',*,*,#14464,.T.);
#14464 = EDGE_CURVE('',#14441,#14465,#14467,.T.);
#14465 = VERTEX_POINT('',#14466);
#14466 = CARTESIAN_POINT('',(73.76622,37.885776,1.7));
#14467 = LINE('',#14468,#14469);
#14468 = CARTESIAN_POINT('',(73.780851,37.887223,1.7));
#14469 = VECTOR('',#14470,1.);
#14470 = DIRECTION('',(-0.995145021377,-9.841944131852E-02,0.));
#14471 = ORIENTED_EDGE('',*,*,#14472,.F.);
#14472 = EDGE_CURVE('',#4213,#14465,#14473,.T.);
#14473 = LINE('',#14474,#14475);
#14474 = CARTESIAN_POINT('',(73.76622,37.885776,0.));
#14475 = VECTOR('',#14476,1.);
#14476 = DIRECTION('',(0.,0.,1.));
#14477 = ORIENTED_EDGE('',*,*,#4212,.F.);
#14478 = PLANE('',#14479);
#14479 = AXIS2_PLACEMENT_3D('',#14480,#14481,#14482);
#14480 = CARTESIAN_POINT('',(73.780851,37.887223,0.));
#14481 = DIRECTION('',(9.841944131852E-02,-0.995145021377,0.));
#14482 = DIRECTION('',(-0.995145021377,-9.841944131852E-02,0.));
#14483 = ADVANCED_FACE('',(#14484),#14502,.F.);
#14484 = FACE_BOUND('',#14485,.F.);
#14485 = EDGE_LOOP('',(#14486,#14487,#14495,#14501));
#14486 = ORIENTED_EDGE('',*,*,#14472,.T.);
#14487 = ORIENTED_EDGE('',*,*,#14488,.T.);
#14488 = EDGE_CURVE('',#14465,#14489,#14491,.T.);
#14489 = VERTEX_POINT('',#14490);
#14490 = CARTESIAN_POINT('',(59.666223,37.885776,1.7));
#14491 = LINE('',#14492,#14493);
#14492 = CARTESIAN_POINT('',(73.76622,37.885776,1.7));
#14493 = VECTOR('',#14494,1.);
#14494 = DIRECTION('',(-1.,0.,0.));
#14495 = ORIENTED_EDGE('',*,*,#14496,.F.);
#14496 = EDGE_CURVE('',#4221,#14489,#14497,.T.);
#14497 = LINE('',#14498,#14499);
#14498 = CARTESIAN_POINT('',(59.666223,37.885776,0.));
#14499 = VECTOR('',#14500,1.);
#14500 = DIRECTION('',(0.,0.,1.));
#14501 = ORIENTED_EDGE('',*,*,#4220,.F.);
#14502 = PLANE('',#14503);
#14503 = AXIS2_PLACEMENT_3D('',#14504,#14505,#14506);
#14504 = CARTESIAN_POINT('',(73.76622,37.885776,0.));
#14505 = DIRECTION('',(0.,-1.,0.));
#14506 = DIRECTION('',(-1.,0.,0.));
#14507 = ADVANCED_FACE('',(#14508),#14526,.F.);
#14508 = FACE_BOUND('',#14509,.F.);
#14509 = EDGE_LOOP('',(#14510,#14511,#14519,#14525));
#14510 = ORIENTED_EDGE('',*,*,#14496,.T.);
#14511 = ORIENTED_EDGE('',*,*,#14512,.T.);
#14512 = EDGE_CURVE('',#14489,#14513,#14515,.T.);
#14513 = VERTEX_POINT('',#14514);
#14514 = CARTESIAN_POINT('',(59.651593,37.887223,1.7));
#14515 = LINE('',#14516,#14517);
#14516 = CARTESIAN_POINT('',(59.666223,37.885776,1.7));
#14517 = VECTOR('',#14518,1.);
#14518 = DIRECTION('',(-0.995144362478,9.842610338379E-02,0.));
#14519 = ORIENTED_EDGE('',*,*,#14520,.F.);
#14520 = EDGE_CURVE('',#4229,#14513,#14521,.T.);
#14521 = LINE('',#14522,#14523);
#14522 = CARTESIAN_POINT('',(59.651593,37.887223,0.));
#14523 = VECTOR('',#14524,1.);
#14524 = DIRECTION('',(0.,0.,1.));
#14525 = ORIENTED_EDGE('',*,*,#4228,.F.);
#14526 = PLANE('',#14527);
#14527 = AXIS2_PLACEMENT_3D('',#14528,#14529,#14530);
#14528 = CARTESIAN_POINT('',(59.666223,37.885776,0.));
#14529 = DIRECTION('',(-9.842610338379E-02,-0.995144362478,0.));
#14530 = DIRECTION('',(-0.995144362478,9.842610338379E-02,0.));
#14531 = ADVANCED_FACE('',(#14532),#14550,.F.);
#14532 = FACE_BOUND('',#14533,.F.);
#14533 = EDGE_LOOP('',(#14534,#14535,#14543,#14549));
#14534 = ORIENTED_EDGE('',*,*,#14520,.T.);
#14535 = ORIENTED_EDGE('',*,*,#14536,.T.);
#14536 = EDGE_CURVE('',#14513,#14537,#14539,.T.);
#14537 = VERTEX_POINT('',#14538);
#14538 = CARTESIAN_POINT('',(59.624542,37.898425,1.7));
#14539 = LINE('',#14540,#14541);
#14540 = CARTESIAN_POINT('',(59.651593,37.887223,1.7));
#14541 = VECTOR('',#14542,1.);
#14542 = DIRECTION('',(-0.923914439717,0.382599148043,0.));
#14543 = ORIENTED_EDGE('',*,*,#14544,.F.);
#14544 = EDGE_CURVE('',#4237,#14537,#14545,.T.);
#14545 = LINE('',#14546,#14547);
#14546 = CARTESIAN_POINT('',(59.624542,37.898425,0.));
#14547 = VECTOR('',#14548,1.);
#14548 = DIRECTION('',(0.,0.,1.));
#14549 = ORIENTED_EDGE('',*,*,#4236,.F.);
#14550 = PLANE('',#14551);
#14551 = AXIS2_PLACEMENT_3D('',#14552,#14553,#14554);
#14552 = CARTESIAN_POINT('',(59.651593,37.887223,0.));
#14553 = DIRECTION('',(-0.382599148043,-0.923914439717,0.));
#14554 = DIRECTION('',(-0.923914439717,0.382599148043,0.));
#14555 = ADVANCED_FACE('',(#14556),#14574,.F.);
#14556 = FACE_BOUND('',#14557,.F.);
#14557 = EDGE_LOOP('',(#14558,#14559,#14567,#14573));
#14558 = ORIENTED_EDGE('',*,*,#14544,.T.);
#14559 = ORIENTED_EDGE('',*,*,#14560,.T.);
#14560 = EDGE_CURVE('',#14537,#14561,#14563,.T.);
#14561 = VERTEX_POINT('',#14562);
#14562 = CARTESIAN_POINT('',(59.603866,37.9191,1.7));
#14563 = LINE('',#14564,#14565);
#14564 = CARTESIAN_POINT('',(59.624542,37.898425,1.7));
#14565 = VECTOR('',#14566,1.);
#14566 = DIRECTION('',(-0.707123881093,0.707089680867,0.));
#14567 = ORIENTED_EDGE('',*,*,#14568,.F.);
#14568 = EDGE_CURVE('',#4245,#14561,#14569,.T.);
#14569 = LINE('',#14570,#14571);
#14570 = CARTESIAN_POINT('',(59.603866,37.9191,0.));
#14571 = VECTOR('',#14572,1.);
#14572 = DIRECTION('',(0.,0.,1.));
#14573 = ORIENTED_EDGE('',*,*,#4244,.F.);
#14574 = PLANE('',#14575);
#14575 = AXIS2_PLACEMENT_3D('',#14576,#14577,#14578);
#14576 = CARTESIAN_POINT('',(59.624542,37.898425,0.));
#14577 = DIRECTION('',(-0.707089680867,-0.707123881093,0.));
#14578 = DIRECTION('',(-0.707123881093,0.707089680867,0.));
#14579 = ADVANCED_FACE('',(#14580),#14598,.F.);
#14580 = FACE_BOUND('',#14581,.F.);
#14581 = EDGE_LOOP('',(#14582,#14583,#14591,#14597));
#14582 = ORIENTED_EDGE('',*,*,#14568,.T.);
#14583 = ORIENTED_EDGE('',*,*,#14584,.T.);
#14584 = EDGE_CURVE('',#14561,#14585,#14587,.T.);
#14585 = VERTEX_POINT('',#14586);
#14586 = CARTESIAN_POINT('',(59.592665,37.946151,1.7));
#14587 = LINE('',#14588,#14589);
#14588 = CARTESIAN_POINT('',(59.603866,37.9191,1.7));
#14589 = VECTOR('',#14590,1.);
#14590 = DIRECTION('',(-0.382569992546,0.923926512664,0.));
#14591 = ORIENTED_EDGE('',*,*,#14592,.F.);
#14592 = EDGE_CURVE('',#4253,#14585,#14593,.T.);
#14593 = LINE('',#14594,#14595);
#14594 = CARTESIAN_POINT('',(59.592665,37.946151,0.));
#14595 = VECTOR('',#14596,1.);
#14596 = DIRECTION('',(0.,0.,1.));
#14597 = ORIENTED_EDGE('',*,*,#4252,.F.);
#14598 = PLANE('',#14599);
#14599 = AXIS2_PLACEMENT_3D('',#14600,#14601,#14602);
#14600 = CARTESIAN_POINT('',(59.603866,37.9191,0.));
#14601 = DIRECTION('',(-0.923926512664,-0.382569992546,0.));
#14602 = DIRECTION('',(-0.382569992546,0.923926512664,0.));
#14603 = ADVANCED_FACE('',(#14604),#14622,.F.);
#14604 = FACE_BOUND('',#14605,.F.);
#14605 = EDGE_LOOP('',(#14606,#14607,#14615,#14621));
#14606 = ORIENTED_EDGE('',*,*,#14592,.T.);
#14607 = ORIENTED_EDGE('',*,*,#14608,.T.);
#14608 = EDGE_CURVE('',#14585,#14609,#14611,.T.);
#14609 = VERTEX_POINT('',#14610);
#14610 = CARTESIAN_POINT('',(59.591217,37.960782,1.7));
#14611 = LINE('',#14612,#14613);
#14612 = CARTESIAN_POINT('',(59.592665,37.946151,1.7));
#14613 = VECTOR('',#14614,1.);
#14614 = DIRECTION('',(-9.848679801056E-02,0.995138357525,0.));
#14615 = ORIENTED_EDGE('',*,*,#14616,.F.);
#14616 = EDGE_CURVE('',#4261,#14609,#14617,.T.);
#14617 = LINE('',#14618,#14619);
#14618 = CARTESIAN_POINT('',(59.591217,37.960782,0.));
#14619 = VECTOR('',#14620,1.);
#14620 = DIRECTION('',(0.,0.,1.));
#14621 = ORIENTED_EDGE('',*,*,#4260,.F.);
#14622 = PLANE('',#14623);
#14623 = AXIS2_PLACEMENT_3D('',#14624,#14625,#14626);
#14624 = CARTESIAN_POINT('',(59.592665,37.946151,0.));
#14625 = DIRECTION('',(-0.995138357525,-9.848679801056E-02,0.));
#14626 = DIRECTION('',(-9.848679801056E-02,0.995138357525,0.));
#14627 = ADVANCED_FACE('',(#14628),#14646,.F.);
#14628 = FACE_BOUND('',#14629,.F.);
#14629 = EDGE_LOOP('',(#14630,#14631,#14639,#14645));
#14630 = ORIENTED_EDGE('',*,*,#14616,.T.);
#14631 = ORIENTED_EDGE('',*,*,#14632,.T.);
#14632 = EDGE_CURVE('',#14609,#14633,#14635,.T.);
#14633 = VERTEX_POINT('',#14634);
#14634 = CARTESIAN_POINT('',(59.591217,52.060779,1.7));
#14635 = LINE('',#14636,#14637);
#14636 = CARTESIAN_POINT('',(59.591217,37.960782,1.7));
#14637 = VECTOR('',#14638,1.);
#14638 = DIRECTION('',(0.,1.,0.));
#14639 = ORIENTED_EDGE('',*,*,#14640,.F.);
#14640 = EDGE_CURVE('',#4269,#14633,#14641,.T.);
#14641 = LINE('',#14642,#14643);
#14642 = CARTESIAN_POINT('',(59.591217,52.060779,0.));
#14643 = VECTOR('',#14644,1.);
#14644 = DIRECTION('',(0.,0.,1.));
#14645 = ORIENTED_EDGE('',*,*,#4268,.F.);
#14646 = PLANE('',#14647);
#14647 = AXIS2_PLACEMENT_3D('',#14648,#14649,#14650);
#14648 = CARTESIAN_POINT('',(59.591217,37.960782,0.));
#14649 = DIRECTION('',(-1.,0.,0.));
#14650 = DIRECTION('',(0.,1.,0.));
#14651 = ADVANCED_FACE('',(#14652),#14670,.F.);
#14652 = FACE_BOUND('',#14653,.F.);
#14653 = EDGE_LOOP('',(#14654,#14655,#14663,#14669));
#14654 = ORIENTED_EDGE('',*,*,#14640,.T.);
#14655 = ORIENTED_EDGE('',*,*,#14656,.T.);
#14656 = EDGE_CURVE('',#14633,#14657,#14659,.T.);
#14657 = VERTEX_POINT('',#14658);
#14658 = CARTESIAN_POINT('',(59.592665,52.075409,1.7));
#14659 = LINE('',#14660,#14661);
#14660 = CARTESIAN_POINT('',(59.591217,52.060779,1.7));
#14661 = VECTOR('',#14662,1.);
#14662 = DIRECTION('',(9.849346454599E-02,0.995137697729,0.));
#14663 = ORIENTED_EDGE('',*,*,#14664,.F.);
#14664 = EDGE_CURVE('',#4277,#14657,#14665,.T.);
#14665 = LINE('',#14666,#14667);
#14666 = CARTESIAN_POINT('',(59.592665,52.075409,0.));
#14667 = VECTOR('',#14668,1.);
#14668 = DIRECTION('',(0.,0.,1.));
#14669 = ORIENTED_EDGE('',*,*,#4276,.F.);
#14670 = PLANE('',#14671);
#14671 = AXIS2_PLACEMENT_3D('',#14672,#14673,#14674);
#14672 = CARTESIAN_POINT('',(59.591217,52.060779,0.));
#14673 = DIRECTION('',(-0.995137697729,9.849346454599E-02,0.));
#14674 = DIRECTION('',(9.849346454599E-02,0.995137697729,0.));
#14675 = ADVANCED_FACE('',(#14676),#14694,.F.);
#14676 = FACE_BOUND('',#14677,.F.);
#14677 = EDGE_LOOP('',(#14678,#14679,#14687,#14693));
#14678 = ORIENTED_EDGE('',*,*,#14664,.T.);
#14679 = ORIENTED_EDGE('',*,*,#14680,.T.);
#14680 = EDGE_CURVE('',#14657,#14681,#14683,.T.);
#14681 = VERTEX_POINT('',#14682);
#14682 = CARTESIAN_POINT('',(59.603866,52.10246,1.7));
#14683 = LINE('',#14684,#14685);
#14684 = CARTESIAN_POINT('',(59.592665,52.075409,1.7));
#14685 = VECTOR('',#14686,1.);
#14686 = DIRECTION('',(0.382569992546,0.923926512664,0.));
#14687 = ORIENTED_EDGE('',*,*,#14688,.F.);
#14688 = EDGE_CURVE('',#4285,#14681,#14689,.T.);
#14689 = LINE('',#14690,#14691);
#14690 = CARTESIAN_POINT('',(59.603866,52.10246,0.));
#14691 = VECTOR('',#14692,1.);
#14692 = DIRECTION('',(0.,0.,1.));
#14693 = ORIENTED_EDGE('',*,*,#4284,.F.);
#14694 = PLANE('',#14695);
#14695 = AXIS2_PLACEMENT_3D('',#14696,#14697,#14698);
#14696 = CARTESIAN_POINT('',(59.592665,52.075409,0.));
#14697 = DIRECTION('',(-0.923926512664,0.382569992546,0.));
#14698 = DIRECTION('',(0.382569992546,0.923926512664,0.));
#14699 = ADVANCED_FACE('',(#14700),#14718,.F.);
#14700 = FACE_BOUND('',#14701,.F.);
#14701 = EDGE_LOOP('',(#14702,#14703,#14711,#14717));
#14702 = ORIENTED_EDGE('',*,*,#14688,.T.);
#14703 = ORIENTED_EDGE('',*,*,#14704,.T.);
#14704 = EDGE_CURVE('',#14681,#14705,#14707,.T.);
#14705 = VERTEX_POINT('',#14706);
#14706 = CARTESIAN_POINT('',(59.624542,52.123136,1.7));
#14707 = LINE('',#14708,#14709);
#14708 = CARTESIAN_POINT('',(59.603866,52.10246,1.7));
#14709 = VECTOR('',#14710,1.);
#14710 = DIRECTION('',(0.707106781187,0.707106781187,0.));
#14711 = ORIENTED_EDGE('',*,*,#14712,.F.);
#14712 = EDGE_CURVE('',#4293,#14705,#14713,.T.);
#14713 = LINE('',#14714,#14715);
#14714 = CARTESIAN_POINT('',(59.624542,52.123136,0.));
#14715 = VECTOR('',#14716,1.);
#14716 = DIRECTION('',(0.,0.,1.));
#14717 = ORIENTED_EDGE('',*,*,#4292,.F.);
#14718 = PLANE('',#14719);
#14719 = AXIS2_PLACEMENT_3D('',#14720,#14721,#14722);
#14720 = CARTESIAN_POINT('',(59.603866,52.10246,0.));
#14721 = DIRECTION('',(-0.707106781187,0.707106781187,0.));
#14722 = DIRECTION('',(0.707106781187,0.707106781187,0.));
#14723 = ADVANCED_FACE('',(#14724),#14742,.F.);
#14724 = FACE_BOUND('',#14725,.F.);
#14725 = EDGE_LOOP('',(#14726,#14727,#14735,#14741));
#14726 = ORIENTED_EDGE('',*,*,#14712,.T.);
#14727 = ORIENTED_EDGE('',*,*,#14728,.T.);
#14728 = EDGE_CURVE('',#14705,#14729,#14731,.T.);
#14729 = VERTEX_POINT('',#14730);
#14730 = CARTESIAN_POINT('',(59.651593,52.134337,1.7));
#14731 = LINE('',#14732,#14733);
#14732 = CARTESIAN_POINT('',(59.624542,52.123136,1.7));
#14733 = VECTOR('',#14734,1.);
#14734 = DIRECTION('',(0.923926512664,0.382569992546,0.));
#14735 = ORIENTED_EDGE('',*,*,#14736,.F.);
#14736 = EDGE_CURVE('',#4301,#14729,#14737,.T.);
#14737 = LINE('',#14738,#14739);
#14738 = CARTESIAN_POINT('',(59.651593,52.134337,0.));
#14739 = VECTOR('',#14740,1.);
#14740 = DIRECTION('',(0.,0.,1.));
#14741 = ORIENTED_EDGE('',*,*,#4300,.F.);
#14742 = PLANE('',#14743);
#14743 = AXIS2_PLACEMENT_3D('',#14744,#14745,#14746);
#14744 = CARTESIAN_POINT('',(59.624542,52.123136,0.));
#14745 = DIRECTION('',(-0.382569992546,0.923926512664,0.));
#14746 = DIRECTION('',(0.923926512664,0.382569992546,0.));
#14747 = ADVANCED_FACE('',(#14748),#14766,.F.);
#14748 = FACE_BOUND('',#14749,.F.);
#14749 = EDGE_LOOP('',(#14750,#14751,#14759,#14765));
#14750 = ORIENTED_EDGE('',*,*,#14736,.T.);
#14751 = ORIENTED_EDGE('',*,*,#14752,.T.);
#14752 = EDGE_CURVE('',#14729,#14753,#14755,.T.);
#14753 = VERTEX_POINT('',#14754);
#14754 = CARTESIAN_POINT('',(59.666223,52.135785,1.7));
#14755 = LINE('',#14756,#14757);
#14756 = CARTESIAN_POINT('',(59.651593,52.134337,1.7));
#14757 = VECTOR('',#14758,1.);
#14758 = DIRECTION('',(0.995137697729,9.849346454599E-02,0.));
#14759 = ORIENTED_EDGE('',*,*,#14760,.F.);
#14760 = EDGE_CURVE('',#4309,#14753,#14761,.T.);
#14761 = LINE('',#14762,#14763);
#14762 = CARTESIAN_POINT('',(59.666223,52.135785,0.));
#14763 = VECTOR('',#14764,1.);
#14764 = DIRECTION('',(0.,0.,1.));
#14765 = ORIENTED_EDGE('',*,*,#4308,.F.);
#14766 = PLANE('',#14767);
#14767 = AXIS2_PLACEMENT_3D('',#14768,#14769,#14770);
#14768 = CARTESIAN_POINT('',(59.651593,52.134337,0.));
#14769 = DIRECTION('',(-9.849346454599E-02,0.995137697729,0.));
#14770 = DIRECTION('',(0.995137697729,9.849346454599E-02,0.));
#14771 = ADVANCED_FACE('',(#14772),#14790,.F.);
#14772 = FACE_BOUND('',#14773,.F.);
#14773 = EDGE_LOOP('',(#14774,#14775,#14783,#14789));
#14774 = ORIENTED_EDGE('',*,*,#14760,.T.);
#14775 = ORIENTED_EDGE('',*,*,#14776,.T.);
#14776 = EDGE_CURVE('',#14753,#14777,#14779,.T.);
#14777 = VERTEX_POINT('',#14778);
#14778 = CARTESIAN_POINT('',(73.76622,52.135785,1.7));
#14779 = LINE('',#14780,#14781);
#14780 = CARTESIAN_POINT('',(59.666223,52.135785,1.7));
#14781 = VECTOR('',#14782,1.);
#14782 = DIRECTION('',(1.,0.,0.));
#14783 = ORIENTED_EDGE('',*,*,#14784,.F.);
#14784 = EDGE_CURVE('',#4317,#14777,#14785,.T.);
#14785 = LINE('',#14786,#14787);
#14786 = CARTESIAN_POINT('',(73.76622,52.135785,0.));
#14787 = VECTOR('',#14788,1.);
#14788 = DIRECTION('',(0.,0.,1.));
#14789 = ORIENTED_EDGE('',*,*,#4316,.F.);
#14790 = PLANE('',#14791);
#14791 = AXIS2_PLACEMENT_3D('',#14792,#14793,#14794);
#14792 = CARTESIAN_POINT('',(59.666223,52.135785,0.));
#14793 = DIRECTION('',(0.,1.,0.));
#14794 = DIRECTION('',(1.,0.,0.));
#14795 = ADVANCED_FACE('',(#14796),#14807,.F.);
#14796 = FACE_BOUND('',#14797,.F.);
#14797 = EDGE_LOOP('',(#14798,#14799,#14805,#14806));
#14798 = ORIENTED_EDGE('',*,*,#14784,.T.);
#14799 = ORIENTED_EDGE('',*,*,#14800,.T.);
#14800 = EDGE_CURVE('',#14777,#14241,#14801,.T.);
#14801 = LINE('',#14802,#14803);
#14802 = CARTESIAN_POINT('',(73.76622,52.135785,1.7));
#14803 = VECTOR('',#14804,1.);
#14804 = DIRECTION('',(0.995138357525,-9.848679801061E-02,0.));
#14805 = ORIENTED_EDGE('',*,*,#14240,.F.);
#14806 = ORIENTED_EDGE('',*,*,#4324,.F.);
#14807 = PLANE('',#14808);
#14808 = AXIS2_PLACEMENT_3D('',#14809,#14810,#14811);
#14809 = CARTESIAN_POINT('',(73.76622,52.135785,0.));
#14810 = DIRECTION('',(9.848679801061E-02,0.995138357525,0.));
#14811 = DIRECTION('',(0.995138357525,-9.848679801061E-02,0.));
#14812 = ADVANCED_FACE('',(#14813),#14838,.F.);
#14813 = FACE_BOUND('',#14814,.F.);
#14814 = EDGE_LOOP('',(#14815,#14823,#14831,#14837));
#14815 = ORIENTED_EDGE('',*,*,#14816,.T.);
#14816 = EDGE_CURVE('',#4333,#14817,#14819,.T.);
#14817 = VERTEX_POINT('',#14818);
#14818 = CARTESIAN_POINT('',(16.630851,33.084337,1.7));
#14819 = LINE('',#14820,#14821);
#14820 = CARTESIAN_POINT('',(16.630851,33.084337,0.));
#14821 = VECTOR('',#14822,1.);
#14822 = DIRECTION('',(0.,0.,1.));
#14823 = ORIENTED_EDGE('',*,*,#14824,.T.);
#14824 = EDGE_CURVE('',#14817,#14825,#14827,.T.);
#14825 = VERTEX_POINT('',#14826);
#14826 = CARTESIAN_POINT('',(16.657902,33.073136,1.7));
#14827 = LINE('',#14828,#14829);
#14828 = CARTESIAN_POINT('',(16.630851,33.084337,1.7));
#14829 = VECTOR('',#14830,1.);
#14830 = DIRECTION('',(0.923926512664,-0.382569992546,0.));
#14831 = ORIENTED_EDGE('',*,*,#14832,.F.);
#14832 = EDGE_CURVE('',#4335,#14825,#14833,.T.);
#14833 = LINE('',#14834,#14835);
#14834 = CARTESIAN_POINT('',(16.657902,33.073136,0.));
#14835 = VECTOR('',#14836,1.);
#14836 = DIRECTION('',(0.,0.,1.));
#14837 = ORIENTED_EDGE('',*,*,#4332,.F.);
#14838 = PLANE('',#14839);
#14839 = AXIS2_PLACEMENT_3D('',#14840,#14841,#14842);
#14840 = CARTESIAN_POINT('',(16.630851,33.084337,0.));
#14841 = DIRECTION('',(0.382569992546,0.923926512664,0.));
#14842 = DIRECTION('',(0.923926512664,-0.382569992546,0.));
#14843 = ADVANCED_FACE('',(#14844),#14862,.F.);
#14844 = FACE_BOUND('',#14845,.F.);
#14845 = EDGE_LOOP('',(#14846,#14847,#14855,#14861));
#14846 = ORIENTED_EDGE('',*,*,#14832,.T.);
#14847 = ORIENTED_EDGE('',*,*,#14848,.T.);
#14848 = EDGE_CURVE('',#14825,#14849,#14851,.T.);
#14849 = VERTEX_POINT('',#14850);
#14850 = CARTESIAN_POINT('',(16.678577,33.05246,1.7));
#14851 = LINE('',#14852,#14853);
#14852 = CARTESIAN_POINT('',(16.657902,33.073136,1.7));
#14853 = VECTOR('',#14854,1.);
#14854 = DIRECTION('',(0.707089680867,-0.707123881093,0.));
#14855 = ORIENTED_EDGE('',*,*,#14856,.F.);
#14856 = EDGE_CURVE('',#4343,#14849,#14857,.T.);
#14857 = LINE('',#14858,#14859);
#14858 = CARTESIAN_POINT('',(16.678577,33.05246,0.));
#14859 = VECTOR('',#14860,1.);
#14860 = DIRECTION('',(0.,0.,1.));
#14861 = ORIENTED_EDGE('',*,*,#4342,.F.);
#14862 = PLANE('',#14863);
#14863 = AXIS2_PLACEMENT_3D('',#14864,#14865,#14866);
#14864 = CARTESIAN_POINT('',(16.657902,33.073136,0.));
#14865 = DIRECTION('',(0.707123881093,0.707089680867,0.));
#14866 = DIRECTION('',(0.707089680867,-0.707123881093,0.));
#14867 = ADVANCED_FACE('',(#14868),#14886,.F.);
#14868 = FACE_BOUND('',#14869,.F.);
#14869 = EDGE_LOOP('',(#14870,#14871,#14879,#14885));
#14870 = ORIENTED_EDGE('',*,*,#14856,.T.);
#14871 = ORIENTED_EDGE('',*,*,#14872,.T.);
#14872 = EDGE_CURVE('',#14849,#14873,#14875,.T.);
#14873 = VERTEX_POINT('',#14874);
#14874 = CARTESIAN_POINT('',(16.689779,33.025409,1.7));
#14875 = LINE('',#14876,#14877);
#14876 = CARTESIAN_POINT('',(16.678577,33.05246,1.7));
#14877 = VECTOR('',#14878,1.);
#14878 = DIRECTION('',(0.382599148043,-0.923914439717,0.));
#14879 = ORIENTED_EDGE('',*,*,#14880,.F.);
#14880 = EDGE_CURVE('',#4351,#14873,#14881,.T.);
#14881 = LINE('',#14882,#14883);
#14882 = CARTESIAN_POINT('',(16.689779,33.025409,0.));
#14883 = VECTOR('',#14884,1.);
#14884 = DIRECTION('',(0.,0.,1.));
#14885 = ORIENTED_EDGE('',*,*,#4350,.F.);
#14886 = PLANE('',#14887);
#14887 = AXIS2_PLACEMENT_3D('',#14888,#14889,#14890);
#14888 = CARTESIAN_POINT('',(16.678577,33.05246,0.));
#14889 = DIRECTION('',(0.923914439717,0.382599148043,0.));
#14890 = DIRECTION('',(0.382599148043,-0.923914439717,0.));
#14891 = ADVANCED_FACE('',(#14892),#14910,.F.);
#14892 = FACE_BOUND('',#14893,.F.);
#14893 = EDGE_LOOP('',(#14894,#14895,#14903,#14909));
#14894 = ORIENTED_EDGE('',*,*,#14880,.T.);
#14895 = ORIENTED_EDGE('',*,*,#14896,.T.);
#14896 = EDGE_CURVE('',#14873,#14897,#14899,.T.);
#14897 = VERTEX_POINT('',#14898);
#14898 = CARTESIAN_POINT('',(16.691226,33.010779,1.7));
#14899 = LINE('',#14900,#14901);
#14900 = CARTESIAN_POINT('',(16.689779,33.025409,1.7));
#14901 = VECTOR('',#14902,1.);
#14902 = DIRECTION('',(9.842610338379E-02,-0.995144362478,0.));
#14903 = ORIENTED_EDGE('',*,*,#14904,.F.);
#14904 = EDGE_CURVE('',#4359,#14897,#14905,.T.);
#14905 = LINE('',#14906,#14907);
#14906 = CARTESIAN_POINT('',(16.691226,33.010779,0.));
#14907 = VECTOR('',#14908,1.);
#14908 = DIRECTION('',(0.,0.,1.));
#14909 = ORIENTED_EDGE('',*,*,#4358,.F.);
#14910 = PLANE('',#14911);
#14911 = AXIS2_PLACEMENT_3D('',#14912,#14913,#14914);
#14912 = CARTESIAN_POINT('',(16.689779,33.025409,0.));
#14913 = DIRECTION('',(0.995144362478,9.842610338379E-02,0.));
#14914 = DIRECTION('',(9.842610338379E-02,-0.995144362478,0.));
#14915 = ADVANCED_FACE('',(#14916),#14934,.F.);
#14916 = FACE_BOUND('',#14917,.F.);
#14917 = EDGE_LOOP('',(#14918,#14919,#14927,#14933));
#14918 = ORIENTED_EDGE('',*,*,#14904,.T.);
#14919 = ORIENTED_EDGE('',*,*,#14920,.T.);
#14920 = EDGE_CURVE('',#14897,#14921,#14923,.T.);
#14921 = VERTEX_POINT('',#14922);
#14922 = CARTESIAN_POINT('',(16.691226,18.910782,1.7));
#14923 = LINE('',#14924,#14925);
#14924 = CARTESIAN_POINT('',(16.691226,33.010779,1.7));
#14925 = VECTOR('',#14926,1.);
#14926 = DIRECTION('',(0.,-1.,0.));
#14927 = ORIENTED_EDGE('',*,*,#14928,.F.);
#14928 = EDGE_CURVE('',#4367,#14921,#14929,.T.);
#14929 = LINE('',#14930,#14931);
#14930 = CARTESIAN_POINT('',(16.691226,18.910782,0.));
#14931 = VECTOR('',#14932,1.);
#14932 = DIRECTION('',(0.,0.,1.));
#14933 = ORIENTED_EDGE('',*,*,#4366,.F.);
#14934 = PLANE('',#14935);
#14935 = AXIS2_PLACEMENT_3D('',#14936,#14937,#14938);
#14936 = CARTESIAN_POINT('',(16.691226,33.010779,0.));
#14937 = DIRECTION('',(1.,0.,0.));
#14938 = DIRECTION('',(0.,-1.,0.));
#14939 = ADVANCED_FACE('',(#14940),#14958,.F.);
#14940 = FACE_BOUND('',#14941,.F.);
#14941 = EDGE_LOOP('',(#14942,#14943,#14951,#14957));
#14942 = ORIENTED_EDGE('',*,*,#14928,.T.);
#14943 = ORIENTED_EDGE('',*,*,#14944,.T.);
#14944 = EDGE_CURVE('',#14921,#14945,#14947,.T.);
#14945 = VERTEX_POINT('',#14946);
#14946 = CARTESIAN_POINT('',(16.689779,18.896151,1.7));
#14947 = LINE('',#14948,#14949);
#14948 = CARTESIAN_POINT('',(16.691226,18.910782,1.7));
#14949 = VECTOR('',#14950,1.);
#14950 = DIRECTION('',(-9.841944131848E-02,-0.995145021377,0.));
#14951 = ORIENTED_EDGE('',*,*,#14952,.F.);
#14952 = EDGE_CURVE('',#4375,#14945,#14953,.T.);
#14953 = LINE('',#14954,#14955);
#14954 = CARTESIAN_POINT('',(16.689779,18.896151,0.));
#14955 = VECTOR('',#14956,1.);
#14956 = DIRECTION('',(0.,0.,1.));
#14957 = ORIENTED_EDGE('',*,*,#4374,.F.);
#14958 = PLANE('',#14959);
#14959 = AXIS2_PLACEMENT_3D('',#14960,#14961,#14962);
#14960 = CARTESIAN_POINT('',(16.691226,18.910782,0.));
#14961 = DIRECTION('',(0.995145021377,-9.841944131848E-02,0.));
#14962 = DIRECTION('',(-9.841944131848E-02,-0.995145021377,0.));
#14963 = ADVANCED_FACE('',(#14964),#14982,.F.);
#14964 = FACE_BOUND('',#14965,.F.);
#14965 = EDGE_LOOP('',(#14966,#14967,#14975,#14981));
#14966 = ORIENTED_EDGE('',*,*,#14952,.T.);
#14967 = ORIENTED_EDGE('',*,*,#14968,.T.);
#14968 = EDGE_CURVE('',#14945,#14969,#14971,.T.);
#14969 = VERTEX_POINT('',#14970);
#14970 = CARTESIAN_POINT('',(16.678577,18.8691,1.7));
#14971 = LINE('',#14972,#14973);
#14972 = CARTESIAN_POINT('',(16.689779,18.896151,1.7));
#14973 = VECTOR('',#14974,1.);
#14974 = DIRECTION('',(-0.382599148043,-0.923914439717,0.));
#14975 = ORIENTED_EDGE('',*,*,#14976,.F.);
#14976 = EDGE_CURVE('',#4383,#14969,#14977,.T.);
#14977 = LINE('',#14978,#14979);
#14978 = CARTESIAN_POINT('',(16.678577,18.8691,0.));
#14979 = VECTOR('',#14980,1.);
#14980 = DIRECTION('',(0.,0.,1.));
#14981 = ORIENTED_EDGE('',*,*,#4382,.F.);
#14982 = PLANE('',#14983);
#14983 = AXIS2_PLACEMENT_3D('',#14984,#14985,#14986);
#14984 = CARTESIAN_POINT('',(16.689779,18.896151,0.));
#14985 = DIRECTION('',(0.923914439717,-0.382599148043,0.));
#14986 = DIRECTION('',(-0.382599148043,-0.923914439717,0.));
#14987 = ADVANCED_FACE('',(#14988),#15006,.F.);
#14988 = FACE_BOUND('',#14989,.F.);
#14989 = EDGE_LOOP('',(#14990,#14991,#14999,#15005));
#14990 = ORIENTED_EDGE('',*,*,#14976,.T.);
#14991 = ORIENTED_EDGE('',*,*,#14992,.T.);
#14992 = EDGE_CURVE('',#14969,#14993,#14995,.T.);
#14993 = VERTEX_POINT('',#14994);
#14994 = CARTESIAN_POINT('',(16.657902,18.848425,1.7));
#14995 = LINE('',#14996,#14997);
#14996 = CARTESIAN_POINT('',(16.678577,18.8691,1.7));
#14997 = VECTOR('',#14998,1.);
#14998 = DIRECTION('',(-0.707106781187,-0.707106781187,0.));
#14999 = ORIENTED_EDGE('',*,*,#15000,.F.);
#15000 = EDGE_CURVE('',#4391,#14993,#15001,.T.);
#15001 = LINE('',#15002,#15003);
#15002 = CARTESIAN_POINT('',(16.657902,18.848425,0.));
#15003 = VECTOR('',#15004,1.);
#15004 = DIRECTION('',(0.,0.,1.));
#15005 = ORIENTED_EDGE('',*,*,#4390,.F.);
#15006 = PLANE('',#15007);
#15007 = AXIS2_PLACEMENT_3D('',#15008,#15009,#15010);
#15008 = CARTESIAN_POINT('',(16.678577,18.8691,0.));
#15009 = DIRECTION('',(0.707106781187,-0.707106781187,0.));
#15010 = DIRECTION('',(-0.707106781187,-0.707106781187,0.));
#15011 = ADVANCED_FACE('',(#15012),#15030,.F.);
#15012 = FACE_BOUND('',#15013,.F.);
#15013 = EDGE_LOOP('',(#15014,#15015,#15023,#15029));
#15014 = ORIENTED_EDGE('',*,*,#15000,.T.);
#15015 = ORIENTED_EDGE('',*,*,#15016,.T.);
#15016 = EDGE_CURVE('',#14993,#15017,#15019,.T.);
#15017 = VERTEX_POINT('',#15018);
#15018 = CARTESIAN_POINT('',(16.630851,18.837223,1.7));
#15019 = LINE('',#15020,#15021);
#15020 = CARTESIAN_POINT('',(16.657902,18.848425,1.7));
#15021 = VECTOR('',#15022,1.);
#15022 = DIRECTION('',(-0.923914439717,-0.382599148043,0.));
#15023 = ORIENTED_EDGE('',*,*,#15024,.F.);
#15024 = EDGE_CURVE('',#4399,#15017,#15025,.T.);
#15025 = LINE('',#15026,#15027);
#15026 = CARTESIAN_POINT('',(16.630851,18.837223,0.));
#15027 = VECTOR('',#15028,1.);
#15028 = DIRECTION('',(0.,0.,1.));
#15029 = ORIENTED_EDGE('',*,*,#4398,.F.);
#15030 = PLANE('',#15031);
#15031 = AXIS2_PLACEMENT_3D('',#15032,#15033,#15034);
#15032 = CARTESIAN_POINT('',(16.657902,18.848425,0.));
#15033 = DIRECTION('',(0.382599148043,-0.923914439717,0.));
#15034 = DIRECTION('',(-0.923914439717,-0.382599148043,0.));
#15035 = ADVANCED_FACE('',(#15036),#15054,.F.);
#15036 = FACE_BOUND('',#15037,.F.);
#15037 = EDGE_LOOP('',(#15038,#15039,#15047,#15053));
#15038 = ORIENTED_EDGE('',*,*,#15024,.T.);
#15039 = ORIENTED_EDGE('',*,*,#15040,.T.);
#15040 = EDGE_CURVE('',#15017,#15041,#15043,.T.);
#15041 = VERTEX_POINT('',#15042);
#15042 = CARTESIAN_POINT('',(16.61622,18.835776,1.7));
#15043 = LINE('',#15044,#15045);
#15044 = CARTESIAN_POINT('',(16.630851,18.837223,1.7));
#15045 = VECTOR('',#15046,1.);
#15046 = DIRECTION('',(-0.995145021377,-9.841944131872E-02,0.));
#15047 = ORIENTED_EDGE('',*,*,#15048,.F.);
#15048 = EDGE_CURVE('',#4407,#15041,#15049,.T.);
#15049 = LINE('',#15050,#15051);
#15050 = CARTESIAN_POINT('',(16.61622,18.835776,0.));
#15051 = VECTOR('',#15052,1.);
#15052 = DIRECTION('',(0.,0.,1.));
#15053 = ORIENTED_EDGE('',*,*,#4406,.F.);
#15054 = PLANE('',#15055);
#15055 = AXIS2_PLACEMENT_3D('',#15056,#15057,#15058);
#15056 = CARTESIAN_POINT('',(16.630851,18.837223,0.));
#15057 = DIRECTION('',(9.841944131872E-02,-0.995145021377,0.));
#15058 = DIRECTION('',(-0.995145021377,-9.841944131872E-02,0.));
#15059 = ADVANCED_FACE('',(#15060),#15078,.F.);
#15060 = FACE_BOUND('',#15061,.F.);
#15061 = EDGE_LOOP('',(#15062,#15063,#15071,#15077));
#15062 = ORIENTED_EDGE('',*,*,#15048,.T.);
#15063 = ORIENTED_EDGE('',*,*,#15064,.T.);
#15064 = EDGE_CURVE('',#15041,#15065,#15067,.T.);
#15065 = VERTEX_POINT('',#15066);
#15066 = CARTESIAN_POINT('',(2.516223,18.835776,1.7));
#15067 = LINE('',#15068,#15069);
#15068 = CARTESIAN_POINT('',(16.61622,18.835776,1.7));
#15069 = VECTOR('',#15070,1.);
#15070 = DIRECTION('',(-1.,0.,0.));
#15071 = ORIENTED_EDGE('',*,*,#15072,.F.);
#15072 = EDGE_CURVE('',#4415,#15065,#15073,.T.);
#15073 = LINE('',#15074,#15075);
#15074 = CARTESIAN_POINT('',(2.516223,18.835776,0.));
#15075 = VECTOR('',#15076,1.);
#15076 = DIRECTION('',(0.,0.,1.));
#15077 = ORIENTED_EDGE('',*,*,#4414,.F.);
#15078 = PLANE('',#15079);
#15079 = AXIS2_PLACEMENT_3D('',#15080,#15081,#15082);
#15080 = CARTESIAN_POINT('',(16.61622,18.835776,0.));
#15081 = DIRECTION('',(0.,-1.,0.));
#15082 = DIRECTION('',(-1.,0.,0.));
#15083 = ADVANCED_FACE('',(#15084),#15102,.F.);
#15084 = FACE_BOUND('',#15085,.F.);
#15085 = EDGE_LOOP('',(#15086,#15087,#15095,#15101));
#15086 = ORIENTED_EDGE('',*,*,#15072,.T.);
#15087 = ORIENTED_EDGE('',*,*,#15088,.T.);
#15088 = EDGE_CURVE('',#15065,#15089,#15091,.T.);
#15089 = VERTEX_POINT('',#15090);
#15090 = CARTESIAN_POINT('',(2.501593,18.837223,1.7));
#15091 = LINE('',#15092,#15093);
#15092 = CARTESIAN_POINT('',(2.516223,18.835776,1.7));
#15093 = VECTOR('',#15094,1.);
#15094 = DIRECTION('',(-0.995144362478,9.842610338406E-02,0.));
#15095 = ORIENTED_EDGE('',*,*,#15096,.F.);
#15096 = EDGE_CURVE('',#4423,#15089,#15097,.T.);
#15097 = LINE('',#15098,#15099);
#15098 = CARTESIAN_POINT('',(2.501593,18.837223,0.));
#15099 = VECTOR('',#15100,1.);
#15100 = DIRECTION('',(0.,0.,1.));
#15101 = ORIENTED_EDGE('',*,*,#4422,.F.);
#15102 = PLANE('',#15103);
#15103 = AXIS2_PLACEMENT_3D('',#15104,#15105,#15106);
#15104 = CARTESIAN_POINT('',(2.516223,18.835776,0.));
#15105 = DIRECTION('',(-9.842610338406E-02,-0.995144362478,0.));
#15106 = DIRECTION('',(-0.995144362478,9.842610338406E-02,0.));
#15107 = ADVANCED_FACE('',(#15108),#15126,.F.);
#15108 = FACE_BOUND('',#15109,.F.);
#15109 = EDGE_LOOP('',(#15110,#15111,#15119,#15125));
#15110 = ORIENTED_EDGE('',*,*,#15096,.T.);
#15111 = ORIENTED_EDGE('',*,*,#15112,.T.);
#15112 = EDGE_CURVE('',#15089,#15113,#15115,.T.);
#15113 = VERTEX_POINT('',#15114);
#15114 = CARTESIAN_POINT('',(2.474542,18.848425,1.7));
#15115 = LINE('',#15116,#15117);
#15116 = CARTESIAN_POINT('',(2.501593,18.837223,1.7));
#15117 = VECTOR('',#15118,1.);
#15118 = DIRECTION('',(-0.923914439717,0.382599148043,0.));
#15119 = ORIENTED_EDGE('',*,*,#15120,.F.);
#15120 = EDGE_CURVE('',#4431,#15113,#15121,.T.);
#15121 = LINE('',#15122,#15123);
#15122 = CARTESIAN_POINT('',(2.474542,18.848425,0.));
#15123 = VECTOR('',#15124,1.);
#15124 = DIRECTION('',(0.,0.,1.));
#15125 = ORIENTED_EDGE('',*,*,#4430,.F.);
#15126 = PLANE('',#15127);
#15127 = AXIS2_PLACEMENT_3D('',#15128,#15129,#15130);
#15128 = CARTESIAN_POINT('',(2.501593,18.837223,0.));
#15129 = DIRECTION('',(-0.382599148043,-0.923914439717,0.));
#15130 = DIRECTION('',(-0.923914439717,0.382599148043,0.));
#15131 = ADVANCED_FACE('',(#15132),#15150,.F.);
#15132 = FACE_BOUND('',#15133,.F.);
#15133 = EDGE_LOOP('',(#15134,#15135,#15143,#15149));
#15134 = ORIENTED_EDGE('',*,*,#15120,.T.);
#15135 = ORIENTED_EDGE('',*,*,#15136,.T.);
#15136 = EDGE_CURVE('',#15113,#15137,#15139,.T.);
#15137 = VERTEX_POINT('',#15138);
#15138 = CARTESIAN_POINT('',(2.453866,18.8691,1.7));
#15139 = LINE('',#15140,#15141);
#15140 = CARTESIAN_POINT('',(2.474542,18.848425,1.7));
#15141 = VECTOR('',#15142,1.);
#15142 = DIRECTION('',(-0.707123881093,0.707089680867,0.));
#15143 = ORIENTED_EDGE('',*,*,#15144,.F.);
#15144 = EDGE_CURVE('',#4439,#15137,#15145,.T.);
#15145 = LINE('',#15146,#15147);
#15146 = CARTESIAN_POINT('',(2.453866,18.8691,0.));
#15147 = VECTOR('',#15148,1.);
#15148 = DIRECTION('',(0.,0.,1.));
#15149 = ORIENTED_EDGE('',*,*,#4438,.F.);
#15150 = PLANE('',#15151);
#15151 = AXIS2_PLACEMENT_3D('',#15152,#15153,#15154);
#15152 = CARTESIAN_POINT('',(2.474542,18.848425,0.));
#15153 = DIRECTION('',(-0.707089680867,-0.707123881093,0.));
#15154 = DIRECTION('',(-0.707123881093,0.707089680867,0.));
#15155 = ADVANCED_FACE('',(#15156),#15174,.F.);
#15156 = FACE_BOUND('',#15157,.F.);
#15157 = EDGE_LOOP('',(#15158,#15159,#15167,#15173));
#15158 = ORIENTED_EDGE('',*,*,#15144,.T.);
#15159 = ORIENTED_EDGE('',*,*,#15160,.T.);
#15160 = EDGE_CURVE('',#15137,#15161,#15163,.T.);
#15161 = VERTEX_POINT('',#15162);
#15162 = CARTESIAN_POINT('',(2.442665,18.896151,1.7));
#15163 = LINE('',#15164,#15165);
#15164 = CARTESIAN_POINT('',(2.453866,18.8691,1.7));
#15165 = VECTOR('',#15166,1.);
#15166 = DIRECTION('',(-0.382569992546,0.923926512664,0.));
#15167 = ORIENTED_EDGE('',*,*,#15168,.F.);
#15168 = EDGE_CURVE('',#4447,#15161,#15169,.T.);
#15169 = LINE('',#15170,#15171);
#15170 = CARTESIAN_POINT('',(2.442665,18.896151,0.));
#15171 = VECTOR('',#15172,1.);
#15172 = DIRECTION('',(0.,0.,1.));
#15173 = ORIENTED_EDGE('',*,*,#4446,.F.);
#15174 = PLANE('',#15175);
#15175 = AXIS2_PLACEMENT_3D('',#15176,#15177,#15178);
#15176 = CARTESIAN_POINT('',(2.453866,18.8691,0.));
#15177 = DIRECTION('',(-0.923926512664,-0.382569992546,0.));
#15178 = DIRECTION('',(-0.382569992546,0.923926512664,0.));
#15179 = ADVANCED_FACE('',(#15180),#15198,.F.);
#15180 = FACE_BOUND('',#15181,.F.);
#15181 = EDGE_LOOP('',(#15182,#15183,#15191,#15197));
#15182 = ORIENTED_EDGE('',*,*,#15168,.T.);
#15183 = ORIENTED_EDGE('',*,*,#15184,.T.);
#15184 = EDGE_CURVE('',#15161,#15185,#15187,.T.);
#15185 = VERTEX_POINT('',#15186);
#15186 = CARTESIAN_POINT('',(2.441217,18.910782,1.7));
#15187 = LINE('',#15188,#15189);
#15188 = CARTESIAN_POINT('',(2.442665,18.896151,1.7));
#15189 = VECTOR('',#15190,1.);
#15190 = DIRECTION('',(-9.84867980108E-02,0.995138357525,0.));
#15191 = ORIENTED_EDGE('',*,*,#15192,.F.);
#15192 = EDGE_CURVE('',#4455,#15185,#15193,.T.);
#15193 = LINE('',#15194,#15195);
#15194 = CARTESIAN_POINT('',(2.441217,18.910782,0.));
#15195 = VECTOR('',#15196,1.);
#15196 = DIRECTION('',(0.,0.,1.));
#15197 = ORIENTED_EDGE('',*,*,#4454,.F.);
#15198 = PLANE('',#15199);
#15199 = AXIS2_PLACEMENT_3D('',#15200,#15201,#15202);
#15200 = CARTESIAN_POINT('',(2.442665,18.896151,0.));
#15201 = DIRECTION('',(-0.995138357525,-9.84867980108E-02,0.));
#15202 = DIRECTION('',(-9.84867980108E-02,0.995138357525,0.));
#15203 = ADVANCED_FACE('',(#15204),#15222,.F.);
#15204 = FACE_BOUND('',#15205,.F.);
#15205 = EDGE_LOOP('',(#15206,#15207,#15215,#15221));
#15206 = ORIENTED_EDGE('',*,*,#15192,.T.);
#15207 = ORIENTED_EDGE('',*,*,#15208,.T.);
#15208 = EDGE_CURVE('',#15185,#15209,#15211,.T.);
#15209 = VERTEX_POINT('',#15210);
#15210 = CARTESIAN_POINT('',(2.441217,33.010779,1.7));
#15211 = LINE('',#15212,#15213);
#15212 = CARTESIAN_POINT('',(2.441217,18.910782,1.7));
#15213 = VECTOR('',#15214,1.);
#15214 = DIRECTION('',(0.,1.,0.));
#15215 = ORIENTED_EDGE('',*,*,#15216,.F.);
#15216 = EDGE_CURVE('',#4463,#15209,#15217,.T.);
#15217 = LINE('',#15218,#15219);
#15218 = CARTESIAN_POINT('',(2.441217,33.010779,0.));
#15219 = VECTOR('',#15220,1.);
#15220 = DIRECTION('',(0.,0.,1.));
#15221 = ORIENTED_EDGE('',*,*,#4462,.F.);
#15222 = PLANE('',#15223);
#15223 = AXIS2_PLACEMENT_3D('',#15224,#15225,#15226);
#15224 = CARTESIAN_POINT('',(2.441217,18.910782,0.));
#15225 = DIRECTION('',(-1.,0.,0.));
#15226 = DIRECTION('',(0.,1.,0.));
#15227 = ADVANCED_FACE('',(#15228),#15246,.F.);
#15228 = FACE_BOUND('',#15229,.F.);
#15229 = EDGE_LOOP('',(#15230,#15231,#15239,#15245));
#15230 = ORIENTED_EDGE('',*,*,#15216,.T.);
#15231 = ORIENTED_EDGE('',*,*,#15232,.T.);
#15232 = EDGE_CURVE('',#15209,#15233,#15235,.T.);
#15233 = VERTEX_POINT('',#15234);
#15234 = CARTESIAN_POINT('',(2.442665,33.025409,1.7));
#15235 = LINE('',#15236,#15237);
#15236 = CARTESIAN_POINT('',(2.441217,33.010779,1.7));
#15237 = VECTOR('',#15238,1.);
#15238 = DIRECTION('',(9.849346454623E-02,0.995137697729,0.));
#15239 = ORIENTED_EDGE('',*,*,#15240,.F.);
#15240 = EDGE_CURVE('',#4471,#15233,#15241,.T.);
#15241 = LINE('',#15242,#15243);
#15242 = CARTESIAN_POINT('',(2.442665,33.025409,0.));
#15243 = VECTOR('',#15244,1.);
#15244 = DIRECTION('',(0.,0.,1.));
#15245 = ORIENTED_EDGE('',*,*,#4470,.F.);
#15246 = PLANE('',#15247);
#15247 = AXIS2_PLACEMENT_3D('',#15248,#15249,#15250);
#15248 = CARTESIAN_POINT('',(2.441217,33.010779,0.));
#15249 = DIRECTION('',(-0.995137697729,9.849346454623E-02,0.));
#15250 = DIRECTION('',(9.849346454623E-02,0.995137697729,0.));
#15251 = ADVANCED_FACE('',(#15252),#15270,.F.);
#15252 = FACE_BOUND('',#15253,.F.);
#15253 = EDGE_LOOP('',(#15254,#15255,#15263,#15269));
#15254 = ORIENTED_EDGE('',*,*,#15240,.T.);
#15255 = ORIENTED_EDGE('',*,*,#15256,.T.);
#15256 = EDGE_CURVE('',#15233,#15257,#15259,.T.);
#15257 = VERTEX_POINT('',#15258);
#15258 = CARTESIAN_POINT('',(2.453866,33.05246,1.7));
#15259 = LINE('',#15260,#15261);
#15260 = CARTESIAN_POINT('',(2.442665,33.025409,1.7));
#15261 = VECTOR('',#15262,1.);
#15262 = DIRECTION('',(0.382569992546,0.923926512664,0.));
#15263 = ORIENTED_EDGE('',*,*,#15264,.F.);
#15264 = EDGE_CURVE('',#4479,#15257,#15265,.T.);
#15265 = LINE('',#15266,#15267);
#15266 = CARTESIAN_POINT('',(2.453866,33.05246,0.));
#15267 = VECTOR('',#15268,1.);
#15268 = DIRECTION('',(0.,0.,1.));
#15269 = ORIENTED_EDGE('',*,*,#4478,.F.);
#15270 = PLANE('',#15271);
#15271 = AXIS2_PLACEMENT_3D('',#15272,#15273,#15274);
#15272 = CARTESIAN_POINT('',(2.442665,33.025409,0.));
#15273 = DIRECTION('',(-0.923926512664,0.382569992546,0.));
#15274 = DIRECTION('',(0.382569992546,0.923926512664,0.));
#15275 = ADVANCED_FACE('',(#15276),#15294,.F.);
#15276 = FACE_BOUND('',#15277,.F.);
#15277 = EDGE_LOOP('',(#15278,#15279,#15287,#15293));
#15278 = ORIENTED_EDGE('',*,*,#15264,.T.);
#15279 = ORIENTED_EDGE('',*,*,#15280,.T.);
#15280 = EDGE_CURVE('',#15257,#15281,#15283,.T.);
#15281 = VERTEX_POINT('',#15282);
#15282 = CARTESIAN_POINT('',(2.474542,33.073136,1.7));
#15283 = LINE('',#15284,#15285);
#15284 = CARTESIAN_POINT('',(2.453866,33.05246,1.7));
#15285 = VECTOR('',#15286,1.);
#15286 = DIRECTION('',(0.707106781187,0.707106781186,0.));
#15287 = ORIENTED_EDGE('',*,*,#15288,.F.);
#15288 = EDGE_CURVE('',#4487,#15281,#15289,.T.);
#15289 = LINE('',#15290,#15291);
#15290 = CARTESIAN_POINT('',(2.474542,33.073136,0.));
#15291 = VECTOR('',#15292,1.);
#15292 = DIRECTION('',(0.,0.,1.));
#15293 = ORIENTED_EDGE('',*,*,#4486,.F.);
#15294 = PLANE('',#15295);
#15295 = AXIS2_PLACEMENT_3D('',#15296,#15297,#15298);
#15296 = CARTESIAN_POINT('',(2.453866,33.05246,0.));
#15297 = DIRECTION('',(-0.707106781186,0.707106781187,0.));
#15298 = DIRECTION('',(0.707106781187,0.707106781186,0.));
#15299 = ADVANCED_FACE('',(#15300),#15318,.F.);
#15300 = FACE_BOUND('',#15301,.F.);
#15301 = EDGE_LOOP('',(#15302,#15303,#15311,#15317));
#15302 = ORIENTED_EDGE('',*,*,#15288,.T.);
#15303 = ORIENTED_EDGE('',*,*,#15304,.T.);
#15304 = EDGE_CURVE('',#15281,#15305,#15307,.T.);
#15305 = VERTEX_POINT('',#15306);
#15306 = CARTESIAN_POINT('',(2.501593,33.084337,1.7));
#15307 = LINE('',#15308,#15309);
#15308 = CARTESIAN_POINT('',(2.474542,33.073136,1.7));
#15309 = VECTOR('',#15310,1.);
#15310 = DIRECTION('',(0.923926512664,0.382569992546,0.));
#15311 = ORIENTED_EDGE('',*,*,#15312,.F.);
#15312 = EDGE_CURVE('',#4495,#15305,#15313,.T.);
#15313 = LINE('',#15314,#15315);
#15314 = CARTESIAN_POINT('',(2.501593,33.084337,0.));
#15315 = VECTOR('',#15316,1.);
#15316 = DIRECTION('',(0.,0.,1.));
#15317 = ORIENTED_EDGE('',*,*,#4494,.F.);
#15318 = PLANE('',#15319);
#15319 = AXIS2_PLACEMENT_3D('',#15320,#15321,#15322);
#15320 = CARTESIAN_POINT('',(2.474542,33.073136,0.));
#15321 = DIRECTION('',(-0.382569992546,0.923926512664,0.));
#15322 = DIRECTION('',(0.923926512664,0.382569992546,0.));
#15323 = ADVANCED_FACE('',(#15324),#15342,.F.);
#15324 = FACE_BOUND('',#15325,.F.);
#15325 = EDGE_LOOP('',(#15326,#15327,#15335,#15341));
#15326 = ORIENTED_EDGE('',*,*,#15312,.T.);
#15327 = ORIENTED_EDGE('',*,*,#15328,.T.);
#15328 = EDGE_CURVE('',#15305,#15329,#15331,.T.);
#15329 = VERTEX_POINT('',#15330);
#15330 = CARTESIAN_POINT('',(2.516223,33.085785,1.7));
#15331 = LINE('',#15332,#15333);
#15332 = CARTESIAN_POINT('',(2.501593,33.084337,1.7));
#15333 = VECTOR('',#15334,1.);
#15334 = DIRECTION('',(0.995137697729,9.849346454649E-02,0.));
#15335 = ORIENTED_EDGE('',*,*,#15336,.F.);
#15336 = EDGE_CURVE('',#4503,#15329,#15337,.T.);
#15337 = LINE('',#15338,#15339);
#15338 = CARTESIAN_POINT('',(2.516223,33.085785,0.));
#15339 = VECTOR('',#15340,1.);
#15340 = DIRECTION('',(0.,0.,1.));
#15341 = ORIENTED_EDGE('',*,*,#4502,.F.);
#15342 = PLANE('',#15343);
#15343 = AXIS2_PLACEMENT_3D('',#15344,#15345,#15346);
#15344 = CARTESIAN_POINT('',(2.501593,33.084337,0.));
#15345 = DIRECTION('',(-9.849346454649E-02,0.995137697729,0.));
#15346 = DIRECTION('',(0.995137697729,9.849346454649E-02,0.));
#15347 = ADVANCED_FACE('',(#15348),#15366,.F.);
#15348 = FACE_BOUND('',#15349,.F.);
#15349 = EDGE_LOOP('',(#15350,#15351,#15359,#15365));
#15350 = ORIENTED_EDGE('',*,*,#15336,.T.);
#15351 = ORIENTED_EDGE('',*,*,#15352,.T.);
#15352 = EDGE_CURVE('',#15329,#15353,#15355,.T.);
#15353 = VERTEX_POINT('',#15354);
#15354 = CARTESIAN_POINT('',(16.61622,33.085785,1.7));
#15355 = LINE('',#15356,#15357);
#15356 = CARTESIAN_POINT('',(2.516223,33.085785,1.7));
#15357 = VECTOR('',#15358,1.);
#15358 = DIRECTION('',(1.,0.,0.));
#15359 = ORIENTED_EDGE('',*,*,#15360,.F.);
#15360 = EDGE_CURVE('',#4511,#15353,#15361,.T.);
#15361 = LINE('',#15362,#15363);
#15362 = CARTESIAN_POINT('',(16.61622,33.085785,0.));
#15363 = VECTOR('',#15364,1.);
#15364 = DIRECTION('',(0.,0.,1.));
#15365 = ORIENTED_EDGE('',*,*,#4510,.F.);
#15366 = PLANE('',#15367);
#15367 = AXIS2_PLACEMENT_3D('',#15368,#15369,#15370);
#15368 = CARTESIAN_POINT('',(2.516223,33.085785,0.));
#15369 = DIRECTION('',(0.,1.,0.));
#15370 = DIRECTION('',(1.,0.,0.));
#15371 = ADVANCED_FACE('',(#15372),#15383,.F.);
#15372 = FACE_BOUND('',#15373,.F.);
#15373 = EDGE_LOOP('',(#15374,#15375,#15381,#15382));
#15374 = ORIENTED_EDGE('',*,*,#15360,.T.);
#15375 = ORIENTED_EDGE('',*,*,#15376,.T.);
#15376 = EDGE_CURVE('',#15353,#14817,#15377,.T.);
#15377 = LINE('',#15378,#15379);
#15378 = CARTESIAN_POINT('',(16.61622,33.085785,1.7));
#15379 = VECTOR('',#15380,1.);
#15380 = DIRECTION('',(0.995138357525,-9.848679801104E-02,0.));
#15381 = ORIENTED_EDGE('',*,*,#14816,.F.);
#15382 = ORIENTED_EDGE('',*,*,#4518,.F.);
#15383 = PLANE('',#15384);
#15384 = AXIS2_PLACEMENT_3D('',#15385,#15386,#15387);
#15385 = CARTESIAN_POINT('',(16.61622,33.085785,0.));
#15386 = DIRECTION('',(9.848679801104E-02,0.995138357525,0.));
#15387 = DIRECTION('',(0.995138357525,-9.848679801104E-02,0.));
#15388 = ADVANCED_FACE('',(#15389),#15414,.F.);
#15389 = FACE_BOUND('',#15390,.F.);
#15390 = EDGE_LOOP('',(#15391,#15399,#15407,#15413));
#15391 = ORIENTED_EDGE('',*,*,#15392,.T.);
#15392 = EDGE_CURVE('',#4527,#15393,#15395,.T.);
#15393 = VERTEX_POINT('',#15394);
#15394 = CARTESIAN_POINT('',(54.730851,33.084337,1.7));
#15395 = LINE('',#15396,#15397);
#15396 = CARTESIAN_POINT('',(54.730851,33.084337,0.));
#15397 = VECTOR('',#15398,1.);
#15398 = DIRECTION('',(0.,0.,1.));
#15399 = ORIENTED_EDGE('',*,*,#15400,.T.);
#15400 = EDGE_CURVE('',#15393,#15401,#15403,.T.);
#15401 = VERTEX_POINT('',#15402);
#15402 = CARTESIAN_POINT('',(54.757902,33.073136,1.7));
#15403 = LINE('',#15404,#15405);
#15404 = CARTESIAN_POINT('',(54.730851,33.084337,1.7));
#15405 = VECTOR('',#15406,1.);
#15406 = DIRECTION('',(0.923926512664,-0.382569992546,0.));
#15407 = ORIENTED_EDGE('',*,*,#15408,.F.);
#15408 = EDGE_CURVE('',#4529,#15401,#15409,.T.);
#15409 = LINE('',#15410,#15411);
#15410 = CARTESIAN_POINT('',(54.757902,33.073136,0.));
#15411 = VECTOR('',#15412,1.);
#15412 = DIRECTION('',(0.,0.,1.));
#15413 = ORIENTED_EDGE('',*,*,#4526,.F.);
#15414 = PLANE('',#15415);
#15415 = AXIS2_PLACEMENT_3D('',#15416,#15417,#15418);
#15416 = CARTESIAN_POINT('',(54.730851,33.084337,0.));
#15417 = DIRECTION('',(0.382569992546,0.923926512664,0.));
#15418 = DIRECTION('',(0.923926512664,-0.382569992546,0.));
#15419 = ADVANCED_FACE('',(#15420),#15438,.F.);
#15420 = FACE_BOUND('',#15421,.F.);
#15421 = EDGE_LOOP('',(#15422,#15423,#15431,#15437));
#15422 = ORIENTED_EDGE('',*,*,#15408,.T.);
#15423 = ORIENTED_EDGE('',*,*,#15424,.T.);
#15424 = EDGE_CURVE('',#15401,#15425,#15427,.T.);
#15425 = VERTEX_POINT('',#15426);
#15426 = CARTESIAN_POINT('',(54.778577,33.05246,1.7));
#15427 = LINE('',#15428,#15429);
#15428 = CARTESIAN_POINT('',(54.757902,33.073136,1.7));
#15429 = VECTOR('',#15430,1.);
#15430 = DIRECTION('',(0.707089680867,-0.707123881093,0.));
#15431 = ORIENTED_EDGE('',*,*,#15432,.F.);
#15432 = EDGE_CURVE('',#4537,#15425,#15433,.T.);
#15433 = LINE('',#15434,#15435);
#15434 = CARTESIAN_POINT('',(54.778577,33.05246,0.));
#15435 = VECTOR('',#15436,1.);
#15436 = DIRECTION('',(0.,0.,1.));
#15437 = ORIENTED_EDGE('',*,*,#4536,.F.);
#15438 = PLANE('',#15439);
#15439 = AXIS2_PLACEMENT_3D('',#15440,#15441,#15442);
#15440 = CARTESIAN_POINT('',(54.757902,33.073136,0.));
#15441 = DIRECTION('',(0.707123881093,0.707089680867,0.));
#15442 = DIRECTION('',(0.707089680867,-0.707123881093,0.));
#15443 = ADVANCED_FACE('',(#15444),#15462,.F.);
#15444 = FACE_BOUND('',#15445,.F.);
#15445 = EDGE_LOOP('',(#15446,#15447,#15455,#15461));
#15446 = ORIENTED_EDGE('',*,*,#15432,.T.);
#15447 = ORIENTED_EDGE('',*,*,#15448,.T.);
#15448 = EDGE_CURVE('',#15425,#15449,#15451,.T.);
#15449 = VERTEX_POINT('',#15450);
#15450 = CARTESIAN_POINT('',(54.789779,33.025409,1.7));
#15451 = LINE('',#15452,#15453);
#15452 = CARTESIAN_POINT('',(54.778577,33.05246,1.7));
#15453 = VECTOR('',#15454,1.);
#15454 = DIRECTION('',(0.382599148043,-0.923914439717,0.));
#15455 = ORIENTED_EDGE('',*,*,#15456,.F.);
#15456 = EDGE_CURVE('',#4545,#15449,#15457,.T.);
#15457 = LINE('',#15458,#15459);
#15458 = CARTESIAN_POINT('',(54.789779,33.025409,0.));
#15459 = VECTOR('',#15460,1.);
#15460 = DIRECTION('',(0.,0.,1.));
#15461 = ORIENTED_EDGE('',*,*,#4544,.F.);
#15462 = PLANE('',#15463);
#15463 = AXIS2_PLACEMENT_3D('',#15464,#15465,#15466);
#15464 = CARTESIAN_POINT('',(54.778577,33.05246,0.));
#15465 = DIRECTION('',(0.923914439717,0.382599148043,0.));
#15466 = DIRECTION('',(0.382599148043,-0.923914439717,0.));
#15467 = ADVANCED_FACE('',(#15468),#15486,.F.);
#15468 = FACE_BOUND('',#15469,.F.);
#15469 = EDGE_LOOP('',(#15470,#15471,#15479,#15485));
#15470 = ORIENTED_EDGE('',*,*,#15456,.T.);
#15471 = ORIENTED_EDGE('',*,*,#15472,.T.);
#15472 = EDGE_CURVE('',#15449,#15473,#15475,.T.);
#15473 = VERTEX_POINT('',#15474);
#15474 = CARTESIAN_POINT('',(54.791226,33.010779,1.7));
#15475 = LINE('',#15476,#15477);
#15476 = CARTESIAN_POINT('',(54.789779,33.025409,1.7));
#15477 = VECTOR('',#15478,1.);
#15478 = DIRECTION('',(9.842610338379E-02,-0.995144362478,0.));
#15479 = ORIENTED_EDGE('',*,*,#15480,.F.);
#15480 = EDGE_CURVE('',#4553,#15473,#15481,.T.);
#15481 = LINE('',#15482,#15483);
#15482 = CARTESIAN_POINT('',(54.791226,33.010779,0.));
#15483 = VECTOR('',#15484,1.);
#15484 = DIRECTION('',(0.,0.,1.));
#15485 = ORIENTED_EDGE('',*,*,#4552,.F.);
#15486 = PLANE('',#15487);
#15487 = AXIS2_PLACEMENT_3D('',#15488,#15489,#15490);
#15488 = CARTESIAN_POINT('',(54.789779,33.025409,0.));
#15489 = DIRECTION('',(0.995144362478,9.842610338379E-02,0.));
#15490 = DIRECTION('',(9.842610338379E-02,-0.995144362478,0.));
#15491 = ADVANCED_FACE('',(#15492),#15510,.F.);
#15492 = FACE_BOUND('',#15493,.F.);
#15493 = EDGE_LOOP('',(#15494,#15495,#15503,#15509));
#15494 = ORIENTED_EDGE('',*,*,#15480,.T.);
#15495 = ORIENTED_EDGE('',*,*,#15496,.T.);
#15496 = EDGE_CURVE('',#15473,#15497,#15499,.T.);
#15497 = VERTEX_POINT('',#15498);
#15498 = CARTESIAN_POINT('',(54.791226,18.910782,1.7));
#15499 = LINE('',#15500,#15501);
#15500 = CARTESIAN_POINT('',(54.791226,33.010779,1.7));
#15501 = VECTOR('',#15502,1.);
#15502 = DIRECTION('',(0.,-1.,0.));
#15503 = ORIENTED_EDGE('',*,*,#15504,.F.);
#15504 = EDGE_CURVE('',#4561,#15497,#15505,.T.);
#15505 = LINE('',#15506,#15507);
#15506 = CARTESIAN_POINT('',(54.791226,18.910782,0.));
#15507 = VECTOR('',#15508,1.);
#15508 = DIRECTION('',(0.,0.,1.));
#15509 = ORIENTED_EDGE('',*,*,#4560,.F.);
#15510 = PLANE('',#15511);
#15511 = AXIS2_PLACEMENT_3D('',#15512,#15513,#15514);
#15512 = CARTESIAN_POINT('',(54.791226,33.010779,0.));
#15513 = DIRECTION('',(1.,0.,0.));
#15514 = DIRECTION('',(0.,-1.,0.));
#15515 = ADVANCED_FACE('',(#15516),#15534,.F.);
#15516 = FACE_BOUND('',#15517,.F.);
#15517 = EDGE_LOOP('',(#15518,#15519,#15527,#15533));
#15518 = ORIENTED_EDGE('',*,*,#15504,.T.);
#15519 = ORIENTED_EDGE('',*,*,#15520,.T.);
#15520 = EDGE_CURVE('',#15497,#15521,#15523,.T.);
#15521 = VERTEX_POINT('',#15522);
#15522 = CARTESIAN_POINT('',(54.789779,18.896151,1.7));
#15523 = LINE('',#15524,#15525);
#15524 = CARTESIAN_POINT('',(54.791226,18.910782,1.7));
#15525 = VECTOR('',#15526,1.);
#15526 = DIRECTION('',(-9.841944131848E-02,-0.995145021377,0.));
#15527 = ORIENTED_EDGE('',*,*,#15528,.F.);
#15528 = EDGE_CURVE('',#4569,#15521,#15529,.T.);
#15529 = LINE('',#15530,#15531);
#15530 = CARTESIAN_POINT('',(54.789779,18.896151,0.));
#15531 = VECTOR('',#15532,1.);
#15532 = DIRECTION('',(0.,0.,1.));
#15533 = ORIENTED_EDGE('',*,*,#4568,.F.);
#15534 = PLANE('',#15535);
#15535 = AXIS2_PLACEMENT_3D('',#15536,#15537,#15538);
#15536 = CARTESIAN_POINT('',(54.791226,18.910782,0.));
#15537 = DIRECTION('',(0.995145021377,-9.841944131848E-02,0.));
#15538 = DIRECTION('',(-9.841944131848E-02,-0.995145021377,0.));
#15539 = ADVANCED_FACE('',(#15540),#15558,.F.);
#15540 = FACE_BOUND('',#15541,.F.);
#15541 = EDGE_LOOP('',(#15542,#15543,#15551,#15557));
#15542 = ORIENTED_EDGE('',*,*,#15528,.T.);
#15543 = ORIENTED_EDGE('',*,*,#15544,.T.);
#15544 = EDGE_CURVE('',#15521,#15545,#15547,.T.);
#15545 = VERTEX_POINT('',#15546);
#15546 = CARTESIAN_POINT('',(54.778577,18.8691,1.7));
#15547 = LINE('',#15548,#15549);
#15548 = CARTESIAN_POINT('',(54.789779,18.896151,1.7));
#15549 = VECTOR('',#15550,1.);
#15550 = DIRECTION('',(-0.382599148043,-0.923914439717,0.));
#15551 = ORIENTED_EDGE('',*,*,#15552,.F.);
#15552 = EDGE_CURVE('',#4577,#15545,#15553,.T.);
#15553 = LINE('',#15554,#15555);
#15554 = CARTESIAN_POINT('',(54.778577,18.8691,0.));
#15555 = VECTOR('',#15556,1.);
#15556 = DIRECTION('',(0.,0.,1.));
#15557 = ORIENTED_EDGE('',*,*,#4576,.F.);
#15558 = PLANE('',#15559);
#15559 = AXIS2_PLACEMENT_3D('',#15560,#15561,#15562);
#15560 = CARTESIAN_POINT('',(54.789779,18.896151,0.));
#15561 = DIRECTION('',(0.923914439717,-0.382599148043,0.));
#15562 = DIRECTION('',(-0.382599148043,-0.923914439717,0.));
#15563 = ADVANCED_FACE('',(#15564),#15582,.F.);
#15564 = FACE_BOUND('',#15565,.F.);
#15565 = EDGE_LOOP('',(#15566,#15567,#15575,#15581));
#15566 = ORIENTED_EDGE('',*,*,#15552,.T.);
#15567 = ORIENTED_EDGE('',*,*,#15568,.T.);
#15568 = EDGE_CURVE('',#15545,#15569,#15571,.T.);
#15569 = VERTEX_POINT('',#15570);
#15570 = CARTESIAN_POINT('',(54.757902,18.848425,1.7));
#15571 = LINE('',#15572,#15573);
#15572 = CARTESIAN_POINT('',(54.778577,18.8691,1.7));
#15573 = VECTOR('',#15574,1.);
#15574 = DIRECTION('',(-0.707106781186,-0.707106781187,0.));
#15575 = ORIENTED_EDGE('',*,*,#15576,.F.);
#15576 = EDGE_CURVE('',#4585,#15569,#15577,.T.);
#15577 = LINE('',#15578,#15579);
#15578 = CARTESIAN_POINT('',(54.757902,18.848425,0.));
#15579 = VECTOR('',#15580,1.);
#15580 = DIRECTION('',(0.,0.,1.));
#15581 = ORIENTED_EDGE('',*,*,#4584,.F.);
#15582 = PLANE('',#15583);
#15583 = AXIS2_PLACEMENT_3D('',#15584,#15585,#15586);
#15584 = CARTESIAN_POINT('',(54.778577,18.8691,0.));
#15585 = DIRECTION('',(0.707106781187,-0.707106781186,0.));
#15586 = DIRECTION('',(-0.707106781186,-0.707106781187,0.));
#15587 = ADVANCED_FACE('',(#15588),#15606,.F.);
#15588 = FACE_BOUND('',#15589,.F.);
#15589 = EDGE_LOOP('',(#15590,#15591,#15599,#15605));
#15590 = ORIENTED_EDGE('',*,*,#15576,.T.);
#15591 = ORIENTED_EDGE('',*,*,#15592,.T.);
#15592 = EDGE_CURVE('',#15569,#15593,#15595,.T.);
#15593 = VERTEX_POINT('',#15594);
#15594 = CARTESIAN_POINT('',(54.730851,18.837223,1.7));
#15595 = LINE('',#15596,#15597);
#15596 = CARTESIAN_POINT('',(54.757902,18.848425,1.7));
#15597 = VECTOR('',#15598,1.);
#15598 = DIRECTION('',(-0.923914439717,-0.382599148043,0.));
#15599 = ORIENTED_EDGE('',*,*,#15600,.F.);
#15600 = EDGE_CURVE('',#4593,#15593,#15601,.T.);
#15601 = LINE('',#15602,#15603);
#15602 = CARTESIAN_POINT('',(54.730851,18.837223,0.));
#15603 = VECTOR('',#15604,1.);
#15604 = DIRECTION('',(0.,0.,1.));
#15605 = ORIENTED_EDGE('',*,*,#4592,.F.);
#15606 = PLANE('',#15607);
#15607 = AXIS2_PLACEMENT_3D('',#15608,#15609,#15610);
#15608 = CARTESIAN_POINT('',(54.757902,18.848425,0.));
#15609 = DIRECTION('',(0.382599148043,-0.923914439717,0.));
#15610 = DIRECTION('',(-0.923914439717,-0.382599148043,0.));
#15611 = ADVANCED_FACE('',(#15612),#15630,.F.);
#15612 = FACE_BOUND('',#15613,.F.);
#15613 = EDGE_LOOP('',(#15614,#15615,#15623,#15629));
#15614 = ORIENTED_EDGE('',*,*,#15600,.T.);
#15615 = ORIENTED_EDGE('',*,*,#15616,.T.);
#15616 = EDGE_CURVE('',#15593,#15617,#15619,.T.);
#15617 = VERTEX_POINT('',#15618);
#15618 = CARTESIAN_POINT('',(54.71622,18.835776,1.7));
#15619 = LINE('',#15620,#15621);
#15620 = CARTESIAN_POINT('',(54.730851,18.837223,1.7));
#15621 = VECTOR('',#15622,1.);
#15622 = DIRECTION('',(-0.995145021377,-9.841944131872E-02,0.));
#15623 = ORIENTED_EDGE('',*,*,#15624,.F.);
#15624 = EDGE_CURVE('',#4601,#15617,#15625,.T.);
#15625 = LINE('',#15626,#15627);
#15626 = CARTESIAN_POINT('',(54.71622,18.835776,0.));
#15627 = VECTOR('',#15628,1.);
#15628 = DIRECTION('',(0.,0.,1.));
#15629 = ORIENTED_EDGE('',*,*,#4600,.F.);
#15630 = PLANE('',#15631);
#15631 = AXIS2_PLACEMENT_3D('',#15632,#15633,#15634);
#15632 = CARTESIAN_POINT('',(54.730851,18.837223,0.));
#15633 = DIRECTION('',(9.841944131872E-02,-0.995145021377,0.));
#15634 = DIRECTION('',(-0.995145021377,-9.841944131872E-02,0.));
#15635 = ADVANCED_FACE('',(#15636),#15654,.F.);
#15636 = FACE_BOUND('',#15637,.F.);
#15637 = EDGE_LOOP('',(#15638,#15639,#15647,#15653));
#15638 = ORIENTED_EDGE('',*,*,#15624,.T.);
#15639 = ORIENTED_EDGE('',*,*,#15640,.T.);
#15640 = EDGE_CURVE('',#15617,#15641,#15643,.T.);
#15641 = VERTEX_POINT('',#15642);
#15642 = CARTESIAN_POINT('',(40.616223,18.835776,1.7));
#15643 = LINE('',#15644,#15645);
#15644 = CARTESIAN_POINT('',(54.71622,18.835776,1.7));
#15645 = VECTOR('',#15646,1.);
#15646 = DIRECTION('',(-1.,0.,0.));
#15647 = ORIENTED_EDGE('',*,*,#15648,.F.);
#15648 = EDGE_CURVE('',#4609,#15641,#15649,.T.);
#15649 = LINE('',#15650,#15651);
#15650 = CARTESIAN_POINT('',(40.616223,18.835776,0.));
#15651 = VECTOR('',#15652,1.);
#15652 = DIRECTION('',(0.,0.,1.));
#15653 = ORIENTED_EDGE('',*,*,#4608,.F.);
#15654 = PLANE('',#15655);
#15655 = AXIS2_PLACEMENT_3D('',#15656,#15657,#15658);
#15656 = CARTESIAN_POINT('',(54.71622,18.835776,0.));
#15657 = DIRECTION('',(0.,-1.,0.));
#15658 = DIRECTION('',(-1.,0.,0.));
#15659 = ADVANCED_FACE('',(#15660),#15678,.F.);
#15660 = FACE_BOUND('',#15661,.F.);
#15661 = EDGE_LOOP('',(#15662,#15663,#15671,#15677));
#15662 = ORIENTED_EDGE('',*,*,#15648,.T.);
#15663 = ORIENTED_EDGE('',*,*,#15664,.T.);
#15664 = EDGE_CURVE('',#15641,#15665,#15667,.T.);
#15665 = VERTEX_POINT('',#15666);
#15666 = CARTESIAN_POINT('',(40.601593,18.837223,1.7));
#15667 = LINE('',#15668,#15669);
#15668 = CARTESIAN_POINT('',(40.616223,18.835776,1.7));
#15669 = VECTOR('',#15670,1.);
#15670 = DIRECTION('',(-0.995144362478,9.842610338408E-02,0.));
#15671 = ORIENTED_EDGE('',*,*,#15672,.F.);
#15672 = EDGE_CURVE('',#4617,#15665,#15673,.T.);
#15673 = LINE('',#15674,#15675);
#15674 = CARTESIAN_POINT('',(40.601593,18.837223,0.));
#15675 = VECTOR('',#15676,1.);
#15676 = DIRECTION('',(0.,0.,1.));
#15677 = ORIENTED_EDGE('',*,*,#4616,.F.);
#15678 = PLANE('',#15679);
#15679 = AXIS2_PLACEMENT_3D('',#15680,#15681,#15682);
#15680 = CARTESIAN_POINT('',(40.616223,18.835776,0.));
#15681 = DIRECTION('',(-9.842610338408E-02,-0.995144362478,0.));
#15682 = DIRECTION('',(-0.995144362478,9.842610338408E-02,0.));
#15683 = ADVANCED_FACE('',(#15684),#15702,.F.);
#15684 = FACE_BOUND('',#15685,.F.);
#15685 = EDGE_LOOP('',(#15686,#15687,#15695,#15701));
#15686 = ORIENTED_EDGE('',*,*,#15672,.T.);
#15687 = ORIENTED_EDGE('',*,*,#15688,.T.);
#15688 = EDGE_CURVE('',#15665,#15689,#15691,.T.);
#15689 = VERTEX_POINT('',#15690);
#15690 = CARTESIAN_POINT('',(40.574542,18.848425,1.7));
#15691 = LINE('',#15692,#15693);
#15692 = CARTESIAN_POINT('',(40.601593,18.837223,1.7));
#15693 = VECTOR('',#15694,1.);
#15694 = DIRECTION('',(-0.923914439717,0.382599148043,0.));
#15695 = ORIENTED_EDGE('',*,*,#15696,.F.);
#15696 = EDGE_CURVE('',#4625,#15689,#15697,.T.);
#15697 = LINE('',#15698,#15699);
#15698 = CARTESIAN_POINT('',(40.574542,18.848425,0.));
#15699 = VECTOR('',#15700,1.);
#15700 = DIRECTION('',(0.,0.,1.));
#15701 = ORIENTED_EDGE('',*,*,#4624,.F.);
#15702 = PLANE('',#15703);
#15703 = AXIS2_PLACEMENT_3D('',#15704,#15705,#15706);
#15704 = CARTESIAN_POINT('',(40.601593,18.837223,0.));
#15705 = DIRECTION('',(-0.382599148043,-0.923914439717,0.));
#15706 = DIRECTION('',(-0.923914439717,0.382599148043,0.));
#15707 = ADVANCED_FACE('',(#15708),#15726,.F.);
#15708 = FACE_BOUND('',#15709,.F.);
#15709 = EDGE_LOOP('',(#15710,#15711,#15719,#15725));
#15710 = ORIENTED_EDGE('',*,*,#15696,.T.);
#15711 = ORIENTED_EDGE('',*,*,#15712,.T.);
#15712 = EDGE_CURVE('',#15689,#15713,#15715,.T.);
#15713 = VERTEX_POINT('',#15714);
#15714 = CARTESIAN_POINT('',(40.553866,18.8691,1.7));
#15715 = LINE('',#15716,#15717);
#15716 = CARTESIAN_POINT('',(40.574542,18.848425,1.7));
#15717 = VECTOR('',#15718,1.);
#15718 = DIRECTION('',(-0.707123881093,0.707089680867,0.));
#15719 = ORIENTED_EDGE('',*,*,#15720,.F.);
#15720 = EDGE_CURVE('',#4633,#15713,#15721,.T.);
#15721 = LINE('',#15722,#15723);
#15722 = CARTESIAN_POINT('',(40.553866,18.8691,0.));
#15723 = VECTOR('',#15724,1.);
#15724 = DIRECTION('',(0.,0.,1.));
#15725 = ORIENTED_EDGE('',*,*,#4632,.F.);
#15726 = PLANE('',#15727);
#15727 = AXIS2_PLACEMENT_3D('',#15728,#15729,#15730);
#15728 = CARTESIAN_POINT('',(40.574542,18.848425,0.));
#15729 = DIRECTION('',(-0.707089680867,-0.707123881093,0.));
#15730 = DIRECTION('',(-0.707123881093,0.707089680867,0.));
#15731 = ADVANCED_FACE('',(#15732),#15750,.F.);
#15732 = FACE_BOUND('',#15733,.F.);
#15733 = EDGE_LOOP('',(#15734,#15735,#15743,#15749));
#15734 = ORIENTED_EDGE('',*,*,#15720,.T.);
#15735 = ORIENTED_EDGE('',*,*,#15736,.T.);
#15736 = EDGE_CURVE('',#15713,#15737,#15739,.T.);
#15737 = VERTEX_POINT('',#15738);
#15738 = CARTESIAN_POINT('',(40.542665,18.896151,1.7));
#15739 = LINE('',#15740,#15741);
#15740 = CARTESIAN_POINT('',(40.553866,18.8691,1.7));
#15741 = VECTOR('',#15742,1.);
#15742 = DIRECTION('',(-0.382569992546,0.923926512664,0.));
#15743 = ORIENTED_EDGE('',*,*,#15744,.F.);
#15744 = EDGE_CURVE('',#4641,#15737,#15745,.T.);
#15745 = LINE('',#15746,#15747);
#15746 = CARTESIAN_POINT('',(40.542665,18.896151,0.));
#15747 = VECTOR('',#15748,1.);
#15748 = DIRECTION('',(0.,0.,1.));
#15749 = ORIENTED_EDGE('',*,*,#4640,.F.);
#15750 = PLANE('',#15751);
#15751 = AXIS2_PLACEMENT_3D('',#15752,#15753,#15754);
#15752 = CARTESIAN_POINT('',(40.553866,18.8691,0.));
#15753 = DIRECTION('',(-0.923926512664,-0.382569992546,0.));
#15754 = DIRECTION('',(-0.382569992546,0.923926512664,0.));
#15755 = ADVANCED_FACE('',(#15756),#15774,.F.);
#15756 = FACE_BOUND('',#15757,.F.);
#15757 = EDGE_LOOP('',(#15758,#15759,#15767,#15773));
#15758 = ORIENTED_EDGE('',*,*,#15744,.T.);
#15759 = ORIENTED_EDGE('',*,*,#15760,.T.);
#15760 = EDGE_CURVE('',#15737,#15761,#15763,.T.);
#15761 = VERTEX_POINT('',#15762);
#15762 = CARTESIAN_POINT('',(40.541217,18.910782,1.7));
#15763 = LINE('',#15764,#15765);
#15764 = CARTESIAN_POINT('',(40.542665,18.896151,1.7));
#15765 = VECTOR('',#15766,1.);
#15766 = DIRECTION('',(-9.848679801056E-02,0.995138357525,0.));
#15767 = ORIENTED_EDGE('',*,*,#15768,.F.);
#15768 = EDGE_CURVE('',#4649,#15761,#15769,.T.);
#15769 = LINE('',#15770,#15771);
#15770 = CARTESIAN_POINT('',(40.541217,18.910782,0.));
#15771 = VECTOR('',#15772,1.);
#15772 = DIRECTION('',(0.,0.,1.));
#15773 = ORIENTED_EDGE('',*,*,#4648,.F.);
#15774 = PLANE('',#15775);
#15775 = AXIS2_PLACEMENT_3D('',#15776,#15777,#15778);
#15776 = CARTESIAN_POINT('',(40.542665,18.896151,0.));
#15777 = DIRECTION('',(-0.995138357525,-9.848679801056E-02,0.));
#15778 = DIRECTION('',(-9.848679801056E-02,0.995138357525,0.));
#15779 = ADVANCED_FACE('',(#15780),#15798,.F.);
#15780 = FACE_BOUND('',#15781,.F.);
#15781 = EDGE_LOOP('',(#15782,#15783,#15791,#15797));
#15782 = ORIENTED_EDGE('',*,*,#15768,.T.);
#15783 = ORIENTED_EDGE('',*,*,#15784,.T.);
#15784 = EDGE_CURVE('',#15761,#15785,#15787,.T.);
#15785 = VERTEX_POINT('',#15786);
#15786 = CARTESIAN_POINT('',(40.541217,33.010779,1.7));
#15787 = LINE('',#15788,#15789);
#15788 = CARTESIAN_POINT('',(40.541217,18.910782,1.7));
#15789 = VECTOR('',#15790,1.);
#15790 = DIRECTION('',(0.,1.,0.));
#15791 = ORIENTED_EDGE('',*,*,#15792,.F.);
#15792 = EDGE_CURVE('',#4657,#15785,#15793,.T.);
#15793 = LINE('',#15794,#15795);
#15794 = CARTESIAN_POINT('',(40.541217,33.010779,0.));
#15795 = VECTOR('',#15796,1.);
#15796 = DIRECTION('',(0.,0.,1.));
#15797 = ORIENTED_EDGE('',*,*,#4656,.F.);
#15798 = PLANE('',#15799);
#15799 = AXIS2_PLACEMENT_3D('',#15800,#15801,#15802);
#15800 = CARTESIAN_POINT('',(40.541217,18.910782,0.));
#15801 = DIRECTION('',(-1.,0.,0.));
#15802 = DIRECTION('',(0.,1.,0.));
#15803 = ADVANCED_FACE('',(#15804),#15822,.F.);
#15804 = FACE_BOUND('',#15805,.F.);
#15805 = EDGE_LOOP('',(#15806,#15807,#15815,#15821));
#15806 = ORIENTED_EDGE('',*,*,#15792,.T.);
#15807 = ORIENTED_EDGE('',*,*,#15808,.T.);
#15808 = EDGE_CURVE('',#15785,#15809,#15811,.T.);
#15809 = VERTEX_POINT('',#15810);
#15810 = CARTESIAN_POINT('',(40.542665,33.025409,1.7));
#15811 = LINE('',#15812,#15813);
#15812 = CARTESIAN_POINT('',(40.541217,33.010779,1.7));
#15813 = VECTOR('',#15814,1.);
#15814 = DIRECTION('',(9.849346454599E-02,0.995137697729,0.));
#15815 = ORIENTED_EDGE('',*,*,#15816,.F.);
#15816 = EDGE_CURVE('',#4665,#15809,#15817,.T.);
#15817 = LINE('',#15818,#15819);
#15818 = CARTESIAN_POINT('',(40.542665,33.025409,0.));
#15819 = VECTOR('',#15820,1.);
#15820 = DIRECTION('',(0.,0.,1.));
#15821 = ORIENTED_EDGE('',*,*,#4664,.F.);
#15822 = PLANE('',#15823);
#15823 = AXIS2_PLACEMENT_3D('',#15824,#15825,#15826);
#15824 = CARTESIAN_POINT('',(40.541217,33.010779,0.));
#15825 = DIRECTION('',(-0.995137697729,9.849346454599E-02,0.));
#15826 = DIRECTION('',(9.849346454599E-02,0.995137697729,0.));
#15827 = ADVANCED_FACE('',(#15828),#15846,.F.);
#15828 = FACE_BOUND('',#15829,.F.);
#15829 = EDGE_LOOP('',(#15830,#15831,#15839,#15845));
#15830 = ORIENTED_EDGE('',*,*,#15816,.T.);
#15831 = ORIENTED_EDGE('',*,*,#15832,.T.);
#15832 = EDGE_CURVE('',#15809,#15833,#15835,.T.);
#15833 = VERTEX_POINT('',#15834);
#15834 = CARTESIAN_POINT('',(40.553866,33.05246,1.7));
#15835 = LINE('',#15836,#15837);
#15836 = CARTESIAN_POINT('',(40.542665,33.025409,1.7));
#15837 = VECTOR('',#15838,1.);
#15838 = DIRECTION('',(0.382569992546,0.923926512664,0.));
#15839 = ORIENTED_EDGE('',*,*,#15840,.F.);
#15840 = EDGE_CURVE('',#4673,#15833,#15841,.T.);
#15841 = LINE('',#15842,#15843);
#15842 = CARTESIAN_POINT('',(40.553866,33.05246,0.));
#15843 = VECTOR('',#15844,1.);
#15844 = DIRECTION('',(0.,0.,1.));
#15845 = ORIENTED_EDGE('',*,*,#4672,.F.);
#15846 = PLANE('',#15847);
#15847 = AXIS2_PLACEMENT_3D('',#15848,#15849,#15850);
#15848 = CARTESIAN_POINT('',(40.542665,33.025409,0.));
#15849 = DIRECTION('',(-0.923926512664,0.382569992546,0.));
#15850 = DIRECTION('',(0.382569992546,0.923926512664,0.));
#15851 = ADVANCED_FACE('',(#15852),#15870,.F.);
#15852 = FACE_BOUND('',#15853,.F.);
#15853 = EDGE_LOOP('',(#15854,#15855,#15863,#15869));
#15854 = ORIENTED_EDGE('',*,*,#15840,.T.);
#15855 = ORIENTED_EDGE('',*,*,#15856,.T.);
#15856 = EDGE_CURVE('',#15833,#15857,#15859,.T.);
#15857 = VERTEX_POINT('',#15858);
#15858 = CARTESIAN_POINT('',(40.574542,33.073136,1.7));
#15859 = LINE('',#15860,#15861);
#15860 = CARTESIAN_POINT('',(40.553866,33.05246,1.7));
#15861 = VECTOR('',#15862,1.);
#15862 = DIRECTION('',(0.707106781187,0.707106781186,0.));
#15863 = ORIENTED_EDGE('',*,*,#15864,.F.);
#15864 = EDGE_CURVE('',#4681,#15857,#15865,.T.);
#15865 = LINE('',#15866,#15867);
#15866 = CARTESIAN_POINT('',(40.574542,33.073136,0.));
#15867 = VECTOR('',#15868,1.);
#15868 = DIRECTION('',(0.,0.,1.));
#15869 = ORIENTED_EDGE('',*,*,#4680,.F.);
#15870 = PLANE('',#15871);
#15871 = AXIS2_PLACEMENT_3D('',#15872,#15873,#15874);
#15872 = CARTESIAN_POINT('',(40.553866,33.05246,0.));
#15873 = DIRECTION('',(-0.707106781186,0.707106781187,0.));
#15874 = DIRECTION('',(0.707106781187,0.707106781186,0.));
#15875 = ADVANCED_FACE('',(#15876),#15894,.F.);
#15876 = FACE_BOUND('',#15877,.F.);
#15877 = EDGE_LOOP('',(#15878,#15879,#15887,#15893));
#15878 = ORIENTED_EDGE('',*,*,#15864,.T.);
#15879 = ORIENTED_EDGE('',*,*,#15880,.T.);
#15880 = EDGE_CURVE('',#15857,#15881,#15883,.T.);
#15881 = VERTEX_POINT('',#15882);
#15882 = CARTESIAN_POINT('',(40.601593,33.084337,1.7));
#15883 = LINE('',#15884,#15885);
#15884 = CARTESIAN_POINT('',(40.574542,33.073136,1.7));
#15885 = VECTOR('',#15886,1.);
#15886 = DIRECTION('',(0.923926512664,0.382569992546,0.));
#15887 = ORIENTED_EDGE('',*,*,#15888,.F.);
#15888 = EDGE_CURVE('',#4689,#15881,#15889,.T.);
#15889 = LINE('',#15890,#15891);
#15890 = CARTESIAN_POINT('',(40.601593,33.084337,0.));
#15891 = VECTOR('',#15892,1.);
#15892 = DIRECTION('',(0.,0.,1.));
#15893 = ORIENTED_EDGE('',*,*,#4688,.F.);
#15894 = PLANE('',#15895);
#15895 = AXIS2_PLACEMENT_3D('',#15896,#15897,#15898);
#15896 = CARTESIAN_POINT('',(40.574542,33.073136,0.));
#15897 = DIRECTION('',(-0.382569992546,0.923926512664,0.));
#15898 = DIRECTION('',(0.923926512664,0.382569992546,0.));
#15899 = ADVANCED_FACE('',(#15900),#15918,.F.);
#15900 = FACE_BOUND('',#15901,.F.);
#15901 = EDGE_LOOP('',(#15902,#15903,#15911,#15917));
#15902 = ORIENTED_EDGE('',*,*,#15888,.T.);
#15903 = ORIENTED_EDGE('',*,*,#15904,.T.);
#15904 = EDGE_CURVE('',#15881,#15905,#15907,.T.);
#15905 = VERTEX_POINT('',#15906);
#15906 = CARTESIAN_POINT('',(40.616223,33.085785,1.7));
#15907 = LINE('',#15908,#15909);
#15908 = CARTESIAN_POINT('',(40.601593,33.084337,1.7));
#15909 = VECTOR('',#15910,1.);
#15910 = DIRECTION('',(0.995137697729,9.849346454652E-02,0.));
#15911 = ORIENTED_EDGE('',*,*,#15912,.F.);
#15912 = EDGE_CURVE('',#4697,#15905,#15913,.T.);
#15913 = LINE('',#15914,#15915);
#15914 = CARTESIAN_POINT('',(40.616223,33.085785,0.));
#15915 = VECTOR('',#15916,1.);
#15916 = DIRECTION('',(0.,0.,1.));
#15917 = ORIENTED_EDGE('',*,*,#4696,.F.);
#15918 = PLANE('',#15919);
#15919 = AXIS2_PLACEMENT_3D('',#15920,#15921,#15922);
#15920 = CARTESIAN_POINT('',(40.601593,33.084337,0.));
#15921 = DIRECTION('',(-9.849346454652E-02,0.995137697729,0.));
#15922 = DIRECTION('',(0.995137697729,9.849346454652E-02,0.));
#15923 = ADVANCED_FACE('',(#15924),#15942,.F.);
#15924 = FACE_BOUND('',#15925,.F.);
#15925 = EDGE_LOOP('',(#15926,#15927,#15935,#15941));
#15926 = ORIENTED_EDGE('',*,*,#15912,.T.);
#15927 = ORIENTED_EDGE('',*,*,#15928,.T.);
#15928 = EDGE_CURVE('',#15905,#15929,#15931,.T.);
#15929 = VERTEX_POINT('',#15930);
#15930 = CARTESIAN_POINT('',(54.71622,33.085785,1.7));
#15931 = LINE('',#15932,#15933);
#15932 = CARTESIAN_POINT('',(40.616223,33.085785,1.7));
#15933 = VECTOR('',#15934,1.);
#15934 = DIRECTION('',(1.,0.,0.));
#15935 = ORIENTED_EDGE('',*,*,#15936,.F.);
#15936 = EDGE_CURVE('',#4705,#15929,#15937,.T.);
#15937 = LINE('',#15938,#15939);
#15938 = CARTESIAN_POINT('',(54.71622,33.085785,0.));
#15939 = VECTOR('',#15940,1.);
#15940 = DIRECTION('',(0.,0.,1.));
#15941 = ORIENTED_EDGE('',*,*,#4704,.F.);
#15942 = PLANE('',#15943);
#15943 = AXIS2_PLACEMENT_3D('',#15944,#15945,#15946);
#15944 = CARTESIAN_POINT('',(40.616223,33.085785,0.));
#15945 = DIRECTION('',(0.,1.,0.));
#15946 = DIRECTION('',(1.,0.,0.));
#15947 = ADVANCED_FACE('',(#15948),#15959,.F.);
#15948 = FACE_BOUND('',#15949,.F.);
#15949 = EDGE_LOOP('',(#15950,#15951,#15957,#15958));
#15950 = ORIENTED_EDGE('',*,*,#15936,.T.);
#15951 = ORIENTED_EDGE('',*,*,#15952,.T.);
#15952 = EDGE_CURVE('',#15929,#15393,#15953,.T.);
#15953 = LINE('',#15954,#15955);
#15954 = CARTESIAN_POINT('',(54.71622,33.085785,1.7));
#15955 = VECTOR('',#15956,1.);
#15956 = DIRECTION('',(0.995138357525,-9.848679801104E-02,0.));
#15957 = ORIENTED_EDGE('',*,*,#15392,.F.);
#15958 = ORIENTED_EDGE('',*,*,#4712,.F.);
#15959 = PLANE('',#15960);
#15960 = AXIS2_PLACEMENT_3D('',#15961,#15962,#15963);
#15961 = CARTESIAN_POINT('',(54.71622,33.085785,0.));
#15962 = DIRECTION('',(9.848679801104E-02,0.995138357525,0.));
#15963 = DIRECTION('',(0.995138357525,-9.848679801104E-02,0.));
#15964 = ADVANCED_FACE('',(#15965),#15990,.F.);
#15965 = FACE_BOUND('',#15966,.F.);
#15966 = EDGE_LOOP('',(#15967,#15975,#15983,#15989));
#15967 = ORIENTED_EDGE('',*,*,#15968,.T.);
#15968 = EDGE_CURVE('',#4721,#15969,#15971,.T.);
#15969 = VERTEX_POINT('',#15970);
#15970 = CARTESIAN_POINT('',(35.680851,33.084337,1.7));
#15971 = LINE('',#15972,#15973);
#15972 = CARTESIAN_POINT('',(35.680851,33.084337,0.));
#15973 = VECTOR('',#15974,1.);
#15974 = DIRECTION('',(0.,0.,1.));
#15975 = ORIENTED_EDGE('',*,*,#15976,.T.);
#15976 = EDGE_CURVE('',#15969,#15977,#15979,.T.);
#15977 = VERTEX_POINT('',#15978);
#15978 = CARTESIAN_POINT('',(35.707902,33.073136,1.7));
#15979 = LINE('',#15980,#15981);
#15980 = CARTESIAN_POINT('',(35.680851,33.084337,1.7));
#15981 = VECTOR('',#15982,1.);
#15982 = DIRECTION('',(0.923926512664,-0.382569992546,0.));
#15983 = ORIENTED_EDGE('',*,*,#15984,.F.);
#15984 = EDGE_CURVE('',#4723,#15977,#15985,.T.);
#15985 = LINE('',#15986,#15987);
#15986 = CARTESIAN_POINT('',(35.707902,33.073136,0.));
#15987 = VECTOR('',#15988,1.);
#15988 = DIRECTION('',(0.,0.,1.));
#15989 = ORIENTED_EDGE('',*,*,#4720,.F.);
#15990 = PLANE('',#15991);
#15991 = AXIS2_PLACEMENT_3D('',#15992,#15993,#15994);
#15992 = CARTESIAN_POINT('',(35.680851,33.084337,0.));
#15993 = DIRECTION('',(0.382569992546,0.923926512664,0.));
#15994 = DIRECTION('',(0.923926512664,-0.382569992546,0.));
#15995 = ADVANCED_FACE('',(#15996),#16014,.F.);
#15996 = FACE_BOUND('',#15997,.F.);
#15997 = EDGE_LOOP('',(#15998,#15999,#16007,#16013));
#15998 = ORIENTED_EDGE('',*,*,#15984,.T.);
#15999 = ORIENTED_EDGE('',*,*,#16000,.T.);
#16000 = EDGE_CURVE('',#15977,#16001,#16003,.T.);
#16001 = VERTEX_POINT('',#16002);
#16002 = CARTESIAN_POINT('',(35.728577,33.05246,1.7));
#16003 = LINE('',#16004,#16005);
#16004 = CARTESIAN_POINT('',(35.707902,33.073136,1.7));
#16005 = VECTOR('',#16006,1.);
#16006 = DIRECTION('',(0.707089680867,-0.707123881093,0.));
#16007 = ORIENTED_EDGE('',*,*,#16008,.F.);
#16008 = EDGE_CURVE('',#4731,#16001,#16009,.T.);
#16009 = LINE('',#16010,#16011);
#16010 = CARTESIAN_POINT('',(35.728577,33.05246,0.));
#16011 = VECTOR('',#16012,1.);
#16012 = DIRECTION('',(0.,0.,1.));
#16013 = ORIENTED_EDGE('',*,*,#4730,.F.);
#16014 = PLANE('',#16015);
#16015 = AXIS2_PLACEMENT_3D('',#16016,#16017,#16018);
#16016 = CARTESIAN_POINT('',(35.707902,33.073136,0.));
#16017 = DIRECTION('',(0.707123881093,0.707089680867,0.));
#16018 = DIRECTION('',(0.707089680867,-0.707123881093,0.));
#16019 = ADVANCED_FACE('',(#16020),#16038,.F.);
#16020 = FACE_BOUND('',#16021,.F.);
#16021 = EDGE_LOOP('',(#16022,#16023,#16031,#16037));
#16022 = ORIENTED_EDGE('',*,*,#16008,.T.);
#16023 = ORIENTED_EDGE('',*,*,#16024,.T.);
#16024 = EDGE_CURVE('',#16001,#16025,#16027,.T.);
#16025 = VERTEX_POINT('',#16026);
#16026 = CARTESIAN_POINT('',(35.739779,33.025409,1.7));
#16027 = LINE('',#16028,#16029);
#16028 = CARTESIAN_POINT('',(35.728577,33.05246,1.7));
#16029 = VECTOR('',#16030,1.);
#16030 = DIRECTION('',(0.382599148043,-0.923914439717,0.));
#16031 = ORIENTED_EDGE('',*,*,#16032,.F.);
#16032 = EDGE_CURVE('',#4739,#16025,#16033,.T.);
#16033 = LINE('',#16034,#16035);
#16034 = CARTESIAN_POINT('',(35.739779,33.025409,0.));
#16035 = VECTOR('',#16036,1.);
#16036 = DIRECTION('',(0.,0.,1.));
#16037 = ORIENTED_EDGE('',*,*,#4738,.F.);
#16038 = PLANE('',#16039);
#16039 = AXIS2_PLACEMENT_3D('',#16040,#16041,#16042);
#16040 = CARTESIAN_POINT('',(35.728577,33.05246,0.));
#16041 = DIRECTION('',(0.923914439717,0.382599148043,0.));
#16042 = DIRECTION('',(0.382599148043,-0.923914439717,0.));
#16043 = ADVANCED_FACE('',(#16044),#16062,.F.);
#16044 = FACE_BOUND('',#16045,.F.);
#16045 = EDGE_LOOP('',(#16046,#16047,#16055,#16061));
#16046 = ORIENTED_EDGE('',*,*,#16032,.T.);
#16047 = ORIENTED_EDGE('',*,*,#16048,.T.);
#16048 = EDGE_CURVE('',#16025,#16049,#16051,.T.);
#16049 = VERTEX_POINT('',#16050);
#16050 = CARTESIAN_POINT('',(35.741226,33.010779,1.7));
#16051 = LINE('',#16052,#16053);
#16052 = CARTESIAN_POINT('',(35.739779,33.025409,1.7));
#16053 = VECTOR('',#16054,1.);
#16054 = DIRECTION('',(9.842610338379E-02,-0.995144362478,0.));
#16055 = ORIENTED_EDGE('',*,*,#16056,.F.);
#16056 = EDGE_CURVE('',#4747,#16049,#16057,.T.);
#16057 = LINE('',#16058,#16059);
#16058 = CARTESIAN_POINT('',(35.741226,33.010779,0.));
#16059 = VECTOR('',#16060,1.);
#16060 = DIRECTION('',(0.,0.,1.));
#16061 = ORIENTED_EDGE('',*,*,#4746,.F.);
#16062 = PLANE('',#16063);
#16063 = AXIS2_PLACEMENT_3D('',#16064,#16065,#16066);
#16064 = CARTESIAN_POINT('',(35.739779,33.025409,0.));
#16065 = DIRECTION('',(0.995144362478,9.842610338379E-02,0.));
#16066 = DIRECTION('',(9.842610338379E-02,-0.995144362478,0.));
#16067 = ADVANCED_FACE('',(#16068),#16086,.F.);
#16068 = FACE_BOUND('',#16069,.F.);
#16069 = EDGE_LOOP('',(#16070,#16071,#16079,#16085));
#16070 = ORIENTED_EDGE('',*,*,#16056,.T.);
#16071 = ORIENTED_EDGE('',*,*,#16072,.T.);
#16072 = EDGE_CURVE('',#16049,#16073,#16075,.T.);
#16073 = VERTEX_POINT('',#16074);
#16074 = CARTESIAN_POINT('',(35.741226,18.910782,1.7));
#16075 = LINE('',#16076,#16077);
#16076 = CARTESIAN_POINT('',(35.741226,33.010779,1.7));
#16077 = VECTOR('',#16078,1.);
#16078 = DIRECTION('',(0.,-1.,0.));
#16079 = ORIENTED_EDGE('',*,*,#16080,.F.);
#16080 = EDGE_CURVE('',#4755,#16073,#16081,.T.);
#16081 = LINE('',#16082,#16083);
#16082 = CARTESIAN_POINT('',(35.741226,18.910782,0.));
#16083 = VECTOR('',#16084,1.);
#16084 = DIRECTION('',(0.,0.,1.));
#16085 = ORIENTED_EDGE('',*,*,#4754,.F.);
#16086 = PLANE('',#16087);
#16087 = AXIS2_PLACEMENT_3D('',#16088,#16089,#16090);
#16088 = CARTESIAN_POINT('',(35.741226,33.010779,0.));
#16089 = DIRECTION('',(1.,0.,0.));
#16090 = DIRECTION('',(0.,-1.,0.));
#16091 = ADVANCED_FACE('',(#16092),#16110,.F.);
#16092 = FACE_BOUND('',#16093,.F.);
#16093 = EDGE_LOOP('',(#16094,#16095,#16103,#16109));
#16094 = ORIENTED_EDGE('',*,*,#16080,.T.);
#16095 = ORIENTED_EDGE('',*,*,#16096,.T.);
#16096 = EDGE_CURVE('',#16073,#16097,#16099,.T.);
#16097 = VERTEX_POINT('',#16098);
#16098 = CARTESIAN_POINT('',(35.739779,18.896151,1.7));
#16099 = LINE('',#16100,#16101);
#16100 = CARTESIAN_POINT('',(35.741226,18.910782,1.7));
#16101 = VECTOR('',#16102,1.);
#16102 = DIRECTION('',(-9.841944131848E-02,-0.995145021377,0.));
#16103 = ORIENTED_EDGE('',*,*,#16104,.F.);
#16104 = EDGE_CURVE('',#4763,#16097,#16105,.T.);
#16105 = LINE('',#16106,#16107);
#16106 = CARTESIAN_POINT('',(35.739779,18.896151,0.));
#16107 = VECTOR('',#16108,1.);
#16108 = DIRECTION('',(0.,0.,1.));
#16109 = ORIENTED_EDGE('',*,*,#4762,.F.);
#16110 = PLANE('',#16111);
#16111 = AXIS2_PLACEMENT_3D('',#16112,#16113,#16114);
#16112 = CARTESIAN_POINT('',(35.741226,18.910782,0.));
#16113 = DIRECTION('',(0.995145021377,-9.841944131848E-02,0.));
#16114 = DIRECTION('',(-9.841944131848E-02,-0.995145021377,0.));
#16115 = ADVANCED_FACE('',(#16116),#16134,.F.);
#16116 = FACE_BOUND('',#16117,.F.);
#16117 = EDGE_LOOP('',(#16118,#16119,#16127,#16133));
#16118 = ORIENTED_EDGE('',*,*,#16104,.T.);
#16119 = ORIENTED_EDGE('',*,*,#16120,.T.);
#16120 = EDGE_CURVE('',#16097,#16121,#16123,.T.);
#16121 = VERTEX_POINT('',#16122);
#16122 = CARTESIAN_POINT('',(35.728577,18.8691,1.7));
#16123 = LINE('',#16124,#16125);
#16124 = CARTESIAN_POINT('',(35.739779,18.896151,1.7));
#16125 = VECTOR('',#16126,1.);
#16126 = DIRECTION('',(-0.382599148043,-0.923914439717,0.));
#16127 = ORIENTED_EDGE('',*,*,#16128,.F.);
#16128 = EDGE_CURVE('',#4771,#16121,#16129,.T.);
#16129 = LINE('',#16130,#16131);
#16130 = CARTESIAN_POINT('',(35.728577,18.8691,0.));
#16131 = VECTOR('',#16132,1.);
#16132 = DIRECTION('',(0.,0.,1.));
#16133 = ORIENTED_EDGE('',*,*,#4770,.F.);
#16134 = PLANE('',#16135);
#16135 = AXIS2_PLACEMENT_3D('',#16136,#16137,#16138);
#16136 = CARTESIAN_POINT('',(35.739779,18.896151,0.));
#16137 = DIRECTION('',(0.923914439717,-0.382599148043,0.));
#16138 = DIRECTION('',(-0.382599148043,-0.923914439717,0.));
#16139 = ADVANCED_FACE('',(#16140),#16158,.F.);
#16140 = FACE_BOUND('',#16141,.F.);
#16141 = EDGE_LOOP('',(#16142,#16143,#16151,#16157));
#16142 = ORIENTED_EDGE('',*,*,#16128,.T.);
#16143 = ORIENTED_EDGE('',*,*,#16144,.T.);
#16144 = EDGE_CURVE('',#16121,#16145,#16147,.T.);
#16145 = VERTEX_POINT('',#16146);
#16146 = CARTESIAN_POINT('',(35.707902,18.848425,1.7));
#16147 = LINE('',#16148,#16149);
#16148 = CARTESIAN_POINT('',(35.728577,18.8691,1.7));
#16149 = VECTOR('',#16150,1.);
#16150 = DIRECTION('',(-0.707106781187,-0.707106781186,0.));
#16151 = ORIENTED_EDGE('',*,*,#16152,.F.);
#16152 = EDGE_CURVE('',#4779,#16145,#16153,.T.);
#16153 = LINE('',#16154,#16155);
#16154 = CARTESIAN_POINT('',(35.707902,18.848425,0.));
#16155 = VECTOR('',#16156,1.);
#16156 = DIRECTION('',(0.,0.,1.));
#16157 = ORIENTED_EDGE('',*,*,#4778,.F.);
#16158 = PLANE('',#16159);
#16159 = AXIS2_PLACEMENT_3D('',#16160,#16161,#16162);
#16160 = CARTESIAN_POINT('',(35.728577,18.8691,0.));
#16161 = DIRECTION('',(0.707106781186,-0.707106781187,0.));
#16162 = DIRECTION('',(-0.707106781187,-0.707106781186,0.));
#16163 = ADVANCED_FACE('',(#16164),#16182,.F.);
#16164 = FACE_BOUND('',#16165,.F.);
#16165 = EDGE_LOOP('',(#16166,#16167,#16175,#16181));
#16166 = ORIENTED_EDGE('',*,*,#16152,.T.);
#16167 = ORIENTED_EDGE('',*,*,#16168,.T.);
#16168 = EDGE_CURVE('',#16145,#16169,#16171,.T.);
#16169 = VERTEX_POINT('',#16170);
#16170 = CARTESIAN_POINT('',(35.680851,18.837223,1.7));
#16171 = LINE('',#16172,#16173);
#16172 = CARTESIAN_POINT('',(35.707902,18.848425,1.7));
#16173 = VECTOR('',#16174,1.);
#16174 = DIRECTION('',(-0.923914439717,-0.382599148043,0.));
#16175 = ORIENTED_EDGE('',*,*,#16176,.F.);
#16176 = EDGE_CURVE('',#4787,#16169,#16177,.T.);
#16177 = LINE('',#16178,#16179);
#16178 = CARTESIAN_POINT('',(35.680851,18.837223,0.));
#16179 = VECTOR('',#16180,1.);
#16180 = DIRECTION('',(0.,0.,1.));
#16181 = ORIENTED_EDGE('',*,*,#4786,.F.);
#16182 = PLANE('',#16183);
#16183 = AXIS2_PLACEMENT_3D('',#16184,#16185,#16186);
#16184 = CARTESIAN_POINT('',(35.707902,18.848425,0.));
#16185 = DIRECTION('',(0.382599148043,-0.923914439717,0.));
#16186 = DIRECTION('',(-0.923914439717,-0.382599148043,0.));
#16187 = ADVANCED_FACE('',(#16188),#16206,.F.);
#16188 = FACE_BOUND('',#16189,.F.);
#16189 = EDGE_LOOP('',(#16190,#16191,#16199,#16205));
#16190 = ORIENTED_EDGE('',*,*,#16176,.T.);
#16191 = ORIENTED_EDGE('',*,*,#16192,.T.);
#16192 = EDGE_CURVE('',#16169,#16193,#16195,.T.);
#16193 = VERTEX_POINT('',#16194);
#16194 = CARTESIAN_POINT('',(35.66622,18.835776,1.7));
#16195 = LINE('',#16196,#16197);
#16196 = CARTESIAN_POINT('',(35.680851,18.837223,1.7));
#16197 = VECTOR('',#16198,1.);
#16198 = DIRECTION('',(-0.995145021377,-9.841944131876E-02,0.));
#16199 = ORIENTED_EDGE('',*,*,#16200,.F.);
#16200 = EDGE_CURVE('',#4795,#16193,#16201,.T.);
#16201 = LINE('',#16202,#16203);
#16202 = CARTESIAN_POINT('',(35.66622,18.835776,0.));
#16203 = VECTOR('',#16204,1.);
#16204 = DIRECTION('',(0.,0.,1.));
#16205 = ORIENTED_EDGE('',*,*,#4794,.F.);
#16206 = PLANE('',#16207);
#16207 = AXIS2_PLACEMENT_3D('',#16208,#16209,#16210);
#16208 = CARTESIAN_POINT('',(35.680851,18.837223,0.));
#16209 = DIRECTION('',(9.841944131876E-02,-0.995145021377,0.));
#16210 = DIRECTION('',(-0.995145021377,-9.841944131876E-02,0.));
#16211 = ADVANCED_FACE('',(#16212),#16230,.F.);
#16212 = FACE_BOUND('',#16213,.F.);
#16213 = EDGE_LOOP('',(#16214,#16215,#16223,#16229));
#16214 = ORIENTED_EDGE('',*,*,#16200,.T.);
#16215 = ORIENTED_EDGE('',*,*,#16216,.T.);
#16216 = EDGE_CURVE('',#16193,#16217,#16219,.T.);
#16217 = VERTEX_POINT('',#16218);
#16218 = CARTESIAN_POINT('',(21.566223,18.835776,1.7));
#16219 = LINE('',#16220,#16221);
#16220 = CARTESIAN_POINT('',(35.66622,18.835776,1.7));
#16221 = VECTOR('',#16222,1.);
#16222 = DIRECTION('',(-1.,0.,0.));
#16223 = ORIENTED_EDGE('',*,*,#16224,.F.);
#16224 = EDGE_CURVE('',#4803,#16217,#16225,.T.);
#16225 = LINE('',#16226,#16227);
#16226 = CARTESIAN_POINT('',(21.566223,18.835776,0.));
#16227 = VECTOR('',#16228,1.);
#16228 = DIRECTION('',(0.,0.,1.));
#16229 = ORIENTED_EDGE('',*,*,#4802,.F.);
#16230 = PLANE('',#16231);
#16231 = AXIS2_PLACEMENT_3D('',#16232,#16233,#16234);
#16232 = CARTESIAN_POINT('',(35.66622,18.835776,0.));
#16233 = DIRECTION('',(0.,-1.,0.));
#16234 = DIRECTION('',(-1.,0.,0.));
#16235 = ADVANCED_FACE('',(#16236),#16254,.F.);
#16236 = FACE_BOUND('',#16237,.F.);
#16237 = EDGE_LOOP('',(#16238,#16239,#16247,#16253));
#16238 = ORIENTED_EDGE('',*,*,#16224,.T.);
#16239 = ORIENTED_EDGE('',*,*,#16240,.T.);
#16240 = EDGE_CURVE('',#16217,#16241,#16243,.T.);
#16241 = VERTEX_POINT('',#16242);
#16242 = CARTESIAN_POINT('',(21.551593,18.837223,1.7));
#16243 = LINE('',#16244,#16245);
#16244 = CARTESIAN_POINT('',(21.566223,18.835776,1.7));
#16245 = VECTOR('',#16246,1.);
#16246 = DIRECTION('',(-0.995144362478,9.842610338405E-02,0.));
#16247 = ORIENTED_EDGE('',*,*,#16248,.F.);
#16248 = EDGE_CURVE('',#4811,#16241,#16249,.T.);
#16249 = LINE('',#16250,#16251);
#16250 = CARTESIAN_POINT('',(21.551593,18.837223,0.));
#16251 = VECTOR('',#16252,1.);
#16252 = DIRECTION('',(0.,0.,1.));
#16253 = ORIENTED_EDGE('',*,*,#4810,.F.);
#16254 = PLANE('',#16255);
#16255 = AXIS2_PLACEMENT_3D('',#16256,#16257,#16258);
#16256 = CARTESIAN_POINT('',(21.566223,18.835776,0.));
#16257 = DIRECTION('',(-9.842610338405E-02,-0.995144362478,0.));
#16258 = DIRECTION('',(-0.995144362478,9.842610338405E-02,0.));
#16259 = ADVANCED_FACE('',(#16260),#16278,.F.);
#16260 = FACE_BOUND('',#16261,.F.);
#16261 = EDGE_LOOP('',(#16262,#16263,#16271,#16277));
#16262 = ORIENTED_EDGE('',*,*,#16248,.T.);
#16263 = ORIENTED_EDGE('',*,*,#16264,.T.);
#16264 = EDGE_CURVE('',#16241,#16265,#16267,.T.);
#16265 = VERTEX_POINT('',#16266);
#16266 = CARTESIAN_POINT('',(21.524542,18.848425,1.7));
#16267 = LINE('',#16268,#16269);
#16268 = CARTESIAN_POINT('',(21.551593,18.837223,1.7));
#16269 = VECTOR('',#16270,1.);
#16270 = DIRECTION('',(-0.923914439717,0.382599148043,0.));
#16271 = ORIENTED_EDGE('',*,*,#16272,.F.);
#16272 = EDGE_CURVE('',#4819,#16265,#16273,.T.);
#16273 = LINE('',#16274,#16275);
#16274 = CARTESIAN_POINT('',(21.524542,18.848425,0.));
#16275 = VECTOR('',#16276,1.);
#16276 = DIRECTION('',(0.,0.,1.));
#16277 = ORIENTED_EDGE('',*,*,#4818,.F.);
#16278 = PLANE('',#16279);
#16279 = AXIS2_PLACEMENT_3D('',#16280,#16281,#16282);
#16280 = CARTESIAN_POINT('',(21.551593,18.837223,0.));
#16281 = DIRECTION('',(-0.382599148043,-0.923914439717,0.));
#16282 = DIRECTION('',(-0.923914439717,0.382599148043,0.));
#16283 = ADVANCED_FACE('',(#16284),#16302,.F.);
#16284 = FACE_BOUND('',#16285,.F.);
#16285 = EDGE_LOOP('',(#16286,#16287,#16295,#16301));
#16286 = ORIENTED_EDGE('',*,*,#16272,.T.);
#16287 = ORIENTED_EDGE('',*,*,#16288,.T.);
#16288 = EDGE_CURVE('',#16265,#16289,#16291,.T.);
#16289 = VERTEX_POINT('',#16290);
#16290 = CARTESIAN_POINT('',(21.503866,18.8691,1.7));
#16291 = LINE('',#16292,#16293);
#16292 = CARTESIAN_POINT('',(21.524542,18.848425,1.7));
#16293 = VECTOR('',#16294,1.);
#16294 = DIRECTION('',(-0.707123881093,0.707089680867,0.));
#16295 = ORIENTED_EDGE('',*,*,#16296,.F.);
#16296 = EDGE_CURVE('',#4827,#16289,#16297,.T.);
#16297 = LINE('',#16298,#16299);
#16298 = CARTESIAN_POINT('',(21.503866,18.8691,0.));
#16299 = VECTOR('',#16300,1.);
#16300 = DIRECTION('',(0.,0.,1.));
#16301 = ORIENTED_EDGE('',*,*,#4826,.F.);
#16302 = PLANE('',#16303);
#16303 = AXIS2_PLACEMENT_3D('',#16304,#16305,#16306);
#16304 = CARTESIAN_POINT('',(21.524542,18.848425,0.));
#16305 = DIRECTION('',(-0.707089680867,-0.707123881093,0.));
#16306 = DIRECTION('',(-0.707123881093,0.707089680867,0.));
#16307 = ADVANCED_FACE('',(#16308),#16326,.F.);
#16308 = FACE_BOUND('',#16309,.F.);
#16309 = EDGE_LOOP('',(#16310,#16311,#16319,#16325));
#16310 = ORIENTED_EDGE('',*,*,#16296,.T.);
#16311 = ORIENTED_EDGE('',*,*,#16312,.T.);
#16312 = EDGE_CURVE('',#16289,#16313,#16315,.T.);
#16313 = VERTEX_POINT('',#16314);
#16314 = CARTESIAN_POINT('',(21.492665,18.896151,1.7));
#16315 = LINE('',#16316,#16317);
#16316 = CARTESIAN_POINT('',(21.503866,18.8691,1.7));
#16317 = VECTOR('',#16318,1.);
#16318 = DIRECTION('',(-0.382569992546,0.923926512664,0.));
#16319 = ORIENTED_EDGE('',*,*,#16320,.F.);
#16320 = EDGE_CURVE('',#4835,#16313,#16321,.T.);
#16321 = LINE('',#16322,#16323);
#16322 = CARTESIAN_POINT('',(21.492665,18.896151,0.));
#16323 = VECTOR('',#16324,1.);
#16324 = DIRECTION('',(0.,0.,1.));
#16325 = ORIENTED_EDGE('',*,*,#4834,.F.);
#16326 = PLANE('',#16327);
#16327 = AXIS2_PLACEMENT_3D('',#16328,#16329,#16330);
#16328 = CARTESIAN_POINT('',(21.503866,18.8691,0.));
#16329 = DIRECTION('',(-0.923926512664,-0.382569992546,0.));
#16330 = DIRECTION('',(-0.382569992546,0.923926512664,0.));
#16331 = ADVANCED_FACE('',(#16332),#16350,.F.);
#16332 = FACE_BOUND('',#16333,.F.);
#16333 = EDGE_LOOP('',(#16334,#16335,#16343,#16349));
#16334 = ORIENTED_EDGE('',*,*,#16320,.T.);
#16335 = ORIENTED_EDGE('',*,*,#16336,.T.);
#16336 = EDGE_CURVE('',#16313,#16337,#16339,.T.);
#16337 = VERTEX_POINT('',#16338);
#16338 = CARTESIAN_POINT('',(21.491217,18.910782,1.7));
#16339 = LINE('',#16340,#16341);
#16340 = CARTESIAN_POINT('',(21.492665,18.896151,1.7));
#16341 = VECTOR('',#16342,1.);
#16342 = DIRECTION('',(-9.84867980108E-02,0.995138357525,0.));
#16343 = ORIENTED_EDGE('',*,*,#16344,.F.);
#16344 = EDGE_CURVE('',#4843,#16337,#16345,.T.);
#16345 = LINE('',#16346,#16347);
#16346 = CARTESIAN_POINT('',(21.491217,18.910782,0.));
#16347 = VECTOR('',#16348,1.);
#16348 = DIRECTION('',(0.,0.,1.));
#16349 = ORIENTED_EDGE('',*,*,#4842,.F.);
#16350 = PLANE('',#16351);
#16351 = AXIS2_PLACEMENT_3D('',#16352,#16353,#16354);
#16352 = CARTESIAN_POINT('',(21.492665,18.896151,0.));
#16353 = DIRECTION('',(-0.995138357525,-9.84867980108E-02,0.));
#16354 = DIRECTION('',(-9.84867980108E-02,0.995138357525,0.));
#16355 = ADVANCED_FACE('',(#16356),#16374,.F.);
#16356 = FACE_BOUND('',#16357,.F.);
#16357 = EDGE_LOOP('',(#16358,#16359,#16367,#16373));
#16358 = ORIENTED_EDGE('',*,*,#16344,.T.);
#16359 = ORIENTED_EDGE('',*,*,#16360,.T.);
#16360 = EDGE_CURVE('',#16337,#16361,#16363,.T.);
#16361 = VERTEX_POINT('',#16362);
#16362 = CARTESIAN_POINT('',(21.491217,33.010779,1.7));
#16363 = LINE('',#16364,#16365);
#16364 = CARTESIAN_POINT('',(21.491217,18.910782,1.7));
#16365 = VECTOR('',#16366,1.);
#16366 = DIRECTION('',(0.,1.,0.));
#16367 = ORIENTED_EDGE('',*,*,#16368,.F.);
#16368 = EDGE_CURVE('',#4851,#16361,#16369,.T.);
#16369 = LINE('',#16370,#16371);
#16370 = CARTESIAN_POINT('',(21.491217,33.010779,0.));
#16371 = VECTOR('',#16372,1.);
#16372 = DIRECTION('',(0.,0.,1.));
#16373 = ORIENTED_EDGE('',*,*,#4850,.F.);
#16374 = PLANE('',#16375);
#16375 = AXIS2_PLACEMENT_3D('',#16376,#16377,#16378);
#16376 = CARTESIAN_POINT('',(21.491217,18.910782,0.));
#16377 = DIRECTION('',(-1.,0.,0.));
#16378 = DIRECTION('',(0.,1.,0.));
#16379 = ADVANCED_FACE('',(#16380),#16398,.F.);
#16380 = FACE_BOUND('',#16381,.F.);
#16381 = EDGE_LOOP('',(#16382,#16383,#16391,#16397));
#16382 = ORIENTED_EDGE('',*,*,#16368,.T.);
#16383 = ORIENTED_EDGE('',*,*,#16384,.T.);
#16384 = EDGE_CURVE('',#16361,#16385,#16387,.T.);
#16385 = VERTEX_POINT('',#16386);
#16386 = CARTESIAN_POINT('',(21.492665,33.025409,1.7));
#16387 = LINE('',#16388,#16389);
#16388 = CARTESIAN_POINT('',(21.491217,33.010779,1.7));
#16389 = VECTOR('',#16390,1.);
#16390 = DIRECTION('',(9.849346454623E-02,0.995137697729,0.));
#16391 = ORIENTED_EDGE('',*,*,#16392,.F.);
#16392 = EDGE_CURVE('',#4859,#16385,#16393,.T.);
#16393 = LINE('',#16394,#16395);
#16394 = CARTESIAN_POINT('',(21.492665,33.025409,0.));
#16395 = VECTOR('',#16396,1.);
#16396 = DIRECTION('',(0.,0.,1.));
#16397 = ORIENTED_EDGE('',*,*,#4858,.F.);
#16398 = PLANE('',#16399);
#16399 = AXIS2_PLACEMENT_3D('',#16400,#16401,#16402);
#16400 = CARTESIAN_POINT('',(21.491217,33.010779,0.));
#16401 = DIRECTION('',(-0.995137697729,9.849346454623E-02,0.));
#16402 = DIRECTION('',(9.849346454623E-02,0.995137697729,0.));
#16403 = ADVANCED_FACE('',(#16404),#16422,.F.);
#16404 = FACE_BOUND('',#16405,.F.);
#16405 = EDGE_LOOP('',(#16406,#16407,#16415,#16421));
#16406 = ORIENTED_EDGE('',*,*,#16392,.T.);
#16407 = ORIENTED_EDGE('',*,*,#16408,.T.);
#16408 = EDGE_CURVE('',#16385,#16409,#16411,.T.);
#16409 = VERTEX_POINT('',#16410);
#16410 = CARTESIAN_POINT('',(21.503866,33.05246,1.7));
#16411 = LINE('',#16412,#16413);
#16412 = CARTESIAN_POINT('',(21.492665,33.025409,1.7));
#16413 = VECTOR('',#16414,1.);
#16414 = DIRECTION('',(0.382569992546,0.923926512664,0.));
#16415 = ORIENTED_EDGE('',*,*,#16416,.F.);
#16416 = EDGE_CURVE('',#4867,#16409,#16417,.T.);
#16417 = LINE('',#16418,#16419);
#16418 = CARTESIAN_POINT('',(21.503866,33.05246,0.));
#16419 = VECTOR('',#16420,1.);
#16420 = DIRECTION('',(0.,0.,1.));
#16421 = ORIENTED_EDGE('',*,*,#4866,.F.);
#16422 = PLANE('',#16423);
#16423 = AXIS2_PLACEMENT_3D('',#16424,#16425,#16426);
#16424 = CARTESIAN_POINT('',(21.492665,33.025409,0.));
#16425 = DIRECTION('',(-0.923926512664,0.382569992546,0.));
#16426 = DIRECTION('',(0.382569992546,0.923926512664,0.));
#16427 = ADVANCED_FACE('',(#16428),#16446,.F.);
#16428 = FACE_BOUND('',#16429,.F.);
#16429 = EDGE_LOOP('',(#16430,#16431,#16439,#16445));
#16430 = ORIENTED_EDGE('',*,*,#16416,.T.);
#16431 = ORIENTED_EDGE('',*,*,#16432,.T.);
#16432 = EDGE_CURVE('',#16409,#16433,#16435,.T.);
#16433 = VERTEX_POINT('',#16434);
#16434 = CARTESIAN_POINT('',(21.524542,33.073136,1.7));
#16435 = LINE('',#16436,#16437);
#16436 = CARTESIAN_POINT('',(21.503866,33.05246,1.7));
#16437 = VECTOR('',#16438,1.);
#16438 = DIRECTION('',(0.707106781187,0.707106781186,0.));
#16439 = ORIENTED_EDGE('',*,*,#16440,.F.);
#16440 = EDGE_CURVE('',#4875,#16433,#16441,.T.);
#16441 = LINE('',#16442,#16443);
#16442 = CARTESIAN_POINT('',(21.524542,33.073136,0.));
#16443 = VECTOR('',#16444,1.);
#16444 = DIRECTION('',(0.,0.,1.));
#16445 = ORIENTED_EDGE('',*,*,#4874,.F.);
#16446 = PLANE('',#16447);
#16447 = AXIS2_PLACEMENT_3D('',#16448,#16449,#16450);
#16448 = CARTESIAN_POINT('',(21.503866,33.05246,0.));
#16449 = DIRECTION('',(-0.707106781186,0.707106781187,0.));
#16450 = DIRECTION('',(0.707106781187,0.707106781186,0.));
#16451 = ADVANCED_FACE('',(#16452),#16470,.F.);
#16452 = FACE_BOUND('',#16453,.F.);
#16453 = EDGE_LOOP('',(#16454,#16455,#16463,#16469));
#16454 = ORIENTED_EDGE('',*,*,#16440,.T.);
#16455 = ORIENTED_EDGE('',*,*,#16456,.T.);
#16456 = EDGE_CURVE('',#16433,#16457,#16459,.T.);
#16457 = VERTEX_POINT('',#16458);
#16458 = CARTESIAN_POINT('',(21.551593,33.084337,1.7));
#16459 = LINE('',#16460,#16461);
#16460 = CARTESIAN_POINT('',(21.524542,33.073136,1.7));
#16461 = VECTOR('',#16462,1.);
#16462 = DIRECTION('',(0.923926512664,0.382569992546,0.));
#16463 = ORIENTED_EDGE('',*,*,#16464,.F.);
#16464 = EDGE_CURVE('',#4883,#16457,#16465,.T.);
#16465 = LINE('',#16466,#16467);
#16466 = CARTESIAN_POINT('',(21.551593,33.084337,0.));
#16467 = VECTOR('',#16468,1.);
#16468 = DIRECTION('',(0.,0.,1.));
#16469 = ORIENTED_EDGE('',*,*,#4882,.F.);
#16470 = PLANE('',#16471);
#16471 = AXIS2_PLACEMENT_3D('',#16472,#16473,#16474);
#16472 = CARTESIAN_POINT('',(21.524542,33.073136,0.));
#16473 = DIRECTION('',(-0.382569992546,0.923926512664,0.));
#16474 = DIRECTION('',(0.923926512664,0.382569992546,0.));
#16475 = ADVANCED_FACE('',(#16476),#16494,.F.);
#16476 = FACE_BOUND('',#16477,.F.);
#16477 = EDGE_LOOP('',(#16478,#16479,#16487,#16493));
#16478 = ORIENTED_EDGE('',*,*,#16464,.T.);
#16479 = ORIENTED_EDGE('',*,*,#16480,.T.);
#16480 = EDGE_CURVE('',#16457,#16481,#16483,.T.);
#16481 = VERTEX_POINT('',#16482);
#16482 = CARTESIAN_POINT('',(21.566223,33.085785,1.7));
#16483 = LINE('',#16484,#16485);
#16484 = CARTESIAN_POINT('',(21.551593,33.084337,1.7));
#16485 = VECTOR('',#16486,1.);
#16486 = DIRECTION('',(0.995137697729,9.849346454649E-02,0.));
#16487 = ORIENTED_EDGE('',*,*,#16488,.F.);
#16488 = EDGE_CURVE('',#4891,#16481,#16489,.T.);
#16489 = LINE('',#16490,#16491);
#16490 = CARTESIAN_POINT('',(21.566223,33.085785,0.));
#16491 = VECTOR('',#16492,1.);
#16492 = DIRECTION('',(0.,0.,1.));
#16493 = ORIENTED_EDGE('',*,*,#4890,.F.);
#16494 = PLANE('',#16495);
#16495 = AXIS2_PLACEMENT_3D('',#16496,#16497,#16498);
#16496 = CARTESIAN_POINT('',(21.551593,33.084337,0.));
#16497 = DIRECTION('',(-9.849346454649E-02,0.995137697729,0.));
#16498 = DIRECTION('',(0.995137697729,9.849346454649E-02,0.));
#16499 = ADVANCED_FACE('',(#16500),#16518,.F.);
#16500 = FACE_BOUND('',#16501,.F.);
#16501 = EDGE_LOOP('',(#16502,#16503,#16511,#16517));
#16502 = ORIENTED_EDGE('',*,*,#16488,.T.);
#16503 = ORIENTED_EDGE('',*,*,#16504,.T.);
#16504 = EDGE_CURVE('',#16481,#16505,#16507,.T.);
#16505 = VERTEX_POINT('',#16506);
#16506 = CARTESIAN_POINT('',(35.66622,33.085785,1.7));
#16507 = LINE('',#16508,#16509);
#16508 = CARTESIAN_POINT('',(21.566223,33.085785,1.7));
#16509 = VECTOR('',#16510,1.);
#16510 = DIRECTION('',(1.,0.,0.));
#16511 = ORIENTED_EDGE('',*,*,#16512,.F.);
#16512 = EDGE_CURVE('',#4899,#16505,#16513,.T.);
#16513 = LINE('',#16514,#16515);
#16514 = CARTESIAN_POINT('',(35.66622,33.085785,0.));
#16515 = VECTOR('',#16516,1.);
#16516 = DIRECTION('',(0.,0.,1.));
#16517 = ORIENTED_EDGE('',*,*,#4898,.F.);
#16518 = PLANE('',#16519);
#16519 = AXIS2_PLACEMENT_3D('',#16520,#16521,#16522);
#16520 = CARTESIAN_POINT('',(21.566223,33.085785,0.));
#16521 = DIRECTION('',(0.,1.,0.));
#16522 = DIRECTION('',(1.,0.,0.));
#16523 = ADVANCED_FACE('',(#16524),#16535,.F.);
#16524 = FACE_BOUND('',#16525,.F.);
#16525 = EDGE_LOOP('',(#16526,#16527,#16533,#16534));
#16526 = ORIENTED_EDGE('',*,*,#16512,.T.);
#16527 = ORIENTED_EDGE('',*,*,#16528,.T.);
#16528 = EDGE_CURVE('',#16505,#15969,#16529,.T.);
#16529 = LINE('',#16530,#16531);
#16530 = CARTESIAN_POINT('',(35.66622,33.085785,1.7));
#16531 = VECTOR('',#16532,1.);
#16532 = DIRECTION('',(0.995138357525,-9.848679801108E-02,0.));
#16533 = ORIENTED_EDGE('',*,*,#15968,.F.);
#16534 = ORIENTED_EDGE('',*,*,#4906,.F.);
#16535 = PLANE('',#16536);
#16536 = AXIS2_PLACEMENT_3D('',#16537,#16538,#16539);
#16537 = CARTESIAN_POINT('',(35.66622,33.085785,0.));
#16538 = DIRECTION('',(9.848679801108E-02,0.995138357525,0.));
#16539 = DIRECTION('',(0.995138357525,-9.848679801108E-02,0.));
#16540 = ADVANCED_FACE('',(#16541),#16566,.F.);
#16541 = FACE_BOUND('',#16542,.F.);
#16542 = EDGE_LOOP('',(#16543,#16551,#16559,#16565));
#16543 = ORIENTED_EDGE('',*,*,#16544,.T.);
#16544 = EDGE_CURVE('',#4915,#16545,#16547,.T.);
#16545 = VERTEX_POINT('',#16546);
#16546 = CARTESIAN_POINT('',(16.630851,71.184337,1.7));
#16547 = LINE('',#16548,#16549);
#16548 = CARTESIAN_POINT('',(16.630851,71.184337,0.));
#16549 = VECTOR('',#16550,1.);
#16550 = DIRECTION('',(0.,0.,1.));
#16551 = ORIENTED_EDGE('',*,*,#16552,.T.);
#16552 = EDGE_CURVE('',#16545,#16553,#16555,.T.);
#16553 = VERTEX_POINT('',#16554);
#16554 = CARTESIAN_POINT('',(16.657902,71.173136,1.7));
#16555 = LINE('',#16556,#16557);
#16556 = CARTESIAN_POINT('',(16.630851,71.184337,1.7));
#16557 = VECTOR('',#16558,1.);
#16558 = DIRECTION('',(0.923926512664,-0.382569992546,0.));
#16559 = ORIENTED_EDGE('',*,*,#16560,.F.);
#16560 = EDGE_CURVE('',#4917,#16553,#16561,.T.);
#16561 = LINE('',#16562,#16563);
#16562 = CARTESIAN_POINT('',(16.657902,71.173136,0.));
#16563 = VECTOR('',#16564,1.);
#16564 = DIRECTION('',(0.,0.,1.));
#16565 = ORIENTED_EDGE('',*,*,#4914,.F.);
#16566 = PLANE('',#16567);
#16567 = AXIS2_PLACEMENT_3D('',#16568,#16569,#16570);
#16568 = CARTESIAN_POINT('',(16.630851,71.184337,0.));
#16569 = DIRECTION('',(0.382569992546,0.923926512664,0.));
#16570 = DIRECTION('',(0.923926512664,-0.382569992546,0.));
#16571 = ADVANCED_FACE('',(#16572),#16590,.F.);
#16572 = FACE_BOUND('',#16573,.F.);
#16573 = EDGE_LOOP('',(#16574,#16575,#16583,#16589));
#16574 = ORIENTED_EDGE('',*,*,#16560,.T.);
#16575 = ORIENTED_EDGE('',*,*,#16576,.T.);
#16576 = EDGE_CURVE('',#16553,#16577,#16579,.T.);
#16577 = VERTEX_POINT('',#16578);
#16578 = CARTESIAN_POINT('',(16.678577,71.15246,1.7));
#16579 = LINE('',#16580,#16581);
#16580 = CARTESIAN_POINT('',(16.657902,71.173136,1.7));
#16581 = VECTOR('',#16582,1.);
#16582 = DIRECTION('',(0.707089680867,-0.707123881093,0.));
#16583 = ORIENTED_EDGE('',*,*,#16584,.F.);
#16584 = EDGE_CURVE('',#4925,#16577,#16585,.T.);
#16585 = LINE('',#16586,#16587);
#16586 = CARTESIAN_POINT('',(16.678577,71.15246,0.));
#16587 = VECTOR('',#16588,1.);
#16588 = DIRECTION('',(0.,0.,1.));
#16589 = ORIENTED_EDGE('',*,*,#4924,.F.);
#16590 = PLANE('',#16591);
#16591 = AXIS2_PLACEMENT_3D('',#16592,#16593,#16594);
#16592 = CARTESIAN_POINT('',(16.657902,71.173136,0.));
#16593 = DIRECTION('',(0.707123881093,0.707089680867,0.));
#16594 = DIRECTION('',(0.707089680867,-0.707123881093,0.));
#16595 = ADVANCED_FACE('',(#16596),#16614,.F.);
#16596 = FACE_BOUND('',#16597,.F.);
#16597 = EDGE_LOOP('',(#16598,#16599,#16607,#16613));
#16598 = ORIENTED_EDGE('',*,*,#16584,.T.);
#16599 = ORIENTED_EDGE('',*,*,#16600,.T.);
#16600 = EDGE_CURVE('',#16577,#16601,#16603,.T.);
#16601 = VERTEX_POINT('',#16602);
#16602 = CARTESIAN_POINT('',(16.689779,71.125409,1.7));
#16603 = LINE('',#16604,#16605);
#16604 = CARTESIAN_POINT('',(16.678577,71.15246,1.7));
#16605 = VECTOR('',#16606,1.);
#16606 = DIRECTION('',(0.382599148043,-0.923914439717,0.));
#16607 = ORIENTED_EDGE('',*,*,#16608,.F.);
#16608 = EDGE_CURVE('',#4933,#16601,#16609,.T.);
#16609 = LINE('',#16610,#16611);
#16610 = CARTESIAN_POINT('',(16.689779,71.125409,0.));
#16611 = VECTOR('',#16612,1.);
#16612 = DIRECTION('',(0.,0.,1.));
#16613 = ORIENTED_EDGE('',*,*,#4932,.F.);
#16614 = PLANE('',#16615);
#16615 = AXIS2_PLACEMENT_3D('',#16616,#16617,#16618);
#16616 = CARTESIAN_POINT('',(16.678577,71.15246,0.));
#16617 = DIRECTION('',(0.923914439717,0.382599148043,0.));
#16618 = DIRECTION('',(0.382599148043,-0.923914439717,0.));
#16619 = ADVANCED_FACE('',(#16620),#16638,.F.);
#16620 = FACE_BOUND('',#16621,.F.);
#16621 = EDGE_LOOP('',(#16622,#16623,#16631,#16637));
#16622 = ORIENTED_EDGE('',*,*,#16608,.T.);
#16623 = ORIENTED_EDGE('',*,*,#16624,.T.);
#16624 = EDGE_CURVE('',#16601,#16625,#16627,.T.);
#16625 = VERTEX_POINT('',#16626);
#16626 = CARTESIAN_POINT('',(16.691226,71.110779,1.7));
#16627 = LINE('',#16628,#16629);
#16628 = CARTESIAN_POINT('',(16.689779,71.125409,1.7));
#16629 = VECTOR('',#16630,1.);
#16630 = DIRECTION('',(9.842610338374E-02,-0.995144362478,0.));
#16631 = ORIENTED_EDGE('',*,*,#16632,.F.);
#16632 = EDGE_CURVE('',#4941,#16625,#16633,.T.);
#16633 = LINE('',#16634,#16635);
#16634 = CARTESIAN_POINT('',(16.691226,71.110779,0.));
#16635 = VECTOR('',#16636,1.);
#16636 = DIRECTION('',(0.,0.,1.));
#16637 = ORIENTED_EDGE('',*,*,#4940,.F.);
#16638 = PLANE('',#16639);
#16639 = AXIS2_PLACEMENT_3D('',#16640,#16641,#16642);
#16640 = CARTESIAN_POINT('',(16.689779,71.125409,0.));
#16641 = DIRECTION('',(0.995144362478,9.842610338374E-02,0.));
#16642 = DIRECTION('',(9.842610338374E-02,-0.995144362478,0.));
#16643 = ADVANCED_FACE('',(#16644),#16662,.F.);
#16644 = FACE_BOUND('',#16645,.F.);
#16645 = EDGE_LOOP('',(#16646,#16647,#16655,#16661));
#16646 = ORIENTED_EDGE('',*,*,#16632,.T.);
#16647 = ORIENTED_EDGE('',*,*,#16648,.T.);
#16648 = EDGE_CURVE('',#16625,#16649,#16651,.T.);
#16649 = VERTEX_POINT('',#16650);
#16650 = CARTESIAN_POINT('',(16.691226,57.010782,1.7));
#16651 = LINE('',#16652,#16653);
#16652 = CARTESIAN_POINT('',(16.691226,71.110779,1.7));
#16653 = VECTOR('',#16654,1.);
#16654 = DIRECTION('',(0.,-1.,0.));
#16655 = ORIENTED_EDGE('',*,*,#16656,.F.);
#16656 = EDGE_CURVE('',#4949,#16649,#16657,.T.);
#16657 = LINE('',#16658,#16659);
#16658 = CARTESIAN_POINT('',(16.691226,57.010782,0.));
#16659 = VECTOR('',#16660,1.);
#16660 = DIRECTION('',(0.,0.,1.));
#16661 = ORIENTED_EDGE('',*,*,#4948,.F.);
#16662 = PLANE('',#16663);
#16663 = AXIS2_PLACEMENT_3D('',#16664,#16665,#16666);
#16664 = CARTESIAN_POINT('',(16.691226,71.110779,0.));
#16665 = DIRECTION('',(1.,0.,0.));
#16666 = DIRECTION('',(0.,-1.,0.));
#16667 = ADVANCED_FACE('',(#16668),#16686,.F.);
#16668 = FACE_BOUND('',#16669,.F.);
#16669 = EDGE_LOOP('',(#16670,#16671,#16679,#16685));
#16670 = ORIENTED_EDGE('',*,*,#16656,.T.);
#16671 = ORIENTED_EDGE('',*,*,#16672,.T.);
#16672 = EDGE_CURVE('',#16649,#16673,#16675,.T.);
#16673 = VERTEX_POINT('',#16674);
#16674 = CARTESIAN_POINT('',(16.689779,56.996151,1.7));
#16675 = LINE('',#16676,#16677);
#16676 = CARTESIAN_POINT('',(16.691226,57.010782,1.7));
#16677 = VECTOR('',#16678,1.);
#16678 = DIRECTION('',(-9.841944131848E-02,-0.995145021377,0.));
#16679 = ORIENTED_EDGE('',*,*,#16680,.F.);
#16680 = EDGE_CURVE('',#4957,#16673,#16681,.T.);
#16681 = LINE('',#16682,#16683);
#16682 = CARTESIAN_POINT('',(16.689779,56.996151,0.));
#16683 = VECTOR('',#16684,1.);
#16684 = DIRECTION('',(0.,0.,1.));
#16685 = ORIENTED_EDGE('',*,*,#4956,.F.);
#16686 = PLANE('',#16687);
#16687 = AXIS2_PLACEMENT_3D('',#16688,#16689,#16690);
#16688 = CARTESIAN_POINT('',(16.691226,57.010782,0.));
#16689 = DIRECTION('',(0.995145021377,-9.841944131848E-02,0.));
#16690 = DIRECTION('',(-9.841944131848E-02,-0.995145021377,0.));
#16691 = ADVANCED_FACE('',(#16692),#16710,.F.);
#16692 = FACE_BOUND('',#16693,.F.);
#16693 = EDGE_LOOP('',(#16694,#16695,#16703,#16709));
#16694 = ORIENTED_EDGE('',*,*,#16680,.T.);
#16695 = ORIENTED_EDGE('',*,*,#16696,.T.);
#16696 = EDGE_CURVE('',#16673,#16697,#16699,.T.);
#16697 = VERTEX_POINT('',#16698);
#16698 = CARTESIAN_POINT('',(16.678577,56.9691,1.7));
#16699 = LINE('',#16700,#16701);
#16700 = CARTESIAN_POINT('',(16.689779,56.996151,1.7));
#16701 = VECTOR('',#16702,1.);
#16702 = DIRECTION('',(-0.382599148043,-0.923914439717,0.));
#16703 = ORIENTED_EDGE('',*,*,#16704,.F.);
#16704 = EDGE_CURVE('',#4965,#16697,#16705,.T.);
#16705 = LINE('',#16706,#16707);
#16706 = CARTESIAN_POINT('',(16.678577,56.9691,0.));
#16707 = VECTOR('',#16708,1.);
#16708 = DIRECTION('',(0.,0.,1.));
#16709 = ORIENTED_EDGE('',*,*,#4964,.F.);
#16710 = PLANE('',#16711);
#16711 = AXIS2_PLACEMENT_3D('',#16712,#16713,#16714);
#16712 = CARTESIAN_POINT('',(16.689779,56.996151,0.));
#16713 = DIRECTION('',(0.923914439717,-0.382599148043,0.));
#16714 = DIRECTION('',(-0.382599148043,-0.923914439717,0.));
#16715 = ADVANCED_FACE('',(#16716),#16734,.F.);
#16716 = FACE_BOUND('',#16717,.F.);
#16717 = EDGE_LOOP('',(#16718,#16719,#16727,#16733));
#16718 = ORIENTED_EDGE('',*,*,#16704,.T.);
#16719 = ORIENTED_EDGE('',*,*,#16720,.T.);
#16720 = EDGE_CURVE('',#16697,#16721,#16723,.T.);
#16721 = VERTEX_POINT('',#16722);
#16722 = CARTESIAN_POINT('',(16.657902,56.948425,1.7));
#16723 = LINE('',#16724,#16725);
#16724 = CARTESIAN_POINT('',(16.678577,56.9691,1.7));
#16725 = VECTOR('',#16726,1.);
#16726 = DIRECTION('',(-0.707106781187,-0.707106781186,0.));
#16727 = ORIENTED_EDGE('',*,*,#16728,.F.);
#16728 = EDGE_CURVE('',#4973,#16721,#16729,.T.);
#16729 = LINE('',#16730,#16731);
#16730 = CARTESIAN_POINT('',(16.657902,56.948425,0.));
#16731 = VECTOR('',#16732,1.);
#16732 = DIRECTION('',(0.,0.,1.));
#16733 = ORIENTED_EDGE('',*,*,#4972,.F.);
#16734 = PLANE('',#16735);
#16735 = AXIS2_PLACEMENT_3D('',#16736,#16737,#16738);
#16736 = CARTESIAN_POINT('',(16.678577,56.9691,0.));
#16737 = DIRECTION('',(0.707106781186,-0.707106781187,0.));
#16738 = DIRECTION('',(-0.707106781187,-0.707106781186,0.));
#16739 = ADVANCED_FACE('',(#16740),#16758,.F.);
#16740 = FACE_BOUND('',#16741,.F.);
#16741 = EDGE_LOOP('',(#16742,#16743,#16751,#16757));
#16742 = ORIENTED_EDGE('',*,*,#16728,.T.);
#16743 = ORIENTED_EDGE('',*,*,#16744,.T.);
#16744 = EDGE_CURVE('',#16721,#16745,#16747,.T.);
#16745 = VERTEX_POINT('',#16746);
#16746 = CARTESIAN_POINT('',(16.630851,56.937223,1.7));
#16747 = LINE('',#16748,#16749);
#16748 = CARTESIAN_POINT('',(16.657902,56.948425,1.7));
#16749 = VECTOR('',#16750,1.);
#16750 = DIRECTION('',(-0.923914439717,-0.382599148043,0.));
#16751 = ORIENTED_EDGE('',*,*,#16752,.F.);
#16752 = EDGE_CURVE('',#4981,#16745,#16753,.T.);
#16753 = LINE('',#16754,#16755);
#16754 = CARTESIAN_POINT('',(16.630851,56.937223,0.));
#16755 = VECTOR('',#16756,1.);
#16756 = DIRECTION('',(0.,0.,1.));
#16757 = ORIENTED_EDGE('',*,*,#4980,.F.);
#16758 = PLANE('',#16759);
#16759 = AXIS2_PLACEMENT_3D('',#16760,#16761,#16762);
#16760 = CARTESIAN_POINT('',(16.657902,56.948425,0.));
#16761 = DIRECTION('',(0.382599148043,-0.923914439717,0.));
#16762 = DIRECTION('',(-0.923914439717,-0.382599148043,0.));
#16763 = ADVANCED_FACE('',(#16764),#16782,.F.);
#16764 = FACE_BOUND('',#16765,.F.);
#16765 = EDGE_LOOP('',(#16766,#16767,#16775,#16781));
#16766 = ORIENTED_EDGE('',*,*,#16752,.T.);
#16767 = ORIENTED_EDGE('',*,*,#16768,.T.);
#16768 = EDGE_CURVE('',#16745,#16769,#16771,.T.);
#16769 = VERTEX_POINT('',#16770);
#16770 = CARTESIAN_POINT('',(16.61622,56.935776,1.7));
#16771 = LINE('',#16772,#16773);
#16772 = CARTESIAN_POINT('',(16.630851,56.937223,1.7));
#16773 = VECTOR('',#16774,1.);
#16774 = DIRECTION('',(-0.995145021377,-9.841944131895E-02,0.));
#16775 = ORIENTED_EDGE('',*,*,#16776,.F.);
#16776 = EDGE_CURVE('',#4989,#16769,#16777,.T.);
#16777 = LINE('',#16778,#16779);
#16778 = CARTESIAN_POINT('',(16.61622,56.935776,0.));
#16779 = VECTOR('',#16780,1.);
#16780 = DIRECTION('',(0.,0.,1.));
#16781 = ORIENTED_EDGE('',*,*,#4988,.F.);
#16782 = PLANE('',#16783);
#16783 = AXIS2_PLACEMENT_3D('',#16784,#16785,#16786);
#16784 = CARTESIAN_POINT('',(16.630851,56.937223,0.));
#16785 = DIRECTION('',(9.841944131895E-02,-0.995145021377,0.));
#16786 = DIRECTION('',(-0.995145021377,-9.841944131895E-02,0.));
#16787 = ADVANCED_FACE('',(#16788),#16806,.F.);
#16788 = FACE_BOUND('',#16789,.F.);
#16789 = EDGE_LOOP('',(#16790,#16791,#16799,#16805));
#16790 = ORIENTED_EDGE('',*,*,#16776,.T.);
#16791 = ORIENTED_EDGE('',*,*,#16792,.T.);
#16792 = EDGE_CURVE('',#16769,#16793,#16795,.T.);
#16793 = VERTEX_POINT('',#16794);
#16794 = CARTESIAN_POINT('',(2.516223,56.935776,1.7));
#16795 = LINE('',#16796,#16797);
#16796 = CARTESIAN_POINT('',(16.61622,56.935776,1.7));
#16797 = VECTOR('',#16798,1.);
#16798 = DIRECTION('',(-1.,0.,0.));
#16799 = ORIENTED_EDGE('',*,*,#16800,.F.);
#16800 = EDGE_CURVE('',#4997,#16793,#16801,.T.);
#16801 = LINE('',#16802,#16803);
#16802 = CARTESIAN_POINT('',(2.516223,56.935776,0.));
#16803 = VECTOR('',#16804,1.);
#16804 = DIRECTION('',(0.,0.,1.));
#16805 = ORIENTED_EDGE('',*,*,#4996,.F.);
#16806 = PLANE('',#16807);
#16807 = AXIS2_PLACEMENT_3D('',#16808,#16809,#16810);
#16808 = CARTESIAN_POINT('',(16.61622,56.935776,0.));
#16809 = DIRECTION('',(0.,-1.,0.));
#16810 = DIRECTION('',(-1.,0.,0.));
#16811 = ADVANCED_FACE('',(#16812),#16830,.F.);
#16812 = FACE_BOUND('',#16813,.F.);
#16813 = EDGE_LOOP('',(#16814,#16815,#16823,#16829));
#16814 = ORIENTED_EDGE('',*,*,#16800,.T.);
#16815 = ORIENTED_EDGE('',*,*,#16816,.T.);
#16816 = EDGE_CURVE('',#16793,#16817,#16819,.T.);
#16817 = VERTEX_POINT('',#16818);
#16818 = CARTESIAN_POINT('',(2.501593,56.937223,1.7));
#16819 = LINE('',#16820,#16821);
#16820 = CARTESIAN_POINT('',(2.516223,56.935776,1.7));
#16821 = VECTOR('',#16822,1.);
#16822 = DIRECTION('',(-0.995144362478,9.842610338429E-02,0.));
#16823 = ORIENTED_EDGE('',*,*,#16824,.F.);
#16824 = EDGE_CURVE('',#5005,#16817,#16825,.T.);
#16825 = LINE('',#16826,#16827);
#16826 = CARTESIAN_POINT('',(2.501593,56.937223,0.));
#16827 = VECTOR('',#16828,1.);
#16828 = DIRECTION('',(0.,0.,1.));
#16829 = ORIENTED_EDGE('',*,*,#5004,.F.);
#16830 = PLANE('',#16831);
#16831 = AXIS2_PLACEMENT_3D('',#16832,#16833,#16834);
#16832 = CARTESIAN_POINT('',(2.516223,56.935776,0.));
#16833 = DIRECTION('',(-9.842610338429E-02,-0.995144362478,0.));
#16834 = DIRECTION('',(-0.995144362478,9.842610338429E-02,0.));
#16835 = ADVANCED_FACE('',(#16836),#16854,.F.);
#16836 = FACE_BOUND('',#16837,.F.);
#16837 = EDGE_LOOP('',(#16838,#16839,#16847,#16853));
#16838 = ORIENTED_EDGE('',*,*,#16824,.T.);
#16839 = ORIENTED_EDGE('',*,*,#16840,.T.);
#16840 = EDGE_CURVE('',#16817,#16841,#16843,.T.);
#16841 = VERTEX_POINT('',#16842);
#16842 = CARTESIAN_POINT('',(2.474542,56.948425,1.7));
#16843 = LINE('',#16844,#16845);
#16844 = CARTESIAN_POINT('',(2.501593,56.937223,1.7));
#16845 = VECTOR('',#16846,1.);
#16846 = DIRECTION('',(-0.923914439717,0.382599148043,0.));
#16847 = ORIENTED_EDGE('',*,*,#16848,.F.);
#16848 = EDGE_CURVE('',#5013,#16841,#16849,.T.);
#16849 = LINE('',#16850,#16851);
#16850 = CARTESIAN_POINT('',(2.474542,56.948425,0.));
#16851 = VECTOR('',#16852,1.);
#16852 = DIRECTION('',(0.,0.,1.));
#16853 = ORIENTED_EDGE('',*,*,#5012,.F.);
#16854 = PLANE('',#16855);
#16855 = AXIS2_PLACEMENT_3D('',#16856,#16857,#16858);
#16856 = CARTESIAN_POINT('',(2.501593,56.937223,0.));
#16857 = DIRECTION('',(-0.382599148043,-0.923914439717,0.));
#16858 = DIRECTION('',(-0.923914439717,0.382599148043,0.));
#16859 = ADVANCED_FACE('',(#16860),#16878,.F.);
#16860 = FACE_BOUND('',#16861,.F.);
#16861 = EDGE_LOOP('',(#16862,#16863,#16871,#16877));
#16862 = ORIENTED_EDGE('',*,*,#16848,.T.);
#16863 = ORIENTED_EDGE('',*,*,#16864,.T.);
#16864 = EDGE_CURVE('',#16841,#16865,#16867,.T.);
#16865 = VERTEX_POINT('',#16866);
#16866 = CARTESIAN_POINT('',(2.453866,56.9691,1.7));
#16867 = LINE('',#16868,#16869);
#16868 = CARTESIAN_POINT('',(2.474542,56.948425,1.7));
#16869 = VECTOR('',#16870,1.);
#16870 = DIRECTION('',(-0.707123881093,0.707089680867,0.));
#16871 = ORIENTED_EDGE('',*,*,#16872,.F.);
#16872 = EDGE_CURVE('',#5021,#16865,#16873,.T.);
#16873 = LINE('',#16874,#16875);
#16874 = CARTESIAN_POINT('',(2.453866,56.9691,0.));
#16875 = VECTOR('',#16876,1.);
#16876 = DIRECTION('',(0.,0.,1.));
#16877 = ORIENTED_EDGE('',*,*,#5020,.F.);
#16878 = PLANE('',#16879);
#16879 = AXIS2_PLACEMENT_3D('',#16880,#16881,#16882);
#16880 = CARTESIAN_POINT('',(2.474542,56.948425,0.));
#16881 = DIRECTION('',(-0.707089680867,-0.707123881093,0.));
#16882 = DIRECTION('',(-0.707123881093,0.707089680867,0.));
#16883 = ADVANCED_FACE('',(#16884),#16902,.F.);
#16884 = FACE_BOUND('',#16885,.F.);
#16885 = EDGE_LOOP('',(#16886,#16887,#16895,#16901));
#16886 = ORIENTED_EDGE('',*,*,#16872,.T.);
#16887 = ORIENTED_EDGE('',*,*,#16888,.T.);
#16888 = EDGE_CURVE('',#16865,#16889,#16891,.T.);
#16889 = VERTEX_POINT('',#16890);
#16890 = CARTESIAN_POINT('',(2.442665,56.996151,1.7));
#16891 = LINE('',#16892,#16893);
#16892 = CARTESIAN_POINT('',(2.453866,56.9691,1.7));
#16893 = VECTOR('',#16894,1.);
#16894 = DIRECTION('',(-0.382569992546,0.923926512664,0.));
#16895 = ORIENTED_EDGE('',*,*,#16896,.F.);
#16896 = EDGE_CURVE('',#5029,#16889,#16897,.T.);
#16897 = LINE('',#16898,#16899);
#16898 = CARTESIAN_POINT('',(2.442665,56.996151,0.));
#16899 = VECTOR('',#16900,1.);
#16900 = DIRECTION('',(0.,0.,1.));
#16901 = ORIENTED_EDGE('',*,*,#5028,.F.);
#16902 = PLANE('',#16903);
#16903 = AXIS2_PLACEMENT_3D('',#16904,#16905,#16906);
#16904 = CARTESIAN_POINT('',(2.453866,56.9691,0.));
#16905 = DIRECTION('',(-0.923926512664,-0.382569992546,0.));
#16906 = DIRECTION('',(-0.382569992546,0.923926512664,0.));
#16907 = ADVANCED_FACE('',(#16908),#16926,.F.);
#16908 = FACE_BOUND('',#16909,.F.);
#16909 = EDGE_LOOP('',(#16910,#16911,#16919,#16925));
#16910 = ORIENTED_EDGE('',*,*,#16896,.T.);
#16911 = ORIENTED_EDGE('',*,*,#16912,.T.);
#16912 = EDGE_CURVE('',#16889,#16913,#16915,.T.);
#16913 = VERTEX_POINT('',#16914);
#16914 = CARTESIAN_POINT('',(2.441217,57.010782,1.7));
#16915 = LINE('',#16916,#16917);
#16916 = CARTESIAN_POINT('',(2.442665,56.996151,1.7));
#16917 = VECTOR('',#16918,1.);
#16918 = DIRECTION('',(-9.84867980108E-02,0.995138357525,0.));
#16919 = ORIENTED_EDGE('',*,*,#16920,.F.);
#16920 = EDGE_CURVE('',#5037,#16913,#16921,.T.);
#16921 = LINE('',#16922,#16923);
#16922 = CARTESIAN_POINT('',(2.441217,57.010782,0.));
#16923 = VECTOR('',#16924,1.);
#16924 = DIRECTION('',(0.,0.,1.));
#16925 = ORIENTED_EDGE('',*,*,#5036,.F.);
#16926 = PLANE('',#16927);
#16927 = AXIS2_PLACEMENT_3D('',#16928,#16929,#16930);
#16928 = CARTESIAN_POINT('',(2.442665,56.996151,0.));
#16929 = DIRECTION('',(-0.995138357525,-9.84867980108E-02,0.));
#16930 = DIRECTION('',(-9.84867980108E-02,0.995138357525,0.));
#16931 = ADVANCED_FACE('',(#16932),#16950,.F.);
#16932 = FACE_BOUND('',#16933,.F.);
#16933 = EDGE_LOOP('',(#16934,#16935,#16943,#16949));
#16934 = ORIENTED_EDGE('',*,*,#16920,.T.);
#16935 = ORIENTED_EDGE('',*,*,#16936,.T.);
#16936 = EDGE_CURVE('',#16913,#16937,#16939,.T.);
#16937 = VERTEX_POINT('',#16938);
#16938 = CARTESIAN_POINT('',(2.441217,71.110779,1.7));
#16939 = LINE('',#16940,#16941);
#16940 = CARTESIAN_POINT('',(2.441217,57.010782,1.7));
#16941 = VECTOR('',#16942,1.);
#16942 = DIRECTION('',(0.,1.,0.));
#16943 = ORIENTED_EDGE('',*,*,#16944,.F.);
#16944 = EDGE_CURVE('',#5045,#16937,#16945,.T.);
#16945 = LINE('',#16946,#16947);
#16946 = CARTESIAN_POINT('',(2.441217,71.110779,0.));
#16947 = VECTOR('',#16948,1.);
#16948 = DIRECTION('',(0.,0.,1.));
#16949 = ORIENTED_EDGE('',*,*,#5044,.F.);
#16950 = PLANE('',#16951);
#16951 = AXIS2_PLACEMENT_3D('',#16952,#16953,#16954);
#16952 = CARTESIAN_POINT('',(2.441217,57.010782,0.));
#16953 = DIRECTION('',(-1.,0.,0.));
#16954 = DIRECTION('',(0.,1.,0.));
#16955 = ADVANCED_FACE('',(#16956),#16974,.F.);
#16956 = FACE_BOUND('',#16957,.F.);
#16957 = EDGE_LOOP('',(#16958,#16959,#16967,#16973));
#16958 = ORIENTED_EDGE('',*,*,#16944,.T.);
#16959 = ORIENTED_EDGE('',*,*,#16960,.T.);
#16960 = EDGE_CURVE('',#16937,#16961,#16963,.T.);
#16961 = VERTEX_POINT('',#16962);
#16962 = CARTESIAN_POINT('',(2.442665,71.125409,1.7));
#16963 = LINE('',#16964,#16965);
#16964 = CARTESIAN_POINT('',(2.441217,71.110779,1.7));
#16965 = VECTOR('',#16966,1.);
#16966 = DIRECTION('',(9.849346454618E-02,0.995137697729,0.));
#16967 = ORIENTED_EDGE('',*,*,#16968,.F.);
#16968 = EDGE_CURVE('',#5053,#16961,#16969,.T.);
#16969 = LINE('',#16970,#16971);
#16970 = CARTESIAN_POINT('',(2.442665,71.125409,0.));
#16971 = VECTOR('',#16972,1.);
#16972 = DIRECTION('',(0.,0.,1.));
#16973 = ORIENTED_EDGE('',*,*,#5052,.F.);
#16974 = PLANE('',#16975);
#16975 = AXIS2_PLACEMENT_3D('',#16976,#16977,#16978);
#16976 = CARTESIAN_POINT('',(2.441217,71.110779,0.));
#16977 = DIRECTION('',(-0.995137697729,9.849346454618E-02,0.));
#16978 = DIRECTION('',(9.849346454618E-02,0.995137697729,0.));
#16979 = ADVANCED_FACE('',(#16980),#16998,.F.);
#16980 = FACE_BOUND('',#16981,.F.);
#16981 = EDGE_LOOP('',(#16982,#16983,#16991,#16997));
#16982 = ORIENTED_EDGE('',*,*,#16968,.T.);
#16983 = ORIENTED_EDGE('',*,*,#16984,.T.);
#16984 = EDGE_CURVE('',#16961,#16985,#16987,.T.);
#16985 = VERTEX_POINT('',#16986);
#16986 = CARTESIAN_POINT('',(2.453866,71.15246,1.7));
#16987 = LINE('',#16988,#16989);
#16988 = CARTESIAN_POINT('',(2.442665,71.125409,1.7));
#16989 = VECTOR('',#16990,1.);
#16990 = DIRECTION('',(0.382569992546,0.923926512664,0.));
#16991 = ORIENTED_EDGE('',*,*,#16992,.F.);
#16992 = EDGE_CURVE('',#5061,#16985,#16993,.T.);
#16993 = LINE('',#16994,#16995);
#16994 = CARTESIAN_POINT('',(2.453866,71.15246,0.));
#16995 = VECTOR('',#16996,1.);
#16996 = DIRECTION('',(0.,0.,1.));
#16997 = ORIENTED_EDGE('',*,*,#5060,.F.);
#16998 = PLANE('',#16999);
#16999 = AXIS2_PLACEMENT_3D('',#17000,#17001,#17002);
#17000 = CARTESIAN_POINT('',(2.442665,71.125409,0.));
#17001 = DIRECTION('',(-0.923926512664,0.382569992546,0.));
#17002 = DIRECTION('',(0.382569992546,0.923926512664,0.));
#17003 = ADVANCED_FACE('',(#17004),#17022,.F.);
#17004 = FACE_BOUND('',#17005,.F.);
#17005 = EDGE_LOOP('',(#17006,#17007,#17015,#17021));
#17006 = ORIENTED_EDGE('',*,*,#16992,.T.);
#17007 = ORIENTED_EDGE('',*,*,#17008,.T.);
#17008 = EDGE_CURVE('',#16985,#17009,#17011,.T.);
#17009 = VERTEX_POINT('',#17010);
#17010 = CARTESIAN_POINT('',(2.474542,71.173136,1.7));
#17011 = LINE('',#17012,#17013);
#17012 = CARTESIAN_POINT('',(2.453866,71.15246,1.7));
#17013 = VECTOR('',#17014,1.);
#17014 = DIRECTION('',(0.707106781187,0.707106781186,0.));
#17015 = ORIENTED_EDGE('',*,*,#17016,.F.);
#17016 = EDGE_CURVE('',#5069,#17009,#17017,.T.);
#17017 = LINE('',#17018,#17019);
#17018 = CARTESIAN_POINT('',(2.474542,71.173136,0.));
#17019 = VECTOR('',#17020,1.);
#17020 = DIRECTION('',(0.,0.,1.));
#17021 = ORIENTED_EDGE('',*,*,#5068,.F.);
#17022 = PLANE('',#17023);
#17023 = AXIS2_PLACEMENT_3D('',#17024,#17025,#17026);
#17024 = CARTESIAN_POINT('',(2.453866,71.15246,0.));
#17025 = DIRECTION('',(-0.707106781186,0.707106781187,0.));
#17026 = DIRECTION('',(0.707106781187,0.707106781186,0.));
#17027 = ADVANCED_FACE('',(#17028),#17046,.F.);
#17028 = FACE_BOUND('',#17029,.F.);
#17029 = EDGE_LOOP('',(#17030,#17031,#17039,#17045));
#17030 = ORIENTED_EDGE('',*,*,#17016,.T.);
#17031 = ORIENTED_EDGE('',*,*,#17032,.T.);
#17032 = EDGE_CURVE('',#17009,#17033,#17035,.T.);
#17033 = VERTEX_POINT('',#17034);
#17034 = CARTESIAN_POINT('',(2.501593,71.184337,1.7));
#17035 = LINE('',#17036,#17037);
#17036 = CARTESIAN_POINT('',(2.474542,71.173136,1.7));
#17037 = VECTOR('',#17038,1.);
#17038 = DIRECTION('',(0.923926512664,0.382569992546,0.));
#17039 = ORIENTED_EDGE('',*,*,#17040,.F.);
#17040 = EDGE_CURVE('',#5077,#17033,#17041,.T.);
#17041 = LINE('',#17042,#17043);
#17042 = CARTESIAN_POINT('',(2.501593,71.184337,0.));
#17043 = VECTOR('',#17044,1.);
#17044 = DIRECTION('',(0.,0.,1.));
#17045 = ORIENTED_EDGE('',*,*,#5076,.F.);
#17046 = PLANE('',#17047);
#17047 = AXIS2_PLACEMENT_3D('',#17048,#17049,#17050);
#17048 = CARTESIAN_POINT('',(2.474542,71.173136,0.));
#17049 = DIRECTION('',(-0.382569992546,0.923926512664,0.));
#17050 = DIRECTION('',(0.923926512664,0.382569992546,0.));
#17051 = ADVANCED_FACE('',(#17052),#17070,.F.);
#17052 = FACE_BOUND('',#17053,.F.);
#17053 = EDGE_LOOP('',(#17054,#17055,#17063,#17069));
#17054 = ORIENTED_EDGE('',*,*,#17040,.T.);
#17055 = ORIENTED_EDGE('',*,*,#17056,.T.);
#17056 = EDGE_CURVE('',#17033,#17057,#17059,.T.);
#17057 = VERTEX_POINT('',#17058);
#17058 = CARTESIAN_POINT('',(2.516223,71.185785,1.7));
#17059 = LINE('',#17060,#17061);
#17060 = CARTESIAN_POINT('',(2.501593,71.184337,1.7));
#17061 = VECTOR('',#17062,1.);
#17062 = DIRECTION('',(0.995137697729,9.849346454602E-02,0.));
#17063 = ORIENTED_EDGE('',*,*,#17064,.F.);
#17064 = EDGE_CURVE('',#5085,#17057,#17065,.T.);
#17065 = LINE('',#17066,#17067);
#17066 = CARTESIAN_POINT('',(2.516223,71.185785,0.));
#17067 = VECTOR('',#17068,1.);
#17068 = DIRECTION('',(0.,0.,1.));
#17069 = ORIENTED_EDGE('',*,*,#5084,.F.);
#17070 = PLANE('',#17071);
#17071 = AXIS2_PLACEMENT_3D('',#17072,#17073,#17074);
#17072 = CARTESIAN_POINT('',(2.501593,71.184337,0.));
#17073 = DIRECTION('',(-9.849346454602E-02,0.995137697729,0.));
#17074 = DIRECTION('',(0.995137697729,9.849346454602E-02,0.));
#17075 = ADVANCED_FACE('',(#17076),#17094,.F.);
#17076 = FACE_BOUND('',#17077,.F.);
#17077 = EDGE_LOOP('',(#17078,#17079,#17087,#17093));
#17078 = ORIENTED_EDGE('',*,*,#17064,.T.);
#17079 = ORIENTED_EDGE('',*,*,#17080,.T.);
#17080 = EDGE_CURVE('',#17057,#17081,#17083,.T.);
#17081 = VERTEX_POINT('',#17082);
#17082 = CARTESIAN_POINT('',(16.61622,71.185785,1.7));
#17083 = LINE('',#17084,#17085);
#17084 = CARTESIAN_POINT('',(2.516223,71.185785,1.7));
#17085 = VECTOR('',#17086,1.);
#17086 = DIRECTION('',(1.,0.,0.));
#17087 = ORIENTED_EDGE('',*,*,#17088,.F.);
#17088 = EDGE_CURVE('',#5093,#17081,#17089,.T.);
#17089 = LINE('',#17090,#17091);
#17090 = CARTESIAN_POINT('',(16.61622,71.185785,0.));
#17091 = VECTOR('',#17092,1.);
#17092 = DIRECTION('',(0.,0.,1.));
#17093 = ORIENTED_EDGE('',*,*,#5092,.F.);
#17094 = PLANE('',#17095);
#17095 = AXIS2_PLACEMENT_3D('',#17096,#17097,#17098);
#17096 = CARTESIAN_POINT('',(2.516223,71.185785,0.));
#17097 = DIRECTION('',(0.,1.,0.));
#17098 = DIRECTION('',(1.,0.,0.));
#17099 = ADVANCED_FACE('',(#17100),#17111,.F.);
#17100 = FACE_BOUND('',#17101,.F.);
#17101 = EDGE_LOOP('',(#17102,#17103,#17109,#17110));
#17102 = ORIENTED_EDGE('',*,*,#17088,.T.);
#17103 = ORIENTED_EDGE('',*,*,#17104,.T.);
#17104 = EDGE_CURVE('',#17081,#16545,#17105,.T.);
#17105 = LINE('',#17106,#17107);
#17106 = CARTESIAN_POINT('',(16.61622,71.185785,1.7));
#17107 = VECTOR('',#17108,1.);
#17108 = DIRECTION('',(0.995138357525,-9.848679801056E-02,0.));
#17109 = ORIENTED_EDGE('',*,*,#16544,.F.);
#17110 = ORIENTED_EDGE('',*,*,#5100,.F.);
#17111 = PLANE('',#17112);
#17112 = AXIS2_PLACEMENT_3D('',#17113,#17114,#17115);
#17113 = CARTESIAN_POINT('',(16.61622,71.185785,0.));
#17114 = DIRECTION('',(9.848679801056E-02,0.995138357525,0.));
#17115 = DIRECTION('',(0.995138357525,-9.848679801056E-02,0.));
#17116 = ADVANCED_FACE('',(#17117),#17142,.F.);
#17117 = FACE_BOUND('',#17118,.F.);
#17118 = EDGE_LOOP('',(#17119,#17127,#17135,#17141));
#17119 = ORIENTED_EDGE('',*,*,#17120,.T.);
#17120 = EDGE_CURVE('',#5109,#17121,#17123,.T.);
#17121 = VERTEX_POINT('',#17122);
#17122 = CARTESIAN_POINT('',(16.630851,52.134337,1.7));
#17123 = LINE('',#17124,#17125);
#17124 = CARTESIAN_POINT('',(16.630851,52.134337,0.));
#17125 = VECTOR('',#17126,1.);
#17126 = DIRECTION('',(0.,0.,1.));
#17127 = ORIENTED_EDGE('',*,*,#17128,.T.);
#17128 = EDGE_CURVE('',#17121,#17129,#17131,.T.);
#17129 = VERTEX_POINT('',#17130);
#17130 = CARTESIAN_POINT('',(16.657902,52.123136,1.7));
#17131 = LINE('',#17132,#17133);
#17132 = CARTESIAN_POINT('',(16.630851,52.134337,1.7));
#17133 = VECTOR('',#17134,1.);
#17134 = DIRECTION('',(0.923926512664,-0.382569992546,0.));
#17135 = ORIENTED_EDGE('',*,*,#17136,.F.);
#17136 = EDGE_CURVE('',#5111,#17129,#17137,.T.);
#17137 = LINE('',#17138,#17139);
#17138 = CARTESIAN_POINT('',(16.657902,52.123136,0.));
#17139 = VECTOR('',#17140,1.);
#17140 = DIRECTION('',(0.,0.,1.));
#17141 = ORIENTED_EDGE('',*,*,#5108,.F.);
#17142 = PLANE('',#17143);
#17143 = AXIS2_PLACEMENT_3D('',#17144,#17145,#17146);
#17144 = CARTESIAN_POINT('',(16.630851,52.134337,0.));
#17145 = DIRECTION('',(0.382569992546,0.923926512664,0.));
#17146 = DIRECTION('',(0.923926512664,-0.382569992546,0.));
#17147 = ADVANCED_FACE('',(#17148),#17166,.F.);
#17148 = FACE_BOUND('',#17149,.F.);
#17149 = EDGE_LOOP('',(#17150,#17151,#17159,#17165));
#17150 = ORIENTED_EDGE('',*,*,#17136,.T.);
#17151 = ORIENTED_EDGE('',*,*,#17152,.T.);
#17152 = EDGE_CURVE('',#17129,#17153,#17155,.T.);
#17153 = VERTEX_POINT('',#17154);
#17154 = CARTESIAN_POINT('',(16.678577,52.10246,1.7));
#17155 = LINE('',#17156,#17157);
#17156 = CARTESIAN_POINT('',(16.657902,52.123136,1.7));
#17157 = VECTOR('',#17158,1.);
#17158 = DIRECTION('',(0.707089680867,-0.707123881093,0.));
#17159 = ORIENTED_EDGE('',*,*,#17160,.F.);
#17160 = EDGE_CURVE('',#5119,#17153,#17161,.T.);
#17161 = LINE('',#17162,#17163);
#17162 = CARTESIAN_POINT('',(16.678577,52.10246,0.));
#17163 = VECTOR('',#17164,1.);
#17164 = DIRECTION('',(0.,0.,1.));
#17165 = ORIENTED_EDGE('',*,*,#5118,.F.);
#17166 = PLANE('',#17167);
#17167 = AXIS2_PLACEMENT_3D('',#17168,#17169,#17170);
#17168 = CARTESIAN_POINT('',(16.657902,52.123136,0.));
#17169 = DIRECTION('',(0.707123881093,0.707089680867,0.));
#17170 = DIRECTION('',(0.707089680867,-0.707123881093,0.));
#17171 = ADVANCED_FACE('',(#17172),#17190,.F.);
#17172 = FACE_BOUND('',#17173,.F.);
#17173 = EDGE_LOOP('',(#17174,#17175,#17183,#17189));
#17174 = ORIENTED_EDGE('',*,*,#17160,.T.);
#17175 = ORIENTED_EDGE('',*,*,#17176,.T.);
#17176 = EDGE_CURVE('',#17153,#17177,#17179,.T.);
#17177 = VERTEX_POINT('',#17178);
#17178 = CARTESIAN_POINT('',(16.689779,52.075409,1.7));
#17179 = LINE('',#17180,#17181);
#17180 = CARTESIAN_POINT('',(16.678577,52.10246,1.7));
#17181 = VECTOR('',#17182,1.);
#17182 = DIRECTION('',(0.382599148043,-0.923914439717,0.));
#17183 = ORIENTED_EDGE('',*,*,#17184,.F.);
#17184 = EDGE_CURVE('',#5127,#17177,#17185,.T.);
#17185 = LINE('',#17186,#17187);
#17186 = CARTESIAN_POINT('',(16.689779,52.075409,0.));
#17187 = VECTOR('',#17188,1.);
#17188 = DIRECTION('',(0.,0.,1.));
#17189 = ORIENTED_EDGE('',*,*,#5126,.F.);
#17190 = PLANE('',#17191);
#17191 = AXIS2_PLACEMENT_3D('',#17192,#17193,#17194);
#17192 = CARTESIAN_POINT('',(16.678577,52.10246,0.));
#17193 = DIRECTION('',(0.923914439717,0.382599148043,0.));
#17194 = DIRECTION('',(0.382599148043,-0.923914439717,0.));
#17195 = ADVANCED_FACE('',(#17196),#17214,.F.);
#17196 = FACE_BOUND('',#17197,.F.);
#17197 = EDGE_LOOP('',(#17198,#17199,#17207,#17213));
#17198 = ORIENTED_EDGE('',*,*,#17184,.T.);
#17199 = ORIENTED_EDGE('',*,*,#17200,.T.);
#17200 = EDGE_CURVE('',#17177,#17201,#17203,.T.);
#17201 = VERTEX_POINT('',#17202);
#17202 = CARTESIAN_POINT('',(16.691226,52.060779,1.7));
#17203 = LINE('',#17204,#17205);
#17204 = CARTESIAN_POINT('',(16.689779,52.075409,1.7));
#17205 = VECTOR('',#17206,1.);
#17206 = DIRECTION('',(9.842610338379E-02,-0.995144362478,0.));
#17207 = ORIENTED_EDGE('',*,*,#17208,.F.);
#17208 = EDGE_CURVE('',#5135,#17201,#17209,.T.);
#17209 = LINE('',#17210,#17211);
#17210 = CARTESIAN_POINT('',(16.691226,52.060779,0.));
#17211 = VECTOR('',#17212,1.);
#17212 = DIRECTION('',(0.,0.,1.));
#17213 = ORIENTED_EDGE('',*,*,#5134,.F.);
#17214 = PLANE('',#17215);
#17215 = AXIS2_PLACEMENT_3D('',#17216,#17217,#17218);
#17216 = CARTESIAN_POINT('',(16.689779,52.075409,0.));
#17217 = DIRECTION('',(0.995144362478,9.842610338379E-02,0.));
#17218 = DIRECTION('',(9.842610338379E-02,-0.995144362478,0.));
#17219 = ADVANCED_FACE('',(#17220),#17238,.F.);
#17220 = FACE_BOUND('',#17221,.F.);
#17221 = EDGE_LOOP('',(#17222,#17223,#17231,#17237));
#17222 = ORIENTED_EDGE('',*,*,#17208,.T.);
#17223 = ORIENTED_EDGE('',*,*,#17224,.T.);
#17224 = EDGE_CURVE('',#17201,#17225,#17227,.T.);
#17225 = VERTEX_POINT('',#17226);
#17226 = CARTESIAN_POINT('',(16.691226,37.960782,1.7));
#17227 = LINE('',#17228,#17229);
#17228 = CARTESIAN_POINT('',(16.691226,52.060779,1.7));
#17229 = VECTOR('',#17230,1.);
#17230 = DIRECTION('',(0.,-1.,0.));
#17231 = ORIENTED_EDGE('',*,*,#17232,.F.);
#17232 = EDGE_CURVE('',#5143,#17225,#17233,.T.);
#17233 = LINE('',#17234,#17235);
#17234 = CARTESIAN_POINT('',(16.691226,37.960782,0.));
#17235 = VECTOR('',#17236,1.);
#17236 = DIRECTION('',(0.,0.,1.));
#17237 = ORIENTED_EDGE('',*,*,#5142,.F.);
#17238 = PLANE('',#17239);
#17239 = AXIS2_PLACEMENT_3D('',#17240,#17241,#17242);
#17240 = CARTESIAN_POINT('',(16.691226,52.060779,0.));
#17241 = DIRECTION('',(1.,0.,0.));
#17242 = DIRECTION('',(0.,-1.,0.));
#17243 = ADVANCED_FACE('',(#17244),#17262,.F.);
#17244 = FACE_BOUND('',#17245,.F.);
#17245 = EDGE_LOOP('',(#17246,#17247,#17255,#17261));
#17246 = ORIENTED_EDGE('',*,*,#17232,.T.);
#17247 = ORIENTED_EDGE('',*,*,#17248,.T.);
#17248 = EDGE_CURVE('',#17225,#17249,#17251,.T.);
#17249 = VERTEX_POINT('',#17250);
#17250 = CARTESIAN_POINT('',(16.689779,37.946151,1.7));
#17251 = LINE('',#17252,#17253);
#17252 = CARTESIAN_POINT('',(16.691226,37.960782,1.7));
#17253 = VECTOR('',#17254,1.);
#17254 = DIRECTION('',(-9.841944131848E-02,-0.995145021377,0.));
#17255 = ORIENTED_EDGE('',*,*,#17256,.F.);
#17256 = EDGE_CURVE('',#5151,#17249,#17257,.T.);
#17257 = LINE('',#17258,#17259);
#17258 = CARTESIAN_POINT('',(16.689779,37.946151,0.));
#17259 = VECTOR('',#17260,1.);
#17260 = DIRECTION('',(0.,0.,1.));
#17261 = ORIENTED_EDGE('',*,*,#5150,.F.);
#17262 = PLANE('',#17263);
#17263 = AXIS2_PLACEMENT_3D('',#17264,#17265,#17266);
#17264 = CARTESIAN_POINT('',(16.691226,37.960782,0.));
#17265 = DIRECTION('',(0.995145021377,-9.841944131848E-02,0.));
#17266 = DIRECTION('',(-9.841944131848E-02,-0.995145021377,0.));
#17267 = ADVANCED_FACE('',(#17268),#17286,.F.);
#17268 = FACE_BOUND('',#17269,.F.);
#17269 = EDGE_LOOP('',(#17270,#17271,#17279,#17285));
#17270 = ORIENTED_EDGE('',*,*,#17256,.T.);
#17271 = ORIENTED_EDGE('',*,*,#17272,.T.);
#17272 = EDGE_CURVE('',#17249,#17273,#17275,.T.);
#17273 = VERTEX_POINT('',#17274);
#17274 = CARTESIAN_POINT('',(16.678577,37.9191,1.7));
#17275 = LINE('',#17276,#17277);
#17276 = CARTESIAN_POINT('',(16.689779,37.946151,1.7));
#17277 = VECTOR('',#17278,1.);
#17278 = DIRECTION('',(-0.382599148043,-0.923914439717,0.));
#17279 = ORIENTED_EDGE('',*,*,#17280,.F.);
#17280 = EDGE_CURVE('',#5159,#17273,#17281,.T.);
#17281 = LINE('',#17282,#17283);
#17282 = CARTESIAN_POINT('',(16.678577,37.9191,0.));
#17283 = VECTOR('',#17284,1.);
#17284 = DIRECTION('',(0.,0.,1.));
#17285 = ORIENTED_EDGE('',*,*,#5158,.F.);
#17286 = PLANE('',#17287);
#17287 = AXIS2_PLACEMENT_3D('',#17288,#17289,#17290);
#17288 = CARTESIAN_POINT('',(16.689779,37.946151,0.));
#17289 = DIRECTION('',(0.923914439717,-0.382599148043,0.));
#17290 = DIRECTION('',(-0.382599148043,-0.923914439717,0.));
#17291 = ADVANCED_FACE('',(#17292),#17310,.F.);
#17292 = FACE_BOUND('',#17293,.F.);
#17293 = EDGE_LOOP('',(#17294,#17295,#17303,#17309));
#17294 = ORIENTED_EDGE('',*,*,#17280,.T.);
#17295 = ORIENTED_EDGE('',*,*,#17296,.T.);
#17296 = EDGE_CURVE('',#17273,#17297,#17299,.T.);
#17297 = VERTEX_POINT('',#17298);
#17298 = CARTESIAN_POINT('',(16.657902,37.898425,1.7));
#17299 = LINE('',#17300,#17301);
#17300 = CARTESIAN_POINT('',(16.678577,37.9191,1.7));
#17301 = VECTOR('',#17302,1.);
#17302 = DIRECTION('',(-0.707106781187,-0.707106781186,0.));
#17303 = ORIENTED_EDGE('',*,*,#17304,.F.);
#17304 = EDGE_CURVE('',#5167,#17297,#17305,.T.);
#17305 = LINE('',#17306,#17307);
#17306 = CARTESIAN_POINT('',(16.657902,37.898425,0.));
#17307 = VECTOR('',#17308,1.);
#17308 = DIRECTION('',(0.,0.,1.));
#17309 = ORIENTED_EDGE('',*,*,#5166,.F.);
#17310 = PLANE('',#17311);
#17311 = AXIS2_PLACEMENT_3D('',#17312,#17313,#17314);
#17312 = CARTESIAN_POINT('',(16.678577,37.9191,0.));
#17313 = DIRECTION('',(0.707106781186,-0.707106781187,0.));
#17314 = DIRECTION('',(-0.707106781187,-0.707106781186,0.));
#17315 = ADVANCED_FACE('',(#17316),#17334,.F.);
#17316 = FACE_BOUND('',#17317,.F.);
#17317 = EDGE_LOOP('',(#17318,#17319,#17327,#17333));
#17318 = ORIENTED_EDGE('',*,*,#17304,.T.);
#17319 = ORIENTED_EDGE('',*,*,#17320,.T.);
#17320 = EDGE_CURVE('',#17297,#17321,#17323,.T.);
#17321 = VERTEX_POINT('',#17322);
#17322 = CARTESIAN_POINT('',(16.630851,37.887223,1.7));
#17323 = LINE('',#17324,#17325);
#17324 = CARTESIAN_POINT('',(16.657902,37.898425,1.7));
#17325 = VECTOR('',#17326,1.);
#17326 = DIRECTION('',(-0.923914439717,-0.382599148043,0.));
#17327 = ORIENTED_EDGE('',*,*,#17328,.F.);
#17328 = EDGE_CURVE('',#5175,#17321,#17329,.T.);
#17329 = LINE('',#17330,#17331);
#17330 = CARTESIAN_POINT('',(16.630851,37.887223,0.));
#17331 = VECTOR('',#17332,1.);
#17332 = DIRECTION('',(0.,0.,1.));
#17333 = ORIENTED_EDGE('',*,*,#5174,.F.);
#17334 = PLANE('',#17335);
#17335 = AXIS2_PLACEMENT_3D('',#17336,#17337,#17338);
#17336 = CARTESIAN_POINT('',(16.657902,37.898425,0.));
#17337 = DIRECTION('',(0.382599148043,-0.923914439717,0.));
#17338 = DIRECTION('',(-0.923914439717,-0.382599148043,0.));
#17339 = ADVANCED_FACE('',(#17340),#17358,.F.);
#17340 = FACE_BOUND('',#17341,.F.);
#17341 = EDGE_LOOP('',(#17342,#17343,#17351,#17357));
#17342 = ORIENTED_EDGE('',*,*,#17328,.T.);
#17343 = ORIENTED_EDGE('',*,*,#17344,.T.);
#17344 = EDGE_CURVE('',#17321,#17345,#17347,.T.);
#17345 = VERTEX_POINT('',#17346);
#17346 = CARTESIAN_POINT('',(16.61622,37.885776,1.7));
#17347 = LINE('',#17348,#17349);
#17348 = CARTESIAN_POINT('',(16.630851,37.887223,1.7));
#17349 = VECTOR('',#17350,1.);
#17350 = DIRECTION('',(-0.995145021377,-9.841944131848E-02,0.));
#17351 = ORIENTED_EDGE('',*,*,#17352,.F.);
#17352 = EDGE_CURVE('',#5183,#17345,#17353,.T.);
#17353 = LINE('',#17354,#17355);
#17354 = CARTESIAN_POINT('',(16.61622,37.885776,0.));
#17355 = VECTOR('',#17356,1.);
#17356 = DIRECTION('',(0.,0.,1.));
#17357 = ORIENTED_EDGE('',*,*,#5182,.F.);
#17358 = PLANE('',#17359);
#17359 = AXIS2_PLACEMENT_3D('',#17360,#17361,#17362);
#17360 = CARTESIAN_POINT('',(16.630851,37.887223,0.));
#17361 = DIRECTION('',(9.841944131848E-02,-0.995145021377,0.));
#17362 = DIRECTION('',(-0.995145021377,-9.841944131848E-02,0.));
#17363 = ADVANCED_FACE('',(#17364),#17382,.F.);
#17364 = FACE_BOUND('',#17365,.F.);
#17365 = EDGE_LOOP('',(#17366,#17367,#17375,#17381));
#17366 = ORIENTED_EDGE('',*,*,#17352,.T.);
#17367 = ORIENTED_EDGE('',*,*,#17368,.T.);
#17368 = EDGE_CURVE('',#17345,#17369,#17371,.T.);
#17369 = VERTEX_POINT('',#17370);
#17370 = CARTESIAN_POINT('',(2.516223,37.885776,1.7));
#17371 = LINE('',#17372,#17373);
#17372 = CARTESIAN_POINT('',(16.61622,37.885776,1.7));
#17373 = VECTOR('',#17374,1.);
#17374 = DIRECTION('',(-1.,0.,0.));
#17375 = ORIENTED_EDGE('',*,*,#17376,.F.);
#17376 = EDGE_CURVE('',#5191,#17369,#17377,.T.);
#17377 = LINE('',#17378,#17379);
#17378 = CARTESIAN_POINT('',(2.516223,37.885776,0.));
#17379 = VECTOR('',#17380,1.);
#17380 = DIRECTION('',(0.,0.,1.));
#17381 = ORIENTED_EDGE('',*,*,#5190,.F.);
#17382 = PLANE('',#17383);
#17383 = AXIS2_PLACEMENT_3D('',#17384,#17385,#17386);
#17384 = CARTESIAN_POINT('',(16.61622,37.885776,0.));
#17385 = DIRECTION('',(0.,-1.,0.));
#17386 = DIRECTION('',(-1.,0.,0.));
#17387 = ADVANCED_FACE('',(#17388),#17406,.F.);
#17388 = FACE_BOUND('',#17389,.F.);
#17389 = EDGE_LOOP('',(#17390,#17391,#17399,#17405));
#17390 = ORIENTED_EDGE('',*,*,#17376,.T.);
#17391 = ORIENTED_EDGE('',*,*,#17392,.T.);
#17392 = EDGE_CURVE('',#17369,#17393,#17395,.T.);
#17393 = VERTEX_POINT('',#17394);
#17394 = CARTESIAN_POINT('',(2.501593,37.887223,1.7));
#17395 = LINE('',#17396,#17397);
#17396 = CARTESIAN_POINT('',(2.516223,37.885776,1.7));
#17397 = VECTOR('',#17398,1.);
#17398 = DIRECTION('',(-0.995144362478,9.842610338382E-02,0.));
#17399 = ORIENTED_EDGE('',*,*,#17400,.F.);
#17400 = EDGE_CURVE('',#5199,#17393,#17401,.T.);
#17401 = LINE('',#17402,#17403);
#17402 = CARTESIAN_POINT('',(2.501593,37.887223,0.));
#17403 = VECTOR('',#17404,1.);
#17404 = DIRECTION('',(0.,0.,1.));
#17405 = ORIENTED_EDGE('',*,*,#5198,.F.);
#17406 = PLANE('',#17407);
#17407 = AXIS2_PLACEMENT_3D('',#17408,#17409,#17410);
#17408 = CARTESIAN_POINT('',(2.516223,37.885776,0.));
#17409 = DIRECTION('',(-9.842610338382E-02,-0.995144362478,0.));
#17410 = DIRECTION('',(-0.995144362478,9.842610338382E-02,0.));
#17411 = ADVANCED_FACE('',(#17412),#17430,.F.);
#17412 = FACE_BOUND('',#17413,.F.);
#17413 = EDGE_LOOP('',(#17414,#17415,#17423,#17429));
#17414 = ORIENTED_EDGE('',*,*,#17400,.T.);
#17415 = ORIENTED_EDGE('',*,*,#17416,.T.);
#17416 = EDGE_CURVE('',#17393,#17417,#17419,.T.);
#17417 = VERTEX_POINT('',#17418);
#17418 = CARTESIAN_POINT('',(2.474542,37.898425,1.7));
#17419 = LINE('',#17420,#17421);
#17420 = CARTESIAN_POINT('',(2.501593,37.887223,1.7));
#17421 = VECTOR('',#17422,1.);
#17422 = DIRECTION('',(-0.923914439717,0.382599148043,0.));
#17423 = ORIENTED_EDGE('',*,*,#17424,.F.);
#17424 = EDGE_CURVE('',#5207,#17417,#17425,.T.);
#17425 = LINE('',#17426,#17427);
#17426 = CARTESIAN_POINT('',(2.474542,37.898425,0.));
#17427 = VECTOR('',#17428,1.);
#17428 = DIRECTION('',(0.,0.,1.));
#17429 = ORIENTED_EDGE('',*,*,#5206,.F.);
#17430 = PLANE('',#17431);
#17431 = AXIS2_PLACEMENT_3D('',#17432,#17433,#17434);
#17432 = CARTESIAN_POINT('',(2.501593,37.887223,0.));
#17433 = DIRECTION('',(-0.382599148043,-0.923914439717,0.));
#17434 = DIRECTION('',(-0.923914439717,0.382599148043,0.));
#17435 = ADVANCED_FACE('',(#17436),#17454,.F.);
#17436 = FACE_BOUND('',#17437,.F.);
#17437 = EDGE_LOOP('',(#17438,#17439,#17447,#17453));
#17438 = ORIENTED_EDGE('',*,*,#17424,.T.);
#17439 = ORIENTED_EDGE('',*,*,#17440,.T.);
#17440 = EDGE_CURVE('',#17417,#17441,#17443,.T.);
#17441 = VERTEX_POINT('',#17442);
#17442 = CARTESIAN_POINT('',(2.453866,37.9191,1.7));
#17443 = LINE('',#17444,#17445);
#17444 = CARTESIAN_POINT('',(2.474542,37.898425,1.7));
#17445 = VECTOR('',#17446,1.);
#17446 = DIRECTION('',(-0.707123881093,0.707089680867,0.));
#17447 = ORIENTED_EDGE('',*,*,#17448,.F.);
#17448 = EDGE_CURVE('',#5215,#17441,#17449,.T.);
#17449 = LINE('',#17450,#17451);
#17450 = CARTESIAN_POINT('',(2.453866,37.9191,0.));
#17451 = VECTOR('',#17452,1.);
#17452 = DIRECTION('',(0.,0.,1.));
#17453 = ORIENTED_EDGE('',*,*,#5214,.F.);
#17454 = PLANE('',#17455);
#17455 = AXIS2_PLACEMENT_3D('',#17456,#17457,#17458);
#17456 = CARTESIAN_POINT('',(2.474542,37.898425,0.));
#17457 = DIRECTION('',(-0.707089680867,-0.707123881093,0.));
#17458 = DIRECTION('',(-0.707123881093,0.707089680867,0.));
#17459 = ADVANCED_FACE('',(#17460),#17478,.F.);
#17460 = FACE_BOUND('',#17461,.F.);
#17461 = EDGE_LOOP('',(#17462,#17463,#17471,#17477));
#17462 = ORIENTED_EDGE('',*,*,#17448,.T.);
#17463 = ORIENTED_EDGE('',*,*,#17464,.T.);
#17464 = EDGE_CURVE('',#17441,#17465,#17467,.T.);
#17465 = VERTEX_POINT('',#17466);
#17466 = CARTESIAN_POINT('',(2.442665,37.946151,1.7));
#17467 = LINE('',#17468,#17469);
#17468 = CARTESIAN_POINT('',(2.453866,37.9191,1.7));
#17469 = VECTOR('',#17470,1.);
#17470 = DIRECTION('',(-0.382569992546,0.923926512664,0.));
#17471 = ORIENTED_EDGE('',*,*,#17472,.F.);
#17472 = EDGE_CURVE('',#5223,#17465,#17473,.T.);
#17473 = LINE('',#17474,#17475);
#17474 = CARTESIAN_POINT('',(2.442665,37.946151,0.));
#17475 = VECTOR('',#17476,1.);
#17476 = DIRECTION('',(0.,0.,1.));
#17477 = ORIENTED_EDGE('',*,*,#5222,.F.);
#17478 = PLANE('',#17479);
#17479 = AXIS2_PLACEMENT_3D('',#17480,#17481,#17482);
#17480 = CARTESIAN_POINT('',(2.453866,37.9191,0.));
#17481 = DIRECTION('',(-0.923926512664,-0.382569992546,0.));
#17482 = DIRECTION('',(-0.382569992546,0.923926512664,0.));
#17483 = ADVANCED_FACE('',(#17484),#17502,.F.);
#17484 = FACE_BOUND('',#17485,.F.);
#17485 = EDGE_LOOP('',(#17486,#17487,#17495,#17501));
#17486 = ORIENTED_EDGE('',*,*,#17472,.T.);
#17487 = ORIENTED_EDGE('',*,*,#17488,.T.);
#17488 = EDGE_CURVE('',#17465,#17489,#17491,.T.);
#17489 = VERTEX_POINT('',#17490);
#17490 = CARTESIAN_POINT('',(2.441217,37.960782,1.7));
#17491 = LINE('',#17492,#17493);
#17492 = CARTESIAN_POINT('',(2.442665,37.946151,1.7));
#17493 = VECTOR('',#17494,1.);
#17494 = DIRECTION('',(-9.84867980108E-02,0.995138357525,0.));
#17495 = ORIENTED_EDGE('',*,*,#17496,.F.);
#17496 = EDGE_CURVE('',#5231,#17489,#17497,.T.);
#17497 = LINE('',#17498,#17499);
#17498 = CARTESIAN_POINT('',(2.441217,37.960782,0.));
#17499 = VECTOR('',#17500,1.);
#17500 = DIRECTION('',(0.,0.,1.));
#17501 = ORIENTED_EDGE('',*,*,#5230,.F.);
#17502 = PLANE('',#17503);
#17503 = AXIS2_PLACEMENT_3D('',#17504,#17505,#17506);
#17504 = CARTESIAN_POINT('',(2.442665,37.946151,0.));
#17505 = DIRECTION('',(-0.995138357525,-9.84867980108E-02,0.));
#17506 = DIRECTION('',(-9.84867980108E-02,0.995138357525,0.));
#17507 = ADVANCED_FACE('',(#17508),#17526,.F.);
#17508 = FACE_BOUND('',#17509,.F.);
#17509 = EDGE_LOOP('',(#17510,#17511,#17519,#17525));
#17510 = ORIENTED_EDGE('',*,*,#17496,.T.);
#17511 = ORIENTED_EDGE('',*,*,#17512,.T.);
#17512 = EDGE_CURVE('',#17489,#17513,#17515,.T.);
#17513 = VERTEX_POINT('',#17514);
#17514 = CARTESIAN_POINT('',(2.441217,52.060779,1.7));
#17515 = LINE('',#17516,#17517);
#17516 = CARTESIAN_POINT('',(2.441217,37.960782,1.7));
#17517 = VECTOR('',#17518,1.);
#17518 = DIRECTION('',(0.,1.,0.));
#17519 = ORIENTED_EDGE('',*,*,#17520,.F.);
#17520 = EDGE_CURVE('',#5239,#17513,#17521,.T.);
#17521 = LINE('',#17522,#17523);
#17522 = CARTESIAN_POINT('',(2.441217,52.060779,0.));
#17523 = VECTOR('',#17524,1.);
#17524 = DIRECTION('',(0.,0.,1.));
#17525 = ORIENTED_EDGE('',*,*,#5238,.F.);
#17526 = PLANE('',#17527);
#17527 = AXIS2_PLACEMENT_3D('',#17528,#17529,#17530);
#17528 = CARTESIAN_POINT('',(2.441217,37.960782,0.));
#17529 = DIRECTION('',(-1.,0.,0.));
#17530 = DIRECTION('',(0.,1.,0.));
#17531 = ADVANCED_FACE('',(#17532),#17550,.F.);
#17532 = FACE_BOUND('',#17533,.F.);
#17533 = EDGE_LOOP('',(#17534,#17535,#17543,#17549));
#17534 = ORIENTED_EDGE('',*,*,#17520,.T.);
#17535 = ORIENTED_EDGE('',*,*,#17536,.T.);
#17536 = EDGE_CURVE('',#17513,#17537,#17539,.T.);
#17537 = VERTEX_POINT('',#17538);
#17538 = CARTESIAN_POINT('',(2.442665,52.075409,1.7));
#17539 = LINE('',#17540,#17541);
#17540 = CARTESIAN_POINT('',(2.441217,52.060779,1.7));
#17541 = VECTOR('',#17542,1.);
#17542 = DIRECTION('',(9.849346454623E-02,0.995137697729,0.));
#17543 = ORIENTED_EDGE('',*,*,#17544,.F.);
#17544 = EDGE_CURVE('',#5247,#17537,#17545,.T.);
#17545 = LINE('',#17546,#17547);
#17546 = CARTESIAN_POINT('',(2.442665,52.075409,0.));
#17547 = VECTOR('',#17548,1.);
#17548 = DIRECTION('',(0.,0.,1.));
#17549 = ORIENTED_EDGE('',*,*,#5246,.F.);
#17550 = PLANE('',#17551);
#17551 = AXIS2_PLACEMENT_3D('',#17552,#17553,#17554);
#17552 = CARTESIAN_POINT('',(2.441217,52.060779,0.));
#17553 = DIRECTION('',(-0.995137697729,9.849346454623E-02,0.));
#17554 = DIRECTION('',(9.849346454623E-02,0.995137697729,0.));
#17555 = ADVANCED_FACE('',(#17556),#17574,.F.);
#17556 = FACE_BOUND('',#17557,.F.);
#17557 = EDGE_LOOP('',(#17558,#17559,#17567,#17573));
#17558 = ORIENTED_EDGE('',*,*,#17544,.T.);
#17559 = ORIENTED_EDGE('',*,*,#17560,.T.);
#17560 = EDGE_CURVE('',#17537,#17561,#17563,.T.);
#17561 = VERTEX_POINT('',#17562);
#17562 = CARTESIAN_POINT('',(2.453866,52.10246,1.7));
#17563 = LINE('',#17564,#17565);
#17564 = CARTESIAN_POINT('',(2.442665,52.075409,1.7));
#17565 = VECTOR('',#17566,1.);
#17566 = DIRECTION('',(0.382569992546,0.923926512664,0.));
#17567 = ORIENTED_EDGE('',*,*,#17568,.F.);
#17568 = EDGE_CURVE('',#5255,#17561,#17569,.T.);
#17569 = LINE('',#17570,#17571);
#17570 = CARTESIAN_POINT('',(2.453866,52.10246,0.));
#17571 = VECTOR('',#17572,1.);
#17572 = DIRECTION('',(0.,0.,1.));
#17573 = ORIENTED_EDGE('',*,*,#5254,.F.);
#17574 = PLANE('',#17575);
#17575 = AXIS2_PLACEMENT_3D('',#17576,#17577,#17578);
#17576 = CARTESIAN_POINT('',(2.442665,52.075409,0.));
#17577 = DIRECTION('',(-0.923926512664,0.382569992546,0.));
#17578 = DIRECTION('',(0.382569992546,0.923926512664,0.));
#17579 = ADVANCED_FACE('',(#17580),#17598,.F.);
#17580 = FACE_BOUND('',#17581,.F.);
#17581 = EDGE_LOOP('',(#17582,#17583,#17591,#17597));
#17582 = ORIENTED_EDGE('',*,*,#17568,.T.);
#17583 = ORIENTED_EDGE('',*,*,#17584,.T.);
#17584 = EDGE_CURVE('',#17561,#17585,#17587,.T.);
#17585 = VERTEX_POINT('',#17586);
#17586 = CARTESIAN_POINT('',(2.474542,52.123136,1.7));
#17587 = LINE('',#17588,#17589);
#17588 = CARTESIAN_POINT('',(2.453866,52.10246,1.7));
#17589 = VECTOR('',#17590,1.);
#17590 = DIRECTION('',(0.707106781187,0.707106781187,0.));
#17591 = ORIENTED_EDGE('',*,*,#17592,.F.);
#17592 = EDGE_CURVE('',#5263,#17585,#17593,.T.);
#17593 = LINE('',#17594,#17595);
#17594 = CARTESIAN_POINT('',(2.474542,52.123136,0.));
#17595 = VECTOR('',#17596,1.);
#17596 = DIRECTION('',(0.,0.,1.));
#17597 = ORIENTED_EDGE('',*,*,#5262,.F.);
#17598 = PLANE('',#17599);
#17599 = AXIS2_PLACEMENT_3D('',#17600,#17601,#17602);
#17600 = CARTESIAN_POINT('',(2.453866,52.10246,0.));
#17601 = DIRECTION('',(-0.707106781187,0.707106781187,0.));
#17602 = DIRECTION('',(0.707106781187,0.707106781187,0.));
#17603 = ADVANCED_FACE('',(#17604),#17622,.F.);
#17604 = FACE_BOUND('',#17605,.F.);
#17605 = EDGE_LOOP('',(#17606,#17607,#17615,#17621));
#17606 = ORIENTED_EDGE('',*,*,#17592,.T.);
#17607 = ORIENTED_EDGE('',*,*,#17608,.T.);
#17608 = EDGE_CURVE('',#17585,#17609,#17611,.T.);
#17609 = VERTEX_POINT('',#17610);
#17610 = CARTESIAN_POINT('',(2.501593,52.134337,1.7));
#17611 = LINE('',#17612,#17613);
#17612 = CARTESIAN_POINT('',(2.474542,52.123136,1.7));
#17613 = VECTOR('',#17614,1.);
#17614 = DIRECTION('',(0.923926512664,0.382569992546,0.));
#17615 = ORIENTED_EDGE('',*,*,#17616,.F.);
#17616 = EDGE_CURVE('',#5271,#17609,#17617,.T.);
#17617 = LINE('',#17618,#17619);
#17618 = CARTESIAN_POINT('',(2.501593,52.134337,0.));
#17619 = VECTOR('',#17620,1.);
#17620 = DIRECTION('',(0.,0.,1.));
#17621 = ORIENTED_EDGE('',*,*,#5270,.F.);
#17622 = PLANE('',#17623);
#17623 = AXIS2_PLACEMENT_3D('',#17624,#17625,#17626);
#17624 = CARTESIAN_POINT('',(2.474542,52.123136,0.));
#17625 = DIRECTION('',(-0.382569992546,0.923926512664,0.));
#17626 = DIRECTION('',(0.923926512664,0.382569992546,0.));
#17627 = ADVANCED_FACE('',(#17628),#17646,.F.);
#17628 = FACE_BOUND('',#17629,.F.);
#17629 = EDGE_LOOP('',(#17630,#17631,#17639,#17645));
#17630 = ORIENTED_EDGE('',*,*,#17616,.T.);
#17631 = ORIENTED_EDGE('',*,*,#17632,.T.);
#17632 = EDGE_CURVE('',#17609,#17633,#17635,.T.);
#17633 = VERTEX_POINT('',#17634);
#17634 = CARTESIAN_POINT('',(2.516223,52.135785,1.7));
#17635 = LINE('',#17636,#17637);
#17636 = CARTESIAN_POINT('',(2.501593,52.134337,1.7));
#17637 = VECTOR('',#17638,1.);
#17638 = DIRECTION('',(0.995137697729,9.849346454602E-02,0.));
#17639 = ORIENTED_EDGE('',*,*,#17640,.F.);
#17640 = EDGE_CURVE('',#5279,#17633,#17641,.T.);
#17641 = LINE('',#17642,#17643);
#17642 = CARTESIAN_POINT('',(2.516223,52.135785,0.));
#17643 = VECTOR('',#17644,1.);
#17644 = DIRECTION('',(0.,0.,1.));
#17645 = ORIENTED_EDGE('',*,*,#5278,.F.);
#17646 = PLANE('',#17647);
#17647 = AXIS2_PLACEMENT_3D('',#17648,#17649,#17650);
#17648 = CARTESIAN_POINT('',(2.501593,52.134337,0.));
#17649 = DIRECTION('',(-9.849346454602E-02,0.995137697729,0.));
#17650 = DIRECTION('',(0.995137697729,9.849346454602E-02,0.));
#17651 = ADVANCED_FACE('',(#17652),#17670,.F.);
#17652 = FACE_BOUND('',#17653,.F.);
#17653 = EDGE_LOOP('',(#17654,#17655,#17663,#17669));
#17654 = ORIENTED_EDGE('',*,*,#17640,.T.);
#17655 = ORIENTED_EDGE('',*,*,#17656,.T.);
#17656 = EDGE_CURVE('',#17633,#17657,#17659,.T.);
#17657 = VERTEX_POINT('',#17658);
#17658 = CARTESIAN_POINT('',(16.61622,52.135785,1.7));
#17659 = LINE('',#17660,#17661);
#17660 = CARTESIAN_POINT('',(2.516223,52.135785,1.7));
#17661 = VECTOR('',#17662,1.);
#17662 = DIRECTION('',(1.,0.,0.));
#17663 = ORIENTED_EDGE('',*,*,#17664,.F.);
#17664 = EDGE_CURVE('',#5287,#17657,#17665,.T.);
#17665 = LINE('',#17666,#17667);
#17666 = CARTESIAN_POINT('',(16.61622,52.135785,0.));
#17667 = VECTOR('',#17668,1.);
#17668 = DIRECTION('',(0.,0.,1.));
#17669 = ORIENTED_EDGE('',*,*,#5286,.F.);
#17670 = PLANE('',#17671);
#17671 = AXIS2_PLACEMENT_3D('',#17672,#17673,#17674);
#17672 = CARTESIAN_POINT('',(2.516223,52.135785,0.));
#17673 = DIRECTION('',(0.,1.,0.));
#17674 = DIRECTION('',(1.,0.,0.));
#17675 = ADVANCED_FACE('',(#17676),#17687,.F.);
#17676 = FACE_BOUND('',#17677,.F.);
#17677 = EDGE_LOOP('',(#17678,#17679,#17685,#17686));
#17678 = ORIENTED_EDGE('',*,*,#17664,.T.);
#17679 = ORIENTED_EDGE('',*,*,#17680,.T.);
#17680 = EDGE_CURVE('',#17657,#17121,#17681,.T.);
#17681 = LINE('',#17682,#17683);
#17682 = CARTESIAN_POINT('',(16.61622,52.135785,1.7));
#17683 = VECTOR('',#17684,1.);
#17684 = DIRECTION('',(0.995138357525,-9.848679801056E-02,0.));
#17685 = ORIENTED_EDGE('',*,*,#17120,.F.);
#17686 = ORIENTED_EDGE('',*,*,#5294,.F.);
#17687 = PLANE('',#17688);
#17688 = AXIS2_PLACEMENT_3D('',#17689,#17690,#17691);
#17689 = CARTESIAN_POINT('',(16.61622,52.135785,0.));
#17690 = DIRECTION('',(9.848679801056E-02,0.995138357525,0.));
#17691 = DIRECTION('',(0.995138357525,-9.848679801056E-02,0.));
#17692 = ADVANCED_FACE('',(#17693),#17718,.F.);
#17693 = FACE_BOUND('',#17694,.F.);
#17694 = EDGE_LOOP('',(#17695,#17703,#17711,#17717));
#17695 = ORIENTED_EDGE('',*,*,#17696,.T.);
#17696 = EDGE_CURVE('',#5303,#17697,#17699,.T.);
#17697 = VERTEX_POINT('',#17698);
#17698 = CARTESIAN_POINT('',(54.730851,71.184337,1.7));
#17699 = LINE('',#17700,#17701);
#17700 = CARTESIAN_POINT('',(54.730851,71.184337,0.));
#17701 = VECTOR('',#17702,1.);
#17702 = DIRECTION('',(0.,0.,1.));
#17703 = ORIENTED_EDGE('',*,*,#17704,.T.);
#17704 = EDGE_CURVE('',#17697,#17705,#17707,.T.);
#17705 = VERTEX_POINT('',#17706);
#17706 = CARTESIAN_POINT('',(54.757902,71.173136,1.7));
#17707 = LINE('',#17708,#17709);
#17708 = CARTESIAN_POINT('',(54.730851,71.184337,1.7));
#17709 = VECTOR('',#17710,1.);
#17710 = DIRECTION('',(0.923926512664,-0.382569992546,0.));
#17711 = ORIENTED_EDGE('',*,*,#17712,.F.);
#17712 = EDGE_CURVE('',#5305,#17705,#17713,.T.);
#17713 = LINE('',#17714,#17715);
#17714 = CARTESIAN_POINT('',(54.757902,71.173136,0.));
#17715 = VECTOR('',#17716,1.);
#17716 = DIRECTION('',(0.,0.,1.));
#17717 = ORIENTED_EDGE('',*,*,#5302,.F.);
#17718 = PLANE('',#17719);
#17719 = AXIS2_PLACEMENT_3D('',#17720,#17721,#17722);
#17720 = CARTESIAN_POINT('',(54.730851,71.184337,0.));
#17721 = DIRECTION('',(0.382569992546,0.923926512664,0.));
#17722 = DIRECTION('',(0.923926512664,-0.382569992546,0.));
#17723 = ADVANCED_FACE('',(#17724),#17742,.F.);
#17724 = FACE_BOUND('',#17725,.F.);
#17725 = EDGE_LOOP('',(#17726,#17727,#17735,#17741));
#17726 = ORIENTED_EDGE('',*,*,#17712,.T.);
#17727 = ORIENTED_EDGE('',*,*,#17728,.T.);
#17728 = EDGE_CURVE('',#17705,#17729,#17731,.T.);
#17729 = VERTEX_POINT('',#17730);
#17730 = CARTESIAN_POINT('',(54.778577,71.15246,1.7));
#17731 = LINE('',#17732,#17733);
#17732 = CARTESIAN_POINT('',(54.757902,71.173136,1.7));
#17733 = VECTOR('',#17734,1.);
#17734 = DIRECTION('',(0.707089680867,-0.707123881093,0.));
#17735 = ORIENTED_EDGE('',*,*,#17736,.F.);
#17736 = EDGE_CURVE('',#5313,#17729,#17737,.T.);
#17737 = LINE('',#17738,#17739);
#17738 = CARTESIAN_POINT('',(54.778577,71.15246,0.));
#17739 = VECTOR('',#17740,1.);
#17740 = DIRECTION('',(0.,0.,1.));
#17741 = ORIENTED_EDGE('',*,*,#5312,.F.);
#17742 = PLANE('',#17743);
#17743 = AXIS2_PLACEMENT_3D('',#17744,#17745,#17746);
#17744 = CARTESIAN_POINT('',(54.757902,71.173136,0.));
#17745 = DIRECTION('',(0.707123881093,0.707089680867,0.));
#17746 = DIRECTION('',(0.707089680867,-0.707123881093,0.));
#17747 = ADVANCED_FACE('',(#17748),#17766,.F.);
#17748 = FACE_BOUND('',#17749,.F.);
#17749 = EDGE_LOOP('',(#17750,#17751,#17759,#17765));
#17750 = ORIENTED_EDGE('',*,*,#17736,.T.);
#17751 = ORIENTED_EDGE('',*,*,#17752,.T.);
#17752 = EDGE_CURVE('',#17729,#17753,#17755,.T.);
#17753 = VERTEX_POINT('',#17754);
#17754 = CARTESIAN_POINT('',(54.789779,71.125409,1.7));
#17755 = LINE('',#17756,#17757);
#17756 = CARTESIAN_POINT('',(54.778577,71.15246,1.7));
#17757 = VECTOR('',#17758,1.);
#17758 = DIRECTION('',(0.382599148043,-0.923914439717,0.));
#17759 = ORIENTED_EDGE('',*,*,#17760,.F.);
#17760 = EDGE_CURVE('',#5321,#17753,#17761,.T.);
#17761 = LINE('',#17762,#17763);
#17762 = CARTESIAN_POINT('',(54.789779,71.125409,0.));
#17763 = VECTOR('',#17764,1.);
#17764 = DIRECTION('',(0.,0.,1.));
#17765 = ORIENTED_EDGE('',*,*,#5320,.F.);
#17766 = PLANE('',#17767);
#17767 = AXIS2_PLACEMENT_3D('',#17768,#17769,#17770);
#17768 = CARTESIAN_POINT('',(54.778577,71.15246,0.));
#17769 = DIRECTION('',(0.923914439717,0.382599148043,0.));
#17770 = DIRECTION('',(0.382599148043,-0.923914439717,0.));
#17771 = ADVANCED_FACE('',(#17772),#17790,.F.);
#17772 = FACE_BOUND('',#17773,.F.);
#17773 = EDGE_LOOP('',(#17774,#17775,#17783,#17789));
#17774 = ORIENTED_EDGE('',*,*,#17760,.T.);
#17775 = ORIENTED_EDGE('',*,*,#17776,.T.);
#17776 = EDGE_CURVE('',#17753,#17777,#17779,.T.);
#17777 = VERTEX_POINT('',#17778);
#17778 = CARTESIAN_POINT('',(54.791226,71.110779,1.7));
#17779 = LINE('',#17780,#17781);
#17780 = CARTESIAN_POINT('',(54.789779,71.125409,1.7));
#17781 = VECTOR('',#17782,1.);
#17782 = DIRECTION('',(9.842610338374E-02,-0.995144362478,0.));
#17783 = ORIENTED_EDGE('',*,*,#17784,.F.);
#17784 = EDGE_CURVE('',#5329,#17777,#17785,.T.);
#17785 = LINE('',#17786,#17787);
#17786 = CARTESIAN_POINT('',(54.791226,71.110779,0.));
#17787 = VECTOR('',#17788,1.);
#17788 = DIRECTION('',(0.,0.,1.));
#17789 = ORIENTED_EDGE('',*,*,#5328,.F.);
#17790 = PLANE('',#17791);
#17791 = AXIS2_PLACEMENT_3D('',#17792,#17793,#17794);
#17792 = CARTESIAN_POINT('',(54.789779,71.125409,0.));
#17793 = DIRECTION('',(0.995144362478,9.842610338374E-02,0.));
#17794 = DIRECTION('',(9.842610338374E-02,-0.995144362478,0.));
#17795 = ADVANCED_FACE('',(#17796),#17814,.F.);
#17796 = FACE_BOUND('',#17797,.F.);
#17797 = EDGE_LOOP('',(#17798,#17799,#17807,#17813));
#17798 = ORIENTED_EDGE('',*,*,#17784,.T.);
#17799 = ORIENTED_EDGE('',*,*,#17800,.T.);
#17800 = EDGE_CURVE('',#17777,#17801,#17803,.T.);
#17801 = VERTEX_POINT('',#17802);
#17802 = CARTESIAN_POINT('',(54.791226,57.010782,1.7));
#17803 = LINE('',#17804,#17805);
#17804 = CARTESIAN_POINT('',(54.791226,71.110779,1.7));
#17805 = VECTOR('',#17806,1.);
#17806 = DIRECTION('',(0.,-1.,0.));
#17807 = ORIENTED_EDGE('',*,*,#17808,.F.);
#17808 = EDGE_CURVE('',#5337,#17801,#17809,.T.);
#17809 = LINE('',#17810,#17811);
#17810 = CARTESIAN_POINT('',(54.791226,57.010782,0.));
#17811 = VECTOR('',#17812,1.);
#17812 = DIRECTION('',(0.,0.,1.));
#17813 = ORIENTED_EDGE('',*,*,#5336,.F.);
#17814 = PLANE('',#17815);
#17815 = AXIS2_PLACEMENT_3D('',#17816,#17817,#17818);
#17816 = CARTESIAN_POINT('',(54.791226,71.110779,0.));
#17817 = DIRECTION('',(1.,0.,0.));
#17818 = DIRECTION('',(0.,-1.,0.));
#17819 = ADVANCED_FACE('',(#17820),#17838,.F.);
#17820 = FACE_BOUND('',#17821,.F.);
#17821 = EDGE_LOOP('',(#17822,#17823,#17831,#17837));
#17822 = ORIENTED_EDGE('',*,*,#17808,.T.);
#17823 = ORIENTED_EDGE('',*,*,#17824,.T.);
#17824 = EDGE_CURVE('',#17801,#17825,#17827,.T.);
#17825 = VERTEX_POINT('',#17826);
#17826 = CARTESIAN_POINT('',(54.789779,56.996151,1.7));
#17827 = LINE('',#17828,#17829);
#17828 = CARTESIAN_POINT('',(54.791226,57.010782,1.7));
#17829 = VECTOR('',#17830,1.);
#17830 = DIRECTION('',(-9.841944131848E-02,-0.995145021377,0.));
#17831 = ORIENTED_EDGE('',*,*,#17832,.F.);
#17832 = EDGE_CURVE('',#5345,#17825,#17833,.T.);
#17833 = LINE('',#17834,#17835);
#17834 = CARTESIAN_POINT('',(54.789779,56.996151,0.));
#17835 = VECTOR('',#17836,1.);
#17836 = DIRECTION('',(0.,0.,1.));
#17837 = ORIENTED_EDGE('',*,*,#5344,.F.);
#17838 = PLANE('',#17839);
#17839 = AXIS2_PLACEMENT_3D('',#17840,#17841,#17842);
#17840 = CARTESIAN_POINT('',(54.791226,57.010782,0.));
#17841 = DIRECTION('',(0.995145021377,-9.841944131848E-02,0.));
#17842 = DIRECTION('',(-9.841944131848E-02,-0.995145021377,0.));
#17843 = ADVANCED_FACE('',(#17844),#17862,.F.);
#17844 = FACE_BOUND('',#17845,.F.);
#17845 = EDGE_LOOP('',(#17846,#17847,#17855,#17861));
#17846 = ORIENTED_EDGE('',*,*,#17832,.T.);
#17847 = ORIENTED_EDGE('',*,*,#17848,.T.);
#17848 = EDGE_CURVE('',#17825,#17849,#17851,.T.);
#17849 = VERTEX_POINT('',#17850);
#17850 = CARTESIAN_POINT('',(54.778577,56.9691,1.7));
#17851 = LINE('',#17852,#17853);
#17852 = CARTESIAN_POINT('',(54.789779,56.996151,1.7));
#17853 = VECTOR('',#17854,1.);
#17854 = DIRECTION('',(-0.382599148043,-0.923914439717,0.));
#17855 = ORIENTED_EDGE('',*,*,#17856,.F.);
#17856 = EDGE_CURVE('',#5353,#17849,#17857,.T.);
#17857 = LINE('',#17858,#17859);
#17858 = CARTESIAN_POINT('',(54.778577,56.9691,0.));
#17859 = VECTOR('',#17860,1.);
#17860 = DIRECTION('',(0.,0.,1.));
#17861 = ORIENTED_EDGE('',*,*,#5352,.F.);
#17862 = PLANE('',#17863);
#17863 = AXIS2_PLACEMENT_3D('',#17864,#17865,#17866);
#17864 = CARTESIAN_POINT('',(54.789779,56.996151,0.));
#17865 = DIRECTION('',(0.923914439717,-0.382599148043,0.));
#17866 = DIRECTION('',(-0.382599148043,-0.923914439717,0.));
#17867 = ADVANCED_FACE('',(#17868),#17886,.F.);
#17868 = FACE_BOUND('',#17869,.F.);
#17869 = EDGE_LOOP('',(#17870,#17871,#17879,#17885));
#17870 = ORIENTED_EDGE('',*,*,#17856,.T.);
#17871 = ORIENTED_EDGE('',*,*,#17872,.T.);
#17872 = EDGE_CURVE('',#17849,#17873,#17875,.T.);
#17873 = VERTEX_POINT('',#17874);
#17874 = CARTESIAN_POINT('',(54.757902,56.948425,1.7));
#17875 = LINE('',#17876,#17877);
#17876 = CARTESIAN_POINT('',(54.778577,56.9691,1.7));
#17877 = VECTOR('',#17878,1.);
#17878 = DIRECTION('',(-0.707106781187,-0.707106781187,0.));
#17879 = ORIENTED_EDGE('',*,*,#17880,.F.);
#17880 = EDGE_CURVE('',#5361,#17873,#17881,.T.);
#17881 = LINE('',#17882,#17883);
#17882 = CARTESIAN_POINT('',(54.757902,56.948425,0.));
#17883 = VECTOR('',#17884,1.);
#17884 = DIRECTION('',(0.,0.,1.));
#17885 = ORIENTED_EDGE('',*,*,#5360,.F.);
#17886 = PLANE('',#17887);
#17887 = AXIS2_PLACEMENT_3D('',#17888,#17889,#17890);
#17888 = CARTESIAN_POINT('',(54.778577,56.9691,0.));
#17889 = DIRECTION('',(0.707106781187,-0.707106781187,0.));
#17890 = DIRECTION('',(-0.707106781187,-0.707106781187,0.));
#17891 = ADVANCED_FACE('',(#17892),#17910,.F.);
#17892 = FACE_BOUND('',#17893,.F.);
#17893 = EDGE_LOOP('',(#17894,#17895,#17903,#17909));
#17894 = ORIENTED_EDGE('',*,*,#17880,.T.);
#17895 = ORIENTED_EDGE('',*,*,#17896,.T.);
#17896 = EDGE_CURVE('',#17873,#17897,#17899,.T.);
#17897 = VERTEX_POINT('',#17898);
#17898 = CARTESIAN_POINT('',(54.730851,56.937223,1.7));
#17899 = LINE('',#17900,#17901);
#17900 = CARTESIAN_POINT('',(54.757902,56.948425,1.7));
#17901 = VECTOR('',#17902,1.);
#17902 = DIRECTION('',(-0.923914439717,-0.382599148043,0.));
#17903 = ORIENTED_EDGE('',*,*,#17904,.F.);
#17904 = EDGE_CURVE('',#5369,#17897,#17905,.T.);
#17905 = LINE('',#17906,#17907);
#17906 = CARTESIAN_POINT('',(54.730851,56.937223,0.));
#17907 = VECTOR('',#17908,1.);
#17908 = DIRECTION('',(0.,0.,1.));
#17909 = ORIENTED_EDGE('',*,*,#5368,.F.);
#17910 = PLANE('',#17911);
#17911 = AXIS2_PLACEMENT_3D('',#17912,#17913,#17914);
#17912 = CARTESIAN_POINT('',(54.757902,56.948425,0.));
#17913 = DIRECTION('',(0.382599148043,-0.923914439717,0.));
#17914 = DIRECTION('',(-0.923914439717,-0.382599148043,0.));
#17915 = ADVANCED_FACE('',(#17916),#17934,.F.);
#17916 = FACE_BOUND('',#17917,.F.);
#17917 = EDGE_LOOP('',(#17918,#17919,#17927,#17933));
#17918 = ORIENTED_EDGE('',*,*,#17904,.T.);
#17919 = ORIENTED_EDGE('',*,*,#17920,.T.);
#17920 = EDGE_CURVE('',#17897,#17921,#17923,.T.);
#17921 = VERTEX_POINT('',#17922);
#17922 = CARTESIAN_POINT('',(54.71622,56.935776,1.7));
#17923 = LINE('',#17924,#17925);
#17924 = CARTESIAN_POINT('',(54.730851,56.937223,1.7));
#17925 = VECTOR('',#17926,1.);
#17926 = DIRECTION('',(-0.995145021377,-9.841944131895E-02,0.));
#17927 = ORIENTED_EDGE('',*,*,#17928,.F.);
#17928 = EDGE_CURVE('',#5377,#17921,#17929,.T.);
#17929 = LINE('',#17930,#17931);
#17930 = CARTESIAN_POINT('',(54.71622,56.935776,0.));
#17931 = VECTOR('',#17932,1.);
#17932 = DIRECTION('',(0.,0.,1.));
#17933 = ORIENTED_EDGE('',*,*,#5376,.F.);
#17934 = PLANE('',#17935);
#17935 = AXIS2_PLACEMENT_3D('',#17936,#17937,#17938);
#17936 = CARTESIAN_POINT('',(54.730851,56.937223,0.));
#17937 = DIRECTION('',(9.841944131895E-02,-0.995145021377,0.));
#17938 = DIRECTION('',(-0.995145021377,-9.841944131895E-02,0.));
#17939 = ADVANCED_FACE('',(#17940),#17958,.F.);
#17940 = FACE_BOUND('',#17941,.F.);
#17941 = EDGE_LOOP('',(#17942,#17943,#17951,#17957));
#17942 = ORIENTED_EDGE('',*,*,#17928,.T.);
#17943 = ORIENTED_EDGE('',*,*,#17944,.T.);
#17944 = EDGE_CURVE('',#17921,#17945,#17947,.T.);
#17945 = VERTEX_POINT('',#17946);
#17946 = CARTESIAN_POINT('',(40.616223,56.935776,1.7));
#17947 = LINE('',#17948,#17949);
#17948 = CARTESIAN_POINT('',(54.71622,56.935776,1.7));
#17949 = VECTOR('',#17950,1.);
#17950 = DIRECTION('',(-1.,0.,0.));
#17951 = ORIENTED_EDGE('',*,*,#17952,.F.);
#17952 = EDGE_CURVE('',#5385,#17945,#17953,.T.);
#17953 = LINE('',#17954,#17955);
#17954 = CARTESIAN_POINT('',(40.616223,56.935776,0.));
#17955 = VECTOR('',#17956,1.);
#17956 = DIRECTION('',(0.,0.,1.));
#17957 = ORIENTED_EDGE('',*,*,#5384,.F.);
#17958 = PLANE('',#17959);
#17959 = AXIS2_PLACEMENT_3D('',#17960,#17961,#17962);
#17960 = CARTESIAN_POINT('',(54.71622,56.935776,0.));
#17961 = DIRECTION('',(0.,-1.,0.));
#17962 = DIRECTION('',(-1.,0.,0.));
#17963 = ADVANCED_FACE('',(#17964),#17982,.F.);
#17964 = FACE_BOUND('',#17965,.F.);
#17965 = EDGE_LOOP('',(#17966,#17967,#17975,#17981));
#17966 = ORIENTED_EDGE('',*,*,#17952,.T.);
#17967 = ORIENTED_EDGE('',*,*,#17968,.T.);
#17968 = EDGE_CURVE('',#17945,#17969,#17971,.T.);
#17969 = VERTEX_POINT('',#17970);
#17970 = CARTESIAN_POINT('',(40.601593,56.937223,1.7));
#17971 = LINE('',#17972,#17973);
#17972 = CARTESIAN_POINT('',(40.616223,56.935776,1.7));
#17973 = VECTOR('',#17974,1.);
#17974 = DIRECTION('',(-0.995144362478,9.842610338432E-02,0.));
#17975 = ORIENTED_EDGE('',*,*,#17976,.F.);
#17976 = EDGE_CURVE('',#5393,#17969,#17977,.T.);
#17977 = LINE('',#17978,#17979);
#17978 = CARTESIAN_POINT('',(40.601593,56.937223,0.));
#17979 = VECTOR('',#17980,1.);
#17980 = DIRECTION('',(0.,0.,1.));
#17981 = ORIENTED_EDGE('',*,*,#5392,.F.);
#17982 = PLANE('',#17983);
#17983 = AXIS2_PLACEMENT_3D('',#17984,#17985,#17986);
#17984 = CARTESIAN_POINT('',(40.616223,56.935776,0.));
#17985 = DIRECTION('',(-9.842610338432E-02,-0.995144362478,0.));
#17986 = DIRECTION('',(-0.995144362478,9.842610338432E-02,0.));
#17987 = ADVANCED_FACE('',(#17988),#18006,.F.);
#17988 = FACE_BOUND('',#17989,.F.);
#17989 = EDGE_LOOP('',(#17990,#17991,#17999,#18005));
#17990 = ORIENTED_EDGE('',*,*,#17976,.T.);
#17991 = ORIENTED_EDGE('',*,*,#17992,.T.);
#17992 = EDGE_CURVE('',#17969,#17993,#17995,.T.);
#17993 = VERTEX_POINT('',#17994);
#17994 = CARTESIAN_POINT('',(40.574542,56.948425,1.7));
#17995 = LINE('',#17996,#17997);
#17996 = CARTESIAN_POINT('',(40.601593,56.937223,1.7));
#17997 = VECTOR('',#17998,1.);
#17998 = DIRECTION('',(-0.923914439717,0.382599148043,0.));
#17999 = ORIENTED_EDGE('',*,*,#18000,.F.);
#18000 = EDGE_CURVE('',#5401,#17993,#18001,.T.);
#18001 = LINE('',#18002,#18003);
#18002 = CARTESIAN_POINT('',(40.574542,56.948425,0.));
#18003 = VECTOR('',#18004,1.);
#18004 = DIRECTION('',(0.,0.,1.));
#18005 = ORIENTED_EDGE('',*,*,#5400,.F.);
#18006 = PLANE('',#18007);
#18007 = AXIS2_PLACEMENT_3D('',#18008,#18009,#18010);
#18008 = CARTESIAN_POINT('',(40.601593,56.937223,0.));
#18009 = DIRECTION('',(-0.382599148043,-0.923914439717,0.));
#18010 = DIRECTION('',(-0.923914439717,0.382599148043,0.));
#18011 = ADVANCED_FACE('',(#18012),#18030,.F.);
#18012 = FACE_BOUND('',#18013,.F.);
#18013 = EDGE_LOOP('',(#18014,#18015,#18023,#18029));
#18014 = ORIENTED_EDGE('',*,*,#18000,.T.);
#18015 = ORIENTED_EDGE('',*,*,#18016,.T.);
#18016 = EDGE_CURVE('',#17993,#18017,#18019,.T.);
#18017 = VERTEX_POINT('',#18018);
#18018 = CARTESIAN_POINT('',(40.553866,56.9691,1.7));
#18019 = LINE('',#18020,#18021);
#18020 = CARTESIAN_POINT('',(40.574542,56.948425,1.7));
#18021 = VECTOR('',#18022,1.);
#18022 = DIRECTION('',(-0.707123881093,0.707089680867,0.));
#18023 = ORIENTED_EDGE('',*,*,#18024,.F.);
#18024 = EDGE_CURVE('',#5409,#18017,#18025,.T.);
#18025 = LINE('',#18026,#18027);
#18026 = CARTESIAN_POINT('',(40.553866,56.9691,0.));
#18027 = VECTOR('',#18028,1.);
#18028 = DIRECTION('',(0.,0.,1.));
#18029 = ORIENTED_EDGE('',*,*,#5408,.F.);
#18030 = PLANE('',#18031);
#18031 = AXIS2_PLACEMENT_3D('',#18032,#18033,#18034);
#18032 = CARTESIAN_POINT('',(40.574542,56.948425,0.));
#18033 = DIRECTION('',(-0.707089680867,-0.707123881093,0.));
#18034 = DIRECTION('',(-0.707123881093,0.707089680867,0.));
#18035 = ADVANCED_FACE('',(#18036),#18054,.F.);
#18036 = FACE_BOUND('',#18037,.F.);
#18037 = EDGE_LOOP('',(#18038,#18039,#18047,#18053));
#18038 = ORIENTED_EDGE('',*,*,#18024,.T.);
#18039 = ORIENTED_EDGE('',*,*,#18040,.T.);
#18040 = EDGE_CURVE('',#18017,#18041,#18043,.T.);
#18041 = VERTEX_POINT('',#18042);
#18042 = CARTESIAN_POINT('',(40.542665,56.996151,1.7));
#18043 = LINE('',#18044,#18045);
#18044 = CARTESIAN_POINT('',(40.553866,56.9691,1.7));
#18045 = VECTOR('',#18046,1.);
#18046 = DIRECTION('',(-0.382569992546,0.923926512664,0.));
#18047 = ORIENTED_EDGE('',*,*,#18048,.F.);
#18048 = EDGE_CURVE('',#5417,#18041,#18049,.T.);
#18049 = LINE('',#18050,#18051);
#18050 = CARTESIAN_POINT('',(40.542665,56.996151,0.));
#18051 = VECTOR('',#18052,1.);
#18052 = DIRECTION('',(0.,0.,1.));
#18053 = ORIENTED_EDGE('',*,*,#5416,.F.);
#18054 = PLANE('',#18055);
#18055 = AXIS2_PLACEMENT_3D('',#18056,#18057,#18058);
#18056 = CARTESIAN_POINT('',(40.553866,56.9691,0.));
#18057 = DIRECTION('',(-0.923926512664,-0.382569992546,0.));
#18058 = DIRECTION('',(-0.382569992546,0.923926512664,0.));
#18059 = ADVANCED_FACE('',(#18060),#18078,.F.);
#18060 = FACE_BOUND('',#18061,.F.);
#18061 = EDGE_LOOP('',(#18062,#18063,#18071,#18077));
#18062 = ORIENTED_EDGE('',*,*,#18048,.T.);
#18063 = ORIENTED_EDGE('',*,*,#18064,.T.);
#18064 = EDGE_CURVE('',#18041,#18065,#18067,.T.);
#18065 = VERTEX_POINT('',#18066);
#18066 = CARTESIAN_POINT('',(40.541217,57.010782,1.7));
#18067 = LINE('',#18068,#18069);
#18068 = CARTESIAN_POINT('',(40.542665,56.996151,1.7));
#18069 = VECTOR('',#18070,1.);
#18070 = DIRECTION('',(-9.848679801056E-02,0.995138357525,0.));
#18071 = ORIENTED_EDGE('',*,*,#18072,.F.);
#18072 = EDGE_CURVE('',#5425,#18065,#18073,.T.);
#18073 = LINE('',#18074,#18075);
#18074 = CARTESIAN_POINT('',(40.541217,57.010782,0.));
#18075 = VECTOR('',#18076,1.);
#18076 = DIRECTION('',(0.,0.,1.));
#18077 = ORIENTED_EDGE('',*,*,#5424,.F.);
#18078 = PLANE('',#18079);
#18079 = AXIS2_PLACEMENT_3D('',#18080,#18081,#18082);
#18080 = CARTESIAN_POINT('',(40.542665,56.996151,0.));
#18081 = DIRECTION('',(-0.995138357525,-9.848679801056E-02,0.));
#18082 = DIRECTION('',(-9.848679801056E-02,0.995138357525,0.));
#18083 = ADVANCED_FACE('',(#18084),#18102,.F.);
#18084 = FACE_BOUND('',#18085,.F.);
#18085 = EDGE_LOOP('',(#18086,#18087,#18095,#18101));
#18086 = ORIENTED_EDGE('',*,*,#18072,.T.);
#18087 = ORIENTED_EDGE('',*,*,#18088,.T.);
#18088 = EDGE_CURVE('',#18065,#18089,#18091,.T.);
#18089 = VERTEX_POINT('',#18090);
#18090 = CARTESIAN_POINT('',(40.541217,71.110779,1.7));
#18091 = LINE('',#18092,#18093);
#18092 = CARTESIAN_POINT('',(40.541217,57.010782,1.7));
#18093 = VECTOR('',#18094,1.);
#18094 = DIRECTION('',(0.,1.,0.));
#18095 = ORIENTED_EDGE('',*,*,#18096,.F.);
#18096 = EDGE_CURVE('',#5433,#18089,#18097,.T.);
#18097 = LINE('',#18098,#18099);
#18098 = CARTESIAN_POINT('',(40.541217,71.110779,0.));
#18099 = VECTOR('',#18100,1.);
#18100 = DIRECTION('',(0.,0.,1.));
#18101 = ORIENTED_EDGE('',*,*,#5432,.F.);
#18102 = PLANE('',#18103);
#18103 = AXIS2_PLACEMENT_3D('',#18104,#18105,#18106);
#18104 = CARTESIAN_POINT('',(40.541217,57.010782,0.));
#18105 = DIRECTION('',(-1.,0.,0.));
#18106 = DIRECTION('',(0.,1.,0.));
#18107 = ADVANCED_FACE('',(#18108),#18126,.F.);
#18108 = FACE_BOUND('',#18109,.F.);
#18109 = EDGE_LOOP('',(#18110,#18111,#18119,#18125));
#18110 = ORIENTED_EDGE('',*,*,#18096,.T.);
#18111 = ORIENTED_EDGE('',*,*,#18112,.T.);
#18112 = EDGE_CURVE('',#18089,#18113,#18115,.T.);
#18113 = VERTEX_POINT('',#18114);
#18114 = CARTESIAN_POINT('',(40.542665,71.125409,1.7));
#18115 = LINE('',#18116,#18117);
#18116 = CARTESIAN_POINT('',(40.541217,71.110779,1.7));
#18117 = VECTOR('',#18118,1.);
#18118 = DIRECTION('',(9.849346454594E-02,0.995137697729,0.));
#18119 = ORIENTED_EDGE('',*,*,#18120,.F.);
#18120 = EDGE_CURVE('',#5441,#18113,#18121,.T.);
#18121 = LINE('',#18122,#18123);
#18122 = CARTESIAN_POINT('',(40.542665,71.125409,0.));
#18123 = VECTOR('',#18124,1.);
#18124 = DIRECTION('',(0.,0.,1.));
#18125 = ORIENTED_EDGE('',*,*,#5440,.F.);
#18126 = PLANE('',#18127);
#18127 = AXIS2_PLACEMENT_3D('',#18128,#18129,#18130);
#18128 = CARTESIAN_POINT('',(40.541217,71.110779,0.));
#18129 = DIRECTION('',(-0.995137697729,9.849346454594E-02,0.));
#18130 = DIRECTION('',(9.849346454594E-02,0.995137697729,0.));
#18131 = ADVANCED_FACE('',(#18132),#18150,.F.);
#18132 = FACE_BOUND('',#18133,.F.);
#18133 = EDGE_LOOP('',(#18134,#18135,#18143,#18149));
#18134 = ORIENTED_EDGE('',*,*,#18120,.T.);
#18135 = ORIENTED_EDGE('',*,*,#18136,.T.);
#18136 = EDGE_CURVE('',#18113,#18137,#18139,.T.);
#18137 = VERTEX_POINT('',#18138);
#18138 = CARTESIAN_POINT('',(40.553866,71.15246,1.7));
#18139 = LINE('',#18140,#18141);
#18140 = CARTESIAN_POINT('',(40.542665,71.125409,1.7));
#18141 = VECTOR('',#18142,1.);
#18142 = DIRECTION('',(0.382569992546,0.923926512664,0.));
#18143 = ORIENTED_EDGE('',*,*,#18144,.F.);
#18144 = EDGE_CURVE('',#5449,#18137,#18145,.T.);
#18145 = LINE('',#18146,#18147);
#18146 = CARTESIAN_POINT('',(40.553866,71.15246,0.));
#18147 = VECTOR('',#18148,1.);
#18148 = DIRECTION('',(0.,0.,1.));
#18149 = ORIENTED_EDGE('',*,*,#5448,.F.);
#18150 = PLANE('',#18151);
#18151 = AXIS2_PLACEMENT_3D('',#18152,#18153,#18154);
#18152 = CARTESIAN_POINT('',(40.542665,71.125409,0.));
#18153 = DIRECTION('',(-0.923926512664,0.382569992546,0.));
#18154 = DIRECTION('',(0.382569992546,0.923926512664,0.));
#18155 = ADVANCED_FACE('',(#18156),#18174,.F.);
#18156 = FACE_BOUND('',#18157,.F.);
#18157 = EDGE_LOOP('',(#18158,#18159,#18167,#18173));
#18158 = ORIENTED_EDGE('',*,*,#18144,.T.);
#18159 = ORIENTED_EDGE('',*,*,#18160,.T.);
#18160 = EDGE_CURVE('',#18137,#18161,#18163,.T.);
#18161 = VERTEX_POINT('',#18162);
#18162 = CARTESIAN_POINT('',(40.574542,71.173136,1.7));
#18163 = LINE('',#18164,#18165);
#18164 = CARTESIAN_POINT('',(40.553866,71.15246,1.7));
#18165 = VECTOR('',#18166,1.);
#18166 = DIRECTION('',(0.707106781187,0.707106781186,0.));
#18167 = ORIENTED_EDGE('',*,*,#18168,.F.);
#18168 = EDGE_CURVE('',#5457,#18161,#18169,.T.);
#18169 = LINE('',#18170,#18171);
#18170 = CARTESIAN_POINT('',(40.574542,71.173136,0.));
#18171 = VECTOR('',#18172,1.);
#18172 = DIRECTION('',(0.,0.,1.));
#18173 = ORIENTED_EDGE('',*,*,#5456,.F.);
#18174 = PLANE('',#18175);
#18175 = AXIS2_PLACEMENT_3D('',#18176,#18177,#18178);
#18176 = CARTESIAN_POINT('',(40.553866,71.15246,0.));
#18177 = DIRECTION('',(-0.707106781186,0.707106781187,0.));
#18178 = DIRECTION('',(0.707106781187,0.707106781186,0.));
#18179 = ADVANCED_FACE('',(#18180),#18198,.F.);
#18180 = FACE_BOUND('',#18181,.F.);
#18181 = EDGE_LOOP('',(#18182,#18183,#18191,#18197));
#18182 = ORIENTED_EDGE('',*,*,#18168,.T.);
#18183 = ORIENTED_EDGE('',*,*,#18184,.T.);
#18184 = EDGE_CURVE('',#18161,#18185,#18187,.T.);
#18185 = VERTEX_POINT('',#18186);
#18186 = CARTESIAN_POINT('',(40.601593,71.184337,1.7));
#18187 = LINE('',#18188,#18189);
#18188 = CARTESIAN_POINT('',(40.574542,71.173136,1.7));
#18189 = VECTOR('',#18190,1.);
#18190 = DIRECTION('',(0.923926512664,0.382569992546,0.));
#18191 = ORIENTED_EDGE('',*,*,#18192,.F.);
#18192 = EDGE_CURVE('',#5465,#18185,#18193,.T.);
#18193 = LINE('',#18194,#18195);
#18194 = CARTESIAN_POINT('',(40.601593,71.184337,0.));
#18195 = VECTOR('',#18196,1.);
#18196 = DIRECTION('',(0.,0.,1.));
#18197 = ORIENTED_EDGE('',*,*,#5464,.F.);
#18198 = PLANE('',#18199);
#18199 = AXIS2_PLACEMENT_3D('',#18200,#18201,#18202);
#18200 = CARTESIAN_POINT('',(40.574542,71.173136,0.));
#18201 = DIRECTION('',(-0.382569992546,0.923926512664,0.));
#18202 = DIRECTION('',(0.923926512664,0.382569992546,0.));
#18203 = ADVANCED_FACE('',(#18204),#18222,.F.);
#18204 = FACE_BOUND('',#18205,.F.);
#18205 = EDGE_LOOP('',(#18206,#18207,#18215,#18221));
#18206 = ORIENTED_EDGE('',*,*,#18192,.T.);
#18207 = ORIENTED_EDGE('',*,*,#18208,.T.);
#18208 = EDGE_CURVE('',#18185,#18209,#18211,.T.);
#18209 = VERTEX_POINT('',#18210);
#18210 = CARTESIAN_POINT('',(40.616223,71.185785,1.7));
#18211 = LINE('',#18212,#18213);
#18212 = CARTESIAN_POINT('',(40.601593,71.184337,1.7));
#18213 = VECTOR('',#18214,1.);
#18214 = DIRECTION('',(0.995137697729,9.849346454604E-02,0.));
#18215 = ORIENTED_EDGE('',*,*,#18216,.F.);
#18216 = EDGE_CURVE('',#5473,#18209,#18217,.T.);
#18217 = LINE('',#18218,#18219);
#18218 = CARTESIAN_POINT('',(40.616223,71.185785,0.));
#18219 = VECTOR('',#18220,1.);
#18220 = DIRECTION('',(0.,0.,1.));
#18221 = ORIENTED_EDGE('',*,*,#5472,.F.);
#18222 = PLANE('',#18223);
#18223 = AXIS2_PLACEMENT_3D('',#18224,#18225,#18226);
#18224 = CARTESIAN_POINT('',(40.601593,71.184337,0.));
#18225 = DIRECTION('',(-9.849346454604E-02,0.995137697729,0.));
#18226 = DIRECTION('',(0.995137697729,9.849346454604E-02,0.));
#18227 = ADVANCED_FACE('',(#18228),#18246,.F.);
#18228 = FACE_BOUND('',#18229,.F.);
#18229 = EDGE_LOOP('',(#18230,#18231,#18239,#18245));
#18230 = ORIENTED_EDGE('',*,*,#18216,.T.);
#18231 = ORIENTED_EDGE('',*,*,#18232,.T.);
#18232 = EDGE_CURVE('',#18209,#18233,#18235,.T.);
#18233 = VERTEX_POINT('',#18234);
#18234 = CARTESIAN_POINT('',(54.71622,71.185785,1.7));
#18235 = LINE('',#18236,#18237);
#18236 = CARTESIAN_POINT('',(40.616223,71.185785,1.7));
#18237 = VECTOR('',#18238,1.);
#18238 = DIRECTION('',(1.,0.,0.));
#18239 = ORIENTED_EDGE('',*,*,#18240,.F.);
#18240 = EDGE_CURVE('',#5481,#18233,#18241,.T.);
#18241 = LINE('',#18242,#18243);
#18242 = CARTESIAN_POINT('',(54.71622,71.185785,0.));
#18243 = VECTOR('',#18244,1.);
#18244 = DIRECTION('',(0.,0.,1.));
#18245 = ORIENTED_EDGE('',*,*,#5480,.F.);
#18246 = PLANE('',#18247);
#18247 = AXIS2_PLACEMENT_3D('',#18248,#18249,#18250);
#18248 = CARTESIAN_POINT('',(40.616223,71.185785,0.));
#18249 = DIRECTION('',(0.,1.,0.));
#18250 = DIRECTION('',(1.,0.,0.));
#18251 = ADVANCED_FACE('',(#18252),#18263,.F.);
#18252 = FACE_BOUND('',#18253,.F.);
#18253 = EDGE_LOOP('',(#18254,#18255,#18261,#18262));
#18254 = ORIENTED_EDGE('',*,*,#18240,.T.);
#18255 = ORIENTED_EDGE('',*,*,#18256,.T.);
#18256 = EDGE_CURVE('',#18233,#17697,#18257,.T.);
#18257 = LINE('',#18258,#18259);
#18258 = CARTESIAN_POINT('',(54.71622,71.185785,1.7));
#18259 = VECTOR('',#18260,1.);
#18260 = DIRECTION('',(0.995138357525,-9.848679801056E-02,0.));
#18261 = ORIENTED_EDGE('',*,*,#17696,.F.);
#18262 = ORIENTED_EDGE('',*,*,#5488,.F.);
#18263 = PLANE('',#18264);
#18264 = AXIS2_PLACEMENT_3D('',#18265,#18266,#18267);
#18265 = CARTESIAN_POINT('',(54.71622,71.185785,0.));
#18266 = DIRECTION('',(9.848679801056E-02,0.995138357525,0.));
#18267 = DIRECTION('',(0.995138357525,-9.848679801056E-02,0.));
#18268 = ADVANCED_FACE('',(#18269),#18294,.F.);
#18269 = FACE_BOUND('',#18270,.F.);
#18270 = EDGE_LOOP('',(#18271,#18279,#18287,#18293));
#18271 = ORIENTED_EDGE('',*,*,#18272,.T.);
#18272 = EDGE_CURVE('',#5497,#18273,#18275,.T.);
#18273 = VERTEX_POINT('',#18274);
#18274 = CARTESIAN_POINT('',(35.680851,71.184337,1.7));
#18275 = LINE('',#18276,#18277);
#18276 = CARTESIAN_POINT('',(35.680851,71.184337,0.));
#18277 = VECTOR('',#18278,1.);
#18278 = DIRECTION('',(0.,0.,1.));
#18279 = ORIENTED_EDGE('',*,*,#18280,.T.);
#18280 = EDGE_CURVE('',#18273,#18281,#18283,.T.);
#18281 = VERTEX_POINT('',#18282);
#18282 = CARTESIAN_POINT('',(35.707902,71.173136,1.7));
#18283 = LINE('',#18284,#18285);
#18284 = CARTESIAN_POINT('',(35.680851,71.184337,1.7));
#18285 = VECTOR('',#18286,1.);
#18286 = DIRECTION('',(0.923926512664,-0.382569992546,0.));
#18287 = ORIENTED_EDGE('',*,*,#18288,.F.);
#18288 = EDGE_CURVE('',#5499,#18281,#18289,.T.);
#18289 = LINE('',#18290,#18291);
#18290 = CARTESIAN_POINT('',(35.707902,71.173136,0.));
#18291 = VECTOR('',#18292,1.);
#18292 = DIRECTION('',(0.,0.,1.));
#18293 = ORIENTED_EDGE('',*,*,#5496,.F.);
#18294 = PLANE('',#18295);
#18295 = AXIS2_PLACEMENT_3D('',#18296,#18297,#18298);
#18296 = CARTESIAN_POINT('',(35.680851,71.184337,0.));
#18297 = DIRECTION('',(0.382569992546,0.923926512664,0.));
#18298 = DIRECTION('',(0.923926512664,-0.382569992546,0.));
#18299 = ADVANCED_FACE('',(#18300),#18318,.F.);
#18300 = FACE_BOUND('',#18301,.F.);
#18301 = EDGE_LOOP('',(#18302,#18303,#18311,#18317));
#18302 = ORIENTED_EDGE('',*,*,#18288,.T.);
#18303 = ORIENTED_EDGE('',*,*,#18304,.T.);
#18304 = EDGE_CURVE('',#18281,#18305,#18307,.T.);
#18305 = VERTEX_POINT('',#18306);
#18306 = CARTESIAN_POINT('',(35.728577,71.15246,1.7));
#18307 = LINE('',#18308,#18309);
#18308 = CARTESIAN_POINT('',(35.707902,71.173136,1.7));
#18309 = VECTOR('',#18310,1.);
#18310 = DIRECTION('',(0.707089680867,-0.707123881093,0.));
#18311 = ORIENTED_EDGE('',*,*,#18312,.F.);
#18312 = EDGE_CURVE('',#5507,#18305,#18313,.T.);
#18313 = LINE('',#18314,#18315);
#18314 = CARTESIAN_POINT('',(35.728577,71.15246,0.));
#18315 = VECTOR('',#18316,1.);
#18316 = DIRECTION('',(0.,0.,1.));
#18317 = ORIENTED_EDGE('',*,*,#5506,.F.);
#18318 = PLANE('',#18319);
#18319 = AXIS2_PLACEMENT_3D('',#18320,#18321,#18322);
#18320 = CARTESIAN_POINT('',(35.707902,71.173136,0.));
#18321 = DIRECTION('',(0.707123881093,0.707089680867,0.));
#18322 = DIRECTION('',(0.707089680867,-0.707123881093,0.));
#18323 = ADVANCED_FACE('',(#18324),#18342,.F.);
#18324 = FACE_BOUND('',#18325,.F.);
#18325 = EDGE_LOOP('',(#18326,#18327,#18335,#18341));
#18326 = ORIENTED_EDGE('',*,*,#18312,.T.);
#18327 = ORIENTED_EDGE('',*,*,#18328,.T.);
#18328 = EDGE_CURVE('',#18305,#18329,#18331,.T.);
#18329 = VERTEX_POINT('',#18330);
#18330 = CARTESIAN_POINT('',(35.739779,71.125409,1.7));
#18331 = LINE('',#18332,#18333);
#18332 = CARTESIAN_POINT('',(35.728577,71.15246,1.7));
#18333 = VECTOR('',#18334,1.);
#18334 = DIRECTION('',(0.382599148043,-0.923914439717,0.));
#18335 = ORIENTED_EDGE('',*,*,#18336,.F.);
#18336 = EDGE_CURVE('',#5515,#18329,#18337,.T.);
#18337 = LINE('',#18338,#18339);
#18338 = CARTESIAN_POINT('',(35.739779,71.125409,0.));
#18339 = VECTOR('',#18340,1.);
#18340 = DIRECTION('',(0.,0.,1.));
#18341 = ORIENTED_EDGE('',*,*,#5514,.F.);
#18342 = PLANE('',#18343);
#18343 = AXIS2_PLACEMENT_3D('',#18344,#18345,#18346);
#18344 = CARTESIAN_POINT('',(35.728577,71.15246,0.));
#18345 = DIRECTION('',(0.923914439717,0.382599148043,0.));
#18346 = DIRECTION('',(0.382599148043,-0.923914439717,0.));
#18347 = ADVANCED_FACE('',(#18348),#18366,.F.);
#18348 = FACE_BOUND('',#18349,.F.);
#18349 = EDGE_LOOP('',(#18350,#18351,#18359,#18365));
#18350 = ORIENTED_EDGE('',*,*,#18336,.T.);
#18351 = ORIENTED_EDGE('',*,*,#18352,.T.);
#18352 = EDGE_CURVE('',#18329,#18353,#18355,.T.);
#18353 = VERTEX_POINT('',#18354);
#18354 = CARTESIAN_POINT('',(35.741226,71.110779,1.7));
#18355 = LINE('',#18356,#18357);
#18356 = CARTESIAN_POINT('',(35.739779,71.125409,1.7));
#18357 = VECTOR('',#18358,1.);
#18358 = DIRECTION('',(9.842610338374E-02,-0.995144362478,0.));
#18359 = ORIENTED_EDGE('',*,*,#18360,.F.);
#18360 = EDGE_CURVE('',#5523,#18353,#18361,.T.);
#18361 = LINE('',#18362,#18363);
#18362 = CARTESIAN_POINT('',(35.741226,71.110779,0.));
#18363 = VECTOR('',#18364,1.);
#18364 = DIRECTION('',(0.,0.,1.));
#18365 = ORIENTED_EDGE('',*,*,#5522,.F.);
#18366 = PLANE('',#18367);
#18367 = AXIS2_PLACEMENT_3D('',#18368,#18369,#18370);
#18368 = CARTESIAN_POINT('',(35.739779,71.125409,0.));
#18369 = DIRECTION('',(0.995144362478,9.842610338374E-02,0.));
#18370 = DIRECTION('',(9.842610338374E-02,-0.995144362478,0.));
#18371 = ADVANCED_FACE('',(#18372),#18390,.F.);
#18372 = FACE_BOUND('',#18373,.F.);
#18373 = EDGE_LOOP('',(#18374,#18375,#18383,#18389));
#18374 = ORIENTED_EDGE('',*,*,#18360,.T.);
#18375 = ORIENTED_EDGE('',*,*,#18376,.T.);
#18376 = EDGE_CURVE('',#18353,#18377,#18379,.T.);
#18377 = VERTEX_POINT('',#18378);
#18378 = CARTESIAN_POINT('',(35.741226,57.010782,1.7));
#18379 = LINE('',#18380,#18381);
#18380 = CARTESIAN_POINT('',(35.741226,71.110779,1.7));
#18381 = VECTOR('',#18382,1.);
#18382 = DIRECTION('',(0.,-1.,0.));
#18383 = ORIENTED_EDGE('',*,*,#18384,.F.);
#18384 = EDGE_CURVE('',#5531,#18377,#18385,.T.);
#18385 = LINE('',#18386,#18387);
#18386 = CARTESIAN_POINT('',(35.741226,57.010782,0.));
#18387 = VECTOR('',#18388,1.);
#18388 = DIRECTION('',(0.,0.,1.));
#18389 = ORIENTED_EDGE('',*,*,#5530,.F.);
#18390 = PLANE('',#18391);
#18391 = AXIS2_PLACEMENT_3D('',#18392,#18393,#18394);
#18392 = CARTESIAN_POINT('',(35.741226,71.110779,0.));
#18393 = DIRECTION('',(1.,0.,0.));
#18394 = DIRECTION('',(0.,-1.,0.));
#18395 = ADVANCED_FACE('',(#18396),#18414,.F.);
#18396 = FACE_BOUND('',#18397,.F.);
#18397 = EDGE_LOOP('',(#18398,#18399,#18407,#18413));
#18398 = ORIENTED_EDGE('',*,*,#18384,.T.);
#18399 = ORIENTED_EDGE('',*,*,#18400,.T.);
#18400 = EDGE_CURVE('',#18377,#18401,#18403,.T.);
#18401 = VERTEX_POINT('',#18402);
#18402 = CARTESIAN_POINT('',(35.739779,56.996151,1.7));
#18403 = LINE('',#18404,#18405);
#18404 = CARTESIAN_POINT('',(35.741226,57.010782,1.7));
#18405 = VECTOR('',#18406,1.);
#18406 = DIRECTION('',(-9.841944131848E-02,-0.995145021377,0.));
#18407 = ORIENTED_EDGE('',*,*,#18408,.F.);
#18408 = EDGE_CURVE('',#5539,#18401,#18409,.T.);
#18409 = LINE('',#18410,#18411);
#18410 = CARTESIAN_POINT('',(35.739779,56.996151,0.));
#18411 = VECTOR('',#18412,1.);
#18412 = DIRECTION('',(0.,0.,1.));
#18413 = ORIENTED_EDGE('',*,*,#5538,.F.);
#18414 = PLANE('',#18415);
#18415 = AXIS2_PLACEMENT_3D('',#18416,#18417,#18418);
#18416 = CARTESIAN_POINT('',(35.741226,57.010782,0.));
#18417 = DIRECTION('',(0.995145021377,-9.841944131848E-02,0.));
#18418 = DIRECTION('',(-9.841944131848E-02,-0.995145021377,0.));
#18419 = ADVANCED_FACE('',(#18420),#18438,.F.);
#18420 = FACE_BOUND('',#18421,.F.);
#18421 = EDGE_LOOP('',(#18422,#18423,#18431,#18437));
#18422 = ORIENTED_EDGE('',*,*,#18408,.T.);
#18423 = ORIENTED_EDGE('',*,*,#18424,.T.);
#18424 = EDGE_CURVE('',#18401,#18425,#18427,.T.);
#18425 = VERTEX_POINT('',#18426);
#18426 = CARTESIAN_POINT('',(35.728577,56.9691,1.7));
#18427 = LINE('',#18428,#18429);
#18428 = CARTESIAN_POINT('',(35.739779,56.996151,1.7));
#18429 = VECTOR('',#18430,1.);
#18430 = DIRECTION('',(-0.382599148043,-0.923914439717,0.));
#18431 = ORIENTED_EDGE('',*,*,#18432,.F.);
#18432 = EDGE_CURVE('',#5547,#18425,#18433,.T.);
#18433 = LINE('',#18434,#18435);
#18434 = CARTESIAN_POINT('',(35.728577,56.9691,0.));
#18435 = VECTOR('',#18436,1.);
#18436 = DIRECTION('',(0.,0.,1.));
#18437 = ORIENTED_EDGE('',*,*,#5546,.F.);
#18438 = PLANE('',#18439);
#18439 = AXIS2_PLACEMENT_3D('',#18440,#18441,#18442);
#18440 = CARTESIAN_POINT('',(35.739779,56.996151,0.));
#18441 = DIRECTION('',(0.923914439717,-0.382599148043,0.));
#18442 = DIRECTION('',(-0.382599148043,-0.923914439717,0.));
#18443 = ADVANCED_FACE('',(#18444),#18462,.F.);
#18444 = FACE_BOUND('',#18445,.F.);
#18445 = EDGE_LOOP('',(#18446,#18447,#18455,#18461));
#18446 = ORIENTED_EDGE('',*,*,#18432,.T.);
#18447 = ORIENTED_EDGE('',*,*,#18448,.T.);
#18448 = EDGE_CURVE('',#18425,#18449,#18451,.T.);
#18449 = VERTEX_POINT('',#18450);
#18450 = CARTESIAN_POINT('',(35.707902,56.948425,1.7));
#18451 = LINE('',#18452,#18453);
#18452 = CARTESIAN_POINT('',(35.728577,56.9691,1.7));
#18453 = VECTOR('',#18454,1.);
#18454 = DIRECTION('',(-0.707106781187,-0.707106781186,0.));
#18455 = ORIENTED_EDGE('',*,*,#18456,.F.);
#18456 = EDGE_CURVE('',#5555,#18449,#18457,.T.);
#18457 = LINE('',#18458,#18459);
#18458 = CARTESIAN_POINT('',(35.707902,56.948425,0.));
#18459 = VECTOR('',#18460,1.);
#18460 = DIRECTION('',(0.,0.,1.));
#18461 = ORIENTED_EDGE('',*,*,#5554,.F.);
#18462 = PLANE('',#18463);
#18463 = AXIS2_PLACEMENT_3D('',#18464,#18465,#18466);
#18464 = CARTESIAN_POINT('',(35.728577,56.9691,0.));
#18465 = DIRECTION('',(0.707106781186,-0.707106781187,0.));
#18466 = DIRECTION('',(-0.707106781187,-0.707106781186,0.));
#18467 = ADVANCED_FACE('',(#18468),#18486,.F.);
#18468 = FACE_BOUND('',#18469,.F.);
#18469 = EDGE_LOOP('',(#18470,#18471,#18479,#18485));
#18470 = ORIENTED_EDGE('',*,*,#18456,.T.);
#18471 = ORIENTED_EDGE('',*,*,#18472,.T.);
#18472 = EDGE_CURVE('',#18449,#18473,#18475,.T.);
#18473 = VERTEX_POINT('',#18474);
#18474 = CARTESIAN_POINT('',(35.680851,56.937223,1.7));
#18475 = LINE('',#18476,#18477);
#18476 = CARTESIAN_POINT('',(35.707902,56.948425,1.7));
#18477 = VECTOR('',#18478,1.);
#18478 = DIRECTION('',(-0.923914439717,-0.382599148043,0.));
#18479 = ORIENTED_EDGE('',*,*,#18480,.F.);
#18480 = EDGE_CURVE('',#5563,#18473,#18481,.T.);
#18481 = LINE('',#18482,#18483);
#18482 = CARTESIAN_POINT('',(35.680851,56.937223,0.));
#18483 = VECTOR('',#18484,1.);
#18484 = DIRECTION('',(0.,0.,1.));
#18485 = ORIENTED_EDGE('',*,*,#5562,.F.);
#18486 = PLANE('',#18487);
#18487 = AXIS2_PLACEMENT_3D('',#18488,#18489,#18490);
#18488 = CARTESIAN_POINT('',(35.707902,56.948425,0.));
#18489 = DIRECTION('',(0.382599148043,-0.923914439717,0.));
#18490 = DIRECTION('',(-0.923914439717,-0.382599148043,0.));
#18491 = ADVANCED_FACE('',(#18492),#18510,.F.);
#18492 = FACE_BOUND('',#18493,.F.);
#18493 = EDGE_LOOP('',(#18494,#18495,#18503,#18509));
#18494 = ORIENTED_EDGE('',*,*,#18480,.T.);
#18495 = ORIENTED_EDGE('',*,*,#18496,.T.);
#18496 = EDGE_CURVE('',#18473,#18497,#18499,.T.);
#18497 = VERTEX_POINT('',#18498);
#18498 = CARTESIAN_POINT('',(35.66622,56.935776,1.7));
#18499 = LINE('',#18500,#18501);
#18500 = CARTESIAN_POINT('',(35.680851,56.937223,1.7));
#18501 = VECTOR('',#18502,1.);
#18502 = DIRECTION('',(-0.995145021377,-9.8419441319E-02,0.));
#18503 = ORIENTED_EDGE('',*,*,#18504,.F.);
#18504 = EDGE_CURVE('',#5571,#18497,#18505,.T.);
#18505 = LINE('',#18506,#18507);
#18506 = CARTESIAN_POINT('',(35.66622,56.935776,0.));
#18507 = VECTOR('',#18508,1.);
#18508 = DIRECTION('',(0.,0.,1.));
#18509 = ORIENTED_EDGE('',*,*,#5570,.F.);
#18510 = PLANE('',#18511);
#18511 = AXIS2_PLACEMENT_3D('',#18512,#18513,#18514);
#18512 = CARTESIAN_POINT('',(35.680851,56.937223,0.));
#18513 = DIRECTION('',(9.8419441319E-02,-0.995145021377,0.));
#18514 = DIRECTION('',(-0.995145021377,-9.8419441319E-02,0.));
#18515 = ADVANCED_FACE('',(#18516),#18534,.F.);
#18516 = FACE_BOUND('',#18517,.F.);
#18517 = EDGE_LOOP('',(#18518,#18519,#18527,#18533));
#18518 = ORIENTED_EDGE('',*,*,#18504,.T.);
#18519 = ORIENTED_EDGE('',*,*,#18520,.T.);
#18520 = EDGE_CURVE('',#18497,#18521,#18523,.T.);
#18521 = VERTEX_POINT('',#18522);
#18522 = CARTESIAN_POINT('',(21.566223,56.935776,1.7));
#18523 = LINE('',#18524,#18525);
#18524 = CARTESIAN_POINT('',(35.66622,56.935776,1.7));
#18525 = VECTOR('',#18526,1.);
#18526 = DIRECTION('',(-1.,0.,0.));
#18527 = ORIENTED_EDGE('',*,*,#18528,.F.);
#18528 = EDGE_CURVE('',#5579,#18521,#18529,.T.);
#18529 = LINE('',#18530,#18531);
#18530 = CARTESIAN_POINT('',(21.566223,56.935776,0.));
#18531 = VECTOR('',#18532,1.);
#18532 = DIRECTION('',(0.,0.,1.));
#18533 = ORIENTED_EDGE('',*,*,#5578,.F.);
#18534 = PLANE('',#18535);
#18535 = AXIS2_PLACEMENT_3D('',#18536,#18537,#18538);
#18536 = CARTESIAN_POINT('',(35.66622,56.935776,0.));
#18537 = DIRECTION('',(0.,-1.,0.));
#18538 = DIRECTION('',(-1.,0.,0.));
#18539 = ADVANCED_FACE('',(#18540),#18558,.F.);
#18540 = FACE_BOUND('',#18541,.F.);
#18541 = EDGE_LOOP('',(#18542,#18543,#18551,#18557));
#18542 = ORIENTED_EDGE('',*,*,#18528,.T.);
#18543 = ORIENTED_EDGE('',*,*,#18544,.T.);
#18544 = EDGE_CURVE('',#18521,#18545,#18547,.T.);
#18545 = VERTEX_POINT('',#18546);
#18546 = CARTESIAN_POINT('',(21.551593,56.937223,1.7));
#18547 = LINE('',#18548,#18549);
#18548 = CARTESIAN_POINT('',(21.566223,56.935776,1.7));
#18549 = VECTOR('',#18550,1.);
#18550 = DIRECTION('',(-0.995144362478,9.842610338429E-02,0.));
#18551 = ORIENTED_EDGE('',*,*,#18552,.F.);
#18552 = EDGE_CURVE('',#5587,#18545,#18553,.T.);
#18553 = LINE('',#18554,#18555);
#18554 = CARTESIAN_POINT('',(21.551593,56.937223,0.));
#18555 = VECTOR('',#18556,1.);
#18556 = DIRECTION('',(0.,0.,1.));
#18557 = ORIENTED_EDGE('',*,*,#5586,.F.);
#18558 = PLANE('',#18559);
#18559 = AXIS2_PLACEMENT_3D('',#18560,#18561,#18562);
#18560 = CARTESIAN_POINT('',(21.566223,56.935776,0.));
#18561 = DIRECTION('',(-9.842610338429E-02,-0.995144362478,0.));
#18562 = DIRECTION('',(-0.995144362478,9.842610338429E-02,0.));
#18563 = ADVANCED_FACE('',(#18564),#18582,.F.);
#18564 = FACE_BOUND('',#18565,.F.);
#18565 = EDGE_LOOP('',(#18566,#18567,#18575,#18581));
#18566 = ORIENTED_EDGE('',*,*,#18552,.T.);
#18567 = ORIENTED_EDGE('',*,*,#18568,.T.);
#18568 = EDGE_CURVE('',#18545,#18569,#18571,.T.);
#18569 = VERTEX_POINT('',#18570);
#18570 = CARTESIAN_POINT('',(21.524542,56.948425,1.7));
#18571 = LINE('',#18572,#18573);
#18572 = CARTESIAN_POINT('',(21.551593,56.937223,1.7));
#18573 = VECTOR('',#18574,1.);
#18574 = DIRECTION('',(-0.923914439717,0.382599148043,0.));
#18575 = ORIENTED_EDGE('',*,*,#18576,.F.);
#18576 = EDGE_CURVE('',#5595,#18569,#18577,.T.);
#18577 = LINE('',#18578,#18579);
#18578 = CARTESIAN_POINT('',(21.524542,56.948425,0.));
#18579 = VECTOR('',#18580,1.);
#18580 = DIRECTION('',(0.,0.,1.));
#18581 = ORIENTED_EDGE('',*,*,#5594,.F.);
#18582 = PLANE('',#18583);
#18583 = AXIS2_PLACEMENT_3D('',#18584,#18585,#18586);
#18584 = CARTESIAN_POINT('',(21.551593,56.937223,0.));
#18585 = DIRECTION('',(-0.382599148043,-0.923914439717,0.));
#18586 = DIRECTION('',(-0.923914439717,0.382599148043,0.));
#18587 = ADVANCED_FACE('',(#18588),#18606,.F.);
#18588 = FACE_BOUND('',#18589,.F.);
#18589 = EDGE_LOOP('',(#18590,#18591,#18599,#18605));
#18590 = ORIENTED_EDGE('',*,*,#18576,.T.);
#18591 = ORIENTED_EDGE('',*,*,#18592,.T.);
#18592 = EDGE_CURVE('',#18569,#18593,#18595,.T.);
#18593 = VERTEX_POINT('',#18594);
#18594 = CARTESIAN_POINT('',(21.503866,56.9691,1.7));
#18595 = LINE('',#18596,#18597);
#18596 = CARTESIAN_POINT('',(21.524542,56.948425,1.7));
#18597 = VECTOR('',#18598,1.);
#18598 = DIRECTION('',(-0.707123881093,0.707089680867,0.));
#18599 = ORIENTED_EDGE('',*,*,#18600,.F.);
#18600 = EDGE_CURVE('',#5603,#18593,#18601,.T.);
#18601 = LINE('',#18602,#18603);
#18602 = CARTESIAN_POINT('',(21.503866,56.9691,0.));
#18603 = VECTOR('',#18604,1.);
#18604 = DIRECTION('',(0.,0.,1.));
#18605 = ORIENTED_EDGE('',*,*,#5602,.F.);
#18606 = PLANE('',#18607);
#18607 = AXIS2_PLACEMENT_3D('',#18608,#18609,#18610);
#18608 = CARTESIAN_POINT('',(21.524542,56.948425,0.));
#18609 = DIRECTION('',(-0.707089680867,-0.707123881093,0.));
#18610 = DIRECTION('',(-0.707123881093,0.707089680867,0.));
#18611 = ADVANCED_FACE('',(#18612),#18630,.F.);
#18612 = FACE_BOUND('',#18613,.F.);
#18613 = EDGE_LOOP('',(#18614,#18615,#18623,#18629));
#18614 = ORIENTED_EDGE('',*,*,#18600,.T.);
#18615 = ORIENTED_EDGE('',*,*,#18616,.T.);
#18616 = EDGE_CURVE('',#18593,#18617,#18619,.T.);
#18617 = VERTEX_POINT('',#18618);
#18618 = CARTESIAN_POINT('',(21.492665,56.996151,1.7));
#18619 = LINE('',#18620,#18621);
#18620 = CARTESIAN_POINT('',(21.503866,56.9691,1.7));
#18621 = VECTOR('',#18622,1.);
#18622 = DIRECTION('',(-0.382569992546,0.923926512664,0.));
#18623 = ORIENTED_EDGE('',*,*,#18624,.F.);
#18624 = EDGE_CURVE('',#5611,#18617,#18625,.T.);
#18625 = LINE('',#18626,#18627);
#18626 = CARTESIAN_POINT('',(21.492665,56.996151,0.));
#18627 = VECTOR('',#18628,1.);
#18628 = DIRECTION('',(0.,0.,1.));
#18629 = ORIENTED_EDGE('',*,*,#5610,.F.);
#18630 = PLANE('',#18631);
#18631 = AXIS2_PLACEMENT_3D('',#18632,#18633,#18634);
#18632 = CARTESIAN_POINT('',(21.503866,56.9691,0.));
#18633 = DIRECTION('',(-0.923926512664,-0.382569992546,0.));
#18634 = DIRECTION('',(-0.382569992546,0.923926512664,0.));
#18635 = ADVANCED_FACE('',(#18636),#18654,.F.);
#18636 = FACE_BOUND('',#18637,.F.);
#18637 = EDGE_LOOP('',(#18638,#18639,#18647,#18653));
#18638 = ORIENTED_EDGE('',*,*,#18624,.T.);
#18639 = ORIENTED_EDGE('',*,*,#18640,.T.);
#18640 = EDGE_CURVE('',#18617,#18641,#18643,.T.);
#18641 = VERTEX_POINT('',#18642);
#18642 = CARTESIAN_POINT('',(21.491217,57.010782,1.7));
#18643 = LINE('',#18644,#18645);
#18644 = CARTESIAN_POINT('',(21.492665,56.996151,1.7));
#18645 = VECTOR('',#18646,1.);
#18646 = DIRECTION('',(-9.84867980108E-02,0.995138357525,0.));
#18647 = ORIENTED_EDGE('',*,*,#18648,.F.);
#18648 = EDGE_CURVE('',#5619,#18641,#18649,.T.);
#18649 = LINE('',#18650,#18651);
#18650 = CARTESIAN_POINT('',(21.491217,57.010782,0.));
#18651 = VECTOR('',#18652,1.);
#18652 = DIRECTION('',(0.,0.,1.));
#18653 = ORIENTED_EDGE('',*,*,#5618,.F.);
#18654 = PLANE('',#18655);
#18655 = AXIS2_PLACEMENT_3D('',#18656,#18657,#18658);
#18656 = CARTESIAN_POINT('',(21.492665,56.996151,0.));
#18657 = DIRECTION('',(-0.995138357525,-9.84867980108E-02,0.));
#18658 = DIRECTION('',(-9.84867980108E-02,0.995138357525,0.));
#18659 = ADVANCED_FACE('',(#18660),#18678,.F.);
#18660 = FACE_BOUND('',#18661,.F.);
#18661 = EDGE_LOOP('',(#18662,#18663,#18671,#18677));
#18662 = ORIENTED_EDGE('',*,*,#18648,.T.);
#18663 = ORIENTED_EDGE('',*,*,#18664,.T.);
#18664 = EDGE_CURVE('',#18641,#18665,#18667,.T.);
#18665 = VERTEX_POINT('',#18666);
#18666 = CARTESIAN_POINT('',(21.491217,71.110779,1.7));
#18667 = LINE('',#18668,#18669);
#18668 = CARTESIAN_POINT('',(21.491217,57.010782,1.7));
#18669 = VECTOR('',#18670,1.);
#18670 = DIRECTION('',(0.,1.,0.));
#18671 = ORIENTED_EDGE('',*,*,#18672,.F.);
#18672 = EDGE_CURVE('',#5627,#18665,#18673,.T.);
#18673 = LINE('',#18674,#18675);
#18674 = CARTESIAN_POINT('',(21.491217,71.110779,0.));
#18675 = VECTOR('',#18676,1.);
#18676 = DIRECTION('',(0.,0.,1.));
#18677 = ORIENTED_EDGE('',*,*,#5626,.F.);
#18678 = PLANE('',#18679);
#18679 = AXIS2_PLACEMENT_3D('',#18680,#18681,#18682);
#18680 = CARTESIAN_POINT('',(21.491217,57.010782,0.));
#18681 = DIRECTION('',(-1.,0.,0.));
#18682 = DIRECTION('',(0.,1.,0.));
#18683 = ADVANCED_FACE('',(#18684),#18702,.F.);
#18684 = FACE_BOUND('',#18685,.F.);
#18685 = EDGE_LOOP('',(#18686,#18687,#18695,#18701));
#18686 = ORIENTED_EDGE('',*,*,#18672,.T.);
#18687 = ORIENTED_EDGE('',*,*,#18688,.T.);
#18688 = EDGE_CURVE('',#18665,#18689,#18691,.T.);
#18689 = VERTEX_POINT('',#18690);
#18690 = CARTESIAN_POINT('',(21.492665,71.125409,1.7));
#18691 = LINE('',#18692,#18693);
#18692 = CARTESIAN_POINT('',(21.491217,71.110779,1.7));
#18693 = VECTOR('',#18694,1.);
#18694 = DIRECTION('',(9.849346454618E-02,0.995137697729,0.));
#18695 = ORIENTED_EDGE('',*,*,#18696,.F.);
#18696 = EDGE_CURVE('',#5635,#18689,#18697,.T.);
#18697 = LINE('',#18698,#18699);
#18698 = CARTESIAN_POINT('',(21.492665,71.125409,0.));
#18699 = VECTOR('',#18700,1.);
#18700 = DIRECTION('',(0.,0.,1.));
#18701 = ORIENTED_EDGE('',*,*,#5634,.F.);
#18702 = PLANE('',#18703);
#18703 = AXIS2_PLACEMENT_3D('',#18704,#18705,#18706);
#18704 = CARTESIAN_POINT('',(21.491217,71.110779,0.));
#18705 = DIRECTION('',(-0.995137697729,9.849346454618E-02,0.));
#18706 = DIRECTION('',(9.849346454618E-02,0.995137697729,0.));
#18707 = ADVANCED_FACE('',(#18708),#18726,.F.);
#18708 = FACE_BOUND('',#18709,.F.);
#18709 = EDGE_LOOP('',(#18710,#18711,#18719,#18725));
#18710 = ORIENTED_EDGE('',*,*,#18696,.T.);
#18711 = ORIENTED_EDGE('',*,*,#18712,.T.);
#18712 = EDGE_CURVE('',#18689,#18713,#18715,.T.);
#18713 = VERTEX_POINT('',#18714);
#18714 = CARTESIAN_POINT('',(21.503866,71.15246,1.7));
#18715 = LINE('',#18716,#18717);
#18716 = CARTESIAN_POINT('',(21.492665,71.125409,1.7));
#18717 = VECTOR('',#18718,1.);
#18718 = DIRECTION('',(0.382569992546,0.923926512664,0.));
#18719 = ORIENTED_EDGE('',*,*,#18720,.F.);
#18720 = EDGE_CURVE('',#5643,#18713,#18721,.T.);
#18721 = LINE('',#18722,#18723);
#18722 = CARTESIAN_POINT('',(21.503866,71.15246,0.));
#18723 = VECTOR('',#18724,1.);
#18724 = DIRECTION('',(0.,0.,1.));
#18725 = ORIENTED_EDGE('',*,*,#5642,.F.);
#18726 = PLANE('',#18727);
#18727 = AXIS2_PLACEMENT_3D('',#18728,#18729,#18730);
#18728 = CARTESIAN_POINT('',(21.492665,71.125409,0.));
#18729 = DIRECTION('',(-0.923926512664,0.382569992546,0.));
#18730 = DIRECTION('',(0.382569992546,0.923926512664,0.));
#18731 = ADVANCED_FACE('',(#18732),#18750,.F.);
#18732 = FACE_BOUND('',#18733,.F.);
#18733 = EDGE_LOOP('',(#18734,#18735,#18743,#18749));
#18734 = ORIENTED_EDGE('',*,*,#18720,.T.);
#18735 = ORIENTED_EDGE('',*,*,#18736,.T.);
#18736 = EDGE_CURVE('',#18713,#18737,#18739,.T.);
#18737 = VERTEX_POINT('',#18738);
#18738 = CARTESIAN_POINT('',(21.524542,71.173136,1.7));
#18739 = LINE('',#18740,#18741);
#18740 = CARTESIAN_POINT('',(21.503866,71.15246,1.7));
#18741 = VECTOR('',#18742,1.);
#18742 = DIRECTION('',(0.707106781187,0.707106781186,0.));
#18743 = ORIENTED_EDGE('',*,*,#18744,.F.);
#18744 = EDGE_CURVE('',#5651,#18737,#18745,.T.);
#18745 = LINE('',#18746,#18747);
#18746 = CARTESIAN_POINT('',(21.524542,71.173136,0.));
#18747 = VECTOR('',#18748,1.);
#18748 = DIRECTION('',(0.,0.,1.));
#18749 = ORIENTED_EDGE('',*,*,#5650,.F.);
#18750 = PLANE('',#18751);
#18751 = AXIS2_PLACEMENT_3D('',#18752,#18753,#18754);
#18752 = CARTESIAN_POINT('',(21.503866,71.15246,0.));
#18753 = DIRECTION('',(-0.707106781186,0.707106781187,0.));
#18754 = DIRECTION('',(0.707106781187,0.707106781186,0.));
#18755 = ADVANCED_FACE('',(#18756),#18774,.F.);
#18756 = FACE_BOUND('',#18757,.F.);
#18757 = EDGE_LOOP('',(#18758,#18759,#18767,#18773));
#18758 = ORIENTED_EDGE('',*,*,#18744,.T.);
#18759 = ORIENTED_EDGE('',*,*,#18760,.T.);
#18760 = EDGE_CURVE('',#18737,#18761,#18763,.T.);
#18761 = VERTEX_POINT('',#18762);
#18762 = CARTESIAN_POINT('',(21.551593,71.184337,1.7));
#18763 = LINE('',#18764,#18765);
#18764 = CARTESIAN_POINT('',(21.524542,71.173136,1.7));
#18765 = VECTOR('',#18766,1.);
#18766 = DIRECTION('',(0.923926512664,0.382569992546,0.));
#18767 = ORIENTED_EDGE('',*,*,#18768,.F.);
#18768 = EDGE_CURVE('',#5659,#18761,#18769,.T.);
#18769 = LINE('',#18770,#18771);
#18770 = CARTESIAN_POINT('',(21.551593,71.184337,0.));
#18771 = VECTOR('',#18772,1.);
#18772 = DIRECTION('',(0.,0.,1.));
#18773 = ORIENTED_EDGE('',*,*,#5658,.F.);
#18774 = PLANE('',#18775);
#18775 = AXIS2_PLACEMENT_3D('',#18776,#18777,#18778);
#18776 = CARTESIAN_POINT('',(21.524542,71.173136,0.));
#18777 = DIRECTION('',(-0.382569992546,0.923926512664,0.));
#18778 = DIRECTION('',(0.923926512664,0.382569992546,0.));
#18779 = ADVANCED_FACE('',(#18780),#18798,.F.);
#18780 = FACE_BOUND('',#18781,.F.);
#18781 = EDGE_LOOP('',(#18782,#18783,#18791,#18797));
#18782 = ORIENTED_EDGE('',*,*,#18768,.T.);
#18783 = ORIENTED_EDGE('',*,*,#18784,.T.);
#18784 = EDGE_CURVE('',#18761,#18785,#18787,.T.);
#18785 = VERTEX_POINT('',#18786);
#18786 = CARTESIAN_POINT('',(21.566223,71.185785,1.7));
#18787 = LINE('',#18788,#18789);
#18788 = CARTESIAN_POINT('',(21.551593,71.184337,1.7));
#18789 = VECTOR('',#18790,1.);
#18790 = DIRECTION('',(0.995137697729,9.849346454601E-02,0.));
#18791 = ORIENTED_EDGE('',*,*,#18792,.F.);
#18792 = EDGE_CURVE('',#5667,#18785,#18793,.T.);
#18793 = LINE('',#18794,#18795);
#18794 = CARTESIAN_POINT('',(21.566223,71.185785,0.));
#18795 = VECTOR('',#18796,1.);
#18796 = DIRECTION('',(0.,0.,1.));
#18797 = ORIENTED_EDGE('',*,*,#5666,.F.);
#18798 = PLANE('',#18799);
#18799 = AXIS2_PLACEMENT_3D('',#18800,#18801,#18802);
#18800 = CARTESIAN_POINT('',(21.551593,71.184337,0.));
#18801 = DIRECTION('',(-9.849346454601E-02,0.995137697729,0.));
#18802 = DIRECTION('',(0.995137697729,9.849346454601E-02,0.));
#18803 = ADVANCED_FACE('',(#18804),#18822,.F.);
#18804 = FACE_BOUND('',#18805,.F.);
#18805 = EDGE_LOOP('',(#18806,#18807,#18815,#18821));
#18806 = ORIENTED_EDGE('',*,*,#18792,.T.);
#18807 = ORIENTED_EDGE('',*,*,#18808,.T.);
#18808 = EDGE_CURVE('',#18785,#18809,#18811,.T.);
#18809 = VERTEX_POINT('',#18810);
#18810 = CARTESIAN_POINT('',(35.66622,71.185785,1.7));
#18811 = LINE('',#18812,#18813);
#18812 = CARTESIAN_POINT('',(21.566223,71.185785,1.7));
#18813 = VECTOR('',#18814,1.);
#18814 = DIRECTION('',(1.,0.,0.));
#18815 = ORIENTED_EDGE('',*,*,#18816,.F.);
#18816 = EDGE_CURVE('',#5675,#18809,#18817,.T.);
#18817 = LINE('',#18818,#18819);
#18818 = CARTESIAN_POINT('',(35.66622,71.185785,0.));
#18819 = VECTOR('',#18820,1.);
#18820 = DIRECTION('',(0.,0.,1.));
#18821 = ORIENTED_EDGE('',*,*,#5674,.F.);
#18822 = PLANE('',#18823);
#18823 = AXIS2_PLACEMENT_3D('',#18824,#18825,#18826);
#18824 = CARTESIAN_POINT('',(21.566223,71.185785,0.));
#18825 = DIRECTION('',(0.,1.,0.));
#18826 = DIRECTION('',(1.,0.,0.));
#18827 = ADVANCED_FACE('',(#18828),#18839,.F.);
#18828 = FACE_BOUND('',#18829,.F.);
#18829 = EDGE_LOOP('',(#18830,#18831,#18837,#18838));
#18830 = ORIENTED_EDGE('',*,*,#18816,.T.);
#18831 = ORIENTED_EDGE('',*,*,#18832,.T.);
#18832 = EDGE_CURVE('',#18809,#18273,#18833,.T.);
#18833 = LINE('',#18834,#18835);
#18834 = CARTESIAN_POINT('',(35.66622,71.185785,1.7));
#18835 = VECTOR('',#18836,1.);
#18836 = DIRECTION('',(0.995138357525,-9.848679801061E-02,0.));
#18837 = ORIENTED_EDGE('',*,*,#18272,.F.);
#18838 = ORIENTED_EDGE('',*,*,#5682,.F.);
#18839 = PLANE('',#18840);
#18840 = AXIS2_PLACEMENT_3D('',#18841,#18842,#18843);
#18841 = CARTESIAN_POINT('',(35.66622,71.185785,0.));
#18842 = DIRECTION('',(9.848679801061E-02,0.995138357525,0.));
#18843 = DIRECTION('',(0.995138357525,-9.848679801061E-02,0.));
#18844 = ADVANCED_FACE('',(#18845),#18870,.F.);
#18845 = FACE_BOUND('',#18846,.F.);
#18846 = EDGE_LOOP('',(#18847,#18855,#18863,#18869));
#18847 = ORIENTED_EDGE('',*,*,#18848,.T.);
#18848 = EDGE_CURVE('',#5691,#18849,#18851,.T.);
#18849 = VERTEX_POINT('',#18850);
#18850 = CARTESIAN_POINT('',(54.730851,52.134337,1.7));
#18851 = LINE('',#18852,#18853);
#18852 = CARTESIAN_POINT('',(54.730851,52.134337,0.));
#18853 = VECTOR('',#18854,1.);
#18854 = DIRECTION('',(0.,0.,1.));
#18855 = ORIENTED_EDGE('',*,*,#18856,.T.);
#18856 = EDGE_CURVE('',#18849,#18857,#18859,.T.);
#18857 = VERTEX_POINT('',#18858);
#18858 = CARTESIAN_POINT('',(54.757902,52.123136,1.7));
#18859 = LINE('',#18860,#18861);
#18860 = CARTESIAN_POINT('',(54.730851,52.134337,1.7));
#18861 = VECTOR('',#18862,1.);
#18862 = DIRECTION('',(0.923926512664,-0.382569992546,0.));
#18863 = ORIENTED_EDGE('',*,*,#18864,.F.);
#18864 = EDGE_CURVE('',#5693,#18857,#18865,.T.);
#18865 = LINE('',#18866,#18867);
#18866 = CARTESIAN_POINT('',(54.757902,52.123136,0.));
#18867 = VECTOR('',#18868,1.);
#18868 = DIRECTION('',(0.,0.,1.));
#18869 = ORIENTED_EDGE('',*,*,#5690,.F.);
#18870 = PLANE('',#18871);
#18871 = AXIS2_PLACEMENT_3D('',#18872,#18873,#18874);
#18872 = CARTESIAN_POINT('',(54.730851,52.134337,0.));
#18873 = DIRECTION('',(0.382569992546,0.923926512664,0.));
#18874 = DIRECTION('',(0.923926512664,-0.382569992546,0.));
#18875 = ADVANCED_FACE('',(#18876),#18894,.F.);
#18876 = FACE_BOUND('',#18877,.F.);
#18877 = EDGE_LOOP('',(#18878,#18879,#18887,#18893));
#18878 = ORIENTED_EDGE('',*,*,#18864,.T.);
#18879 = ORIENTED_EDGE('',*,*,#18880,.T.);
#18880 = EDGE_CURVE('',#18857,#18881,#18883,.T.);
#18881 = VERTEX_POINT('',#18882);
#18882 = CARTESIAN_POINT('',(54.778577,52.10246,1.7));
#18883 = LINE('',#18884,#18885);
#18884 = CARTESIAN_POINT('',(54.757902,52.123136,1.7));
#18885 = VECTOR('',#18886,1.);
#18886 = DIRECTION('',(0.707089680867,-0.707123881093,0.));
#18887 = ORIENTED_EDGE('',*,*,#18888,.F.);
#18888 = EDGE_CURVE('',#5701,#18881,#18889,.T.);
#18889 = LINE('',#18890,#18891);
#18890 = CARTESIAN_POINT('',(54.778577,52.10246,0.));
#18891 = VECTOR('',#18892,1.);
#18892 = DIRECTION('',(0.,0.,1.));
#18893 = ORIENTED_EDGE('',*,*,#5700,.F.);
#18894 = PLANE('',#18895);
#18895 = AXIS2_PLACEMENT_3D('',#18896,#18897,#18898);
#18896 = CARTESIAN_POINT('',(54.757902,52.123136,0.));
#18897 = DIRECTION('',(0.707123881093,0.707089680867,0.));
#18898 = DIRECTION('',(0.707089680867,-0.707123881093,0.));
#18899 = ADVANCED_FACE('',(#18900),#18918,.F.);
#18900 = FACE_BOUND('',#18901,.F.);
#18901 = EDGE_LOOP('',(#18902,#18903,#18911,#18917));
#18902 = ORIENTED_EDGE('',*,*,#18888,.T.);
#18903 = ORIENTED_EDGE('',*,*,#18904,.T.);
#18904 = EDGE_CURVE('',#18881,#18905,#18907,.T.);
#18905 = VERTEX_POINT('',#18906);
#18906 = CARTESIAN_POINT('',(54.789779,52.075409,1.7));
#18907 = LINE('',#18908,#18909);
#18908 = CARTESIAN_POINT('',(54.778577,52.10246,1.7));
#18909 = VECTOR('',#18910,1.);
#18910 = DIRECTION('',(0.382599148043,-0.923914439717,0.));
#18911 = ORIENTED_EDGE('',*,*,#18912,.F.);
#18912 = EDGE_CURVE('',#5709,#18905,#18913,.T.);
#18913 = LINE('',#18914,#18915);
#18914 = CARTESIAN_POINT('',(54.789779,52.075409,0.));
#18915 = VECTOR('',#18916,1.);
#18916 = DIRECTION('',(0.,0.,1.));
#18917 = ORIENTED_EDGE('',*,*,#5708,.F.);
#18918 = PLANE('',#18919);
#18919 = AXIS2_PLACEMENT_3D('',#18920,#18921,#18922);
#18920 = CARTESIAN_POINT('',(54.778577,52.10246,0.));
#18921 = DIRECTION('',(0.923914439717,0.382599148043,0.));
#18922 = DIRECTION('',(0.382599148043,-0.923914439717,0.));
#18923 = ADVANCED_FACE('',(#18924),#18942,.F.);
#18924 = FACE_BOUND('',#18925,.F.);
#18925 = EDGE_LOOP('',(#18926,#18927,#18935,#18941));
#18926 = ORIENTED_EDGE('',*,*,#18912,.T.);
#18927 = ORIENTED_EDGE('',*,*,#18928,.T.);
#18928 = EDGE_CURVE('',#18905,#18929,#18931,.T.);
#18929 = VERTEX_POINT('',#18930);
#18930 = CARTESIAN_POINT('',(54.791226,52.060779,1.7));
#18931 = LINE('',#18932,#18933);
#18932 = CARTESIAN_POINT('',(54.789779,52.075409,1.7));
#18933 = VECTOR('',#18934,1.);
#18934 = DIRECTION('',(9.842610338379E-02,-0.995144362478,0.));
#18935 = ORIENTED_EDGE('',*,*,#18936,.F.);
#18936 = EDGE_CURVE('',#5717,#18929,#18937,.T.);
#18937 = LINE('',#18938,#18939);
#18938 = CARTESIAN_POINT('',(54.791226,52.060779,0.));
#18939 = VECTOR('',#18940,1.);
#18940 = DIRECTION('',(0.,0.,1.));
#18941 = ORIENTED_EDGE('',*,*,#5716,.F.);
#18942 = PLANE('',#18943);
#18943 = AXIS2_PLACEMENT_3D('',#18944,#18945,#18946);
#18944 = CARTESIAN_POINT('',(54.789779,52.075409,0.));
#18945 = DIRECTION('',(0.995144362478,9.842610338379E-02,0.));
#18946 = DIRECTION('',(9.842610338379E-02,-0.995144362478,0.));
#18947 = ADVANCED_FACE('',(#18948),#18966,.F.);
#18948 = FACE_BOUND('',#18949,.F.);
#18949 = EDGE_LOOP('',(#18950,#18951,#18959,#18965));
#18950 = ORIENTED_EDGE('',*,*,#18936,.T.);
#18951 = ORIENTED_EDGE('',*,*,#18952,.T.);
#18952 = EDGE_CURVE('',#18929,#18953,#18955,.T.);
#18953 = VERTEX_POINT('',#18954);
#18954 = CARTESIAN_POINT('',(54.791226,37.960782,1.7));
#18955 = LINE('',#18956,#18957);
#18956 = CARTESIAN_POINT('',(54.791226,52.060779,1.7));
#18957 = VECTOR('',#18958,1.);
#18958 = DIRECTION('',(0.,-1.,0.));
#18959 = ORIENTED_EDGE('',*,*,#18960,.F.);
#18960 = EDGE_CURVE('',#5725,#18953,#18961,.T.);
#18961 = LINE('',#18962,#18963);
#18962 = CARTESIAN_POINT('',(54.791226,37.960782,0.));
#18963 = VECTOR('',#18964,1.);
#18964 = DIRECTION('',(0.,0.,1.));
#18965 = ORIENTED_EDGE('',*,*,#5724,.F.);
#18966 = PLANE('',#18967);
#18967 = AXIS2_PLACEMENT_3D('',#18968,#18969,#18970);
#18968 = CARTESIAN_POINT('',(54.791226,52.060779,0.));
#18969 = DIRECTION('',(1.,0.,0.));
#18970 = DIRECTION('',(0.,-1.,0.));
#18971 = ADVANCED_FACE('',(#18972),#18990,.F.);
#18972 = FACE_BOUND('',#18973,.F.);
#18973 = EDGE_LOOP('',(#18974,#18975,#18983,#18989));
#18974 = ORIENTED_EDGE('',*,*,#18960,.T.);
#18975 = ORIENTED_EDGE('',*,*,#18976,.T.);
#18976 = EDGE_CURVE('',#18953,#18977,#18979,.T.);
#18977 = VERTEX_POINT('',#18978);
#18978 = CARTESIAN_POINT('',(54.789779,37.946151,1.7));
#18979 = LINE('',#18980,#18981);
#18980 = CARTESIAN_POINT('',(54.791226,37.960782,1.7));
#18981 = VECTOR('',#18982,1.);
#18982 = DIRECTION('',(-9.841944131848E-02,-0.995145021377,0.));
#18983 = ORIENTED_EDGE('',*,*,#18984,.F.);
#18984 = EDGE_CURVE('',#5733,#18977,#18985,.T.);
#18985 = LINE('',#18986,#18987);
#18986 = CARTESIAN_POINT('',(54.789779,37.946151,0.));
#18987 = VECTOR('',#18988,1.);
#18988 = DIRECTION('',(0.,0.,1.));
#18989 = ORIENTED_EDGE('',*,*,#5732,.F.);
#18990 = PLANE('',#18991);
#18991 = AXIS2_PLACEMENT_3D('',#18992,#18993,#18994);
#18992 = CARTESIAN_POINT('',(54.791226,37.960782,0.));
#18993 = DIRECTION('',(0.995145021377,-9.841944131848E-02,0.));
#18994 = DIRECTION('',(-9.841944131848E-02,-0.995145021377,0.));
#18995 = ADVANCED_FACE('',(#18996),#19014,.F.);
#18996 = FACE_BOUND('',#18997,.F.);
#18997 = EDGE_LOOP('',(#18998,#18999,#19007,#19013));
#18998 = ORIENTED_EDGE('',*,*,#18984,.T.);
#18999 = ORIENTED_EDGE('',*,*,#19000,.T.);
#19000 = EDGE_CURVE('',#18977,#19001,#19003,.T.);
#19001 = VERTEX_POINT('',#19002);
#19002 = CARTESIAN_POINT('',(54.778577,37.9191,1.7));
#19003 = LINE('',#19004,#19005);
#19004 = CARTESIAN_POINT('',(54.789779,37.946151,1.7));
#19005 = VECTOR('',#19006,1.);
#19006 = DIRECTION('',(-0.382599148043,-0.923914439717,0.));
#19007 = ORIENTED_EDGE('',*,*,#19008,.F.);
#19008 = EDGE_CURVE('',#5741,#19001,#19009,.T.);
#19009 = LINE('',#19010,#19011);
#19010 = CARTESIAN_POINT('',(54.778577,37.9191,0.));
#19011 = VECTOR('',#19012,1.);
#19012 = DIRECTION('',(0.,0.,1.));
#19013 = ORIENTED_EDGE('',*,*,#5740,.F.);
#19014 = PLANE('',#19015);
#19015 = AXIS2_PLACEMENT_3D('',#19016,#19017,#19018);
#19016 = CARTESIAN_POINT('',(54.789779,37.946151,0.));
#19017 = DIRECTION('',(0.923914439717,-0.382599148043,0.));
#19018 = DIRECTION('',(-0.382599148043,-0.923914439717,0.));
#19019 = ADVANCED_FACE('',(#19020),#19038,.F.);
#19020 = FACE_BOUND('',#19021,.F.);
#19021 = EDGE_LOOP('',(#19022,#19023,#19031,#19037));
#19022 = ORIENTED_EDGE('',*,*,#19008,.T.);
#19023 = ORIENTED_EDGE('',*,*,#19024,.T.);
#19024 = EDGE_CURVE('',#19001,#19025,#19027,.T.);
#19025 = VERTEX_POINT('',#19026);
#19026 = CARTESIAN_POINT('',(54.757902,37.898425,1.7));
#19027 = LINE('',#19028,#19029);
#19028 = CARTESIAN_POINT('',(54.778577,37.9191,1.7));
#19029 = VECTOR('',#19030,1.);
#19030 = DIRECTION('',(-0.707106781187,-0.707106781187,0.));
#19031 = ORIENTED_EDGE('',*,*,#19032,.F.);
#19032 = EDGE_CURVE('',#5749,#19025,#19033,.T.);
#19033 = LINE('',#19034,#19035);
#19034 = CARTESIAN_POINT('',(54.757902,37.898425,0.));
#19035 = VECTOR('',#19036,1.);
#19036 = DIRECTION('',(0.,0.,1.));
#19037 = ORIENTED_EDGE('',*,*,#5748,.F.);
#19038 = PLANE('',#19039);
#19039 = AXIS2_PLACEMENT_3D('',#19040,#19041,#19042);
#19040 = CARTESIAN_POINT('',(54.778577,37.9191,0.));
#19041 = DIRECTION('',(0.707106781187,-0.707106781187,0.));
#19042 = DIRECTION('',(-0.707106781187,-0.707106781187,0.));
#19043 = ADVANCED_FACE('',(#19044),#19062,.F.);
#19044 = FACE_BOUND('',#19045,.F.);
#19045 = EDGE_LOOP('',(#19046,#19047,#19055,#19061));
#19046 = ORIENTED_EDGE('',*,*,#19032,.T.);
#19047 = ORIENTED_EDGE('',*,*,#19048,.T.);
#19048 = EDGE_CURVE('',#19025,#19049,#19051,.T.);
#19049 = VERTEX_POINT('',#19050);
#19050 = CARTESIAN_POINT('',(54.730851,37.887223,1.7));
#19051 = LINE('',#19052,#19053);
#19052 = CARTESIAN_POINT('',(54.757902,37.898425,1.7));
#19053 = VECTOR('',#19054,1.);
#19054 = DIRECTION('',(-0.923914439717,-0.382599148043,0.));
#19055 = ORIENTED_EDGE('',*,*,#19056,.F.);
#19056 = EDGE_CURVE('',#5757,#19049,#19057,.T.);
#19057 = LINE('',#19058,#19059);
#19058 = CARTESIAN_POINT('',(54.730851,37.887223,0.));
#19059 = VECTOR('',#19060,1.);
#19060 = DIRECTION('',(0.,0.,1.));
#19061 = ORIENTED_EDGE('',*,*,#5756,.F.);
#19062 = PLANE('',#19063);
#19063 = AXIS2_PLACEMENT_3D('',#19064,#19065,#19066);
#19064 = CARTESIAN_POINT('',(54.757902,37.898425,0.));
#19065 = DIRECTION('',(0.382599148043,-0.923914439717,0.));
#19066 = DIRECTION('',(-0.923914439717,-0.382599148043,0.));
#19067 = ADVANCED_FACE('',(#19068),#19086,.F.);
#19068 = FACE_BOUND('',#19069,.F.);
#19069 = EDGE_LOOP('',(#19070,#19071,#19079,#19085));
#19070 = ORIENTED_EDGE('',*,*,#19056,.T.);
#19071 = ORIENTED_EDGE('',*,*,#19072,.T.);
#19072 = EDGE_CURVE('',#19049,#19073,#19075,.T.);
#19073 = VERTEX_POINT('',#19074);
#19074 = CARTESIAN_POINT('',(54.71622,37.885776,1.7));
#19075 = LINE('',#19076,#19077);
#19076 = CARTESIAN_POINT('',(54.730851,37.887223,1.7));
#19077 = VECTOR('',#19078,1.);
#19078 = DIRECTION('',(-0.995145021377,-9.841944131848E-02,0.));
#19079 = ORIENTED_EDGE('',*,*,#19080,.F.);
#19080 = EDGE_CURVE('',#5765,#19073,#19081,.T.);
#19081 = LINE('',#19082,#19083);
#19082 = CARTESIAN_POINT('',(54.71622,37.885776,0.));
#19083 = VECTOR('',#19084,1.);
#19084 = DIRECTION('',(0.,0.,1.));
#19085 = ORIENTED_EDGE('',*,*,#5764,.F.);
#19086 = PLANE('',#19087);
#19087 = AXIS2_PLACEMENT_3D('',#19088,#19089,#19090);
#19088 = CARTESIAN_POINT('',(54.730851,37.887223,0.));
#19089 = DIRECTION('',(9.841944131848E-02,-0.995145021377,0.));
#19090 = DIRECTION('',(-0.995145021377,-9.841944131848E-02,0.));
#19091 = ADVANCED_FACE('',(#19092),#19110,.F.);
#19092 = FACE_BOUND('',#19093,.F.);
#19093 = EDGE_LOOP('',(#19094,#19095,#19103,#19109));
#19094 = ORIENTED_EDGE('',*,*,#19080,.T.);
#19095 = ORIENTED_EDGE('',*,*,#19096,.T.);
#19096 = EDGE_CURVE('',#19073,#19097,#19099,.T.);
#19097 = VERTEX_POINT('',#19098);
#19098 = CARTESIAN_POINT('',(40.616223,37.885776,1.7));
#19099 = LINE('',#19100,#19101);
#19100 = CARTESIAN_POINT('',(54.71622,37.885776,1.7));
#19101 = VECTOR('',#19102,1.);
#19102 = DIRECTION('',(-1.,0.,0.));
#19103 = ORIENTED_EDGE('',*,*,#19104,.F.);
#19104 = EDGE_CURVE('',#5773,#19097,#19105,.T.);
#19105 = LINE('',#19106,#19107);
#19106 = CARTESIAN_POINT('',(40.616223,37.885776,0.));
#19107 = VECTOR('',#19108,1.);
#19108 = DIRECTION('',(0.,0.,1.));
#19109 = ORIENTED_EDGE('',*,*,#5772,.F.);
#19110 = PLANE('',#19111);
#19111 = AXIS2_PLACEMENT_3D('',#19112,#19113,#19114);
#19112 = CARTESIAN_POINT('',(54.71622,37.885776,0.));
#19113 = DIRECTION('',(0.,-1.,0.));
#19114 = DIRECTION('',(-1.,0.,0.));
#19115 = ADVANCED_FACE('',(#19116),#19134,.F.);
#19116 = FACE_BOUND('',#19117,.F.);
#19117 = EDGE_LOOP('',(#19118,#19119,#19127,#19133));
#19118 = ORIENTED_EDGE('',*,*,#19104,.T.);
#19119 = ORIENTED_EDGE('',*,*,#19120,.T.);
#19120 = EDGE_CURVE('',#19097,#19121,#19123,.T.);
#19121 = VERTEX_POINT('',#19122);
#19122 = CARTESIAN_POINT('',(40.601593,37.887223,1.7));
#19123 = LINE('',#19124,#19125);
#19124 = CARTESIAN_POINT('',(40.616223,37.885776,1.7));
#19125 = VECTOR('',#19126,1.);
#19126 = DIRECTION('',(-0.995144362478,9.842610338384E-02,0.));
#19127 = ORIENTED_EDGE('',*,*,#19128,.F.);
#19128 = EDGE_CURVE('',#5781,#19121,#19129,.T.);
#19129 = LINE('',#19130,#19131);
#19130 = CARTESIAN_POINT('',(40.601593,37.887223,0.));
#19131 = VECTOR('',#19132,1.);
#19132 = DIRECTION('',(0.,0.,1.));
#19133 = ORIENTED_EDGE('',*,*,#5780,.F.);
#19134 = PLANE('',#19135);
#19135 = AXIS2_PLACEMENT_3D('',#19136,#19137,#19138);
#19136 = CARTESIAN_POINT('',(40.616223,37.885776,0.));
#19137 = DIRECTION('',(-9.842610338384E-02,-0.995144362478,0.));
#19138 = DIRECTION('',(-0.995144362478,9.842610338384E-02,0.));
#19139 = ADVANCED_FACE('',(#19140),#19158,.F.);
#19140 = FACE_BOUND('',#19141,.F.);
#19141 = EDGE_LOOP('',(#19142,#19143,#19151,#19157));
#19142 = ORIENTED_EDGE('',*,*,#19128,.T.);
#19143 = ORIENTED_EDGE('',*,*,#19144,.T.);
#19144 = EDGE_CURVE('',#19121,#19145,#19147,.T.);
#19145 = VERTEX_POINT('',#19146);
#19146 = CARTESIAN_POINT('',(40.574542,37.898425,1.7));
#19147 = LINE('',#19148,#19149);
#19148 = CARTESIAN_POINT('',(40.601593,37.887223,1.7));
#19149 = VECTOR('',#19150,1.);
#19150 = DIRECTION('',(-0.923914439717,0.382599148043,0.));
#19151 = ORIENTED_EDGE('',*,*,#19152,.F.);
#19152 = EDGE_CURVE('',#5789,#19145,#19153,.T.);
#19153 = LINE('',#19154,#19155);
#19154 = CARTESIAN_POINT('',(40.574542,37.898425,0.));
#19155 = VECTOR('',#19156,1.);
#19156 = DIRECTION('',(0.,0.,1.));
#19157 = ORIENTED_EDGE('',*,*,#5788,.F.);
#19158 = PLANE('',#19159);
#19159 = AXIS2_PLACEMENT_3D('',#19160,#19161,#19162);
#19160 = CARTESIAN_POINT('',(40.601593,37.887223,0.));
#19161 = DIRECTION('',(-0.382599148043,-0.923914439717,0.));
#19162 = DIRECTION('',(-0.923914439717,0.382599148043,0.));
#19163 = ADVANCED_FACE('',(#19164),#19182,.F.);
#19164 = FACE_BOUND('',#19165,.F.);
#19165 = EDGE_LOOP('',(#19166,#19167,#19175,#19181));
#19166 = ORIENTED_EDGE('',*,*,#19152,.T.);
#19167 = ORIENTED_EDGE('',*,*,#19168,.T.);
#19168 = EDGE_CURVE('',#19145,#19169,#19171,.T.);
#19169 = VERTEX_POINT('',#19170);
#19170 = CARTESIAN_POINT('',(40.553866,37.9191,1.7));
#19171 = LINE('',#19172,#19173);
#19172 = CARTESIAN_POINT('',(40.574542,37.898425,1.7));
#19173 = VECTOR('',#19174,1.);
#19174 = DIRECTION('',(-0.707123881093,0.707089680867,0.));
#19175 = ORIENTED_EDGE('',*,*,#19176,.F.);
#19176 = EDGE_CURVE('',#5797,#19169,#19177,.T.);
#19177 = LINE('',#19178,#19179);
#19178 = CARTESIAN_POINT('',(40.553866,37.9191,0.));
#19179 = VECTOR('',#19180,1.);
#19180 = DIRECTION('',(0.,0.,1.));
#19181 = ORIENTED_EDGE('',*,*,#5796,.F.);
#19182 = PLANE('',#19183);
#19183 = AXIS2_PLACEMENT_3D('',#19184,#19185,#19186);
#19184 = CARTESIAN_POINT('',(40.574542,37.898425,0.));
#19185 = DIRECTION('',(-0.707089680867,-0.707123881093,0.));
#19186 = DIRECTION('',(-0.707123881093,0.707089680867,0.));
#19187 = ADVANCED_FACE('',(#19188),#19206,.F.);
#19188 = FACE_BOUND('',#19189,.F.);
#19189 = EDGE_LOOP('',(#19190,#19191,#19199,#19205));
#19190 = ORIENTED_EDGE('',*,*,#19176,.T.);
#19191 = ORIENTED_EDGE('',*,*,#19192,.T.);
#19192 = EDGE_CURVE('',#19169,#19193,#19195,.T.);
#19193 = VERTEX_POINT('',#19194);
#19194 = CARTESIAN_POINT('',(40.542665,37.946151,1.7));
#19195 = LINE('',#19196,#19197);
#19196 = CARTESIAN_POINT('',(40.553866,37.9191,1.7));
#19197 = VECTOR('',#19198,1.);
#19198 = DIRECTION('',(-0.382569992546,0.923926512664,0.));
#19199 = ORIENTED_EDGE('',*,*,#19200,.F.);
#19200 = EDGE_CURVE('',#5805,#19193,#19201,.T.);
#19201 = LINE('',#19202,#19203);
#19202 = CARTESIAN_POINT('',(40.542665,37.946151,0.));
#19203 = VECTOR('',#19204,1.);
#19204 = DIRECTION('',(0.,0.,1.));
#19205 = ORIENTED_EDGE('',*,*,#5804,.F.);
#19206 = PLANE('',#19207);
#19207 = AXIS2_PLACEMENT_3D('',#19208,#19209,#19210);
#19208 = CARTESIAN_POINT('',(40.553866,37.9191,0.));
#19209 = DIRECTION('',(-0.923926512664,-0.382569992546,0.));
#19210 = DIRECTION('',(-0.382569992546,0.923926512664,0.));
#19211 = ADVANCED_FACE('',(#19212),#19230,.F.);
#19212 = FACE_BOUND('',#19213,.F.);
#19213 = EDGE_LOOP('',(#19214,#19215,#19223,#19229));
#19214 = ORIENTED_EDGE('',*,*,#19200,.T.);
#19215 = ORIENTED_EDGE('',*,*,#19216,.T.);
#19216 = EDGE_CURVE('',#19193,#19217,#19219,.T.);
#19217 = VERTEX_POINT('',#19218);
#19218 = CARTESIAN_POINT('',(40.541217,37.960782,1.7));
#19219 = LINE('',#19220,#19221);
#19220 = CARTESIAN_POINT('',(40.542665,37.946151,1.7));
#19221 = VECTOR('',#19222,1.);
#19222 = DIRECTION('',(-9.848679801056E-02,0.995138357525,0.));
#19223 = ORIENTED_EDGE('',*,*,#19224,.F.);
#19224 = EDGE_CURVE('',#5813,#19217,#19225,.T.);
#19225 = LINE('',#19226,#19227);
#19226 = CARTESIAN_POINT('',(40.541217,37.960782,0.));
#19227 = VECTOR('',#19228,1.);
#19228 = DIRECTION('',(0.,0.,1.));
#19229 = ORIENTED_EDGE('',*,*,#5812,.F.);
#19230 = PLANE('',#19231);
#19231 = AXIS2_PLACEMENT_3D('',#19232,#19233,#19234);
#19232 = CARTESIAN_POINT('',(40.542665,37.946151,0.));
#19233 = DIRECTION('',(-0.995138357525,-9.848679801056E-02,0.));
#19234 = DIRECTION('',(-9.848679801056E-02,0.995138357525,0.));
#19235 = ADVANCED_FACE('',(#19236),#19254,.F.);
#19236 = FACE_BOUND('',#19237,.F.);
#19237 = EDGE_LOOP('',(#19238,#19239,#19247,#19253));
#19238 = ORIENTED_EDGE('',*,*,#19224,.T.);
#19239 = ORIENTED_EDGE('',*,*,#19240,.T.);
#19240 = EDGE_CURVE('',#19217,#19241,#19243,.T.);
#19241 = VERTEX_POINT('',#19242);
#19242 = CARTESIAN_POINT('',(40.541217,52.060779,1.7));
#19243 = LINE('',#19244,#19245);
#19244 = CARTESIAN_POINT('',(40.541217,37.960782,1.7));
#19245 = VECTOR('',#19246,1.);
#19246 = DIRECTION('',(0.,1.,0.));
#19247 = ORIENTED_EDGE('',*,*,#19248,.F.);
#19248 = EDGE_CURVE('',#5821,#19241,#19249,.T.);
#19249 = LINE('',#19250,#19251);
#19250 = CARTESIAN_POINT('',(40.541217,52.060779,0.));
#19251 = VECTOR('',#19252,1.);
#19252 = DIRECTION('',(0.,0.,1.));
#19253 = ORIENTED_EDGE('',*,*,#5820,.F.);
#19254 = PLANE('',#19255);
#19255 = AXIS2_PLACEMENT_3D('',#19256,#19257,#19258);
#19256 = CARTESIAN_POINT('',(40.541217,37.960782,0.));
#19257 = DIRECTION('',(-1.,0.,0.));
#19258 = DIRECTION('',(0.,1.,0.));
#19259 = ADVANCED_FACE('',(#19260),#19278,.F.);
#19260 = FACE_BOUND('',#19261,.F.);
#19261 = EDGE_LOOP('',(#19262,#19263,#19271,#19277));
#19262 = ORIENTED_EDGE('',*,*,#19248,.T.);
#19263 = ORIENTED_EDGE('',*,*,#19264,.T.);
#19264 = EDGE_CURVE('',#19241,#19265,#19267,.T.);
#19265 = VERTEX_POINT('',#19266);
#19266 = CARTESIAN_POINT('',(40.542665,52.075409,1.7));
#19267 = LINE('',#19268,#19269);
#19268 = CARTESIAN_POINT('',(40.541217,52.060779,1.7));
#19269 = VECTOR('',#19270,1.);
#19270 = DIRECTION('',(9.849346454599E-02,0.995137697729,0.));
#19271 = ORIENTED_EDGE('',*,*,#19272,.F.);
#19272 = EDGE_CURVE('',#5829,#19265,#19273,.T.);
#19273 = LINE('',#19274,#19275);
#19274 = CARTESIAN_POINT('',(40.542665,52.075409,0.));
#19275 = VECTOR('',#19276,1.);
#19276 = DIRECTION('',(0.,0.,1.));
#19277 = ORIENTED_EDGE('',*,*,#5828,.F.);
#19278 = PLANE('',#19279);
#19279 = AXIS2_PLACEMENT_3D('',#19280,#19281,#19282);
#19280 = CARTESIAN_POINT('',(40.541217,52.060779,0.));
#19281 = DIRECTION('',(-0.995137697729,9.849346454599E-02,0.));
#19282 = DIRECTION('',(9.849346454599E-02,0.995137697729,0.));
#19283 = ADVANCED_FACE('',(#19284),#19302,.F.);
#19284 = FACE_BOUND('',#19285,.F.);
#19285 = EDGE_LOOP('',(#19286,#19287,#19295,#19301));
#19286 = ORIENTED_EDGE('',*,*,#19272,.T.);
#19287 = ORIENTED_EDGE('',*,*,#19288,.T.);
#19288 = EDGE_CURVE('',#19265,#19289,#19291,.T.);
#19289 = VERTEX_POINT('',#19290);
#19290 = CARTESIAN_POINT('',(40.553866,52.10246,1.7));
#19291 = LINE('',#19292,#19293);
#19292 = CARTESIAN_POINT('',(40.542665,52.075409,1.7));
#19293 = VECTOR('',#19294,1.);
#19294 = DIRECTION('',(0.382569992546,0.923926512664,0.));
#19295 = ORIENTED_EDGE('',*,*,#19296,.F.);
#19296 = EDGE_CURVE('',#5837,#19289,#19297,.T.);
#19297 = LINE('',#19298,#19299);
#19298 = CARTESIAN_POINT('',(40.553866,52.10246,0.));
#19299 = VECTOR('',#19300,1.);
#19300 = DIRECTION('',(0.,0.,1.));
#19301 = ORIENTED_EDGE('',*,*,#5836,.F.);
#19302 = PLANE('',#19303);
#19303 = AXIS2_PLACEMENT_3D('',#19304,#19305,#19306);
#19304 = CARTESIAN_POINT('',(40.542665,52.075409,0.));
#19305 = DIRECTION('',(-0.923926512664,0.382569992546,0.));
#19306 = DIRECTION('',(0.382569992546,0.923926512664,0.));
#19307 = ADVANCED_FACE('',(#19308),#19326,.F.);
#19308 = FACE_BOUND('',#19309,.F.);
#19309 = EDGE_LOOP('',(#19310,#19311,#19319,#19325));
#19310 = ORIENTED_EDGE('',*,*,#19296,.T.);
#19311 = ORIENTED_EDGE('',*,*,#19312,.T.);
#19312 = EDGE_CURVE('',#19289,#19313,#19315,.T.);
#19313 = VERTEX_POINT('',#19314);
#19314 = CARTESIAN_POINT('',(40.574542,52.123136,1.7));
#19315 = LINE('',#19316,#19317);
#19316 = CARTESIAN_POINT('',(40.553866,52.10246,1.7));
#19317 = VECTOR('',#19318,1.);
#19318 = DIRECTION('',(0.707106781187,0.707106781187,0.));
#19319 = ORIENTED_EDGE('',*,*,#19320,.F.);
#19320 = EDGE_CURVE('',#5845,#19313,#19321,.T.);
#19321 = LINE('',#19322,#19323);
#19322 = CARTESIAN_POINT('',(40.574542,52.123136,0.));
#19323 = VECTOR('',#19324,1.);
#19324 = DIRECTION('',(0.,0.,1.));
#19325 = ORIENTED_EDGE('',*,*,#5844,.F.);
#19326 = PLANE('',#19327);
#19327 = AXIS2_PLACEMENT_3D('',#19328,#19329,#19330);
#19328 = CARTESIAN_POINT('',(40.553866,52.10246,0.));
#19329 = DIRECTION('',(-0.707106781187,0.707106781187,0.));
#19330 = DIRECTION('',(0.707106781187,0.707106781187,0.));
#19331 = ADVANCED_FACE('',(#19332),#19350,.F.);
#19332 = FACE_BOUND('',#19333,.F.);
#19333 = EDGE_LOOP('',(#19334,#19335,#19343,#19349));
#19334 = ORIENTED_EDGE('',*,*,#19320,.T.);
#19335 = ORIENTED_EDGE('',*,*,#19336,.T.);
#19336 = EDGE_CURVE('',#19313,#19337,#19339,.T.);
#19337 = VERTEX_POINT('',#19338);
#19338 = CARTESIAN_POINT('',(40.601593,52.134337,1.7));
#19339 = LINE('',#19340,#19341);
#19340 = CARTESIAN_POINT('',(40.574542,52.123136,1.7));
#19341 = VECTOR('',#19342,1.);
#19342 = DIRECTION('',(0.923926512664,0.382569992546,0.));
#19343 = ORIENTED_EDGE('',*,*,#19344,.F.);
#19344 = EDGE_CURVE('',#5853,#19337,#19345,.T.);
#19345 = LINE('',#19346,#19347);
#19346 = CARTESIAN_POINT('',(40.601593,52.134337,0.));
#19347 = VECTOR('',#19348,1.);
#19348 = DIRECTION('',(0.,0.,1.));
#19349 = ORIENTED_EDGE('',*,*,#5852,.F.);
#19350 = PLANE('',#19351);
#19351 = AXIS2_PLACEMENT_3D('',#19352,#19353,#19354);
#19352 = CARTESIAN_POINT('',(40.574542,52.123136,0.));
#19353 = DIRECTION('',(-0.382569992546,0.923926512664,0.));
#19354 = DIRECTION('',(0.923926512664,0.382569992546,0.));
#19355 = ADVANCED_FACE('',(#19356),#19374,.F.);
#19356 = FACE_BOUND('',#19357,.F.);
#19357 = EDGE_LOOP('',(#19358,#19359,#19367,#19373));
#19358 = ORIENTED_EDGE('',*,*,#19344,.T.);
#19359 = ORIENTED_EDGE('',*,*,#19360,.T.);
#19360 = EDGE_CURVE('',#19337,#19361,#19363,.T.);
#19361 = VERTEX_POINT('',#19362);
#19362 = CARTESIAN_POINT('',(40.616223,52.135785,1.7));
#19363 = LINE('',#19364,#19365);
#19364 = CARTESIAN_POINT('',(40.601593,52.134337,1.7));
#19365 = VECTOR('',#19366,1.);
#19366 = DIRECTION('',(0.995137697729,9.849346454604E-02,0.));
#19367 = ORIENTED_EDGE('',*,*,#19368,.F.);
#19368 = EDGE_CURVE('',#5861,#19361,#19369,.T.);
#19369 = LINE('',#19370,#19371);
#19370 = CARTESIAN_POINT('',(40.616223,52.135785,0.));
#19371 = VECTOR('',#19372,1.);
#19372 = DIRECTION('',(0.,0.,1.));
#19373 = ORIENTED_EDGE('',*,*,#5860,.F.);
#19374 = PLANE('',#19375);
#19375 = AXIS2_PLACEMENT_3D('',#19376,#19377,#19378);
#19376 = CARTESIAN_POINT('',(40.601593,52.134337,0.));
#19377 = DIRECTION('',(-9.849346454604E-02,0.995137697729,0.));
#19378 = DIRECTION('',(0.995137697729,9.849346454604E-02,0.));
#19379 = ADVANCED_FACE('',(#19380),#19398,.F.);
#19380 = FACE_BOUND('',#19381,.F.);
#19381 = EDGE_LOOP('',(#19382,#19383,#19391,#19397));
#19382 = ORIENTED_EDGE('',*,*,#19368,.T.);
#19383 = ORIENTED_EDGE('',*,*,#19384,.T.);
#19384 = EDGE_CURVE('',#19361,#19385,#19387,.T.);
#19385 = VERTEX_POINT('',#19386);
#19386 = CARTESIAN_POINT('',(54.71622,52.135785,1.7));
#19387 = LINE('',#19388,#19389);
#19388 = CARTESIAN_POINT('',(40.616223,52.135785,1.7));
#19389 = VECTOR('',#19390,1.);
#19390 = DIRECTION('',(1.,0.,0.));
#19391 = ORIENTED_EDGE('',*,*,#19392,.F.);
#19392 = EDGE_CURVE('',#5869,#19385,#19393,.T.);
#19393 = LINE('',#19394,#19395);
#19394 = CARTESIAN_POINT('',(54.71622,52.135785,0.));
#19395 = VECTOR('',#19396,1.);
#19396 = DIRECTION('',(0.,0.,1.));
#19397 = ORIENTED_EDGE('',*,*,#5868,.F.);
#19398 = PLANE('',#19399);
#19399 = AXIS2_PLACEMENT_3D('',#19400,#19401,#19402);
#19400 = CARTESIAN_POINT('',(40.616223,52.135785,0.));
#19401 = DIRECTION('',(0.,1.,0.));
#19402 = DIRECTION('',(1.,0.,0.));
#19403 = ADVANCED_FACE('',(#19404),#19415,.F.);
#19404 = FACE_BOUND('',#19405,.F.);
#19405 = EDGE_LOOP('',(#19406,#19407,#19413,#19414));
#19406 = ORIENTED_EDGE('',*,*,#19392,.T.);
#19407 = ORIENTED_EDGE('',*,*,#19408,.T.);
#19408 = EDGE_CURVE('',#19385,#18849,#19409,.T.);
#19409 = LINE('',#19410,#19411);
#19410 = CARTESIAN_POINT('',(54.71622,52.135785,1.7));
#19411 = VECTOR('',#19412,1.);
#19412 = DIRECTION('',(0.995138357525,-9.848679801056E-02,0.));
#19413 = ORIENTED_EDGE('',*,*,#18848,.F.);
#19414 = ORIENTED_EDGE('',*,*,#5876,.F.);
#19415 = PLANE('',#19416);
#19416 = AXIS2_PLACEMENT_3D('',#19417,#19418,#19419);
#19417 = CARTESIAN_POINT('',(54.71622,52.135785,0.));
#19418 = DIRECTION('',(9.848679801056E-02,0.995138357525,0.));
#19419 = DIRECTION('',(0.995138357525,-9.848679801056E-02,0.));
#19420 = ADVANCED_FACE('',(#19421),#19446,.F.);
#19421 = FACE_BOUND('',#19422,.F.);
#19422 = EDGE_LOOP('',(#19423,#19431,#19439,#19445));
#19423 = ORIENTED_EDGE('',*,*,#19424,.T.);
#19424 = EDGE_CURVE('',#5885,#19425,#19427,.T.);
#19425 = VERTEX_POINT('',#19426);
#19426 = CARTESIAN_POINT('',(35.680851,52.134337,1.7));
#19427 = LINE('',#19428,#19429);
#19428 = CARTESIAN_POINT('',(35.680851,52.134337,0.));
#19429 = VECTOR('',#19430,1.);
#19430 = DIRECTION('',(0.,0.,1.));
#19431 = ORIENTED_EDGE('',*,*,#19432,.T.);
#19432 = EDGE_CURVE('',#19425,#19433,#19435,.T.);
#19433 = VERTEX_POINT('',#19434);
#19434 = CARTESIAN_POINT('',(35.707902,52.123136,1.7));
#19435 = LINE('',#19436,#19437);
#19436 = CARTESIAN_POINT('',(35.680851,52.134337,1.7));
#19437 = VECTOR('',#19438,1.);
#19438 = DIRECTION('',(0.923926512664,-0.382569992546,0.));
#19439 = ORIENTED_EDGE('',*,*,#19440,.F.);
#19440 = EDGE_CURVE('',#5887,#19433,#19441,.T.);
#19441 = LINE('',#19442,#19443);
#19442 = CARTESIAN_POINT('',(35.707902,52.123136,0.));
#19443 = VECTOR('',#19444,1.);
#19444 = DIRECTION('',(0.,0.,1.));
#19445 = ORIENTED_EDGE('',*,*,#5884,.F.);
#19446 = PLANE('',#19447);
#19447 = AXIS2_PLACEMENT_3D('',#19448,#19449,#19450);
#19448 = CARTESIAN_POINT('',(35.680851,52.134337,0.));
#19449 = DIRECTION('',(0.382569992546,0.923926512664,0.));
#19450 = DIRECTION('',(0.923926512664,-0.382569992546,0.));
#19451 = ADVANCED_FACE('',(#19452),#19470,.F.);
#19452 = FACE_BOUND('',#19453,.F.);
#19453 = EDGE_LOOP('',(#19454,#19455,#19463,#19469));
#19454 = ORIENTED_EDGE('',*,*,#19440,.T.);
#19455 = ORIENTED_EDGE('',*,*,#19456,.T.);
#19456 = EDGE_CURVE('',#19433,#19457,#19459,.T.);
#19457 = VERTEX_POINT('',#19458);
#19458 = CARTESIAN_POINT('',(35.728577,52.10246,1.7));
#19459 = LINE('',#19460,#19461);
#19460 = CARTESIAN_POINT('',(35.707902,52.123136,1.7));
#19461 = VECTOR('',#19462,1.);
#19462 = DIRECTION('',(0.707089680867,-0.707123881093,0.));
#19463 = ORIENTED_EDGE('',*,*,#19464,.F.);
#19464 = EDGE_CURVE('',#5895,#19457,#19465,.T.);
#19465 = LINE('',#19466,#19467);
#19466 = CARTESIAN_POINT('',(35.728577,52.10246,0.));
#19467 = VECTOR('',#19468,1.);
#19468 = DIRECTION('',(0.,0.,1.));
#19469 = ORIENTED_EDGE('',*,*,#5894,.F.);
#19470 = PLANE('',#19471);
#19471 = AXIS2_PLACEMENT_3D('',#19472,#19473,#19474);
#19472 = CARTESIAN_POINT('',(35.707902,52.123136,0.));
#19473 = DIRECTION('',(0.707123881093,0.707089680867,0.));
#19474 = DIRECTION('',(0.707089680867,-0.707123881093,0.));
#19475 = ADVANCED_FACE('',(#19476),#19494,.F.);
#19476 = FACE_BOUND('',#19477,.F.);
#19477 = EDGE_LOOP('',(#19478,#19479,#19487,#19493));
#19478 = ORIENTED_EDGE('',*,*,#19464,.T.);
#19479 = ORIENTED_EDGE('',*,*,#19480,.T.);
#19480 = EDGE_CURVE('',#19457,#19481,#19483,.T.);
#19481 = VERTEX_POINT('',#19482);
#19482 = CARTESIAN_POINT('',(35.739779,52.075409,1.7));
#19483 = LINE('',#19484,#19485);
#19484 = CARTESIAN_POINT('',(35.728577,52.10246,1.7));
#19485 = VECTOR('',#19486,1.);
#19486 = DIRECTION('',(0.382599148043,-0.923914439717,0.));
#19487 = ORIENTED_EDGE('',*,*,#19488,.F.);
#19488 = EDGE_CURVE('',#5903,#19481,#19489,.T.);
#19489 = LINE('',#19490,#19491);
#19490 = CARTESIAN_POINT('',(35.739779,52.075409,0.));
#19491 = VECTOR('',#19492,1.);
#19492 = DIRECTION('',(0.,0.,1.));
#19493 = ORIENTED_EDGE('',*,*,#5902,.F.);
#19494 = PLANE('',#19495);
#19495 = AXIS2_PLACEMENT_3D('',#19496,#19497,#19498);
#19496 = CARTESIAN_POINT('',(35.728577,52.10246,0.));
#19497 = DIRECTION('',(0.923914439717,0.382599148043,0.));
#19498 = DIRECTION('',(0.382599148043,-0.923914439717,0.));
#19499 = ADVANCED_FACE('',(#19500),#19518,.F.);
#19500 = FACE_BOUND('',#19501,.F.);
#19501 = EDGE_LOOP('',(#19502,#19503,#19511,#19517));
#19502 = ORIENTED_EDGE('',*,*,#19488,.T.);
#19503 = ORIENTED_EDGE('',*,*,#19504,.T.);
#19504 = EDGE_CURVE('',#19481,#19505,#19507,.T.);
#19505 = VERTEX_POINT('',#19506);
#19506 = CARTESIAN_POINT('',(35.741226,52.060779,1.7));
#19507 = LINE('',#19508,#19509);
#19508 = CARTESIAN_POINT('',(35.739779,52.075409,1.7));
#19509 = VECTOR('',#19510,1.);
#19510 = DIRECTION('',(9.842610338379E-02,-0.995144362478,0.));
#19511 = ORIENTED_EDGE('',*,*,#19512,.F.);
#19512 = EDGE_CURVE('',#5911,#19505,#19513,.T.);
#19513 = LINE('',#19514,#19515);
#19514 = CARTESIAN_POINT('',(35.741226,52.060779,0.));
#19515 = VECTOR('',#19516,1.);
#19516 = DIRECTION('',(0.,0.,1.));
#19517 = ORIENTED_EDGE('',*,*,#5910,.F.);
#19518 = PLANE('',#19519);
#19519 = AXIS2_PLACEMENT_3D('',#19520,#19521,#19522);
#19520 = CARTESIAN_POINT('',(35.739779,52.075409,0.));
#19521 = DIRECTION('',(0.995144362478,9.842610338379E-02,0.));
#19522 = DIRECTION('',(9.842610338379E-02,-0.995144362478,0.));
#19523 = ADVANCED_FACE('',(#19524),#19542,.F.);
#19524 = FACE_BOUND('',#19525,.F.);
#19525 = EDGE_LOOP('',(#19526,#19527,#19535,#19541));
#19526 = ORIENTED_EDGE('',*,*,#19512,.T.);
#19527 = ORIENTED_EDGE('',*,*,#19528,.T.);
#19528 = EDGE_CURVE('',#19505,#19529,#19531,.T.);
#19529 = VERTEX_POINT('',#19530);
#19530 = CARTESIAN_POINT('',(35.741226,37.960782,1.7));
#19531 = LINE('',#19532,#19533);
#19532 = CARTESIAN_POINT('',(35.741226,52.060779,1.7));
#19533 = VECTOR('',#19534,1.);
#19534 = DIRECTION('',(0.,-1.,0.));
#19535 = ORIENTED_EDGE('',*,*,#19536,.F.);
#19536 = EDGE_CURVE('',#5919,#19529,#19537,.T.);
#19537 = LINE('',#19538,#19539);
#19538 = CARTESIAN_POINT('',(35.741226,37.960782,0.));
#19539 = VECTOR('',#19540,1.);
#19540 = DIRECTION('',(0.,0.,1.));
#19541 = ORIENTED_EDGE('',*,*,#5918,.F.);
#19542 = PLANE('',#19543);
#19543 = AXIS2_PLACEMENT_3D('',#19544,#19545,#19546);
#19544 = CARTESIAN_POINT('',(35.741226,52.060779,0.));
#19545 = DIRECTION('',(1.,0.,0.));
#19546 = DIRECTION('',(0.,-1.,0.));
#19547 = ADVANCED_FACE('',(#19548),#19566,.F.);
#19548 = FACE_BOUND('',#19549,.F.);
#19549 = EDGE_LOOP('',(#19550,#19551,#19559,#19565));
#19550 = ORIENTED_EDGE('',*,*,#19536,.T.);
#19551 = ORIENTED_EDGE('',*,*,#19552,.T.);
#19552 = EDGE_CURVE('',#19529,#19553,#19555,.T.);
#19553 = VERTEX_POINT('',#19554);
#19554 = CARTESIAN_POINT('',(35.739779,37.946151,1.7));
#19555 = LINE('',#19556,#19557);
#19556 = CARTESIAN_POINT('',(35.741226,37.960782,1.7));
#19557 = VECTOR('',#19558,1.);
#19558 = DIRECTION('',(-9.841944131848E-02,-0.995145021377,0.));
#19559 = ORIENTED_EDGE('',*,*,#19560,.F.);
#19560 = EDGE_CURVE('',#5927,#19553,#19561,.T.);
#19561 = LINE('',#19562,#19563);
#19562 = CARTESIAN_POINT('',(35.739779,37.946151,0.));
#19563 = VECTOR('',#19564,1.);
#19564 = DIRECTION('',(0.,0.,1.));
#19565 = ORIENTED_EDGE('',*,*,#5926,.F.);
#19566 = PLANE('',#19567);
#19567 = AXIS2_PLACEMENT_3D('',#19568,#19569,#19570);
#19568 = CARTESIAN_POINT('',(35.741226,37.960782,0.));
#19569 = DIRECTION('',(0.995145021377,-9.841944131848E-02,0.));
#19570 = DIRECTION('',(-9.841944131848E-02,-0.995145021377,0.));
#19571 = ADVANCED_FACE('',(#19572),#19590,.F.);
#19572 = FACE_BOUND('',#19573,.F.);
#19573 = EDGE_LOOP('',(#19574,#19575,#19583,#19589));
#19574 = ORIENTED_EDGE('',*,*,#19560,.T.);
#19575 = ORIENTED_EDGE('',*,*,#19576,.T.);
#19576 = EDGE_CURVE('',#19553,#19577,#19579,.T.);
#19577 = VERTEX_POINT('',#19578);
#19578 = CARTESIAN_POINT('',(35.728577,37.9191,1.7));
#19579 = LINE('',#19580,#19581);
#19580 = CARTESIAN_POINT('',(35.739779,37.946151,1.7));
#19581 = VECTOR('',#19582,1.);
#19582 = DIRECTION('',(-0.382599148043,-0.923914439717,0.));
#19583 = ORIENTED_EDGE('',*,*,#19584,.F.);
#19584 = EDGE_CURVE('',#5935,#19577,#19585,.T.);
#19585 = LINE('',#19586,#19587);
#19586 = CARTESIAN_POINT('',(35.728577,37.9191,0.));
#19587 = VECTOR('',#19588,1.);
#19588 = DIRECTION('',(0.,0.,1.));
#19589 = ORIENTED_EDGE('',*,*,#5934,.F.);
#19590 = PLANE('',#19591);
#19591 = AXIS2_PLACEMENT_3D('',#19592,#19593,#19594);
#19592 = CARTESIAN_POINT('',(35.739779,37.946151,0.));
#19593 = DIRECTION('',(0.923914439717,-0.382599148043,0.));
#19594 = DIRECTION('',(-0.382599148043,-0.923914439717,0.));
#19595 = ADVANCED_FACE('',(#19596),#19614,.F.);
#19596 = FACE_BOUND('',#19597,.F.);
#19597 = EDGE_LOOP('',(#19598,#19599,#19607,#19613));
#19598 = ORIENTED_EDGE('',*,*,#19584,.T.);
#19599 = ORIENTED_EDGE('',*,*,#19600,.T.);
#19600 = EDGE_CURVE('',#19577,#19601,#19603,.T.);
#19601 = VERTEX_POINT('',#19602);
#19602 = CARTESIAN_POINT('',(35.707902,37.898425,1.7));
#19603 = LINE('',#19604,#19605);
#19604 = CARTESIAN_POINT('',(35.728577,37.9191,1.7));
#19605 = VECTOR('',#19606,1.);
#19606 = DIRECTION('',(-0.707106781187,-0.707106781186,0.));
#19607 = ORIENTED_EDGE('',*,*,#19608,.F.);
#19608 = EDGE_CURVE('',#5943,#19601,#19609,.T.);
#19609 = LINE('',#19610,#19611);
#19610 = CARTESIAN_POINT('',(35.707902,37.898425,0.));
#19611 = VECTOR('',#19612,1.);
#19612 = DIRECTION('',(0.,0.,1.));
#19613 = ORIENTED_EDGE('',*,*,#5942,.F.);
#19614 = PLANE('',#19615);
#19615 = AXIS2_PLACEMENT_3D('',#19616,#19617,#19618);
#19616 = CARTESIAN_POINT('',(35.728577,37.9191,0.));
#19617 = DIRECTION('',(0.707106781186,-0.707106781187,0.));
#19618 = DIRECTION('',(-0.707106781187,-0.707106781186,0.));
#19619 = ADVANCED_FACE('',(#19620),#19638,.F.);
#19620 = FACE_BOUND('',#19621,.F.);
#19621 = EDGE_LOOP('',(#19622,#19623,#19631,#19637));
#19622 = ORIENTED_EDGE('',*,*,#19608,.T.);
#19623 = ORIENTED_EDGE('',*,*,#19624,.T.);
#19624 = EDGE_CURVE('',#19601,#19625,#19627,.T.);
#19625 = VERTEX_POINT('',#19626);
#19626 = CARTESIAN_POINT('',(35.680851,37.887223,1.7));
#19627 = LINE('',#19628,#19629);
#19628 = CARTESIAN_POINT('',(35.707902,37.898425,1.7));
#19629 = VECTOR('',#19630,1.);
#19630 = DIRECTION('',(-0.923914439717,-0.382599148043,0.));
#19631 = ORIENTED_EDGE('',*,*,#19632,.F.);
#19632 = EDGE_CURVE('',#5951,#19625,#19633,.T.);
#19633 = LINE('',#19634,#19635);
#19634 = CARTESIAN_POINT('',(35.680851,37.887223,0.));
#19635 = VECTOR('',#19636,1.);
#19636 = DIRECTION('',(0.,0.,1.));
#19637 = ORIENTED_EDGE('',*,*,#5950,.F.);
#19638 = PLANE('',#19639);
#19639 = AXIS2_PLACEMENT_3D('',#19640,#19641,#19642);
#19640 = CARTESIAN_POINT('',(35.707902,37.898425,0.));
#19641 = DIRECTION('',(0.382599148043,-0.923914439717,0.));
#19642 = DIRECTION('',(-0.923914439717,-0.382599148043,0.));
#19643 = ADVANCED_FACE('',(#19644),#19662,.F.);
#19644 = FACE_BOUND('',#19645,.F.);
#19645 = EDGE_LOOP('',(#19646,#19647,#19655,#19661));
#19646 = ORIENTED_EDGE('',*,*,#19632,.T.);
#19647 = ORIENTED_EDGE('',*,*,#19648,.T.);
#19648 = EDGE_CURVE('',#19625,#19649,#19651,.T.);
#19649 = VERTEX_POINT('',#19650);
#19650 = CARTESIAN_POINT('',(35.66622,37.885776,1.7));
#19651 = LINE('',#19652,#19653);
#19652 = CARTESIAN_POINT('',(35.680851,37.887223,1.7));
#19653 = VECTOR('',#19654,1.);
#19654 = DIRECTION('',(-0.995145021377,-9.841944131852E-02,0.));
#19655 = ORIENTED_EDGE('',*,*,#19656,.F.);
#19656 = EDGE_CURVE('',#5959,#19649,#19657,.T.);
#19657 = LINE('',#19658,#19659);
#19658 = CARTESIAN_POINT('',(35.66622,37.885776,0.));
#19659 = VECTOR('',#19660,1.);
#19660 = DIRECTION('',(0.,0.,1.));
#19661 = ORIENTED_EDGE('',*,*,#5958,.F.);
#19662 = PLANE('',#19663);
#19663 = AXIS2_PLACEMENT_3D('',#19664,#19665,#19666);
#19664 = CARTESIAN_POINT('',(35.680851,37.887223,0.));
#19665 = DIRECTION('',(9.841944131852E-02,-0.995145021377,0.));
#19666 = DIRECTION('',(-0.995145021377,-9.841944131852E-02,0.));
#19667 = ADVANCED_FACE('',(#19668),#19686,.F.);
#19668 = FACE_BOUND('',#19669,.F.);
#19669 = EDGE_LOOP('',(#19670,#19671,#19679,#19685));
#19670 = ORIENTED_EDGE('',*,*,#19656,.T.);
#19671 = ORIENTED_EDGE('',*,*,#19672,.T.);
#19672 = EDGE_CURVE('',#19649,#19673,#19675,.T.);
#19673 = VERTEX_POINT('',#19674);
#19674 = CARTESIAN_POINT('',(21.566223,37.885776,1.7));
#19675 = LINE('',#19676,#19677);
#19676 = CARTESIAN_POINT('',(35.66622,37.885776,1.7));
#19677 = VECTOR('',#19678,1.);
#19678 = DIRECTION('',(-1.,0.,0.));
#19679 = ORIENTED_EDGE('',*,*,#19680,.F.);
#19680 = EDGE_CURVE('',#5967,#19673,#19681,.T.);
#19681 = LINE('',#19682,#19683);
#19682 = CARTESIAN_POINT('',(21.566223,37.885776,0.));
#19683 = VECTOR('',#19684,1.);
#19684 = DIRECTION('',(0.,0.,1.));
#19685 = ORIENTED_EDGE('',*,*,#5966,.F.);
#19686 = PLANE('',#19687);
#19687 = AXIS2_PLACEMENT_3D('',#19688,#19689,#19690);
#19688 = CARTESIAN_POINT('',(35.66622,37.885776,0.));
#19689 = DIRECTION('',(0.,-1.,0.));
#19690 = DIRECTION('',(-1.,0.,0.));
#19691 = ADVANCED_FACE('',(#19692),#19710,.F.);
#19692 = FACE_BOUND('',#19693,.F.);
#19693 = EDGE_LOOP('',(#19694,#19695,#19703,#19709));
#19694 = ORIENTED_EDGE('',*,*,#19680,.T.);
#19695 = ORIENTED_EDGE('',*,*,#19696,.T.);
#19696 = EDGE_CURVE('',#19673,#19697,#19699,.T.);
#19697 = VERTEX_POINT('',#19698);
#19698 = CARTESIAN_POINT('',(21.551593,37.887223,1.7));
#19699 = LINE('',#19700,#19701);
#19700 = CARTESIAN_POINT('',(21.566223,37.885776,1.7));
#19701 = VECTOR('',#19702,1.);
#19702 = DIRECTION('',(-0.995144362478,9.842610338381E-02,0.));
#19703 = ORIENTED_EDGE('',*,*,#19704,.F.);
#19704 = EDGE_CURVE('',#5975,#19697,#19705,.T.);
#19705 = LINE('',#19706,#19707);
#19706 = CARTESIAN_POINT('',(21.551593,37.887223,0.));
#19707 = VECTOR('',#19708,1.);
#19708 = DIRECTION('',(0.,0.,1.));
#19709 = ORIENTED_EDGE('',*,*,#5974,.F.);
#19710 = PLANE('',#19711);
#19711 = AXIS2_PLACEMENT_3D('',#19712,#19713,#19714);
#19712 = CARTESIAN_POINT('',(21.566223,37.885776,0.));
#19713 = DIRECTION('',(-9.842610338381E-02,-0.995144362478,0.));
#19714 = DIRECTION('',(-0.995144362478,9.842610338381E-02,0.));
#19715 = ADVANCED_FACE('',(#19716),#19734,.F.);
#19716 = FACE_BOUND('',#19717,.F.);
#19717 = EDGE_LOOP('',(#19718,#19719,#19727,#19733));
#19718 = ORIENTED_EDGE('',*,*,#19704,.T.);
#19719 = ORIENTED_EDGE('',*,*,#19720,.T.);
#19720 = EDGE_CURVE('',#19697,#19721,#19723,.T.);
#19721 = VERTEX_POINT('',#19722);
#19722 = CARTESIAN_POINT('',(21.524542,37.898425,1.7));
#19723 = LINE('',#19724,#19725);
#19724 = CARTESIAN_POINT('',(21.551593,37.887223,1.7));
#19725 = VECTOR('',#19726,1.);
#19726 = DIRECTION('',(-0.923914439717,0.382599148043,0.));
#19727 = ORIENTED_EDGE('',*,*,#19728,.F.);
#19728 = EDGE_CURVE('',#5983,#19721,#19729,.T.);
#19729 = LINE('',#19730,#19731);
#19730 = CARTESIAN_POINT('',(21.524542,37.898425,0.));
#19731 = VECTOR('',#19732,1.);
#19732 = DIRECTION('',(0.,0.,1.));
#19733 = ORIENTED_EDGE('',*,*,#5982,.F.);
#19734 = PLANE('',#19735);
#19735 = AXIS2_PLACEMENT_3D('',#19736,#19737,#19738);
#19736 = CARTESIAN_POINT('',(21.551593,37.887223,0.));
#19737 = DIRECTION('',(-0.382599148043,-0.923914439717,0.));
#19738 = DIRECTION('',(-0.923914439717,0.382599148043,0.));
#19739 = ADVANCED_FACE('',(#19740),#19758,.F.);
#19740 = FACE_BOUND('',#19741,.F.);
#19741 = EDGE_LOOP('',(#19742,#19743,#19751,#19757));
#19742 = ORIENTED_EDGE('',*,*,#19728,.T.);
#19743 = ORIENTED_EDGE('',*,*,#19744,.T.);
#19744 = EDGE_CURVE('',#19721,#19745,#19747,.T.);
#19745 = VERTEX_POINT('',#19746);
#19746 = CARTESIAN_POINT('',(21.503866,37.9191,1.7));
#19747 = LINE('',#19748,#19749);
#19748 = CARTESIAN_POINT('',(21.524542,37.898425,1.7));
#19749 = VECTOR('',#19750,1.);
#19750 = DIRECTION('',(-0.707123881093,0.707089680867,0.));
#19751 = ORIENTED_EDGE('',*,*,#19752,.F.);
#19752 = EDGE_CURVE('',#5991,#19745,#19753,.T.);
#19753 = LINE('',#19754,#19755);
#19754 = CARTESIAN_POINT('',(21.503866,37.9191,0.));
#19755 = VECTOR('',#19756,1.);
#19756 = DIRECTION('',(0.,0.,1.));
#19757 = ORIENTED_EDGE('',*,*,#5990,.F.);
#19758 = PLANE('',#19759);
#19759 = AXIS2_PLACEMENT_3D('',#19760,#19761,#19762);
#19760 = CARTESIAN_POINT('',(21.524542,37.898425,0.));
#19761 = DIRECTION('',(-0.707089680867,-0.707123881093,0.));
#19762 = DIRECTION('',(-0.707123881093,0.707089680867,0.));
#19763 = ADVANCED_FACE('',(#19764),#19782,.F.);
#19764 = FACE_BOUND('',#19765,.F.);
#19765 = EDGE_LOOP('',(#19766,#19767,#19775,#19781));
#19766 = ORIENTED_EDGE('',*,*,#19752,.T.);
#19767 = ORIENTED_EDGE('',*,*,#19768,.T.);
#19768 = EDGE_CURVE('',#19745,#19769,#19771,.T.);
#19769 = VERTEX_POINT('',#19770);
#19770 = CARTESIAN_POINT('',(21.492665,37.946151,1.7));
#19771 = LINE('',#19772,#19773);
#19772 = CARTESIAN_POINT('',(21.503866,37.9191,1.7));
#19773 = VECTOR('',#19774,1.);
#19774 = DIRECTION('',(-0.382569992546,0.923926512664,0.));
#19775 = ORIENTED_EDGE('',*,*,#19776,.F.);
#19776 = EDGE_CURVE('',#5999,#19769,#19777,.T.);
#19777 = LINE('',#19778,#19779);
#19778 = CARTESIAN_POINT('',(21.492665,37.946151,0.));
#19779 = VECTOR('',#19780,1.);
#19780 = DIRECTION('',(0.,0.,1.));
#19781 = ORIENTED_EDGE('',*,*,#5998,.F.);
#19782 = PLANE('',#19783);
#19783 = AXIS2_PLACEMENT_3D('',#19784,#19785,#19786);
#19784 = CARTESIAN_POINT('',(21.503866,37.9191,0.));
#19785 = DIRECTION('',(-0.923926512664,-0.382569992546,0.));
#19786 = DIRECTION('',(-0.382569992546,0.923926512664,0.));
#19787 = ADVANCED_FACE('',(#19788),#19806,.F.);
#19788 = FACE_BOUND('',#19789,.F.);
#19789 = EDGE_LOOP('',(#19790,#19791,#19799,#19805));
#19790 = ORIENTED_EDGE('',*,*,#19776,.T.);
#19791 = ORIENTED_EDGE('',*,*,#19792,.T.);
#19792 = EDGE_CURVE('',#19769,#19793,#19795,.T.);
#19793 = VERTEX_POINT('',#19794);
#19794 = CARTESIAN_POINT('',(21.491217,37.960782,1.7));
#19795 = LINE('',#19796,#19797);
#19796 = CARTESIAN_POINT('',(21.492665,37.946151,1.7));
#19797 = VECTOR('',#19798,1.);
#19798 = DIRECTION('',(-9.84867980108E-02,0.995138357525,0.));
#19799 = ORIENTED_EDGE('',*,*,#19800,.F.);
#19800 = EDGE_CURVE('',#6007,#19793,#19801,.T.);
#19801 = LINE('',#19802,#19803);
#19802 = CARTESIAN_POINT('',(21.491217,37.960782,0.));
#19803 = VECTOR('',#19804,1.);
#19804 = DIRECTION('',(0.,0.,1.));
#19805 = ORIENTED_EDGE('',*,*,#6006,.F.);
#19806 = PLANE('',#19807);
#19807 = AXIS2_PLACEMENT_3D('',#19808,#19809,#19810);
#19808 = CARTESIAN_POINT('',(21.492665,37.946151,0.));
#19809 = DIRECTION('',(-0.995138357525,-9.84867980108E-02,0.));
#19810 = DIRECTION('',(-9.84867980108E-02,0.995138357525,0.));
#19811 = ADVANCED_FACE('',(#19812),#19830,.F.);
#19812 = FACE_BOUND('',#19813,.F.);
#19813 = EDGE_LOOP('',(#19814,#19815,#19823,#19829));
#19814 = ORIENTED_EDGE('',*,*,#19800,.T.);
#19815 = ORIENTED_EDGE('',*,*,#19816,.T.);
#19816 = EDGE_CURVE('',#19793,#19817,#19819,.T.);
#19817 = VERTEX_POINT('',#19818);
#19818 = CARTESIAN_POINT('',(21.491217,52.060779,1.7));
#19819 = LINE('',#19820,#19821);
#19820 = CARTESIAN_POINT('',(21.491217,37.960782,1.7));
#19821 = VECTOR('',#19822,1.);
#19822 = DIRECTION('',(0.,1.,0.));
#19823 = ORIENTED_EDGE('',*,*,#19824,.F.);
#19824 = EDGE_CURVE('',#6015,#19817,#19825,.T.);
#19825 = LINE('',#19826,#19827);
#19826 = CARTESIAN_POINT('',(21.491217,52.060779,0.));
#19827 = VECTOR('',#19828,1.);
#19828 = DIRECTION('',(0.,0.,1.));
#19829 = ORIENTED_EDGE('',*,*,#6014,.F.);
#19830 = PLANE('',#19831);
#19831 = AXIS2_PLACEMENT_3D('',#19832,#19833,#19834);
#19832 = CARTESIAN_POINT('',(21.491217,37.960782,0.));
#19833 = DIRECTION('',(-1.,0.,0.));
#19834 = DIRECTION('',(0.,1.,0.));
#19835 = ADVANCED_FACE('',(#19836),#19854,.F.);
#19836 = FACE_BOUND('',#19837,.F.);
#19837 = EDGE_LOOP('',(#19838,#19839,#19847,#19853));
#19838 = ORIENTED_EDGE('',*,*,#19824,.T.);
#19839 = ORIENTED_EDGE('',*,*,#19840,.T.);
#19840 = EDGE_CURVE('',#19817,#19841,#19843,.T.);
#19841 = VERTEX_POINT('',#19842);
#19842 = CARTESIAN_POINT('',(21.492665,52.075409,1.7));
#19843 = LINE('',#19844,#19845);
#19844 = CARTESIAN_POINT('',(21.491217,52.060779,1.7));
#19845 = VECTOR('',#19846,1.);
#19846 = DIRECTION('',(9.849346454623E-02,0.995137697729,0.));
#19847 = ORIENTED_EDGE('',*,*,#19848,.F.);
#19848 = EDGE_CURVE('',#6023,#19841,#19849,.T.);
#19849 = LINE('',#19850,#19851);
#19850 = CARTESIAN_POINT('',(21.492665,52.075409,0.));
#19851 = VECTOR('',#19852,1.);
#19852 = DIRECTION('',(0.,0.,1.));
#19853 = ORIENTED_EDGE('',*,*,#6022,.F.);
#19854 = PLANE('',#19855);
#19855 = AXIS2_PLACEMENT_3D('',#19856,#19857,#19858);
#19856 = CARTESIAN_POINT('',(21.491217,52.060779,0.));
#19857 = DIRECTION('',(-0.995137697729,9.849346454623E-02,0.));
#19858 = DIRECTION('',(9.849346454623E-02,0.995137697729,0.));
#19859 = ADVANCED_FACE('',(#19860),#19878,.F.);
#19860 = FACE_BOUND('',#19861,.F.);
#19861 = EDGE_LOOP('',(#19862,#19863,#19871,#19877));
#19862 = ORIENTED_EDGE('',*,*,#19848,.T.);
#19863 = ORIENTED_EDGE('',*,*,#19864,.T.);
#19864 = EDGE_CURVE('',#19841,#19865,#19867,.T.);
#19865 = VERTEX_POINT('',#19866);
#19866 = CARTESIAN_POINT('',(21.503866,52.10246,1.7));
#19867 = LINE('',#19868,#19869);
#19868 = CARTESIAN_POINT('',(21.492665,52.075409,1.7));
#19869 = VECTOR('',#19870,1.);
#19870 = DIRECTION('',(0.382569992546,0.923926512664,0.));
#19871 = ORIENTED_EDGE('',*,*,#19872,.F.);
#19872 = EDGE_CURVE('',#6031,#19865,#19873,.T.);
#19873 = LINE('',#19874,#19875);
#19874 = CARTESIAN_POINT('',(21.503866,52.10246,0.));
#19875 = VECTOR('',#19876,1.);
#19876 = DIRECTION('',(0.,0.,1.));
#19877 = ORIENTED_EDGE('',*,*,#6030,.F.);
#19878 = PLANE('',#19879);
#19879 = AXIS2_PLACEMENT_3D('',#19880,#19881,#19882);
#19880 = CARTESIAN_POINT('',(21.492665,52.075409,0.));
#19881 = DIRECTION('',(-0.923926512664,0.382569992546,0.));
#19882 = DIRECTION('',(0.382569992546,0.923926512664,0.));
#19883 = ADVANCED_FACE('',(#19884),#19902,.F.);
#19884 = FACE_BOUND('',#19885,.F.);
#19885 = EDGE_LOOP('',(#19886,#19887,#19895,#19901));
#19886 = ORIENTED_EDGE('',*,*,#19872,.T.);
#19887 = ORIENTED_EDGE('',*,*,#19888,.T.);
#19888 = EDGE_CURVE('',#19865,#19889,#19891,.T.);
#19889 = VERTEX_POINT('',#19890);
#19890 = CARTESIAN_POINT('',(21.524542,52.123136,1.7));
#19891 = LINE('',#19892,#19893);
#19892 = CARTESIAN_POINT('',(21.503866,52.10246,1.7));
#19893 = VECTOR('',#19894,1.);
#19894 = DIRECTION('',(0.707106781187,0.707106781187,0.));
#19895 = ORIENTED_EDGE('',*,*,#19896,.F.);
#19896 = EDGE_CURVE('',#6039,#19889,#19897,.T.);
#19897 = LINE('',#19898,#19899);
#19898 = CARTESIAN_POINT('',(21.524542,52.123136,0.));
#19899 = VECTOR('',#19900,1.);
#19900 = DIRECTION('',(0.,0.,1.));
#19901 = ORIENTED_EDGE('',*,*,#6038,.F.);
#19902 = PLANE('',#19903);
#19903 = AXIS2_PLACEMENT_3D('',#19904,#19905,#19906);
#19904 = CARTESIAN_POINT('',(21.503866,52.10246,0.));
#19905 = DIRECTION('',(-0.707106781187,0.707106781187,0.));
#19906 = DIRECTION('',(0.707106781187,0.707106781187,0.));
#19907 = ADVANCED_FACE('',(#19908),#19926,.F.);
#19908 = FACE_BOUND('',#19909,.F.);
#19909 = EDGE_LOOP('',(#19910,#19911,#19919,#19925));
#19910 = ORIENTED_EDGE('',*,*,#19896,.T.);
#19911 = ORIENTED_EDGE('',*,*,#19912,.T.);
#19912 = EDGE_CURVE('',#19889,#19913,#19915,.T.);
#19913 = VERTEX_POINT('',#19914);
#19914 = CARTESIAN_POINT('',(21.551593,52.134337,1.7));
#19915 = LINE('',#19916,#19917);
#19916 = CARTESIAN_POINT('',(21.524542,52.123136,1.7));
#19917 = VECTOR('',#19918,1.);
#19918 = DIRECTION('',(0.923926512664,0.382569992546,0.));
#19919 = ORIENTED_EDGE('',*,*,#19920,.F.);
#19920 = EDGE_CURVE('',#6047,#19913,#19921,.T.);
#19921 = LINE('',#19922,#19923);
#19922 = CARTESIAN_POINT('',(21.551593,52.134337,0.));
#19923 = VECTOR('',#19924,1.);
#19924 = DIRECTION('',(0.,0.,1.));
#19925 = ORIENTED_EDGE('',*,*,#6046,.F.);
#19926 = PLANE('',#19927);
#19927 = AXIS2_PLACEMENT_3D('',#19928,#19929,#19930);
#19928 = CARTESIAN_POINT('',(21.524542,52.123136,0.));
#19929 = DIRECTION('',(-0.382569992546,0.923926512664,0.));
#19930 = DIRECTION('',(0.923926512664,0.382569992546,0.));
#19931 = ADVANCED_FACE('',(#19932),#19950,.F.);
#19932 = FACE_BOUND('',#19933,.F.);
#19933 = EDGE_LOOP('',(#19934,#19935,#19943,#19949));
#19934 = ORIENTED_EDGE('',*,*,#19920,.T.);
#19935 = ORIENTED_EDGE('',*,*,#19936,.T.);
#19936 = EDGE_CURVE('',#19913,#19937,#19939,.T.);
#19937 = VERTEX_POINT('',#19938);
#19938 = CARTESIAN_POINT('',(21.566223,52.135785,1.7));
#19939 = LINE('',#19940,#19941);
#19940 = CARTESIAN_POINT('',(21.551593,52.134337,1.7));
#19941 = VECTOR('',#19942,1.);
#19942 = DIRECTION('',(0.995137697729,9.849346454601E-02,0.));
#19943 = ORIENTED_EDGE('',*,*,#19944,.F.);
#19944 = EDGE_CURVE('',#6055,#19937,#19945,.T.);
#19945 = LINE('',#19946,#19947);
#19946 = CARTESIAN_POINT('',(21.566223,52.135785,0.));
#19947 = VECTOR('',#19948,1.);
#19948 = DIRECTION('',(0.,0.,1.));
#19949 = ORIENTED_EDGE('',*,*,#6054,.F.);
#19950 = PLANE('',#19951);
#19951 = AXIS2_PLACEMENT_3D('',#19952,#19953,#19954);
#19952 = CARTESIAN_POINT('',(21.551593,52.134337,0.));
#19953 = DIRECTION('',(-9.849346454601E-02,0.995137697729,0.));
#19954 = DIRECTION('',(0.995137697729,9.849346454601E-02,0.));
#19955 = ADVANCED_FACE('',(#19956),#19974,.F.);
#19956 = FACE_BOUND('',#19957,.F.);
#19957 = EDGE_LOOP('',(#19958,#19959,#19967,#19973));
#19958 = ORIENTED_EDGE('',*,*,#19944,.T.);
#19959 = ORIENTED_EDGE('',*,*,#19960,.T.);
#19960 = EDGE_CURVE('',#19937,#19961,#19963,.T.);
#19961 = VERTEX_POINT('',#19962);
#19962 = CARTESIAN_POINT('',(35.66622,52.135785,1.7));
#19963 = LINE('',#19964,#19965);
#19964 = CARTESIAN_POINT('',(21.566223,52.135785,1.7));
#19965 = VECTOR('',#19966,1.);
#19966 = DIRECTION('',(1.,0.,0.));
#19967 = ORIENTED_EDGE('',*,*,#19968,.F.);
#19968 = EDGE_CURVE('',#6063,#19961,#19969,.T.);
#19969 = LINE('',#19970,#19971);
#19970 = CARTESIAN_POINT('',(35.66622,52.135785,0.));
#19971 = VECTOR('',#19972,1.);
#19972 = DIRECTION('',(0.,0.,1.));
#19973 = ORIENTED_EDGE('',*,*,#6062,.F.);
#19974 = PLANE('',#19975);
#19975 = AXIS2_PLACEMENT_3D('',#19976,#19977,#19978);
#19976 = CARTESIAN_POINT('',(21.566223,52.135785,0.));
#19977 = DIRECTION('',(0.,1.,0.));
#19978 = DIRECTION('',(1.,0.,0.));
#19979 = ADVANCED_FACE('',(#19980),#19991,.F.);
#19980 = FACE_BOUND('',#19981,.F.);
#19981 = EDGE_LOOP('',(#19982,#19983,#19989,#19990));
#19982 = ORIENTED_EDGE('',*,*,#19968,.T.);
#19983 = ORIENTED_EDGE('',*,*,#19984,.T.);
#19984 = EDGE_CURVE('',#19961,#19425,#19985,.T.);
#19985 = LINE('',#19986,#19987);
#19986 = CARTESIAN_POINT('',(35.66622,52.135785,1.7));
#19987 = VECTOR('',#19988,1.);
#19988 = DIRECTION('',(0.995138357525,-9.848679801061E-02,0.));
#19989 = ORIENTED_EDGE('',*,*,#19424,.F.);
#19990 = ORIENTED_EDGE('',*,*,#6070,.F.);
#19991 = PLANE('',#19992);
#19992 = AXIS2_PLACEMENT_3D('',#19993,#19994,#19995);
#19993 = CARTESIAN_POINT('',(35.66622,52.135785,0.));
#19994 = DIRECTION('',(9.848679801061E-02,0.995138357525,0.));
#19995 = DIRECTION('',(0.995138357525,-9.848679801061E-02,0.));
#19996 = ADVANCED_FACE('',(#19997),#20022,.F.);
#19997 = FACE_BOUND('',#19998,.F.);
#19998 = EDGE_LOOP('',(#19999,#20007,#20015,#20021));
#19999 = ORIENTED_EDGE('',*,*,#20000,.T.);
#20000 = EDGE_CURVE('',#6079,#20001,#20003,.T.);
#20001 = VERTEX_POINT('',#20002);
#20002 = CARTESIAN_POINT('',(90.449651,28.321837,1.7));
#20003 = LINE('',#20004,#20005);
#20004 = CARTESIAN_POINT('',(90.449651,28.321837,0.));
#20005 = VECTOR('',#20006,1.);
#20006 = DIRECTION('',(0.,0.,1.));
#20007 = ORIENTED_EDGE('',*,*,#20008,.T.);
#20008 = EDGE_CURVE('',#20001,#20009,#20011,.T.);
#20009 = VERTEX_POINT('',#20010);
#20010 = CARTESIAN_POINT('',(90.476677,28.310636,1.7));
#20011 = LINE('',#20012,#20013);
#20012 = CARTESIAN_POINT('',(90.449651,28.321837,1.7));
#20013 = VECTOR('',#20014,1.);
#20014 = DIRECTION('',(0.923801391705,-0.382872026511,0.));
#20015 = ORIENTED_EDGE('',*,*,#20016,.F.);
#20016 = EDGE_CURVE('',#6081,#20009,#20017,.T.);
#20017 = LINE('',#20018,#20019);
#20018 = CARTESIAN_POINT('',(90.476677,28.310636,0.));
#20019 = VECTOR('',#20020,1.);
#20020 = DIRECTION('',(0.,0.,1.));
#20021 = ORIENTED_EDGE('',*,*,#6078,.F.);
#20022 = PLANE('',#20023);
#20023 = AXIS2_PLACEMENT_3D('',#20024,#20025,#20026);
#20024 = CARTESIAN_POINT('',(90.449651,28.321837,0.));
#20025 = DIRECTION('',(0.382872026511,0.923801391705,0.));
#20026 = DIRECTION('',(0.923801391705,-0.382872026511,0.));
#20027 = ADVANCED_FACE('',(#20028),#20046,.F.);
#20028 = FACE_BOUND('',#20029,.F.);
#20029 = EDGE_LOOP('',(#20030,#20031,#20039,#20045));
#20030 = ORIENTED_EDGE('',*,*,#20016,.T.);
#20031 = ORIENTED_EDGE('',*,*,#20032,.T.);
#20032 = EDGE_CURVE('',#20009,#20033,#20035,.T.);
#20033 = VERTEX_POINT('',#20034);
#20034 = CARTESIAN_POINT('',(90.497378,28.28996,1.7));
#20035 = LINE('',#20036,#20037);
#20036 = CARTESIAN_POINT('',(90.476677,28.310636,1.7));
#20037 = VECTOR('',#20038,1.);
#20038 = DIRECTION('',(0.707533886242,-0.706679417996,0.));
#20039 = ORIENTED_EDGE('',*,*,#20040,.F.);
#20040 = EDGE_CURVE('',#6089,#20033,#20041,.T.);
#20041 = LINE('',#20042,#20043);
#20042 = CARTESIAN_POINT('',(90.497378,28.28996,0.));
#20043 = VECTOR('',#20044,1.);
#20044 = DIRECTION('',(0.,0.,1.));
#20045 = ORIENTED_EDGE('',*,*,#6088,.F.);
#20046 = PLANE('',#20047);
#20047 = AXIS2_PLACEMENT_3D('',#20048,#20049,#20050);
#20048 = CARTESIAN_POINT('',(90.476677,28.310636,0.));
#20049 = DIRECTION('',(0.706679417996,0.707533886242,0.));
#20050 = DIRECTION('',(0.707533886242,-0.706679417996,0.));
#20051 = ADVANCED_FACE('',(#20052),#20070,.F.);
#20052 = FACE_BOUND('',#20053,.F.);
#20053 = EDGE_LOOP('',(#20054,#20055,#20063,#20069));
#20054 = ORIENTED_EDGE('',*,*,#20040,.T.);
#20055 = ORIENTED_EDGE('',*,*,#20056,.T.);
#20056 = EDGE_CURVE('',#20033,#20057,#20059,.T.);
#20057 = VERTEX_POINT('',#20058);
#20058 = CARTESIAN_POINT('',(90.508579,28.262909,1.7));
#20059 = LINE('',#20060,#20061);
#20060 = CARTESIAN_POINT('',(90.497378,28.28996,1.7));
#20061 = VECTOR('',#20062,1.);
#20062 = DIRECTION('',(0.382569992546,-0.923926512664,0.));
#20063 = ORIENTED_EDGE('',*,*,#20064,.F.);
#20064 = EDGE_CURVE('',#6097,#20057,#20065,.T.);
#20065 = LINE('',#20066,#20067);
#20066 = CARTESIAN_POINT('',(90.508579,28.262909,0.));
#20067 = VECTOR('',#20068,1.);
#20068 = DIRECTION('',(0.,0.,1.));
#20069 = ORIENTED_EDGE('',*,*,#6096,.F.);
#20070 = PLANE('',#20071);
#20071 = AXIS2_PLACEMENT_3D('',#20072,#20073,#20074);
#20072 = CARTESIAN_POINT('',(90.497378,28.28996,0.));
#20073 = DIRECTION('',(0.923926512664,0.382569992546,0.));
#20074 = DIRECTION('',(0.382569992546,-0.923926512664,0.));
#20075 = ADVANCED_FACE('',(#20076),#20094,.F.);
#20076 = FACE_BOUND('',#20077,.F.);
#20077 = EDGE_LOOP('',(#20078,#20079,#20087,#20093));
#20078 = ORIENTED_EDGE('',*,*,#20064,.T.);
#20079 = ORIENTED_EDGE('',*,*,#20080,.T.);
#20080 = EDGE_CURVE('',#20057,#20081,#20083,.T.);
#20081 = VERTEX_POINT('',#20082);
#20082 = CARTESIAN_POINT('',(90.510027,28.248279,1.7));
#20083 = LINE('',#20084,#20085);
#20084 = CARTESIAN_POINT('',(90.508579,28.262909,1.7));
#20085 = VECTOR('',#20086,1.);
#20086 = DIRECTION('',(9.849346454601E-02,-0.995137697729,0.));
#20087 = ORIENTED_EDGE('',*,*,#20088,.F.);
#20088 = EDGE_CURVE('',#6105,#20081,#20089,.T.);
#20089 = LINE('',#20090,#20091);
#20090 = CARTESIAN_POINT('',(90.510027,28.248279,0.));
#20091 = VECTOR('',#20092,1.);
#20092 = DIRECTION('',(0.,0.,1.));
#20093 = ORIENTED_EDGE('',*,*,#6104,.F.);
#20094 = PLANE('',#20095);
#20095 = AXIS2_PLACEMENT_3D('',#20096,#20097,#20098);
#20096 = CARTESIAN_POINT('',(90.508579,28.262909,0.));
#20097 = DIRECTION('',(0.995137697729,9.849346454601E-02,0.));
#20098 = DIRECTION('',(9.849346454601E-02,-0.995137697729,0.));
#20099 = ADVANCED_FACE('',(#20100),#20118,.F.);
#20100 = FACE_BOUND('',#20101,.F.);
#20101 = EDGE_LOOP('',(#20102,#20103,#20111,#20117));
#20102 = ORIENTED_EDGE('',*,*,#20088,.T.);
#20103 = ORIENTED_EDGE('',*,*,#20104,.T.);
#20104 = EDGE_CURVE('',#20081,#20105,#20107,.T.);
#20105 = VERTEX_POINT('',#20106);
#20106 = CARTESIAN_POINT('',(90.510027,14.148282,1.7));
#20107 = LINE('',#20108,#20109);
#20108 = CARTESIAN_POINT('',(90.510027,28.248279,1.7));
#20109 = VECTOR('',#20110,1.);
#20110 = DIRECTION('',(0.,-1.,0.));
#20111 = ORIENTED_EDGE('',*,*,#20112,.F.);
#20112 = EDGE_CURVE('',#6113,#20105,#20113,.T.);
#20113 = LINE('',#20114,#20115);
#20114 = CARTESIAN_POINT('',(90.510027,14.148282,0.));
#20115 = VECTOR('',#20116,1.);
#20116 = DIRECTION('',(0.,0.,1.));
#20117 = ORIENTED_EDGE('',*,*,#6112,.F.);
#20118 = PLANE('',#20119);
#20119 = AXIS2_PLACEMENT_3D('',#20120,#20121,#20122);
#20120 = CARTESIAN_POINT('',(90.510027,28.248279,0.));
#20121 = DIRECTION('',(1.,0.,0.));
#20122 = DIRECTION('',(0.,-1.,0.));
#20123 = ADVANCED_FACE('',(#20124),#20142,.F.);
#20124 = FACE_BOUND('',#20125,.F.);
#20125 = EDGE_LOOP('',(#20126,#20127,#20135,#20141));
#20126 = ORIENTED_EDGE('',*,*,#20112,.T.);
#20127 = ORIENTED_EDGE('',*,*,#20128,.T.);
#20128 = EDGE_CURVE('',#20105,#20129,#20131,.T.);
#20129 = VERTEX_POINT('',#20130);
#20130 = CARTESIAN_POINT('',(90.508579,14.133651,1.7));
#20131 = LINE('',#20132,#20133);
#20132 = CARTESIAN_POINT('',(90.510027,14.148282,1.7));
#20133 = VECTOR('',#20134,1.);
#20134 = DIRECTION('',(-9.848679801057E-02,-0.995138357525,0.));
#20135 = ORIENTED_EDGE('',*,*,#20136,.F.);
#20136 = EDGE_CURVE('',#6121,#20129,#20137,.T.);
#20137 = LINE('',#20138,#20139);
#20138 = CARTESIAN_POINT('',(90.508579,14.133651,0.));
#20139 = VECTOR('',#20140,1.);
#20140 = DIRECTION('',(0.,0.,1.));
#20141 = ORIENTED_EDGE('',*,*,#6120,.F.);
#20142 = PLANE('',#20143);
#20143 = AXIS2_PLACEMENT_3D('',#20144,#20145,#20146);
#20144 = CARTESIAN_POINT('',(90.510027,14.148282,0.));
#20145 = DIRECTION('',(0.995138357525,-9.848679801057E-02,0.));
#20146 = DIRECTION('',(-9.848679801057E-02,-0.995138357525,0.));
#20147 = ADVANCED_FACE('',(#20148),#20166,.F.);
#20148 = FACE_BOUND('',#20149,.F.);
#20149 = EDGE_LOOP('',(#20150,#20151,#20159,#20165));
#20150 = ORIENTED_EDGE('',*,*,#20136,.T.);
#20151 = ORIENTED_EDGE('',*,*,#20152,.T.);
#20152 = EDGE_CURVE('',#20129,#20153,#20155,.T.);
#20153 = VERTEX_POINT('',#20154);
#20154 = CARTESIAN_POINT('',(90.497378,14.1066,1.7));
#20155 = LINE('',#20156,#20157);
#20156 = CARTESIAN_POINT('',(90.508579,14.133651,1.7));
#20157 = VECTOR('',#20158,1.);
#20158 = DIRECTION('',(-0.382569992546,-0.923926512664,0.));
#20159 = ORIENTED_EDGE('',*,*,#20160,.F.);
#20160 = EDGE_CURVE('',#6129,#20153,#20161,.T.);
#20161 = LINE('',#20162,#20163);
#20162 = CARTESIAN_POINT('',(90.497378,14.1066,0.));
#20163 = VECTOR('',#20164,1.);
#20164 = DIRECTION('',(0.,0.,1.));
#20165 = ORIENTED_EDGE('',*,*,#6128,.F.);
#20166 = PLANE('',#20167);
#20167 = AXIS2_PLACEMENT_3D('',#20168,#20169,#20170);
#20168 = CARTESIAN_POINT('',(90.508579,14.133651,0.));
#20169 = DIRECTION('',(0.923926512664,-0.382569992546,0.));
#20170 = DIRECTION('',(-0.382569992546,-0.923926512664,0.));
#20171 = ADVANCED_FACE('',(#20172),#20190,.F.);
#20172 = FACE_BOUND('',#20173,.F.);
#20173 = EDGE_LOOP('',(#20174,#20175,#20183,#20189));
#20174 = ORIENTED_EDGE('',*,*,#20160,.T.);
#20175 = ORIENTED_EDGE('',*,*,#20176,.T.);
#20176 = EDGE_CURVE('',#20153,#20177,#20179,.T.);
#20177 = VERTEX_POINT('',#20178);
#20178 = CARTESIAN_POINT('',(90.476677,14.085925,1.7));
#20179 = LINE('',#20180,#20181);
#20180 = CARTESIAN_POINT('',(90.497378,14.1066,1.7));
#20181 = VECTOR('',#20182,1.);
#20182 = DIRECTION('',(-0.7075509758,-0.70666230736,0.));
#20183 = ORIENTED_EDGE('',*,*,#20184,.F.);
#20184 = EDGE_CURVE('',#6137,#20177,#20185,.T.);
#20185 = LINE('',#20186,#20187);
#20186 = CARTESIAN_POINT('',(90.476677,14.085925,0.));
#20187 = VECTOR('',#20188,1.);
#20188 = DIRECTION('',(0.,0.,1.));
#20189 = ORIENTED_EDGE('',*,*,#6136,.F.);
#20190 = PLANE('',#20191);
#20191 = AXIS2_PLACEMENT_3D('',#20192,#20193,#20194);
#20192 = CARTESIAN_POINT('',(90.497378,14.1066,0.));
#20193 = DIRECTION('',(0.70666230736,-0.7075509758,0.));
#20194 = DIRECTION('',(-0.7075509758,-0.70666230736,0.));
#20195 = ADVANCED_FACE('',(#20196),#20214,.F.);
#20196 = FACE_BOUND('',#20197,.F.);
#20197 = EDGE_LOOP('',(#20198,#20199,#20207,#20213));
#20198 = ORIENTED_EDGE('',*,*,#20184,.T.);
#20199 = ORIENTED_EDGE('',*,*,#20200,.T.);
#20200 = EDGE_CURVE('',#20177,#20201,#20203,.T.);
#20201 = VERTEX_POINT('',#20202);
#20202 = CARTESIAN_POINT('',(90.449651,14.074723,1.7));
#20203 = LINE('',#20204,#20205);
#20204 = CARTESIAN_POINT('',(90.476677,14.085925,1.7));
#20205 = VECTOR('',#20206,1.);
#20206 = DIRECTION('',(-0.923789301325,-0.382901197123,0.));
#20207 = ORIENTED_EDGE('',*,*,#20208,.F.);
#20208 = EDGE_CURVE('',#6145,#20201,#20209,.T.);
#20209 = LINE('',#20210,#20211);
#20210 = CARTESIAN_POINT('',(90.449651,14.074723,0.));
#20211 = VECTOR('',#20212,1.);
#20212 = DIRECTION('',(0.,0.,1.));
#20213 = ORIENTED_EDGE('',*,*,#6144,.F.);
#20214 = PLANE('',#20215);
#20215 = AXIS2_PLACEMENT_3D('',#20216,#20217,#20218);
#20216 = CARTESIAN_POINT('',(90.476677,14.085925,0.));
#20217 = DIRECTION('',(0.382901197123,-0.923789301325,0.));
#20218 = DIRECTION('',(-0.923789301325,-0.382901197123,0.));
#20219 = ADVANCED_FACE('',(#20220),#20238,.F.);
#20220 = FACE_BOUND('',#20221,.F.);
#20221 = EDGE_LOOP('',(#20222,#20223,#20231,#20237));
#20222 = ORIENTED_EDGE('',*,*,#20208,.T.);
#20223 = ORIENTED_EDGE('',*,*,#20224,.T.);
#20224 = EDGE_CURVE('',#20201,#20225,#20227,.T.);
#20225 = VERTEX_POINT('',#20226);
#20226 = CARTESIAN_POINT('',(90.435021,14.073276,1.7));
#20227 = LINE('',#20228,#20229);
#20228 = CARTESIAN_POINT('',(90.449651,14.074723,1.7));
#20229 = VECTOR('',#20230,1.);
#20230 = DIRECTION('',(-0.995144362478,-9.842610338396E-02,0.));
#20231 = ORIENTED_EDGE('',*,*,#20232,.F.);
#20232 = EDGE_CURVE('',#6153,#20225,#20233,.T.);
#20233 = LINE('',#20234,#20235);
#20234 = CARTESIAN_POINT('',(90.435021,14.073276,0.));
#20235 = VECTOR('',#20236,1.);
#20236 = DIRECTION('',(0.,0.,1.));
#20237 = ORIENTED_EDGE('',*,*,#6152,.F.);
#20238 = PLANE('',#20239);
#20239 = AXIS2_PLACEMENT_3D('',#20240,#20241,#20242);
#20240 = CARTESIAN_POINT('',(90.449651,14.074723,0.));
#20241 = DIRECTION('',(9.842610338396E-02,-0.995144362478,0.));
#20242 = DIRECTION('',(-0.995144362478,-9.842610338396E-02,0.));
#20243 = ADVANCED_FACE('',(#20244),#20262,.F.);
#20244 = FACE_BOUND('',#20245,.F.);
#20245 = EDGE_LOOP('',(#20246,#20247,#20255,#20261));
#20246 = ORIENTED_EDGE('',*,*,#20232,.T.);
#20247 = ORIENTED_EDGE('',*,*,#20248,.T.);
#20248 = EDGE_CURVE('',#20225,#20249,#20251,.T.);
#20249 = VERTEX_POINT('',#20250);
#20250 = CARTESIAN_POINT('',(76.335024,14.073276,1.7));
#20251 = LINE('',#20252,#20253);
#20252 = CARTESIAN_POINT('',(90.435021,14.073276,1.7));
#20253 = VECTOR('',#20254,1.);
#20254 = DIRECTION('',(-1.,0.,0.));
#20255 = ORIENTED_EDGE('',*,*,#20256,.F.);
#20256 = EDGE_CURVE('',#6161,#20249,#20257,.T.);
#20257 = LINE('',#20258,#20259);
#20258 = CARTESIAN_POINT('',(76.335024,14.073276,0.));
#20259 = VECTOR('',#20260,1.);
#20260 = DIRECTION('',(0.,0.,1.));
#20261 = ORIENTED_EDGE('',*,*,#6160,.F.);
#20262 = PLANE('',#20263);
#20263 = AXIS2_PLACEMENT_3D('',#20264,#20265,#20266);
#20264 = CARTESIAN_POINT('',(90.435021,14.073276,0.));
#20265 = DIRECTION('',(0.,-1.,0.));
#20266 = DIRECTION('',(-1.,0.,0.));
#20267 = ADVANCED_FACE('',(#20268),#20286,.F.);
#20268 = FACE_BOUND('',#20269,.F.);
#20269 = EDGE_LOOP('',(#20270,#20271,#20279,#20285));
#20270 = ORIENTED_EDGE('',*,*,#20256,.T.);
#20271 = ORIENTED_EDGE('',*,*,#20272,.T.);
#20272 = EDGE_CURVE('',#20249,#20273,#20275,.T.);
#20273 = VERTEX_POINT('',#20274);
#20274 = CARTESIAN_POINT('',(76.320393,14.074723,1.7));
#20275 = LINE('',#20276,#20277);
#20276 = CARTESIAN_POINT('',(76.335024,14.073276,1.7));
#20277 = VECTOR('',#20278,1.);
#20278 = DIRECTION('',(-0.995145021377,9.841944131855E-02,0.));
#20279 = ORIENTED_EDGE('',*,*,#20280,.F.);
#20280 = EDGE_CURVE('',#6169,#20273,#20281,.T.);
#20281 = LINE('',#20282,#20283);
#20282 = CARTESIAN_POINT('',(76.320393,14.074723,0.));
#20283 = VECTOR('',#20284,1.);
#20284 = DIRECTION('',(0.,0.,1.));
#20285 = ORIENTED_EDGE('',*,*,#6168,.F.);
#20286 = PLANE('',#20287);
#20287 = AXIS2_PLACEMENT_3D('',#20288,#20289,#20290);
#20288 = CARTESIAN_POINT('',(76.335024,14.073276,0.));
#20289 = DIRECTION('',(-9.841944131855E-02,-0.995145021377,0.));
#20290 = DIRECTION('',(-0.995145021377,9.841944131855E-02,0.));
#20291 = ADVANCED_FACE('',(#20292),#20310,.F.);
#20292 = FACE_BOUND('',#20293,.F.);
#20293 = EDGE_LOOP('',(#20294,#20295,#20303,#20309));
#20294 = ORIENTED_EDGE('',*,*,#20280,.T.);
#20295 = ORIENTED_EDGE('',*,*,#20296,.T.);
#20296 = EDGE_CURVE('',#20273,#20297,#20299,.T.);
#20297 = VERTEX_POINT('',#20298);
#20298 = CARTESIAN_POINT('',(76.293342,14.085925,1.7));
#20299 = LINE('',#20300,#20301);
#20300 = CARTESIAN_POINT('',(76.320393,14.074723,1.7));
#20301 = VECTOR('',#20302,1.);
#20302 = DIRECTION('',(-0.923914439717,0.382599148043,0.));
#20303 = ORIENTED_EDGE('',*,*,#20304,.F.);
#20304 = EDGE_CURVE('',#6177,#20297,#20305,.T.);
#20305 = LINE('',#20306,#20307);
#20306 = CARTESIAN_POINT('',(76.293342,14.085925,0.));
#20307 = VECTOR('',#20308,1.);
#20308 = DIRECTION('',(0.,0.,1.));
#20309 = ORIENTED_EDGE('',*,*,#6176,.F.);
#20310 = PLANE('',#20311);
#20311 = AXIS2_PLACEMENT_3D('',#20312,#20313,#20314);
#20312 = CARTESIAN_POINT('',(76.320393,14.074723,0.));
#20313 = DIRECTION('',(-0.382599148043,-0.923914439717,0.));
#20314 = DIRECTION('',(-0.923914439717,0.382599148043,0.));
#20315 = ADVANCED_FACE('',(#20316),#20334,.F.);
#20316 = FACE_BOUND('',#20317,.F.);
#20317 = EDGE_LOOP('',(#20318,#20319,#20327,#20333));
#20318 = ORIENTED_EDGE('',*,*,#20304,.T.);
#20319 = ORIENTED_EDGE('',*,*,#20320,.T.);
#20320 = EDGE_CURVE('',#20297,#20321,#20323,.T.);
#20321 = VERTEX_POINT('',#20322);
#20322 = CARTESIAN_POINT('',(76.272667,14.1066,1.7));
#20323 = LINE('',#20324,#20325);
#20324 = CARTESIAN_POINT('',(76.293342,14.085925,1.7));
#20325 = VECTOR('',#20326,1.);
#20326 = DIRECTION('',(-0.707106781186,0.707106781187,0.));
#20327 = ORIENTED_EDGE('',*,*,#20328,.F.);
#20328 = EDGE_CURVE('',#6185,#20321,#20329,.T.);
#20329 = LINE('',#20330,#20331);
#20330 = CARTESIAN_POINT('',(76.272667,14.1066,0.));
#20331 = VECTOR('',#20332,1.);
#20332 = DIRECTION('',(0.,0.,1.));
#20333 = ORIENTED_EDGE('',*,*,#6184,.F.);
#20334 = PLANE('',#20335);
#20335 = AXIS2_PLACEMENT_3D('',#20336,#20337,#20338);
#20336 = CARTESIAN_POINT('',(76.293342,14.085925,0.));
#20337 = DIRECTION('',(-0.707106781187,-0.707106781186,0.));
#20338 = DIRECTION('',(-0.707106781186,0.707106781187,0.));
#20339 = ADVANCED_FACE('',(#20340),#20358,.F.);
#20340 = FACE_BOUND('',#20341,.F.);
#20341 = EDGE_LOOP('',(#20342,#20343,#20351,#20357));
#20342 = ORIENTED_EDGE('',*,*,#20328,.T.);
#20343 = ORIENTED_EDGE('',*,*,#20344,.T.);
#20344 = EDGE_CURVE('',#20321,#20345,#20347,.T.);
#20345 = VERTEX_POINT('',#20346);
#20346 = CARTESIAN_POINT('',(76.261465,14.133651,1.7));
#20347 = LINE('',#20348,#20349);
#20348 = CARTESIAN_POINT('',(76.272667,14.1066,1.7));
#20349 = VECTOR('',#20350,1.);
#20350 = DIRECTION('',(-0.382599148043,0.923914439717,0.));
#20351 = ORIENTED_EDGE('',*,*,#20352,.F.);
#20352 = EDGE_CURVE('',#6193,#20345,#20353,.T.);
#20353 = LINE('',#20354,#20355);
#20354 = CARTESIAN_POINT('',(76.261465,14.133651,0.));
#20355 = VECTOR('',#20356,1.);
#20356 = DIRECTION('',(0.,0.,1.));
#20357 = ORIENTED_EDGE('',*,*,#6192,.F.);
#20358 = PLANE('',#20359);
#20359 = AXIS2_PLACEMENT_3D('',#20360,#20361,#20362);
#20360 = CARTESIAN_POINT('',(76.272667,14.1066,0.));
#20361 = DIRECTION('',(-0.923914439717,-0.382599148043,0.));
#20362 = DIRECTION('',(-0.382599148043,0.923914439717,0.));
#20363 = ADVANCED_FACE('',(#20364),#20382,.F.);
#20364 = FACE_BOUND('',#20365,.F.);
#20365 = EDGE_LOOP('',(#20366,#20367,#20375,#20381));
#20366 = ORIENTED_EDGE('',*,*,#20352,.T.);
#20367 = ORIENTED_EDGE('',*,*,#20368,.T.);
#20368 = EDGE_CURVE('',#20345,#20369,#20371,.T.);
#20369 = VERTEX_POINT('',#20370);
#20370 = CARTESIAN_POINT('',(76.260018,14.148282,1.7));
#20371 = LINE('',#20372,#20373);
#20372 = CARTESIAN_POINT('',(76.261465,14.133651,1.7));
#20373 = VECTOR('',#20374,1.);
#20374 = DIRECTION('',(-9.841944131849E-02,0.995145021377,0.));
#20375 = ORIENTED_EDGE('',*,*,#20376,.F.);
#20376 = EDGE_CURVE('',#6201,#20369,#20377,.T.);
#20377 = LINE('',#20378,#20379);
#20378 = CARTESIAN_POINT('',(76.260018,14.148282,0.));
#20379 = VECTOR('',#20380,1.);
#20380 = DIRECTION('',(0.,0.,1.));
#20381 = ORIENTED_EDGE('',*,*,#6200,.F.);
#20382 = PLANE('',#20383);
#20383 = AXIS2_PLACEMENT_3D('',#20384,#20385,#20386);
#20384 = CARTESIAN_POINT('',(76.261465,14.133651,0.));
#20385 = DIRECTION('',(-0.995145021377,-9.841944131849E-02,0.));
#20386 = DIRECTION('',(-9.841944131849E-02,0.995145021377,0.));
#20387 = ADVANCED_FACE('',(#20388),#20406,.F.);
#20388 = FACE_BOUND('',#20389,.F.);
#20389 = EDGE_LOOP('',(#20390,#20391,#20399,#20405));
#20390 = ORIENTED_EDGE('',*,*,#20376,.T.);
#20391 = ORIENTED_EDGE('',*,*,#20392,.T.);
#20392 = EDGE_CURVE('',#20369,#20393,#20395,.T.);
#20393 = VERTEX_POINT('',#20394);
#20394 = CARTESIAN_POINT('',(76.260018,28.248279,1.7));
#20395 = LINE('',#20396,#20397);
#20396 = CARTESIAN_POINT('',(76.260018,14.148282,1.7));
#20397 = VECTOR('',#20398,1.);
#20398 = DIRECTION('',(0.,1.,0.));
#20399 = ORIENTED_EDGE('',*,*,#20400,.F.);
#20400 = EDGE_CURVE('',#6209,#20393,#20401,.T.);
#20401 = LINE('',#20402,#20403);
#20402 = CARTESIAN_POINT('',(76.260018,28.248279,0.));
#20403 = VECTOR('',#20404,1.);
#20404 = DIRECTION('',(0.,0.,1.));
#20405 = ORIENTED_EDGE('',*,*,#6208,.F.);
#20406 = PLANE('',#20407);
#20407 = AXIS2_PLACEMENT_3D('',#20408,#20409,#20410);
#20408 = CARTESIAN_POINT('',(76.260018,14.148282,0.));
#20409 = DIRECTION('',(-1.,0.,0.));
#20410 = DIRECTION('',(0.,1.,0.));
#20411 = ADVANCED_FACE('',(#20412),#20430,.F.);
#20412 = FACE_BOUND('',#20413,.F.);
#20413 = EDGE_LOOP('',(#20414,#20415,#20423,#20429));
#20414 = ORIENTED_EDGE('',*,*,#20400,.T.);
#20415 = ORIENTED_EDGE('',*,*,#20416,.T.);
#20416 = EDGE_CURVE('',#20393,#20417,#20419,.T.);
#20417 = VERTEX_POINT('',#20418);
#20418 = CARTESIAN_POINT('',(76.261465,28.262909,1.7));
#20419 = LINE('',#20420,#20421);
#20420 = CARTESIAN_POINT('',(76.260018,28.248279,1.7));
#20421 = VECTOR('',#20422,1.);
#20422 = DIRECTION('',(9.842610338381E-02,0.995144362478,0.));
#20423 = ORIENTED_EDGE('',*,*,#20424,.F.);
#20424 = EDGE_CURVE('',#6217,#20417,#20425,.T.);
#20425 = LINE('',#20426,#20427);
#20426 = CARTESIAN_POINT('',(76.261465,28.262909,0.));
#20427 = VECTOR('',#20428,1.);
#20428 = DIRECTION('',(0.,0.,1.));
#20429 = ORIENTED_EDGE('',*,*,#6216,.F.);
#20430 = PLANE('',#20431);
#20431 = AXIS2_PLACEMENT_3D('',#20432,#20433,#20434);
#20432 = CARTESIAN_POINT('',(76.260018,28.248279,0.));
#20433 = DIRECTION('',(-0.995144362478,9.842610338381E-02,0.));
#20434 = DIRECTION('',(9.842610338381E-02,0.995144362478,0.));
#20435 = ADVANCED_FACE('',(#20436),#20454,.F.);
#20436 = FACE_BOUND('',#20437,.F.);
#20437 = EDGE_LOOP('',(#20438,#20439,#20447,#20453));
#20438 = ORIENTED_EDGE('',*,*,#20424,.T.);
#20439 = ORIENTED_EDGE('',*,*,#20440,.T.);
#20440 = EDGE_CURVE('',#20417,#20441,#20443,.T.);
#20441 = VERTEX_POINT('',#20442);
#20442 = CARTESIAN_POINT('',(76.272667,28.28996,1.7));
#20443 = LINE('',#20444,#20445);
#20444 = CARTESIAN_POINT('',(76.261465,28.262909,1.7));
#20445 = VECTOR('',#20446,1.);
#20446 = DIRECTION('',(0.382599148043,0.923914439717,0.));
#20447 = ORIENTED_EDGE('',*,*,#20448,.F.);
#20448 = EDGE_CURVE('',#6225,#20441,#20449,.T.);
#20449 = LINE('',#20450,#20451);
#20450 = CARTESIAN_POINT('',(76.272667,28.28996,0.));
#20451 = VECTOR('',#20452,1.);
#20452 = DIRECTION('',(0.,0.,1.));
#20453 = ORIENTED_EDGE('',*,*,#6224,.F.);
#20454 = PLANE('',#20455);
#20455 = AXIS2_PLACEMENT_3D('',#20456,#20457,#20458);
#20456 = CARTESIAN_POINT('',(76.261465,28.262909,0.));
#20457 = DIRECTION('',(-0.923914439717,0.382599148043,0.));
#20458 = DIRECTION('',(0.382599148043,0.923914439717,0.));
#20459 = ADVANCED_FACE('',(#20460),#20478,.F.);
#20460 = FACE_BOUND('',#20461,.F.);
#20461 = EDGE_LOOP('',(#20462,#20463,#20471,#20477));
#20462 = ORIENTED_EDGE('',*,*,#20448,.T.);
#20463 = ORIENTED_EDGE('',*,*,#20464,.T.);
#20464 = EDGE_CURVE('',#20441,#20465,#20467,.T.);
#20465 = VERTEX_POINT('',#20466);
#20466 = CARTESIAN_POINT('',(76.293342,28.310636,1.7));
#20467 = LINE('',#20468,#20469);
#20468 = CARTESIAN_POINT('',(76.272667,28.28996,1.7));
#20469 = VECTOR('',#20470,1.);
#20470 = DIRECTION('',(0.707089680867,0.707123881093,0.));
#20471 = ORIENTED_EDGE('',*,*,#20472,.F.);
#20472 = EDGE_CURVE('',#6233,#20465,#20473,.T.);
#20473 = LINE('',#20474,#20475);
#20474 = CARTESIAN_POINT('',(76.293342,28.310636,0.));
#20475 = VECTOR('',#20476,1.);
#20476 = DIRECTION('',(0.,0.,1.));
#20477 = ORIENTED_EDGE('',*,*,#6232,.F.);
#20478 = PLANE('',#20479);
#20479 = AXIS2_PLACEMENT_3D('',#20480,#20481,#20482);
#20480 = CARTESIAN_POINT('',(76.272667,28.28996,0.));
#20481 = DIRECTION('',(-0.707123881093,0.707089680867,0.));
#20482 = DIRECTION('',(0.707089680867,0.707123881093,0.));
#20483 = ADVANCED_FACE('',(#20484),#20502,.F.);
#20484 = FACE_BOUND('',#20485,.F.);
#20485 = EDGE_LOOP('',(#20486,#20487,#20495,#20501));
#20486 = ORIENTED_EDGE('',*,*,#20472,.T.);
#20487 = ORIENTED_EDGE('',*,*,#20488,.T.);
#20488 = EDGE_CURVE('',#20465,#20489,#20491,.T.);
#20489 = VERTEX_POINT('',#20490);
#20490 = CARTESIAN_POINT('',(76.320393,28.321837,1.7));
#20491 = LINE('',#20492,#20493);
#20492 = CARTESIAN_POINT('',(76.293342,28.310636,1.7));
#20493 = VECTOR('',#20494,1.);
#20494 = DIRECTION('',(0.923926512664,0.382569992546,0.));
#20495 = ORIENTED_EDGE('',*,*,#20496,.F.);
#20496 = EDGE_CURVE('',#6241,#20489,#20497,.T.);
#20497 = LINE('',#20498,#20499);
#20498 = CARTESIAN_POINT('',(76.320393,28.321837,0.));
#20499 = VECTOR('',#20500,1.);
#20500 = DIRECTION('',(0.,0.,1.));
#20501 = ORIENTED_EDGE('',*,*,#6240,.F.);
#20502 = PLANE('',#20503);
#20503 = AXIS2_PLACEMENT_3D('',#20504,#20505,#20506);
#20504 = CARTESIAN_POINT('',(76.293342,28.310636,0.));
#20505 = DIRECTION('',(-0.382569992546,0.923926512664,0.));
#20506 = DIRECTION('',(0.923926512664,0.382569992546,0.));
#20507 = ADVANCED_FACE('',(#20508),#20526,.F.);
#20508 = FACE_BOUND('',#20509,.F.);
#20509 = EDGE_LOOP('',(#20510,#20511,#20519,#20525));
#20510 = ORIENTED_EDGE('',*,*,#20496,.T.);
#20511 = ORIENTED_EDGE('',*,*,#20512,.T.);
#20512 = EDGE_CURVE('',#20489,#20513,#20515,.T.);
#20513 = VERTEX_POINT('',#20514);
#20514 = CARTESIAN_POINT('',(76.335024,28.323285,1.7));
#20515 = LINE('',#20516,#20517);
#20516 = CARTESIAN_POINT('',(76.320393,28.321837,1.7));
#20517 = VECTOR('',#20518,1.);
#20518 = DIRECTION('',(0.995138357525,9.848679801075E-02,0.));
#20519 = ORIENTED_EDGE('',*,*,#20520,.F.);
#20520 = EDGE_CURVE('',#6249,#20513,#20521,.T.);
#20521 = LINE('',#20522,#20523);
#20522 = CARTESIAN_POINT('',(76.335024,28.323285,0.));
#20523 = VECTOR('',#20524,1.);
#20524 = DIRECTION('',(0.,0.,1.));
#20525 = ORIENTED_EDGE('',*,*,#6248,.F.);
#20526 = PLANE('',#20527);
#20527 = AXIS2_PLACEMENT_3D('',#20528,#20529,#20530);
#20528 = CARTESIAN_POINT('',(76.320393,28.321837,0.));
#20529 = DIRECTION('',(-9.848679801075E-02,0.995138357525,0.));
#20530 = DIRECTION('',(0.995138357525,9.848679801075E-02,0.));
#20531 = ADVANCED_FACE('',(#20532),#20550,.F.);
#20532 = FACE_BOUND('',#20533,.F.);
#20533 = EDGE_LOOP('',(#20534,#20535,#20543,#20549));
#20534 = ORIENTED_EDGE('',*,*,#20520,.T.);
#20535 = ORIENTED_EDGE('',*,*,#20536,.T.);
#20536 = EDGE_CURVE('',#20513,#20537,#20539,.T.);
#20537 = VERTEX_POINT('',#20538);
#20538 = CARTESIAN_POINT('',(90.435021,28.323285,1.7));
#20539 = LINE('',#20540,#20541);
#20540 = CARTESIAN_POINT('',(76.335024,28.323285,1.7));
#20541 = VECTOR('',#20542,1.);
#20542 = DIRECTION('',(1.,0.,0.));
#20543 = ORIENTED_EDGE('',*,*,#20544,.F.);
#20544 = EDGE_CURVE('',#6257,#20537,#20545,.T.);
#20545 = LINE('',#20546,#20547);
#20546 = CARTESIAN_POINT('',(90.435021,28.323285,0.));
#20547 = VECTOR('',#20548,1.);
#20548 = DIRECTION('',(0.,0.,1.));
#20549 = ORIENTED_EDGE('',*,*,#6256,.F.);
#20550 = PLANE('',#20551);
#20551 = AXIS2_PLACEMENT_3D('',#20552,#20553,#20554);
#20552 = CARTESIAN_POINT('',(76.335024,28.323285,0.));
#20553 = DIRECTION('',(0.,1.,0.));
#20554 = DIRECTION('',(1.,0.,0.));
#20555 = ADVANCED_FACE('',(#20556),#20567,.F.);
#20556 = FACE_BOUND('',#20557,.F.);
#20557 = EDGE_LOOP('',(#20558,#20559,#20565,#20566));
#20558 = ORIENTED_EDGE('',*,*,#20544,.T.);
#20559 = ORIENTED_EDGE('',*,*,#20560,.T.);
#20560 = EDGE_CURVE('',#20537,#20001,#20561,.T.);
#20561 = LINE('',#20562,#20563);
#20562 = CARTESIAN_POINT('',(90.435021,28.323285,1.7));
#20563 = VECTOR('',#20564,1.);
#20564 = DIRECTION('',(0.995137697729,-9.849346454628E-02,0.));
#20565 = ORIENTED_EDGE('',*,*,#20000,.F.);
#20566 = ORIENTED_EDGE('',*,*,#6264,.F.);
#20567 = PLANE('',#20568);
#20568 = AXIS2_PLACEMENT_3D('',#20569,#20570,#20571);
#20569 = CARTESIAN_POINT('',(90.435021,28.323285,0.));
#20570 = DIRECTION('',(9.849346454628E-02,0.995137697729,0.));
#20571 = DIRECTION('',(0.995137697729,-9.849346454628E-02,0.));
#20572 = ADVANCED_FACE('',(#20573),#20592,.F.);
#20573 = FACE_BOUND('',#20574,.T.);
#20574 = EDGE_LOOP('',(#20575,#20583,#20590,#20591));
#20575 = ORIENTED_EDGE('',*,*,#20576,.T.);
#20576 = EDGE_CURVE('',#6273,#20577,#20579,.T.);
#20577 = VERTEX_POINT('',#20578);
#20578 = CARTESIAN_POINT('',(96.493778,33.099525,1.7));
#20579 = LINE('',#20580,#20581);
#20580 = CARTESIAN_POINT('',(96.493778,33.099525,0.));
#20581 = VECTOR('',#20582,1.);
#20582 = DIRECTION('',(0.,0.,1.));
#20583 = ORIENTED_EDGE('',*,*,#20584,.T.);
#20584 = EDGE_CURVE('',#20577,#20577,#20585,.T.);
#20585 = CIRCLE('',#20586,1.2);
#20586 = AXIS2_PLACEMENT_3D('',#20587,#20588,#20589);
#20587 = CARTESIAN_POINT('',(95.293778,33.099525,1.7));
#20588 = DIRECTION('',(0.,0.,1.));
#20589 = DIRECTION('',(1.,0.,0.));
#20590 = ORIENTED_EDGE('',*,*,#20576,.F.);
#20591 = ORIENTED_EDGE('',*,*,#6272,.F.);
#20592 = CYLINDRICAL_SURFACE('',#20593,1.2);
#20593 = AXIS2_PLACEMENT_3D('',#20594,#20595,#20596);
#20594 = CARTESIAN_POINT('',(95.293778,33.099525,0.));
#20595 = DIRECTION('',(-0.,-0.,-1.));
#20596 = DIRECTION('',(1.,0.,0.));
#20597 = ADVANCED_FACE('',(#20598),#20617,.F.);
#20598 = FACE_BOUND('',#20599,.T.);
#20599 = EDGE_LOOP('',(#20600,#20608,#20615,#20616));
#20600 = ORIENTED_EDGE('',*,*,#20601,.T.);
#20601 = EDGE_CURVE('',#6284,#20602,#20604,.T.);
#20602 = VERTEX_POINT('',#20603);
#20603 = CARTESIAN_POINT('',(125.228313,54.251915,1.7));
#20604 = LINE('',#20605,#20606);
#20605 = CARTESIAN_POINT('',(125.228313,54.251915,0.));
#20606 = VECTOR('',#20607,1.);
#20607 = DIRECTION('',(0.,0.,1.));
#20608 = ORIENTED_EDGE('',*,*,#20609,.T.);
#20609 = EDGE_CURVE('',#20602,#20602,#20610,.T.);
#20610 = CIRCLE('',#20611,1.2);
#20611 = AXIS2_PLACEMENT_3D('',#20612,#20613,#20614);
#20612 = CARTESIAN_POINT('',(124.028313,54.251915,1.7));
#20613 = DIRECTION('',(0.,0.,1.));
#20614 = DIRECTION('',(1.,0.,0.));
#20615 = ORIENTED_EDGE('',*,*,#20601,.F.);
#20616 = ORIENTED_EDGE('',*,*,#6283,.F.);
#20617 = CYLINDRICAL_SURFACE('',#20618,1.2);
#20618 = AXIS2_PLACEMENT_3D('',#20619,#20620,#20621);
#20619 = CARTESIAN_POINT('',(124.028313,54.251915,0.));
#20620 = DIRECTION('',(-0.,-0.,-1.));
#20621 = DIRECTION('',(1.,0.,0.));
#20622 = ADVANCED_FACE('',(#20623),#20642,.F.);
#20623 = FACE_BOUND('',#20624,.T.);
#20624 = EDGE_LOOP('',(#20625,#20633,#20640,#20641));
#20625 = ORIENTED_EDGE('',*,*,#20626,.T.);
#20626 = EDGE_CURVE('',#6295,#20627,#20629,.T.);
#20627 = VERTEX_POINT('',#20628);
#20628 = CARTESIAN_POINT('',(116.326213,18.450752,1.7));
#20629 = LINE('',#20630,#20631);
#20630 = CARTESIAN_POINT('',(116.326213,18.450752,0.));
#20631 = VECTOR('',#20632,1.);
#20632 = DIRECTION('',(0.,0.,1.));
#20633 = ORIENTED_EDGE('',*,*,#20634,.T.);
#20634 = EDGE_CURVE('',#20627,#20627,#20635,.T.);
#20635 = CIRCLE('',#20636,1.2);
#20636 = AXIS2_PLACEMENT_3D('',#20637,#20638,#20639);
#20637 = CARTESIAN_POINT('',(115.126213,18.450752,1.7));
#20638 = DIRECTION('',(0.,0.,1.));
#20639 = DIRECTION('',(1.,0.,0.));
#20640 = ORIENTED_EDGE('',*,*,#20626,.F.);
#20641 = ORIENTED_EDGE('',*,*,#6294,.F.);
#20642 = CYLINDRICAL_SURFACE('',#20643,1.2);
#20643 = AXIS2_PLACEMENT_3D('',#20644,#20645,#20646);
#20644 = CARTESIAN_POINT('',(115.126213,18.450752,0.));
#20645 = DIRECTION('',(-0.,-0.,-1.));
#20646 = DIRECTION('',(1.,0.,0.));
#20647 = ADVANCED_FACE('',(#20648),#20667,.F.);
#20648 = FACE_BOUND('',#20649,.T.);
#20649 = EDGE_LOOP('',(#20650,#20658,#20665,#20666));
#20650 = ORIENTED_EDGE('',*,*,#20651,.T.);
#20651 = EDGE_CURVE('',#6306,#20652,#20654,.T.);
#20652 = VERTEX_POINT('',#20653);
#20653 = CARTESIAN_POINT('',(20.289638,25.958557,1.7));
#20654 = LINE('',#20655,#20656);
#20655 = CARTESIAN_POINT('',(20.289638,25.958557,0.));
#20656 = VECTOR('',#20657,1.);
#20657 = DIRECTION('',(0.,0.,1.));
#20658 = ORIENTED_EDGE('',*,*,#20659,.T.);
#20659 = EDGE_CURVE('',#20652,#20652,#20660,.T.);
#20660 = CIRCLE('',#20661,1.2);
#20661 = AXIS2_PLACEMENT_3D('',#20662,#20663,#20664);
#20662 = CARTESIAN_POINT('',(19.089638,25.958557,1.7));
#20663 = DIRECTION('',(0.,0.,1.));
#20664 = DIRECTION('',(1.,0.,0.));
#20665 = ORIENTED_EDGE('',*,*,#20651,.F.);
#20666 = ORIENTED_EDGE('',*,*,#6305,.F.);
#20667 = CYLINDRICAL_SURFACE('',#20668,1.2);
#20668 = AXIS2_PLACEMENT_3D('',#20669,#20670,#20671);
#20669 = CARTESIAN_POINT('',(19.089638,25.958557,0.));
#20670 = DIRECTION('',(-0.,-0.,-1.));
#20671 = DIRECTION('',(1.,0.,0.));
#20672 = ADVANCED_FACE('',(#20673),#20692,.F.);
#20673 = FACE_BOUND('',#20674,.T.);
#20674 = EDGE_LOOP('',(#20675,#20683,#20690,#20691));
#20675 = ORIENTED_EDGE('',*,*,#20676,.T.);
#20676 = EDGE_CURVE('',#6317,#20677,#20679,.T.);
#20677 = VERTEX_POINT('',#20678);
#20678 = CARTESIAN_POINT('',(96.489208,83.110489,1.7));
#20679 = LINE('',#20680,#20681);
#20680 = CARTESIAN_POINT('',(96.489208,83.110489,0.));
#20681 = VECTOR('',#20682,1.);
#20682 = DIRECTION('',(0.,0.,1.));
#20683 = ORIENTED_EDGE('',*,*,#20684,.T.);
#20684 = EDGE_CURVE('',#20677,#20677,#20685,.T.);
#20685 = CIRCLE('',#20686,1.2);
#20686 = AXIS2_PLACEMENT_3D('',#20687,#20688,#20689);
#20687 = CARTESIAN_POINT('',(95.289208,83.110489,1.7));
#20688 = DIRECTION('',(0.,0.,1.));
#20689 = DIRECTION('',(1.,0.,0.));
#20690 = ORIENTED_EDGE('',*,*,#20676,.F.);
#20691 = ORIENTED_EDGE('',*,*,#6316,.F.);
#20692 = CYLINDRICAL_SURFACE('',#20693,1.2);
#20693 = AXIS2_PLACEMENT_3D('',#20694,#20695,#20696);
#20694 = CARTESIAN_POINT('',(95.289208,83.110489,0.));
#20695 = DIRECTION('',(-0.,-0.,-1.));
#20696 = DIRECTION('',(1.,0.,0.));
#20697 = ADVANCED_FACE('',(#20698),#20717,.F.);
#20698 = FACE_BOUND('',#20699,.T.);
#20699 = EDGE_LOOP('',(#20700,#20708,#20715,#20716));
#20700 = ORIENTED_EDGE('',*,*,#20701,.T.);
#20701 = EDGE_CURVE('',#6328,#20702,#20704,.T.);
#20702 = VERTEX_POINT('',#20703);
#20703 = CARTESIAN_POINT('',(20.291572,83.112621,1.7));
#20704 = LINE('',#20705,#20706);
#20705 = CARTESIAN_POINT('',(20.291572,83.112621,0.));
#20706 = VECTOR('',#20707,1.);
#20707 = DIRECTION('',(0.,0.,1.));
#20708 = ORIENTED_EDGE('',*,*,#20709,.T.);
#20709 = EDGE_CURVE('',#20702,#20702,#20710,.T.);
#20710 = CIRCLE('',#20711,1.2);
#20711 = AXIS2_PLACEMENT_3D('',#20712,#20713,#20714);
#20712 = CARTESIAN_POINT('',(19.091572,83.112621,1.7));
#20713 = DIRECTION('',(0.,0.,1.));
#20714 = DIRECTION('',(1.,0.,0.));
#20715 = ORIENTED_EDGE('',*,*,#20701,.F.);
#20716 = ORIENTED_EDGE('',*,*,#6327,.F.);
#20717 = CYLINDRICAL_SURFACE('',#20718,1.2);
#20718 = AXIS2_PLACEMENT_3D('',#20719,#20720,#20721);
#20719 = CARTESIAN_POINT('',(19.091572,83.112621,0.));
#20720 = DIRECTION('',(-0.,-0.,-1.));
#20721 = DIRECTION('',(1.,0.,0.));
#20722 = ADVANCED_FACE('',(#20723,#20776,#20803,#20829,#20847,#20873,
    #20899,#20925,#20951,#20977,#21003,#21029,#21055,#21081,#21107,
    #21133,#21159,#21185,#21211,#21237,#21263,#21289,#21315,#21341,
    #21367,#21393,#21419,#21422,#21425,#21428,#21431,#21434),#21437,.T.
  );
#20723 = FACE_BOUND('',#20724,.F.);
#20724 = EDGE_LOOP('',(#20725,#20726,#20727,#20728,#20729,#20730,#20731,
    #20732,#20733,#20734,#20735,#20736,#20737,#20738,#20739,#20740,
    #20741,#20742,#20743,#20744,#20745,#20746,#20747,#20753,#20754,
    #20755,#20756,#20757,#20758,#20759,#20760,#20761,#20762,#20763,
    #20764,#20765,#20766,#20767,#20768,#20769,#20770,#20771,#20772,
    #20773,#20774,#20775));
#20725 = ORIENTED_EDGE('',*,*,#744,.T.);
#20726 = ORIENTED_EDGE('',*,*,#775,.T.);
#20727 = ORIENTED_EDGE('',*,*,#806,.T.);
#20728 = ORIENTED_EDGE('',*,*,#837,.T.);
#20729 = ORIENTED_EDGE('',*,*,#868,.T.);
#20730 = ORIENTED_EDGE('',*,*,#899,.T.);
#20731 = ORIENTED_EDGE('',*,*,#930,.T.);
#20732 = ORIENTED_EDGE('',*,*,#961,.T.);
#20733 = ORIENTED_EDGE('',*,*,#992,.T.);
#20734 = ORIENTED_EDGE('',*,*,#1023,.T.);
#20735 = ORIENTED_EDGE('',*,*,#1054,.T.);
#20736 = ORIENTED_EDGE('',*,*,#1085,.T.);
#20737 = ORIENTED_EDGE('',*,*,#1116,.T.);
#20738 = ORIENTED_EDGE('',*,*,#1147,.T.);
#20739 = ORIENTED_EDGE('',*,*,#1178,.T.);
#20740 = ORIENTED_EDGE('',*,*,#1209,.T.);
#20741 = ORIENTED_EDGE('',*,*,#1240,.T.);
#20742 = ORIENTED_EDGE('',*,*,#1271,.T.);
#20743 = ORIENTED_EDGE('',*,*,#1302,.T.);
#20744 = ORIENTED_EDGE('',*,*,#1333,.T.);
#20745 = ORIENTED_EDGE('',*,*,#1364,.T.);
#20746 = ORIENTED_EDGE('',*,*,#1395,.T.);
#20747 = ORIENTED_EDGE('',*,*,#20748,.T.);
#20748 = EDGE_CURVE('',#1396,#24,#20749,.T.);
#20749 = LINE('',#20750,#20751);
#20750 = CARTESIAN_POINT('',(129.82877,0.62329,1.7));
#20751 = VECTOR('',#20752,1.);
#20752 = DIRECTION('',(-1.,0.,0.));
#20753 = ORIENTED_EDGE('',*,*,#31,.T.);
#20754 = ORIENTED_EDGE('',*,*,#62,.T.);
#20755 = ORIENTED_EDGE('',*,*,#93,.T.);
#20756 = ORIENTED_EDGE('',*,*,#124,.T.);
#20757 = ORIENTED_EDGE('',*,*,#155,.T.);
#20758 = ORIENTED_EDGE('',*,*,#186,.T.);
#20759 = ORIENTED_EDGE('',*,*,#217,.T.);
#20760 = ORIENTED_EDGE('',*,*,#248,.T.);
#20761 = ORIENTED_EDGE('',*,*,#279,.T.);
#20762 = ORIENTED_EDGE('',*,*,#310,.T.);
#20763 = ORIENTED_EDGE('',*,*,#341,.T.);
#20764 = ORIENTED_EDGE('',*,*,#372,.T.);
#20765 = ORIENTED_EDGE('',*,*,#403,.T.);
#20766 = ORIENTED_EDGE('',*,*,#434,.T.);
#20767 = ORIENTED_EDGE('',*,*,#465,.T.);
#20768 = ORIENTED_EDGE('',*,*,#496,.T.);
#20769 = ORIENTED_EDGE('',*,*,#527,.T.);
#20770 = ORIENTED_EDGE('',*,*,#558,.T.);
#20771 = ORIENTED_EDGE('',*,*,#589,.T.);
#20772 = ORIENTED_EDGE('',*,*,#620,.T.);
#20773 = ORIENTED_EDGE('',*,*,#651,.T.);
#20774 = ORIENTED_EDGE('',*,*,#682,.T.);
#20775 = ORIENTED_EDGE('',*,*,#713,.T.);
#20776 = FACE_BOUND('',#20777,.T.);
#20777 = EDGE_LOOP('',(#20778,#20779,#20780,#20781,#20782,#20783,#20784,
    #20785,#20786,#20787,#20788,#20789,#20790,#20791,#20792,#20793,
    #20794,#20795,#20796,#20797,#20798,#20799,#20800,#20801,#20802));
#20778 = ORIENTED_EDGE('',*,*,#6352,.T.);
#20779 = ORIENTED_EDGE('',*,*,#6376,.T.);
#20780 = ORIENTED_EDGE('',*,*,#6400,.T.);
#20781 = ORIENTED_EDGE('',*,*,#6424,.T.);
#20782 = ORIENTED_EDGE('',*,*,#6448,.T.);
#20783 = ORIENTED_EDGE('',*,*,#6472,.T.);
#20784 = ORIENTED_EDGE('',*,*,#6496,.T.);
#20785 = ORIENTED_EDGE('',*,*,#6520,.T.);
#20786 = ORIENTED_EDGE('',*,*,#6544,.T.);
#20787 = ORIENTED_EDGE('',*,*,#6568,.T.);
#20788 = ORIENTED_EDGE('',*,*,#6592,.T.);
#20789 = ORIENTED_EDGE('',*,*,#6616,.T.);
#20790 = ORIENTED_EDGE('',*,*,#6640,.T.);
#20791 = ORIENTED_EDGE('',*,*,#6664,.T.);
#20792 = ORIENTED_EDGE('',*,*,#6688,.T.);
#20793 = ORIENTED_EDGE('',*,*,#6712,.T.);
#20794 = ORIENTED_EDGE('',*,*,#6736,.T.);
#20795 = ORIENTED_EDGE('',*,*,#6760,.T.);
#20796 = ORIENTED_EDGE('',*,*,#6784,.T.);
#20797 = ORIENTED_EDGE('',*,*,#6808,.T.);
#20798 = ORIENTED_EDGE('',*,*,#6832,.T.);
#20799 = ORIENTED_EDGE('',*,*,#6856,.T.);
#20800 = ORIENTED_EDGE('',*,*,#6880,.T.);
#20801 = ORIENTED_EDGE('',*,*,#6904,.T.);
#20802 = ORIENTED_EDGE('',*,*,#6928,.T.);
#20803 = FACE_BOUND('',#20804,.T.);
#20804 = EDGE_LOOP('',(#20805,#20806,#20807,#20808,#20809,#20810,#20811,
    #20812,#20813,#20814,#20815,#20816,#20817,#20818,#20819,#20820,
    #20821,#20822,#20823,#20824,#20825,#20826,#20827,#20828));
#20805 = ORIENTED_EDGE('',*,*,#6952,.T.);
#20806 = ORIENTED_EDGE('',*,*,#6976,.T.);
#20807 = ORIENTED_EDGE('',*,*,#7000,.T.);
#20808 = ORIENTED_EDGE('',*,*,#7024,.T.);
#20809 = ORIENTED_EDGE('',*,*,#7048,.T.);
#20810 = ORIENTED_EDGE('',*,*,#7072,.T.);
#20811 = ORIENTED_EDGE('',*,*,#7096,.T.);
#20812 = ORIENTED_EDGE('',*,*,#7120,.T.);
#20813 = ORIENTED_EDGE('',*,*,#7144,.T.);
#20814 = ORIENTED_EDGE('',*,*,#7168,.T.);
#20815 = ORIENTED_EDGE('',*,*,#7192,.T.);
#20816 = ORIENTED_EDGE('',*,*,#7216,.T.);
#20817 = ORIENTED_EDGE('',*,*,#7240,.T.);
#20818 = ORIENTED_EDGE('',*,*,#7264,.T.);
#20819 = ORIENTED_EDGE('',*,*,#7288,.T.);
#20820 = ORIENTED_EDGE('',*,*,#7312,.T.);
#20821 = ORIENTED_EDGE('',*,*,#7336,.T.);
#20822 = ORIENTED_EDGE('',*,*,#7360,.T.);
#20823 = ORIENTED_EDGE('',*,*,#7384,.T.);
#20824 = ORIENTED_EDGE('',*,*,#7408,.T.);
#20825 = ORIENTED_EDGE('',*,*,#7432,.T.);
#20826 = ORIENTED_EDGE('',*,*,#7456,.T.);
#20827 = ORIENTED_EDGE('',*,*,#7480,.T.);
#20828 = ORIENTED_EDGE('',*,*,#7504,.T.);
#20829 = FACE_BOUND('',#20830,.T.);
#20830 = EDGE_LOOP('',(#20831,#20832,#20833,#20834,#20835,#20836,#20837,
    #20838,#20839,#20840,#20841,#20842,#20843,#20844,#20845,#20846));
#20831 = ORIENTED_EDGE('',*,*,#7528,.T.);
#20832 = ORIENTED_EDGE('',*,*,#7552,.T.);
#20833 = ORIENTED_EDGE('',*,*,#7576,.T.);
#20834 = ORIENTED_EDGE('',*,*,#7600,.T.);
#20835 = ORIENTED_EDGE('',*,*,#7624,.T.);
#20836 = ORIENTED_EDGE('',*,*,#7648,.T.);
#20837 = ORIENTED_EDGE('',*,*,#7672,.T.);
#20838 = ORIENTED_EDGE('',*,*,#7696,.T.);
#20839 = ORIENTED_EDGE('',*,*,#7720,.T.);
#20840 = ORIENTED_EDGE('',*,*,#7744,.T.);
#20841 = ORIENTED_EDGE('',*,*,#7768,.T.);
#20842 = ORIENTED_EDGE('',*,*,#7792,.T.);
#20843 = ORIENTED_EDGE('',*,*,#7816,.T.);
#20844 = ORIENTED_EDGE('',*,*,#7840,.T.);
#20845 = ORIENTED_EDGE('',*,*,#7864,.T.);
#20846 = ORIENTED_EDGE('',*,*,#7888,.T.);
#20847 = FACE_BOUND('',#20848,.T.);
#20848 = EDGE_LOOP('',(#20849,#20850,#20851,#20852,#20853,#20854,#20855,
    #20856,#20857,#20858,#20859,#20860,#20861,#20862,#20863,#20864,
    #20865,#20866,#20867,#20868,#20869,#20870,#20871,#20872));
#20849 = ORIENTED_EDGE('',*,*,#7912,.T.);
#20850 = ORIENTED_EDGE('',*,*,#7936,.T.);
#20851 = ORIENTED_EDGE('',*,*,#7960,.T.);
#20852 = ORIENTED_EDGE('',*,*,#7984,.T.);
#20853 = ORIENTED_EDGE('',*,*,#8008,.T.);
#20854 = ORIENTED_EDGE('',*,*,#8032,.T.);
#20855 = ORIENTED_EDGE('',*,*,#8056,.T.);
#20856 = ORIENTED_EDGE('',*,*,#8080,.T.);
#20857 = ORIENTED_EDGE('',*,*,#8104,.T.);
#20858 = ORIENTED_EDGE('',*,*,#8128,.T.);
#20859 = ORIENTED_EDGE('',*,*,#8152,.T.);
#20860 = ORIENTED_EDGE('',*,*,#8176,.T.);
#20861 = ORIENTED_EDGE('',*,*,#8200,.T.);
#20862 = ORIENTED_EDGE('',*,*,#8224,.T.);
#20863 = ORIENTED_EDGE('',*,*,#8248,.T.);
#20864 = ORIENTED_EDGE('',*,*,#8272,.T.);
#20865 = ORIENTED_EDGE('',*,*,#8296,.T.);
#20866 = ORIENTED_EDGE('',*,*,#8320,.T.);
#20867 = ORIENTED_EDGE('',*,*,#8344,.T.);
#20868 = ORIENTED_EDGE('',*,*,#8368,.T.);
#20869 = ORIENTED_EDGE('',*,*,#8392,.T.);
#20870 = ORIENTED_EDGE('',*,*,#8416,.T.);
#20871 = ORIENTED_EDGE('',*,*,#8440,.T.);
#20872 = ORIENTED_EDGE('',*,*,#8464,.T.);
#20873 = FACE_BOUND('',#20874,.T.);
#20874 = EDGE_LOOP('',(#20875,#20876,#20877,#20878,#20879,#20880,#20881,
    #20882,#20883,#20884,#20885,#20886,#20887,#20888,#20889,#20890,
    #20891,#20892,#20893,#20894,#20895,#20896,#20897,#20898));
#20875 = ORIENTED_EDGE('',*,*,#8488,.T.);
#20876 = ORIENTED_EDGE('',*,*,#8512,.T.);
#20877 = ORIENTED_EDGE('',*,*,#8536,.T.);
#20878 = ORIENTED_EDGE('',*,*,#8560,.T.);
#20879 = ORIENTED_EDGE('',*,*,#8584,.T.);
#20880 = ORIENTED_EDGE('',*,*,#8608,.T.);
#20881 = ORIENTED_EDGE('',*,*,#8632,.T.);
#20882 = ORIENTED_EDGE('',*,*,#8656,.T.);
#20883 = ORIENTED_EDGE('',*,*,#8680,.T.);
#20884 = ORIENTED_EDGE('',*,*,#8704,.T.);
#20885 = ORIENTED_EDGE('',*,*,#8728,.T.);
#20886 = ORIENTED_EDGE('',*,*,#8752,.T.);
#20887 = ORIENTED_EDGE('',*,*,#8776,.T.);
#20888 = ORIENTED_EDGE('',*,*,#8800,.T.);
#20889 = ORIENTED_EDGE('',*,*,#8824,.T.);
#20890 = ORIENTED_EDGE('',*,*,#8848,.T.);
#20891 = ORIENTED_EDGE('',*,*,#8872,.T.);
#20892 = ORIENTED_EDGE('',*,*,#8896,.T.);
#20893 = ORIENTED_EDGE('',*,*,#8920,.T.);
#20894 = ORIENTED_EDGE('',*,*,#8944,.T.);
#20895 = ORIENTED_EDGE('',*,*,#8968,.T.);
#20896 = ORIENTED_EDGE('',*,*,#8992,.T.);
#20897 = ORIENTED_EDGE('',*,*,#9016,.T.);
#20898 = ORIENTED_EDGE('',*,*,#9040,.T.);
#20899 = FACE_BOUND('',#20900,.T.);
#20900 = EDGE_LOOP('',(#20901,#20902,#20903,#20904,#20905,#20906,#20907,
    #20908,#20909,#20910,#20911,#20912,#20913,#20914,#20915,#20916,
    #20917,#20918,#20919,#20920,#20921,#20922,#20923,#20924));
#20901 = ORIENTED_EDGE('',*,*,#9064,.T.);
#20902 = ORIENTED_EDGE('',*,*,#9088,.T.);
#20903 = ORIENTED_EDGE('',*,*,#9112,.T.);
#20904 = ORIENTED_EDGE('',*,*,#9136,.T.);
#20905 = ORIENTED_EDGE('',*,*,#9160,.T.);
#20906 = ORIENTED_EDGE('',*,*,#9184,.T.);
#20907 = ORIENTED_EDGE('',*,*,#9208,.T.);
#20908 = ORIENTED_EDGE('',*,*,#9232,.T.);
#20909 = ORIENTED_EDGE('',*,*,#9256,.T.);
#20910 = ORIENTED_EDGE('',*,*,#9280,.T.);
#20911 = ORIENTED_EDGE('',*,*,#9304,.T.);
#20912 = ORIENTED_EDGE('',*,*,#9328,.T.);
#20913 = ORIENTED_EDGE('',*,*,#9352,.T.);
#20914 = ORIENTED_EDGE('',*,*,#9376,.T.);
#20915 = ORIENTED_EDGE('',*,*,#9400,.T.);
#20916 = ORIENTED_EDGE('',*,*,#9424,.T.);
#20917 = ORIENTED_EDGE('',*,*,#9448,.T.);
#20918 = ORIENTED_EDGE('',*,*,#9472,.T.);
#20919 = ORIENTED_EDGE('',*,*,#9496,.T.);
#20920 = ORIENTED_EDGE('',*,*,#9520,.T.);
#20921 = ORIENTED_EDGE('',*,*,#9544,.T.);
#20922 = ORIENTED_EDGE('',*,*,#9568,.T.);
#20923 = ORIENTED_EDGE('',*,*,#9592,.T.);
#20924 = ORIENTED_EDGE('',*,*,#9616,.T.);
#20925 = FACE_BOUND('',#20926,.T.);
#20926 = EDGE_LOOP('',(#20927,#20928,#20929,#20930,#20931,#20932,#20933,
    #20934,#20935,#20936,#20937,#20938,#20939,#20940,#20941,#20942,
    #20943,#20944,#20945,#20946,#20947,#20948,#20949,#20950));
#20927 = ORIENTED_EDGE('',*,*,#9640,.T.);
#20928 = ORIENTED_EDGE('',*,*,#9664,.T.);
#20929 = ORIENTED_EDGE('',*,*,#9688,.T.);
#20930 = ORIENTED_EDGE('',*,*,#9712,.T.);
#20931 = ORIENTED_EDGE('',*,*,#9736,.T.);
#20932 = ORIENTED_EDGE('',*,*,#9760,.T.);
#20933 = ORIENTED_EDGE('',*,*,#9784,.T.);
#20934 = ORIENTED_EDGE('',*,*,#9808,.T.);
#20935 = ORIENTED_EDGE('',*,*,#9832,.T.);
#20936 = ORIENTED_EDGE('',*,*,#9856,.T.);
#20937 = ORIENTED_EDGE('',*,*,#9880,.T.);
#20938 = ORIENTED_EDGE('',*,*,#9904,.T.);
#20939 = ORIENTED_EDGE('',*,*,#9928,.T.);
#20940 = ORIENTED_EDGE('',*,*,#9952,.T.);
#20941 = ORIENTED_EDGE('',*,*,#9976,.T.);
#20942 = ORIENTED_EDGE('',*,*,#10000,.T.);
#20943 = ORIENTED_EDGE('',*,*,#10024,.T.);
#20944 = ORIENTED_EDGE('',*,*,#10048,.T.);
#20945 = ORIENTED_EDGE('',*,*,#10072,.T.);
#20946 = ORIENTED_EDGE('',*,*,#10096,.T.);
#20947 = ORIENTED_EDGE('',*,*,#10120,.T.);
#20948 = ORIENTED_EDGE('',*,*,#10144,.T.);
#20949 = ORIENTED_EDGE('',*,*,#10168,.T.);
#20950 = ORIENTED_EDGE('',*,*,#10192,.T.);
#20951 = FACE_BOUND('',#20952,.T.);
#20952 = EDGE_LOOP('',(#20953,#20954,#20955,#20956,#20957,#20958,#20959,
    #20960,#20961,#20962,#20963,#20964,#20965,#20966,#20967,#20968,
    #20969,#20970,#20971,#20972,#20973,#20974,#20975,#20976));
#20953 = ORIENTED_EDGE('',*,*,#10216,.T.);
#20954 = ORIENTED_EDGE('',*,*,#10240,.T.);
#20955 = ORIENTED_EDGE('',*,*,#10264,.T.);
#20956 = ORIENTED_EDGE('',*,*,#10288,.T.);
#20957 = ORIENTED_EDGE('',*,*,#10312,.T.);
#20958 = ORIENTED_EDGE('',*,*,#10336,.T.);
#20959 = ORIENTED_EDGE('',*,*,#10360,.T.);
#20960 = ORIENTED_EDGE('',*,*,#10384,.T.);
#20961 = ORIENTED_EDGE('',*,*,#10408,.T.);
#20962 = ORIENTED_EDGE('',*,*,#10432,.T.);
#20963 = ORIENTED_EDGE('',*,*,#10456,.T.);
#20964 = ORIENTED_EDGE('',*,*,#10480,.T.);
#20965 = ORIENTED_EDGE('',*,*,#10504,.T.);
#20966 = ORIENTED_EDGE('',*,*,#10528,.T.);
#20967 = ORIENTED_EDGE('',*,*,#10552,.T.);
#20968 = ORIENTED_EDGE('',*,*,#10576,.T.);
#20969 = ORIENTED_EDGE('',*,*,#10600,.T.);
#20970 = ORIENTED_EDGE('',*,*,#10624,.T.);
#20971 = ORIENTED_EDGE('',*,*,#10648,.T.);
#20972 = ORIENTED_EDGE('',*,*,#10672,.T.);
#20973 = ORIENTED_EDGE('',*,*,#10696,.T.);
#20974 = ORIENTED_EDGE('',*,*,#10720,.T.);
#20975 = ORIENTED_EDGE('',*,*,#10744,.T.);
#20976 = ORIENTED_EDGE('',*,*,#10768,.T.);
#20977 = FACE_BOUND('',#20978,.T.);
#20978 = EDGE_LOOP('',(#20979,#20980,#20981,#20982,#20983,#20984,#20985,
    #20986,#20987,#20988,#20989,#20990,#20991,#20992,#20993,#20994,
    #20995,#20996,#20997,#20998,#20999,#21000,#21001,#21002));
#20979 = ORIENTED_EDGE('',*,*,#10792,.T.);
#20980 = ORIENTED_EDGE('',*,*,#10816,.T.);
#20981 = ORIENTED_EDGE('',*,*,#10840,.T.);
#20982 = ORIENTED_EDGE('',*,*,#10864,.T.);
#20983 = ORIENTED_EDGE('',*,*,#10888,.T.);
#20984 = ORIENTED_EDGE('',*,*,#10912,.T.);
#20985 = ORIENTED_EDGE('',*,*,#10936,.T.);
#20986 = ORIENTED_EDGE('',*,*,#10960,.T.);
#20987 = ORIENTED_EDGE('',*,*,#10984,.T.);
#20988 = ORIENTED_EDGE('',*,*,#11008,.T.);
#20989 = ORIENTED_EDGE('',*,*,#11032,.T.);
#20990 = ORIENTED_EDGE('',*,*,#11056,.T.);
#20991 = ORIENTED_EDGE('',*,*,#11080,.T.);
#20992 = ORIENTED_EDGE('',*,*,#11104,.T.);
#20993 = ORIENTED_EDGE('',*,*,#11128,.T.);
#20994 = ORIENTED_EDGE('',*,*,#11152,.T.);
#20995 = ORIENTED_EDGE('',*,*,#11176,.T.);
#20996 = ORIENTED_EDGE('',*,*,#11200,.T.);
#20997 = ORIENTED_EDGE('',*,*,#11224,.T.);
#20998 = ORIENTED_EDGE('',*,*,#11248,.T.);
#20999 = ORIENTED_EDGE('',*,*,#11272,.T.);
#21000 = ORIENTED_EDGE('',*,*,#11296,.T.);
#21001 = ORIENTED_EDGE('',*,*,#11320,.T.);
#21002 = ORIENTED_EDGE('',*,*,#11344,.T.);
#21003 = FACE_BOUND('',#21004,.T.);
#21004 = EDGE_LOOP('',(#21005,#21006,#21007,#21008,#21009,#21010,#21011,
    #21012,#21013,#21014,#21015,#21016,#21017,#21018,#21019,#21020,
    #21021,#21022,#21023,#21024,#21025,#21026,#21027,#21028));
#21005 = ORIENTED_EDGE('',*,*,#11368,.T.);
#21006 = ORIENTED_EDGE('',*,*,#11392,.T.);
#21007 = ORIENTED_EDGE('',*,*,#11416,.T.);
#21008 = ORIENTED_EDGE('',*,*,#11440,.T.);
#21009 = ORIENTED_EDGE('',*,*,#11464,.T.);
#21010 = ORIENTED_EDGE('',*,*,#11488,.T.);
#21011 = ORIENTED_EDGE('',*,*,#11512,.T.);
#21012 = ORIENTED_EDGE('',*,*,#11536,.T.);
#21013 = ORIENTED_EDGE('',*,*,#11560,.T.);
#21014 = ORIENTED_EDGE('',*,*,#11584,.T.);
#21015 = ORIENTED_EDGE('',*,*,#11608,.T.);
#21016 = ORIENTED_EDGE('',*,*,#11632,.T.);
#21017 = ORIENTED_EDGE('',*,*,#11656,.T.);
#21018 = ORIENTED_EDGE('',*,*,#11680,.T.);
#21019 = ORIENTED_EDGE('',*,*,#11704,.T.);
#21020 = ORIENTED_EDGE('',*,*,#11728,.T.);
#21021 = ORIENTED_EDGE('',*,*,#11752,.T.);
#21022 = ORIENTED_EDGE('',*,*,#11776,.T.);
#21023 = ORIENTED_EDGE('',*,*,#11800,.T.);
#21024 = ORIENTED_EDGE('',*,*,#11824,.T.);
#21025 = ORIENTED_EDGE('',*,*,#11848,.T.);
#21026 = ORIENTED_EDGE('',*,*,#11872,.T.);
#21027 = ORIENTED_EDGE('',*,*,#11896,.T.);
#21028 = ORIENTED_EDGE('',*,*,#11920,.T.);
#21029 = FACE_BOUND('',#21030,.T.);
#21030 = EDGE_LOOP('',(#21031,#21032,#21033,#21034,#21035,#21036,#21037,
    #21038,#21039,#21040,#21041,#21042,#21043,#21044,#21045,#21046,
    #21047,#21048,#21049,#21050,#21051,#21052,#21053,#21054));
#21031 = ORIENTED_EDGE('',*,*,#11944,.T.);
#21032 = ORIENTED_EDGE('',*,*,#11968,.T.);
#21033 = ORIENTED_EDGE('',*,*,#11992,.T.);
#21034 = ORIENTED_EDGE('',*,*,#12016,.T.);
#21035 = ORIENTED_EDGE('',*,*,#12040,.T.);
#21036 = ORIENTED_EDGE('',*,*,#12064,.T.);
#21037 = ORIENTED_EDGE('',*,*,#12088,.T.);
#21038 = ORIENTED_EDGE('',*,*,#12112,.T.);
#21039 = ORIENTED_EDGE('',*,*,#12136,.T.);
#21040 = ORIENTED_EDGE('',*,*,#12160,.T.);
#21041 = ORIENTED_EDGE('',*,*,#12184,.T.);
#21042 = ORIENTED_EDGE('',*,*,#12208,.T.);
#21043 = ORIENTED_EDGE('',*,*,#12232,.T.);
#21044 = ORIENTED_EDGE('',*,*,#12256,.T.);
#21045 = ORIENTED_EDGE('',*,*,#12280,.T.);
#21046 = ORIENTED_EDGE('',*,*,#12304,.T.);
#21047 = ORIENTED_EDGE('',*,*,#12328,.T.);
#21048 = ORIENTED_EDGE('',*,*,#12352,.T.);
#21049 = ORIENTED_EDGE('',*,*,#12376,.T.);
#21050 = ORIENTED_EDGE('',*,*,#12400,.T.);
#21051 = ORIENTED_EDGE('',*,*,#12424,.T.);
#21052 = ORIENTED_EDGE('',*,*,#12448,.T.);
#21053 = ORIENTED_EDGE('',*,*,#12472,.T.);
#21054 = ORIENTED_EDGE('',*,*,#12496,.T.);
#21055 = FACE_BOUND('',#21056,.T.);
#21056 = EDGE_LOOP('',(#21057,#21058,#21059,#21060,#21061,#21062,#21063,
    #21064,#21065,#21066,#21067,#21068,#21069,#21070,#21071,#21072,
    #21073,#21074,#21075,#21076,#21077,#21078,#21079,#21080));
#21057 = ORIENTED_EDGE('',*,*,#12520,.T.);
#21058 = ORIENTED_EDGE('',*,*,#12544,.T.);
#21059 = ORIENTED_EDGE('',*,*,#12568,.T.);
#21060 = ORIENTED_EDGE('',*,*,#12592,.T.);
#21061 = ORIENTED_EDGE('',*,*,#12616,.T.);
#21062 = ORIENTED_EDGE('',*,*,#12640,.T.);
#21063 = ORIENTED_EDGE('',*,*,#12664,.T.);
#21064 = ORIENTED_EDGE('',*,*,#12688,.T.);
#21065 = ORIENTED_EDGE('',*,*,#12712,.T.);
#21066 = ORIENTED_EDGE('',*,*,#12736,.T.);
#21067 = ORIENTED_EDGE('',*,*,#12760,.T.);
#21068 = ORIENTED_EDGE('',*,*,#12784,.T.);
#21069 = ORIENTED_EDGE('',*,*,#12808,.T.);
#21070 = ORIENTED_EDGE('',*,*,#12832,.T.);
#21071 = ORIENTED_EDGE('',*,*,#12856,.T.);
#21072 = ORIENTED_EDGE('',*,*,#12880,.T.);
#21073 = ORIENTED_EDGE('',*,*,#12904,.T.);
#21074 = ORIENTED_EDGE('',*,*,#12928,.T.);
#21075 = ORIENTED_EDGE('',*,*,#12952,.T.);
#21076 = ORIENTED_EDGE('',*,*,#12976,.T.);
#21077 = ORIENTED_EDGE('',*,*,#13000,.T.);
#21078 = ORIENTED_EDGE('',*,*,#13024,.T.);
#21079 = ORIENTED_EDGE('',*,*,#13048,.T.);
#21080 = ORIENTED_EDGE('',*,*,#13072,.T.);
#21081 = FACE_BOUND('',#21082,.T.);
#21082 = EDGE_LOOP('',(#21083,#21084,#21085,#21086,#21087,#21088,#21089,
    #21090,#21091,#21092,#21093,#21094,#21095,#21096,#21097,#21098,
    #21099,#21100,#21101,#21102,#21103,#21104,#21105,#21106));
#21083 = ORIENTED_EDGE('',*,*,#13096,.T.);
#21084 = ORIENTED_EDGE('',*,*,#13120,.T.);
#21085 = ORIENTED_EDGE('',*,*,#13144,.T.);
#21086 = ORIENTED_EDGE('',*,*,#13168,.T.);
#21087 = ORIENTED_EDGE('',*,*,#13192,.T.);
#21088 = ORIENTED_EDGE('',*,*,#13216,.T.);
#21089 = ORIENTED_EDGE('',*,*,#13240,.T.);
#21090 = ORIENTED_EDGE('',*,*,#13264,.T.);
#21091 = ORIENTED_EDGE('',*,*,#13288,.T.);
#21092 = ORIENTED_EDGE('',*,*,#13312,.T.);
#21093 = ORIENTED_EDGE('',*,*,#13336,.T.);
#21094 = ORIENTED_EDGE('',*,*,#13360,.T.);
#21095 = ORIENTED_EDGE('',*,*,#13384,.T.);
#21096 = ORIENTED_EDGE('',*,*,#13408,.T.);
#21097 = ORIENTED_EDGE('',*,*,#13432,.T.);
#21098 = ORIENTED_EDGE('',*,*,#13456,.T.);
#21099 = ORIENTED_EDGE('',*,*,#13480,.T.);
#21100 = ORIENTED_EDGE('',*,*,#13504,.T.);
#21101 = ORIENTED_EDGE('',*,*,#13528,.T.);
#21102 = ORIENTED_EDGE('',*,*,#13552,.T.);
#21103 = ORIENTED_EDGE('',*,*,#13576,.T.);
#21104 = ORIENTED_EDGE('',*,*,#13600,.T.);
#21105 = ORIENTED_EDGE('',*,*,#13624,.T.);
#21106 = ORIENTED_EDGE('',*,*,#13648,.T.);
#21107 = FACE_BOUND('',#21108,.T.);
#21108 = EDGE_LOOP('',(#21109,#21110,#21111,#21112,#21113,#21114,#21115,
    #21116,#21117,#21118,#21119,#21120,#21121,#21122,#21123,#21124,
    #21125,#21126,#21127,#21128,#21129,#21130,#21131,#21132));
#21109 = ORIENTED_EDGE('',*,*,#13672,.T.);
#21110 = ORIENTED_EDGE('',*,*,#13696,.T.);
#21111 = ORIENTED_EDGE('',*,*,#13720,.T.);
#21112 = ORIENTED_EDGE('',*,*,#13744,.T.);
#21113 = ORIENTED_EDGE('',*,*,#13768,.T.);
#21114 = ORIENTED_EDGE('',*,*,#13792,.T.);
#21115 = ORIENTED_EDGE('',*,*,#13816,.T.);
#21116 = ORIENTED_EDGE('',*,*,#13840,.T.);
#21117 = ORIENTED_EDGE('',*,*,#13864,.T.);
#21118 = ORIENTED_EDGE('',*,*,#13888,.T.);
#21119 = ORIENTED_EDGE('',*,*,#13912,.T.);
#21120 = ORIENTED_EDGE('',*,*,#13936,.T.);
#21121 = ORIENTED_EDGE('',*,*,#13960,.T.);
#21122 = ORIENTED_EDGE('',*,*,#13984,.T.);
#21123 = ORIENTED_EDGE('',*,*,#14008,.T.);
#21124 = ORIENTED_EDGE('',*,*,#14032,.T.);
#21125 = ORIENTED_EDGE('',*,*,#14056,.T.);
#21126 = ORIENTED_EDGE('',*,*,#14080,.T.);
#21127 = ORIENTED_EDGE('',*,*,#14104,.T.);
#21128 = ORIENTED_EDGE('',*,*,#14128,.T.);
#21129 = ORIENTED_EDGE('',*,*,#14152,.T.);
#21130 = ORIENTED_EDGE('',*,*,#14176,.T.);
#21131 = ORIENTED_EDGE('',*,*,#14200,.T.);
#21132 = ORIENTED_EDGE('',*,*,#14224,.T.);
#21133 = FACE_BOUND('',#21134,.T.);
#21134 = EDGE_LOOP('',(#21135,#21136,#21137,#21138,#21139,#21140,#21141,
    #21142,#21143,#21144,#21145,#21146,#21147,#21148,#21149,#21150,
    #21151,#21152,#21153,#21154,#21155,#21156,#21157,#21158));
#21135 = ORIENTED_EDGE('',*,*,#14248,.T.);
#21136 = ORIENTED_EDGE('',*,*,#14272,.T.);
#21137 = ORIENTED_EDGE('',*,*,#14296,.T.);
#21138 = ORIENTED_EDGE('',*,*,#14320,.T.);
#21139 = ORIENTED_EDGE('',*,*,#14344,.T.);
#21140 = ORIENTED_EDGE('',*,*,#14368,.T.);
#21141 = ORIENTED_EDGE('',*,*,#14392,.T.);
#21142 = ORIENTED_EDGE('',*,*,#14416,.T.);
#21143 = ORIENTED_EDGE('',*,*,#14440,.T.);
#21144 = ORIENTED_EDGE('',*,*,#14464,.T.);
#21145 = ORIENTED_EDGE('',*,*,#14488,.T.);
#21146 = ORIENTED_EDGE('',*,*,#14512,.T.);
#21147 = ORIENTED_EDGE('',*,*,#14536,.T.);
#21148 = ORIENTED_EDGE('',*,*,#14560,.T.);
#21149 = ORIENTED_EDGE('',*,*,#14584,.T.);
#21150 = ORIENTED_EDGE('',*,*,#14608,.T.);
#21151 = ORIENTED_EDGE('',*,*,#14632,.T.);
#21152 = ORIENTED_EDGE('',*,*,#14656,.T.);
#21153 = ORIENTED_EDGE('',*,*,#14680,.T.);
#21154 = ORIENTED_EDGE('',*,*,#14704,.T.);
#21155 = ORIENTED_EDGE('',*,*,#14728,.T.);
#21156 = ORIENTED_EDGE('',*,*,#14752,.T.);
#21157 = ORIENTED_EDGE('',*,*,#14776,.T.);
#21158 = ORIENTED_EDGE('',*,*,#14800,.T.);
#21159 = FACE_BOUND('',#21160,.T.);
#21160 = EDGE_LOOP('',(#21161,#21162,#21163,#21164,#21165,#21166,#21167,
    #21168,#21169,#21170,#21171,#21172,#21173,#21174,#21175,#21176,
    #21177,#21178,#21179,#21180,#21181,#21182,#21183,#21184));
#21161 = ORIENTED_EDGE('',*,*,#14824,.T.);
#21162 = ORIENTED_EDGE('',*,*,#14848,.T.);
#21163 = ORIENTED_EDGE('',*,*,#14872,.T.);
#21164 = ORIENTED_EDGE('',*,*,#14896,.T.);
#21165 = ORIENTED_EDGE('',*,*,#14920,.T.);
#21166 = ORIENTED_EDGE('',*,*,#14944,.T.);
#21167 = ORIENTED_EDGE('',*,*,#14968,.T.);
#21168 = ORIENTED_EDGE('',*,*,#14992,.T.);
#21169 = ORIENTED_EDGE('',*,*,#15016,.T.);
#21170 = ORIENTED_EDGE('',*,*,#15040,.T.);
#21171 = ORIENTED_EDGE('',*,*,#15064,.T.);
#21172 = ORIENTED_EDGE('',*,*,#15088,.T.);
#21173 = ORIENTED_EDGE('',*,*,#15112,.T.);
#21174 = ORIENTED_EDGE('',*,*,#15136,.T.);
#21175 = ORIENTED_EDGE('',*,*,#15160,.T.);
#21176 = ORIENTED_EDGE('',*,*,#15184,.T.);
#21177 = ORIENTED_EDGE('',*,*,#15208,.T.);
#21178 = ORIENTED_EDGE('',*,*,#15232,.T.);
#21179 = ORIENTED_EDGE('',*,*,#15256,.T.);
#21180 = ORIENTED_EDGE('',*,*,#15280,.T.);
#21181 = ORIENTED_EDGE('',*,*,#15304,.T.);
#21182 = ORIENTED_EDGE('',*,*,#15328,.T.);
#21183 = ORIENTED_EDGE('',*,*,#15352,.T.);
#21184 = ORIENTED_EDGE('',*,*,#15376,.T.);
#21185 = FACE_BOUND('',#21186,.T.);
#21186 = EDGE_LOOP('',(#21187,#21188,#21189,#21190,#21191,#21192,#21193,
    #21194,#21195,#21196,#21197,#21198,#21199,#21200,#21201,#21202,
    #21203,#21204,#21205,#21206,#21207,#21208,#21209,#21210));
#21187 = ORIENTED_EDGE('',*,*,#15400,.T.);
#21188 = ORIENTED_EDGE('',*,*,#15424,.T.);
#21189 = ORIENTED_EDGE('',*,*,#15448,.T.);
#21190 = ORIENTED_EDGE('',*,*,#15472,.T.);
#21191 = ORIENTED_EDGE('',*,*,#15496,.T.);
#21192 = ORIENTED_EDGE('',*,*,#15520,.T.);
#21193 = ORIENTED_EDGE('',*,*,#15544,.T.);
#21194 = ORIENTED_EDGE('',*,*,#15568,.T.);
#21195 = ORIENTED_EDGE('',*,*,#15592,.T.);
#21196 = ORIENTED_EDGE('',*,*,#15616,.T.);
#21197 = ORIENTED_EDGE('',*,*,#15640,.T.);
#21198 = ORIENTED_EDGE('',*,*,#15664,.T.);
#21199 = ORIENTED_EDGE('',*,*,#15688,.T.);
#21200 = ORIENTED_EDGE('',*,*,#15712,.T.);
#21201 = ORIENTED_EDGE('',*,*,#15736,.T.);
#21202 = ORIENTED_EDGE('',*,*,#15760,.T.);
#21203 = ORIENTED_EDGE('',*,*,#15784,.T.);
#21204 = ORIENTED_EDGE('',*,*,#15808,.T.);
#21205 = ORIENTED_EDGE('',*,*,#15832,.T.);
#21206 = ORIENTED_EDGE('',*,*,#15856,.T.);
#21207 = ORIENTED_EDGE('',*,*,#15880,.T.);
#21208 = ORIENTED_EDGE('',*,*,#15904,.T.);
#21209 = ORIENTED_EDGE('',*,*,#15928,.T.);
#21210 = ORIENTED_EDGE('',*,*,#15952,.T.);
#21211 = FACE_BOUND('',#21212,.T.);
#21212 = EDGE_LOOP('',(#21213,#21214,#21215,#21216,#21217,#21218,#21219,
    #21220,#21221,#21222,#21223,#21224,#21225,#21226,#21227,#21228,
    #21229,#21230,#21231,#21232,#21233,#21234,#21235,#21236));
#21213 = ORIENTED_EDGE('',*,*,#15976,.T.);
#21214 = ORIENTED_EDGE('',*,*,#16000,.T.);
#21215 = ORIENTED_EDGE('',*,*,#16024,.T.);
#21216 = ORIENTED_EDGE('',*,*,#16048,.T.);
#21217 = ORIENTED_EDGE('',*,*,#16072,.T.);
#21218 = ORIENTED_EDGE('',*,*,#16096,.T.);
#21219 = ORIENTED_EDGE('',*,*,#16120,.T.);
#21220 = ORIENTED_EDGE('',*,*,#16144,.T.);
#21221 = ORIENTED_EDGE('',*,*,#16168,.T.);
#21222 = ORIENTED_EDGE('',*,*,#16192,.T.);
#21223 = ORIENTED_EDGE('',*,*,#16216,.T.);
#21224 = ORIENTED_EDGE('',*,*,#16240,.T.);
#21225 = ORIENTED_EDGE('',*,*,#16264,.T.);
#21226 = ORIENTED_EDGE('',*,*,#16288,.T.);
#21227 = ORIENTED_EDGE('',*,*,#16312,.T.);
#21228 = ORIENTED_EDGE('',*,*,#16336,.T.);
#21229 = ORIENTED_EDGE('',*,*,#16360,.T.);
#21230 = ORIENTED_EDGE('',*,*,#16384,.T.);
#21231 = ORIENTED_EDGE('',*,*,#16408,.T.);
#21232 = ORIENTED_EDGE('',*,*,#16432,.T.);
#21233 = ORIENTED_EDGE('',*,*,#16456,.T.);
#21234 = ORIENTED_EDGE('',*,*,#16480,.T.);
#21235 = ORIENTED_EDGE('',*,*,#16504,.T.);
#21236 = ORIENTED_EDGE('',*,*,#16528,.T.);
#21237 = FACE_BOUND('',#21238,.T.);
#21238 = EDGE_LOOP('',(#21239,#21240,#21241,#21242,#21243,#21244,#21245,
    #21246,#21247,#21248,#21249,#21250,#21251,#21252,#21253,#21254,
    #21255,#21256,#21257,#21258,#21259,#21260,#21261,#21262));
#21239 = ORIENTED_EDGE('',*,*,#16552,.T.);
#21240 = ORIENTED_EDGE('',*,*,#16576,.T.);
#21241 = ORIENTED_EDGE('',*,*,#16600,.T.);
#21242 = ORIENTED_EDGE('',*,*,#16624,.T.);
#21243 = ORIENTED_EDGE('',*,*,#16648,.T.);
#21244 = ORIENTED_EDGE('',*,*,#16672,.T.);
#21245 = ORIENTED_EDGE('',*,*,#16696,.T.);
#21246 = ORIENTED_EDGE('',*,*,#16720,.T.);
#21247 = ORIENTED_EDGE('',*,*,#16744,.T.);
#21248 = ORIENTED_EDGE('',*,*,#16768,.T.);
#21249 = ORIENTED_EDGE('',*,*,#16792,.T.);
#21250 = ORIENTED_EDGE('',*,*,#16816,.T.);
#21251 = ORIENTED_EDGE('',*,*,#16840,.T.);
#21252 = ORIENTED_EDGE('',*,*,#16864,.T.);
#21253 = ORIENTED_EDGE('',*,*,#16888,.T.);
#21254 = ORIENTED_EDGE('',*,*,#16912,.T.);
#21255 = ORIENTED_EDGE('',*,*,#16936,.T.);
#21256 = ORIENTED_EDGE('',*,*,#16960,.T.);
#21257 = ORIENTED_EDGE('',*,*,#16984,.T.);
#21258 = ORIENTED_EDGE('',*,*,#17008,.T.);
#21259 = ORIENTED_EDGE('',*,*,#17032,.T.);
#21260 = ORIENTED_EDGE('',*,*,#17056,.T.);
#21261 = ORIENTED_EDGE('',*,*,#17080,.T.);
#21262 = ORIENTED_EDGE('',*,*,#17104,.T.);
#21263 = FACE_BOUND('',#21264,.T.);
#21264 = EDGE_LOOP('',(#21265,#21266,#21267,#21268,#21269,#21270,#21271,
    #21272,#21273,#21274,#21275,#21276,#21277,#21278,#21279,#21280,
    #21281,#21282,#21283,#21284,#21285,#21286,#21287,#21288));
#21265 = ORIENTED_EDGE('',*,*,#17128,.T.);
#21266 = ORIENTED_EDGE('',*,*,#17152,.T.);
#21267 = ORIENTED_EDGE('',*,*,#17176,.T.);
#21268 = ORIENTED_EDGE('',*,*,#17200,.T.);
#21269 = ORIENTED_EDGE('',*,*,#17224,.T.);
#21270 = ORIENTED_EDGE('',*,*,#17248,.T.);
#21271 = ORIENTED_EDGE('',*,*,#17272,.T.);
#21272 = ORIENTED_EDGE('',*,*,#17296,.T.);
#21273 = ORIENTED_EDGE('',*,*,#17320,.T.);
#21274 = ORIENTED_EDGE('',*,*,#17344,.T.);
#21275 = ORIENTED_EDGE('',*,*,#17368,.T.);
#21276 = ORIENTED_EDGE('',*,*,#17392,.T.);
#21277 = ORIENTED_EDGE('',*,*,#17416,.T.);
#21278 = ORIENTED_EDGE('',*,*,#17440,.T.);
#21279 = ORIENTED_EDGE('',*,*,#17464,.T.);
#21280 = ORIENTED_EDGE('',*,*,#17488,.T.);
#21281 = ORIENTED_EDGE('',*,*,#17512,.T.);
#21282 = ORIENTED_EDGE('',*,*,#17536,.T.);
#21283 = ORIENTED_EDGE('',*,*,#17560,.T.);
#21284 = ORIENTED_EDGE('',*,*,#17584,.T.);
#21285 = ORIENTED_EDGE('',*,*,#17608,.T.);
#21286 = ORIENTED_EDGE('',*,*,#17632,.T.);
#21287 = ORIENTED_EDGE('',*,*,#17656,.T.);
#21288 = ORIENTED_EDGE('',*,*,#17680,.T.);
#21289 = FACE_BOUND('',#21290,.T.);
#21290 = EDGE_LOOP('',(#21291,#21292,#21293,#21294,#21295,#21296,#21297,
    #21298,#21299,#21300,#21301,#21302,#21303,#21304,#21305,#21306,
    #21307,#21308,#21309,#21310,#21311,#21312,#21313,#21314));
#21291 = ORIENTED_EDGE('',*,*,#17704,.T.);
#21292 = ORIENTED_EDGE('',*,*,#17728,.T.);
#21293 = ORIENTED_EDGE('',*,*,#17752,.T.);
#21294 = ORIENTED_EDGE('',*,*,#17776,.T.);
#21295 = ORIENTED_EDGE('',*,*,#17800,.T.);
#21296 = ORIENTED_EDGE('',*,*,#17824,.T.);
#21297 = ORIENTED_EDGE('',*,*,#17848,.T.);
#21298 = ORIENTED_EDGE('',*,*,#17872,.T.);
#21299 = ORIENTED_EDGE('',*,*,#17896,.T.);
#21300 = ORIENTED_EDGE('',*,*,#17920,.T.);
#21301 = ORIENTED_EDGE('',*,*,#17944,.T.);
#21302 = ORIENTED_EDGE('',*,*,#17968,.T.);
#21303 = ORIENTED_EDGE('',*,*,#17992,.T.);
#21304 = ORIENTED_EDGE('',*,*,#18016,.T.);
#21305 = ORIENTED_EDGE('',*,*,#18040,.T.);
#21306 = ORIENTED_EDGE('',*,*,#18064,.T.);
#21307 = ORIENTED_EDGE('',*,*,#18088,.T.);
#21308 = ORIENTED_EDGE('',*,*,#18112,.T.);
#21309 = ORIENTED_EDGE('',*,*,#18136,.T.);
#21310 = ORIENTED_EDGE('',*,*,#18160,.T.);
#21311 = ORIENTED_EDGE('',*,*,#18184,.T.);
#21312 = ORIENTED_EDGE('',*,*,#18208,.T.);
#21313 = ORIENTED_EDGE('',*,*,#18232,.T.);
#21314 = ORIENTED_EDGE('',*,*,#18256,.T.);
#21315 = FACE_BOUND('',#21316,.T.);
#21316 = EDGE_LOOP('',(#21317,#21318,#21319,#21320,#21321,#21322,#21323,
    #21324,#21325,#21326,#21327,#21328,#21329,#21330,#21331,#21332,
    #21333,#21334,#21335,#21336,#21337,#21338,#21339,#21340));
#21317 = ORIENTED_EDGE('',*,*,#18280,.T.);
#21318 = ORIENTED_EDGE('',*,*,#18304,.T.);
#21319 = ORIENTED_EDGE('',*,*,#18328,.T.);
#21320 = ORIENTED_EDGE('',*,*,#18352,.T.);
#21321 = ORIENTED_EDGE('',*,*,#18376,.T.);
#21322 = ORIENTED_EDGE('',*,*,#18400,.T.);
#21323 = ORIENTED_EDGE('',*,*,#18424,.T.);
#21324 = ORIENTED_EDGE('',*,*,#18448,.T.);
#21325 = ORIENTED_EDGE('',*,*,#18472,.T.);
#21326 = ORIENTED_EDGE('',*,*,#18496,.T.);
#21327 = ORIENTED_EDGE('',*,*,#18520,.T.);
#21328 = ORIENTED_EDGE('',*,*,#18544,.T.);
#21329 = ORIENTED_EDGE('',*,*,#18568,.T.);
#21330 = ORIENTED_EDGE('',*,*,#18592,.T.);
#21331 = ORIENTED_EDGE('',*,*,#18616,.T.);
#21332 = ORIENTED_EDGE('',*,*,#18640,.T.);
#21333 = ORIENTED_EDGE('',*,*,#18664,.T.);
#21334 = ORIENTED_EDGE('',*,*,#18688,.T.);
#21335 = ORIENTED_EDGE('',*,*,#18712,.T.);
#21336 = ORIENTED_EDGE('',*,*,#18736,.T.);
#21337 = ORIENTED_EDGE('',*,*,#18760,.T.);
#21338 = ORIENTED_EDGE('',*,*,#18784,.T.);
#21339 = ORIENTED_EDGE('',*,*,#18808,.T.);
#21340 = ORIENTED_EDGE('',*,*,#18832,.T.);
#21341 = FACE_BOUND('',#21342,.T.);
#21342 = EDGE_LOOP('',(#21343,#21344,#21345,#21346,#21347,#21348,#21349,
    #21350,#21351,#21352,#21353,#21354,#21355,#21356,#21357,#21358,
    #21359,#21360,#21361,#21362,#21363,#21364,#21365,#21366));
#21343 = ORIENTED_EDGE('',*,*,#18856,.T.);
#21344 = ORIENTED_EDGE('',*,*,#18880,.T.);
#21345 = ORIENTED_EDGE('',*,*,#18904,.T.);
#21346 = ORIENTED_EDGE('',*,*,#18928,.T.);
#21347 = ORIENTED_EDGE('',*,*,#18952,.T.);
#21348 = ORIENTED_EDGE('',*,*,#18976,.T.);
#21349 = ORIENTED_EDGE('',*,*,#19000,.T.);
#21350 = ORIENTED_EDGE('',*,*,#19024,.T.);
#21351 = ORIENTED_EDGE('',*,*,#19048,.T.);
#21352 = ORIENTED_EDGE('',*,*,#19072,.T.);
#21353 = ORIENTED_EDGE('',*,*,#19096,.T.);
#21354 = ORIENTED_EDGE('',*,*,#19120,.T.);
#21355 = ORIENTED_EDGE('',*,*,#19144,.T.);
#21356 = ORIENTED_EDGE('',*,*,#19168,.T.);
#21357 = ORIENTED_EDGE('',*,*,#19192,.T.);
#21358 = ORIENTED_EDGE('',*,*,#19216,.T.);
#21359 = ORIENTED_EDGE('',*,*,#19240,.T.);
#21360 = ORIENTED_EDGE('',*,*,#19264,.T.);
#21361 = ORIENTED_EDGE('',*,*,#19288,.T.);
#21362 = ORIENTED_EDGE('',*,*,#19312,.T.);
#21363 = ORIENTED_EDGE('',*,*,#19336,.T.);
#21364 = ORIENTED_EDGE('',*,*,#19360,.T.);
#21365 = ORIENTED_EDGE('',*,*,#19384,.T.);
#21366 = ORIENTED_EDGE('',*,*,#19408,.T.);
#21367 = FACE_BOUND('',#21368,.T.);
#21368 = EDGE_LOOP('',(#21369,#21370,#21371,#21372,#21373,#21374,#21375,
    #21376,#21377,#21378,#21379,#21380,#21381,#21382,#21383,#21384,
    #21385,#21386,#21387,#21388,#21389,#21390,#21391,#21392));
#21369 = ORIENTED_EDGE('',*,*,#19432,.T.);
#21370 = ORIENTED_EDGE('',*,*,#19456,.T.);
#21371 = ORIENTED_EDGE('',*,*,#19480,.T.);
#21372 = ORIENTED_EDGE('',*,*,#19504,.T.);
#21373 = ORIENTED_EDGE('',*,*,#19528,.T.);
#21374 = ORIENTED_EDGE('',*,*,#19552,.T.);
#21375 = ORIENTED_EDGE('',*,*,#19576,.T.);
#21376 = ORIENTED_EDGE('',*,*,#19600,.T.);
#21377 = ORIENTED_EDGE('',*,*,#19624,.T.);
#21378 = ORIENTED_EDGE('',*,*,#19648,.T.);
#21379 = ORIENTED_EDGE('',*,*,#19672,.T.);
#21380 = ORIENTED_EDGE('',*,*,#19696,.T.);
#21381 = ORIENTED_EDGE('',*,*,#19720,.T.);
#21382 = ORIENTED_EDGE('',*,*,#19744,.T.);
#21383 = ORIENTED_EDGE('',*,*,#19768,.T.);
#21384 = ORIENTED_EDGE('',*,*,#19792,.T.);
#21385 = ORIENTED_EDGE('',*,*,#19816,.T.);
#21386 = ORIENTED_EDGE('',*,*,#19840,.T.);
#21387 = ORIENTED_EDGE('',*,*,#19864,.T.);
#21388 = ORIENTED_EDGE('',*,*,#19888,.T.);
#21389 = ORIENTED_EDGE('',*,*,#19912,.T.);
#21390 = ORIENTED_EDGE('',*,*,#19936,.T.);
#21391 = ORIENTED_EDGE('',*,*,#19960,.T.);
#21392 = ORIENTED_EDGE('',*,*,#19984,.T.);
#21393 = FACE_BOUND('',#21394,.T.);
#21394 = EDGE_LOOP('',(#21395,#21396,#21397,#21398,#21399,#21400,#21401,
    #21402,#21403,#21404,#21405,#21406,#21407,#21408,#21409,#21410,
    #21411,#21412,#21413,#21414,#21415,#21416,#21417,#21418));
#21395 = ORIENTED_EDGE('',*,*,#20008,.T.);
#21396 = ORIENTED_EDGE('',*,*,#20032,.T.);
#21397 = ORIENTED_EDGE('',*,*,#20056,.T.);
#21398 = ORIENTED_EDGE('',*,*,#20080,.T.);
#21399 = ORIENTED_EDGE('',*,*,#20104,.T.);
#21400 = ORIENTED_EDGE('',*,*,#20128,.T.);
#21401 = ORIENTED_EDGE('',*,*,#20152,.T.);
#21402 = ORIENTED_EDGE('',*,*,#20176,.T.);
#21403 = ORIENTED_EDGE('',*,*,#20200,.T.);
#21404 = ORIENTED_EDGE('',*,*,#20224,.T.);
#21405 = ORIENTED_EDGE('',*,*,#20248,.T.);
#21406 = ORIENTED_EDGE('',*,*,#20272,.T.);
#21407 = ORIENTED_EDGE('',*,*,#20296,.T.);
#21408 = ORIENTED_EDGE('',*,*,#20320,.T.);
#21409 = ORIENTED_EDGE('',*,*,#20344,.T.);
#21410 = ORIENTED_EDGE('',*,*,#20368,.T.);
#21411 = ORIENTED_EDGE('',*,*,#20392,.T.);
#21412 = ORIENTED_EDGE('',*,*,#20416,.T.);
#21413 = ORIENTED_EDGE('',*,*,#20440,.T.);
#21414 = ORIENTED_EDGE('',*,*,#20464,.T.);
#21415 = ORIENTED_EDGE('',*,*,#20488,.T.);
#21416 = ORIENTED_EDGE('',*,*,#20512,.T.);
#21417 = ORIENTED_EDGE('',*,*,#20536,.T.);
#21418 = ORIENTED_EDGE('',*,*,#20560,.T.);
#21419 = FACE_BOUND('',#21420,.F.);
#21420 = EDGE_LOOP('',(#21421));
#21421 = ORIENTED_EDGE('',*,*,#20584,.T.);
#21422 = FACE_BOUND('',#21423,.F.);
#21423 = EDGE_LOOP('',(#21424));
#21424 = ORIENTED_EDGE('',*,*,#20609,.T.);
#21425 = FACE_BOUND('',#21426,.F.);
#21426 = EDGE_LOOP('',(#21427));
#21427 = ORIENTED_EDGE('',*,*,#20634,.T.);
#21428 = FACE_BOUND('',#21429,.F.);
#21429 = EDGE_LOOP('',(#21430));
#21430 = ORIENTED_EDGE('',*,*,#20659,.T.);
#21431 = FACE_BOUND('',#21432,.F.);
#21432 = EDGE_LOOP('',(#21433));
#21433 = ORIENTED_EDGE('',*,*,#20684,.T.);
#21434 = FACE_BOUND('',#21435,.F.);
#21435 = EDGE_LOOP('',(#21436));
#21436 = ORIENTED_EDGE('',*,*,#20709,.T.);
#21437 = PLANE('',#21438);
#21438 = AXIS2_PLACEMENT_3D('',#21439,#21440,#21441);
#21439 = CARTESIAN_POINT('',(65.765317856145,51.448375656388,1.7));
#21440 = DIRECTION('',(0.,0.,1.));
#21441 = DIRECTION('',(1.,0.,0.));
#21442 = ADVANCED_FACE('',(#21443),#21449,.T.);
#21443 = FACE_BOUND('',#21444,.T.);
#21444 = EDGE_LOOP('',(#21445,#21446,#21447,#21448));
#21445 = ORIENTED_EDGE('',*,*,#1403,.T.);
#21446 = ORIENTED_EDGE('',*,*,#20748,.T.);
#21447 = ORIENTED_EDGE('',*,*,#21,.F.);
#21448 = ORIENTED_EDGE('',*,*,#1447,.F.);
#21449 = PLANE('',#21450);
#21450 = AXIS2_PLACEMENT_3D('',#21451,#21452,#21453);
#21451 = CARTESIAN_POINT('',(129.82877,0.62329,0.85));
#21452 = DIRECTION('',(-0.,-1.,-0.));
#21453 = DIRECTION('',(0.,0.,-1.));
#21454 = ( GEOMETRIC_REPRESENTATION_CONTEXT(3) 
GLOBAL_UNCERTAINTY_ASSIGNED_CONTEXT((#21458)) 
GLOBAL_UNIT_ASSIGNED_CONTEXT((#21455,#21456,#21457)) 
REPRESENTATION_CONTEXT('Context #1',
  '3D Context with UNIT and UNCERTAINTY') );
#21455 = ( LENGTH_UNIT() NAMED_UNIT(*) SI_UNIT(.MILLI.,.METRE.) );
#21456 = ( NAMED_UNIT(*) PLANE_ANGLE_UNIT() SI_UNIT($,.RADIAN.) );
#21457 = ( NAMED_UNIT(*) SI_UNIT($,.STERADIAN.) SOLID_ANGLE_UNIT() );
#21458 = UNCERTAINTY_MEASURE_WITH_UNIT(LENGTH_MEASURE(1.E-07),#21455,
  'distance_accuracy_value','confusion accuracy');
#21459 = PRODUCT_RELATED_PRODUCT_CATEGORY('part',$,(#7));
#21460 = MECHANICAL_DESIGN_GEOMETRIC_PRESENTATION_REPRESENTATION('',(
    #21461),#21454);
#21461 = STYLED_ITEM('color',(#21462),#15);
#21462 = PRESENTATION_STYLE_ASSIGNMENT((#21463,#21469));
#21463 = SURFACE_STYLE_USAGE(.BOTH.,#21464);
#21464 = SURFACE_SIDE_STYLE('',(#21465));
#21465 = SURFACE_STYLE_FILL_AREA(#21466);
#21466 = FILL_AREA_STYLE('',(#21467));
#21467 = FILL_AREA_STYLE_COLOUR('',#21468);
#21468 = COLOUR_RGB('',0.447058818107,0.474509808674,0.501960817233);
#21469 = CURVE_STYLE('',#21470,POSITIVE_LENGTH_MEASURE(0.1),#21471);
#21470 = DRAUGHTING_PRE_DEFINED_CURVE_FONT('continuous');
#21471 = COLOUR_RGB('',9.803921802644E-02,9.803921802644E-02,
  9.803921802644E-02);
ENDSEC;
END-ISO-10303-21;
