ISO-10303-21;
HEADER;
FILE_DESCRIPTION(('FreeCAD Model'),'2;1');
FILE_NAME('Open CASCADE Shape Model','2026-01-24T22:20:20',(''),(''),
  'Open CASCADE STEP processor 7.8','FreeCAD','Unknown');
FILE_SCHEMA(('AUTOMOTIVE_DESIGN { 1 0 10303 214 1 1 1 1 }'));
ENDSEC;
DATA;
#1 = APPLICATION_PROTOCOL_DEFINITION('international standard',
  'automotive_design',2000,#2);
#2 = APPLICATION_CONTEXT(
  'core data for automotive mechanical design processes');
#3 = SHAPE_DEFINITION_REPRESENTATION(#4,#10);
#4 = PRODUCT_DEFINITION_SHAPE('','',#5);
#5 = PRODUCT_DEFINITION('design','',#6,#9);
#6 = PRODUCT_DEFINITION_FORMATION('','',#7);
#7 = PRODUCT('TopCover_left_v3','TopCover_left_v3','',(#8));
#8 = PRODUCT_CONTEXT('',#2,'mechanical');
#9 = PRODUCT_DEFINITION_CONTEXT('part definition',#2,'design');
#10 = ADVANCED_BREP_SHAPE_REPRESENTATION('',(#11,#15),#6189);
#11 = AXIS2_PLACEMENT_3D('',#12,#13,#14);
#12 = CARTESIAN_POINT('',(0.,0.,0.));
#13 = DIRECTION('',(0.,0.,1.));
#14 = DIRECTION('',(1.,0.,-0.));
#15 = MANIFOLD_SOLID_BREP('',#16);
#16 = CLOSED_SHELL('',(#17,#91,#417,#442,#1705,#1747,#1771,#1806,#1823,
    #1881,#1905,#1970,#1987,#2012,#2029,#2062,#2079,#2104,#2121,#2145,
    #2162,#2187,#2204,#2228,#2245,#2270,#2282,#2306,#2330,#2347,#2371,
    #2396,#2420,#2444,#2468,#2492,#2517,#2534,#2559,#2584,#2609,#2634,
    #2658,#2682,#2706,#2730,#2747,#2778,#2802,#2826,#2850,#2874,#2891,
    #2922,#2946,#2970,#2987,#3012,#3043,#3067,#3091,#3108,#3139,#3163,
    #3187,#3204,#3235,#3259,#3283,#3300,#3331,#3355,#3379,#3396,#3427,
    #3451,#3475,#3492,#3523,#3547,#3571,#3588,#3619,#3643,#3667,#3691,
    #3715,#3732,#3763,#3787,#3811,#3828,#3853,#3884,#3908,#3932,#3949,
    #3980,#4004,#4028,#4045,#4070,#4101,#4125,#4149,#4166,#4197,#4221,
    #4245,#4262,#4293,#4317,#4341,#4358,#4389,#4413,#4437,#4454,#4485,
    #4509,#4533,#4550,#4581,#4605,#4629,#4646,#4677,#4701,#4725,#4742,
    #4773,#4797,#4821,#4838,#4863,#4894,#4918,#4942,#4959,#4990,#5014,
    #5038,#5062,#5086,#5103,#5134,#5158,#5182,#5199,#5230,#5254,#5278,
    #5295,#5326,#5350,#5374,#5391,#5416,#5447,#5471,#5495,#5512,#5543,
    #5567,#5591,#5608,#5633,#5664,#5688,#5712,#5729,#5760,#5784,#5808,
    #5832,#5856,#5873,#6075,#6092,#6109,#6121,#6138,#6155,#6172));
#17 = ADVANCED_FACE('',(#18),#86,.F.);
#18 = FACE_BOUND('',#19,.F.);
#19 = EDGE_LOOP('',(#20,#30,#38,#46,#55,#63,#72,#80));
#20 = ORIENTED_EDGE('',*,*,#21,.F.);
#21 = EDGE_CURVE('',#22,#24,#26,.T.);
#22 = VERTEX_POINT('',#23);
#23 = CARTESIAN_POINT('',(134.237499,98.660774,0.));
#24 = VERTEX_POINT('',#25);
#25 = CARTESIAN_POINT('',(0.,98.660774,0.));
#26 = LINE('',#27,#28);
#27 = CARTESIAN_POINT('',(134.237499,98.660774,0.));
#28 = VECTOR('',#29,1.);
#29 = DIRECTION('',(-1.,0.,0.));
#30 = ORIENTED_EDGE('',*,*,#31,.T.);
#31 = EDGE_CURVE('',#22,#32,#34,.T.);
#32 = VERTEX_POINT('',#33);
#33 = CARTESIAN_POINT('',(134.237499,98.660774,7.));
#34 = LINE('',#35,#36);
#35 = CARTESIAN_POINT('',(134.237499,98.660774,0.));
#36 = VECTOR('',#37,1.);
#37 = DIRECTION('',(0.,0.,1.));
#38 = ORIENTED_EDGE('',*,*,#39,.T.);
#39 = EDGE_CURVE('',#32,#40,#42,.T.);
#40 = VERTEX_POINT('',#41);
#41 = CARTESIAN_POINT('',(130.78123249999,98.660774,7.));
#42 = LINE('',#43,#44);
#43 = CARTESIAN_POINT('',(134.237499,98.660774,7.));
#44 = VECTOR('',#45,1.);
#45 = DIRECTION('',(-1.,0.,0.));
#46 = ORIENTED_EDGE('',*,*,#47,.T.);
#47 = EDGE_CURVE('',#40,#48,#50,.T.);
#48 = VERTEX_POINT('',#49);
#49 = CARTESIAN_POINT('',(127.78123348038,98.660774,4.));
#50 = CIRCLE('',#51,3.);
#51 = AXIS2_PLACEMENT_3D('',#52,#53,#54);
#52 = CARTESIAN_POINT('',(127.78123249999,98.660774,7.));
#53 = DIRECTION('',(0.,1.,-2.22044604925E-16));
#54 = DIRECTION('',(-1.,0.,0.));
#55 = ORIENTED_EDGE('',*,*,#56,.T.);
#56 = EDGE_CURVE('',#48,#57,#59,.T.);
#57 = VERTEX_POINT('',#58);
#58 = CARTESIAN_POINT('',(120.78123151961,98.660774,4.));
#59 = LINE('',#60,#61);
#60 = CARTESIAN_POINT('',(127.78123348038,98.660774,4.));
#61 = VECTOR('',#62,1.);
#62 = DIRECTION('',(-1.,4.507775338592E-31,2.030121533515E-15));
#63 = ORIENTED_EDGE('',*,*,#64,.T.);
#64 = EDGE_CURVE('',#57,#65,#67,.T.);
#65 = VERTEX_POINT('',#66);
#66 = CARTESIAN_POINT('',(117.7812325,98.660774,7.));
#67 = CIRCLE('',#68,3.);
#68 = AXIS2_PLACEMENT_3D('',#69,#70,#71);
#69 = CARTESIAN_POINT('',(120.7812325,98.660774,7.));
#70 = DIRECTION('',(0.,1.,-2.22044604925E-16));
#71 = DIRECTION('',(-1.,0.,0.));
#72 = ORIENTED_EDGE('',*,*,#73,.T.);
#73 = EDGE_CURVE('',#65,#74,#76,.T.);
#74 = VERTEX_POINT('',#75);
#75 = CARTESIAN_POINT('',(0.,98.660774,7.));
#76 = LINE('',#77,#78);
#77 = CARTESIAN_POINT('',(134.237499,98.660774,7.));
#78 = VECTOR('',#79,1.);
#79 = DIRECTION('',(-1.,0.,0.));
#80 = ORIENTED_EDGE('',*,*,#81,.F.);
#81 = EDGE_CURVE('',#24,#74,#82,.T.);
#82 = LINE('',#83,#84);
#83 = CARTESIAN_POINT('',(0.,98.660774,0.));
#84 = VECTOR('',#85,1.);
#85 = DIRECTION('',(0.,0.,1.));
#86 = PLANE('',#87);
#87 = AXIS2_PLACEMENT_3D('',#88,#89,#90);
#88 = CARTESIAN_POINT('',(134.237499,98.660774,0.));
#89 = DIRECTION('',(0.,-1.,0.));
#90 = DIRECTION('',(-1.,0.,0.));
#91 = ADVANCED_FACE('',(#92,#368,#379,#390,#401),#412,.F.);
#92 = FACE_BOUND('',#93,.F.);
#93 = EDGE_LOOP('',(#94,#103,#104,#113,#121,#130,#138,#146,#155,#164,
    #172,#180,#188,#196,#204,#212,#220,#229,#237,#245,#253,#262,#270,
    #278,#286,#295,#303,#312,#320,#329,#337,#346,#354,#362));
#94 = ORIENTED_EDGE('',*,*,#95,.T.);
#95 = EDGE_CURVE('',#96,#22,#98,.T.);
#96 = VERTEX_POINT('',#97);
#97 = CARTESIAN_POINT('',(140.237499,92.660775960769,0.));
#98 = CIRCLE('',#99,6.);
#99 = AXIS2_PLACEMENT_3D('',#100,#101,#102);
#100 = CARTESIAN_POINT('',(134.237499,92.660774,0.));
#101 = DIRECTION('',(0.,0.,1.));
#102 = DIRECTION('',(1.,0.,0.));
#103 = ORIENTED_EDGE('',*,*,#21,.T.);
#104 = ORIENTED_EDGE('',*,*,#105,.T.);
#105 = EDGE_CURVE('',#24,#106,#108,.T.);
#106 = VERTEX_POINT('',#107);
#107 = CARTESIAN_POINT('',(-6.,92.66077596077,0.));
#108 = CIRCLE('',#109,6.);
#109 = AXIS2_PLACEMENT_3D('',#110,#111,#112);
#110 = CARTESIAN_POINT('',(0.,92.660774,0.));
#111 = DIRECTION('',(0.,0.,1.));
#112 = DIRECTION('',(1.,0.,0.));
#113 = ORIENTED_EDGE('',*,*,#114,.T.);
#114 = EDGE_CURVE('',#106,#115,#117,.T.);
#115 = VERTEX_POINT('',#116);
#116 = CARTESIAN_POINT('',(-6.,16.410787,0.));
#117 = LINE('',#118,#119);
#118 = CARTESIAN_POINT('',(-6.,92.66077596077,0.));
#119 = VECTOR('',#120,1.);
#120 = DIRECTION('',(0.,-1.,0.));
#121 = ORIENTED_EDGE('',*,*,#122,.T.);
#122 = EDGE_CURVE('',#115,#123,#125,.T.);
#123 = VERTEX_POINT('',#124);
#124 = CARTESIAN_POINT('',(-1.E-15,10.410787,0.));
#125 = CIRCLE('',#126,6.);
#126 = AXIS2_PLACEMENT_3D('',#127,#128,#129);
#127 = CARTESIAN_POINT('',(0.,16.410787,0.));
#128 = DIRECTION('',(0.,0.,1.));
#129 = DIRECTION('',(1.,0.,0.));
#130 = ORIENTED_EDGE('',*,*,#131,.T.);
#131 = EDGE_CURVE('',#123,#132,#134,.T.);
#132 = VERTEX_POINT('',#133);
#133 = CARTESIAN_POINT('',(57.199985,10.410787,0.));
#134 = LINE('',#135,#136);
#135 = CARTESIAN_POINT('',(-1.1E-15,10.410787,0.));
#136 = VECTOR('',#137,1.);
#137 = DIRECTION('',(1.,0.,0.));
#138 = ORIENTED_EDGE('',*,*,#139,.T.);
#139 = EDGE_CURVE('',#132,#140,#142,.T.);
#140 = VERTEX_POINT('',#141);
#141 = CARTESIAN_POINT('',(73.818748,5.648287,0.));
#142 = LINE('',#143,#144);
#143 = CARTESIAN_POINT('',(57.199985,10.410787,0.));
#144 = VECTOR('',#145,1.);
#145 = DIRECTION('',(0.961305419591,-0.275484827649,0.));
#146 = ORIENTED_EDGE('',*,*,#147,.F.);
#147 = EDGE_CURVE('',#148,#140,#150,.T.);
#148 = VERTEX_POINT('',#149);
#149 = CARTESIAN_POINT('',(127.54943342609,-4.935610622979,0.));
#150 = CIRCLE('',#151,106.12792851105);
#151 = AXIS2_PLACEMENT_3D('',#152,#153,#154);
#152 = CARTESIAN_POINT('',(80.867528960507,-100.2453006104,0.));
#153 = DIRECTION('',(0.,0.,1.));
#154 = DIRECTION('',(1.,0.,0.));
#155 = ORIENTED_EDGE('',*,*,#156,.T.);
#156 = EDGE_CURVE('',#148,#157,#159,.T.);
#157 = VERTEX_POINT('',#158);
#158 = CARTESIAN_POINT('',(135.37737811386,-1.660971950406,0.));
#159 = CIRCLE('',#160,6.);
#160 = AXIS2_PLACEMENT_3D('',#161,#162,#163);
#161 = CARTESIAN_POINT('',(129.82608589862,0.615682336261,0.));
#162 = DIRECTION('',(0.,0.,1.));
#163 = DIRECTION('',(1.,0.,0.));
#164 = ORIENTED_EDGE('',*,*,#165,.F.);
#165 = EDGE_CURVE('',#166,#157,#168,.T.);
#166 = VERTEX_POINT('',#167);
#167 = CARTESIAN_POINT('',(143.58245313122,18.345916814423,0.));
#168 = LINE('',#169,#170);
#169 = CARTESIAN_POINT('',(143.58245313122,18.345916814423,0.));
#170 = VECTOR('',#171,1.);
#171 = DIRECTION('',(-0.379442381111,-0.925215369207,0.));
#172 = ORIENTED_EDGE('',*,*,#173,.F.);
#173 = EDGE_CURVE('',#174,#166,#176,.T.);
#174 = VERTEX_POINT('',#175);
#175 = CARTESIAN_POINT('',(140.237499,31.850939,0.));
#176 = LINE('',#177,#178);
#177 = CARTESIAN_POINT('',(140.237499,31.850939,0.));
#178 = VECTOR('',#179,1.);
#179 = DIRECTION('',(0.240417607222,-0.970669549403,0.));
#180 = ORIENTED_EDGE('',*,*,#181,.F.);
#181 = EDGE_CURVE('',#182,#174,#184,.T.);
#182 = VERTEX_POINT('',#183);
#183 = CARTESIAN_POINT('',(140.237499,46.8451585,-7.28732783128E-15));
#184 = LINE('',#185,#186);
#185 = CARTESIAN_POINT('',(140.237499,92.660775960769,0.));
#186 = VECTOR('',#187,1.);
#187 = DIRECTION('',(0.,-1.,0.));
#188 = ORIENTED_EDGE('',*,*,#189,.T.);
#189 = EDGE_CURVE('',#182,#190,#192,.T.);
#190 = VERTEX_POINT('',#191);
#191 = CARTESIAN_POINT('',(134.71248,46.8451585,-3.64366391564E-15));
#192 = LINE('',#193,#194);
#193 = CARTESIAN_POINT('',(140.237499,46.8451585,-7.28732783128E-15));
#194 = VECTOR('',#195,1.);
#195 = DIRECTION('',(-1.,-0.,-0.));
#196 = ORIENTED_EDGE('',*,*,#197,.T.);
#197 = EDGE_CURVE('',#190,#198,#200,.T.);
#198 = VERTEX_POINT('',#199);
#199 = CARTESIAN_POINT('',(134.71248,31.850939,0.));
#200 = LINE('',#201,#202);
#201 = CARTESIAN_POINT('',(134.71248,73.183974989821,0.));
#202 = VECTOR('',#203,1.);
#203 = DIRECTION('',(0.,-1.,0.));
#204 = ORIENTED_EDGE('',*,*,#205,.T.);
#205 = EDGE_CURVE('',#198,#206,#208,.T.);
#206 = VERTEX_POINT('',#207);
#207 = CARTESIAN_POINT('',(137.6135516358,18.345916814423,0.));
#208 = LINE('',#209,#210);
#209 = CARTESIAN_POINT('',(130.98475493098,49.204184999691,0.));
#210 = VECTOR('',#211,1.);
#211 = DIRECTION('',(0.210023152311,-0.977696412745,0.));
#212 = ORIENTED_EDGE('',*,*,#213,.T.);
#213 = EDGE_CURVE('',#206,#214,#216,.T.);
#214 = VERTEX_POINT('',#215);
#215 = CARTESIAN_POINT('',(130.23201832225,0.448263532197,0.));
#216 = LINE('',#217,#218);
#217 = CARTESIAN_POINT('',(138.75754297445,21.119698286025,0.));
#218 = VECTOR('',#219,1.);
#219 = DIRECTION('',(-0.381275804095,-0.924461335704,0.));
#220 = ORIENTED_EDGE('',*,*,#221,.F.);
#221 = EDGE_CURVE('',#222,#214,#224,.T.);
#222 = VERTEX_POINT('',#223);
#223 = CARTESIAN_POINT('',(129.65866722722,0.20974985792,0.));
#224 = CIRCLE('',#225,0.439101569694);
#225 = AXIS2_PLACEMENT_3D('',#226,#227,#228);
#226 = CARTESIAN_POINT('',(129.82608589862,0.615682336261,0.));
#227 = DIRECTION('',(0.,0.,1.));
#228 = DIRECTION('',(1.,0.,0.));
#229 = ORIENTED_EDGE('',*,*,#230,.T.);
#230 = EDGE_CURVE('',#222,#231,#233,.T.);
#231 = VERTEX_POINT('',#232);
#232 = CARTESIAN_POINT('',(112.12330604295,7.401220539073,0.));
#233 = LINE('',#234,#235);
#234 = CARTESIAN_POINT('',(93.68179772236,14.964313480825,0.));
#235 = VECTOR('',#236,1.);
#236 = DIRECTION('',(-0.925215369207,0.379442381111,0.));
#237 = ORIENTED_EDGE('',*,*,#238,.F.);
#238 = EDGE_CURVE('',#239,#231,#241,.T.);
#239 = VERTEX_POINT('',#240);
#240 = CARTESIAN_POINT('',(92.891329,11.148287,0.));
#241 = LINE('',#242,#243);
#242 = CARTESIAN_POINT('',(76.688842929714,14.3051019235,0.));
#243 = VECTOR('',#244,1.);
#244 = DIRECTION('',(0.981543455629,-0.191239234236,0.));
#245 = ORIENTED_EDGE('',*,*,#246,.F.);
#246 = EDGE_CURVE('',#247,#239,#249,.T.);
#247 = VERTEX_POINT('',#248);
#248 = CARTESIAN_POINT('',(73.818747836603,11.148287,0.));
#249 = LINE('',#250,#251);
#250 = CARTESIAN_POINT('',(70.685913690088,11.148287,0.));
#251 = VECTOR('',#252,1.);
#252 = DIRECTION('',(1.,0.,0.));
#253 = ORIENTED_EDGE('',*,*,#254,.F.);
#254 = EDGE_CURVE('',#255,#247,#257,.T.);
#255 = VERTEX_POINT('',#256);
#256 = CARTESIAN_POINT('',(73.318748,11.648287,0.));
#257 = CIRCLE('',#258,0.5);
#258 = AXIS2_PLACEMENT_3D('',#259,#260,#261);
#259 = CARTESIAN_POINT('',(73.818748,11.648287,0.));
#260 = DIRECTION('',(0.,0.,1.));
#261 = DIRECTION('',(1.,0.,0.));
#262 = ORIENTED_EDGE('',*,*,#263,.F.);
#263 = EDGE_CURVE('',#264,#255,#266,.T.);
#264 = VERTEX_POINT('',#265);
#265 = CARTESIAN_POINT('',(73.318748,30.198287,0.));
#266 = LINE('',#267,#268);
#267 = CARTESIAN_POINT('',(73.318748,41.965228408122,0.));
#268 = VECTOR('',#269,1.);
#269 = DIRECTION('',(0.,-1.,0.));
#270 = ORIENTED_EDGE('',*,*,#271,.F.);
#271 = EDGE_CURVE('',#272,#264,#274,.T.);
#272 = VERTEX_POINT('',#273);
#273 = CARTESIAN_POINT('',(57.674991,30.198287,0.));
#274 = LINE('',#275,#276);
#275 = CARTESIAN_POINT('',(62.614035271786,30.198287,0.));
#276 = VECTOR('',#277,1.);
#277 = DIRECTION('',(1.,0.,0.));
#278 = ORIENTED_EDGE('',*,*,#279,.F.);
#279 = EDGE_CURVE('',#280,#272,#282,.T.);
#280 = VERTEX_POINT('',#281);
#281 = CARTESIAN_POINT('',(57.674991,16.41078684477,0.));
#282 = LINE('',#283,#284);
#283 = CARTESIAN_POINT('',(57.674991,35.071478330508,0.));
#284 = VECTOR('',#285,1.);
#285 = DIRECTION('',(0.,1.,0.));
#286 = ORIENTED_EDGE('',*,*,#287,.F.);
#287 = EDGE_CURVE('',#288,#280,#290,.T.);
#288 = VERTEX_POINT('',#289);
#289 = CARTESIAN_POINT('',(57.199985,15.935781,0.));
#290 = CIRCLE('',#291,0.475006);
#291 = AXIS2_PLACEMENT_3D('',#292,#293,#294);
#292 = CARTESIAN_POINT('',(57.199985,16.410787,0.));
#293 = DIRECTION('',(0.,0.,1.));
#294 = DIRECTION('',(1.,0.,0.));
#295 = ORIENTED_EDGE('',*,*,#296,.F.);
#296 = EDGE_CURVE('',#297,#288,#299,.T.);
#297 = VERTEX_POINT('',#298);
#298 = CARTESIAN_POINT('',(-8.725718841711E-17,15.935781,0.));
#299 = LINE('',#300,#301);
#300 = CARTESIAN_POINT('',(33.776539771786,15.935781,0.));
#301 = VECTOR('',#302,1.);
#302 = DIRECTION('',(1.,0.,0.));
#303 = ORIENTED_EDGE('',*,*,#304,.F.);
#304 = EDGE_CURVE('',#305,#297,#307,.T.);
#305 = VERTEX_POINT('',#306);
#306 = CARTESIAN_POINT('',(-0.475006,16.410787,0.));
#307 = CIRCLE('',#308,0.475006);
#308 = AXIS2_PLACEMENT_3D('',#309,#310,#311);
#309 = CARTESIAN_POINT('',(-1.795744622574E-24,16.410787,0.));
#310 = DIRECTION('',(0.,0.,1.));
#311 = DIRECTION('',(1.,0.,0.));
#312 = ORIENTED_EDGE('',*,*,#313,.F.);
#313 = EDGE_CURVE('',#314,#305,#316,.T.);
#314 = VERTEX_POINT('',#315);
#315 = CARTESIAN_POINT('',(-0.475006,92.66077415523,0.));
#316 = LINE('',#317,#318);
#317 = CARTESIAN_POINT('',(-0.475006,73.196471985737,0.));
#318 = VECTOR('',#319,1.);
#319 = DIRECTION('',(0.,-1.,0.));
#320 = ORIENTED_EDGE('',*,*,#321,.F.);
#321 = EDGE_CURVE('',#322,#314,#324,.T.);
#322 = VERTEX_POINT('',#323);
#323 = CARTESIAN_POINT('',(2.908572887379E-17,93.13578,0.));
#324 = CIRCLE('',#325,0.475006);
#325 = AXIS2_PLACEMENT_3D('',#326,#327,#328);
#326 = CARTESIAN_POINT('',(0.,92.660774,0.));
#327 = DIRECTION('',(0.,0.,1.));
#328 = DIRECTION('',(1.,0.,0.));
#329 = ORIENTED_EDGE('',*,*,#330,.T.);
#330 = EDGE_CURVE('',#322,#331,#333,.T.);
#331 = VERTEX_POINT('',#332);
#332 = CARTESIAN_POINT('',(134.21248,93.13578,0.));
#333 = LINE('',#334,#335);
#334 = CARTESIAN_POINT('',(33.776539771786,93.13578,0.));
#335 = VECTOR('',#336,1.);
#336 = DIRECTION('',(1.,0.,0.));
#337 = ORIENTED_EDGE('',*,*,#338,.F.);
#338 = EDGE_CURVE('',#339,#331,#341,.T.);
#339 = VERTEX_POINT('',#340);
#340 = CARTESIAN_POINT('',(134.71248,92.635780163397,0.));
#341 = CIRCLE('',#342,0.5);
#342 = AXIS2_PLACEMENT_3D('',#343,#344,#345);
#343 = CARTESIAN_POINT('',(134.21248,92.63578,0.));
#344 = DIRECTION('',(0.,0.,1.));
#345 = DIRECTION('',(1.,0.,0.));
#346 = ORIENTED_EDGE('',*,*,#347,.T.);
#347 = EDGE_CURVE('',#339,#348,#350,.T.);
#348 = VERTEX_POINT('',#349);
#349 = CARTESIAN_POINT('',(134.71248,56.8451585,-3.668575832208E-15));
#350 = LINE('',#351,#352);
#351 = CARTESIAN_POINT('',(134.71248,73.183974989821,0.));
#352 = VECTOR('',#353,1.);
#353 = DIRECTION('',(0.,-1.,0.));
#354 = ORIENTED_EDGE('',*,*,#355,.F.);
#355 = EDGE_CURVE('',#356,#348,#358,.T.);
#356 = VERTEX_POINT('',#357);
#357 = CARTESIAN_POINT('',(140.237499,56.8451585,-7.337151664415E-15));
#358 = LINE('',#359,#360);
#359 = CARTESIAN_POINT('',(140.237499,56.8451585,-7.337151664415E-15));
#360 = VECTOR('',#361,1.);
#361 = DIRECTION('',(-1.,-0.,-0.));
#362 = ORIENTED_EDGE('',*,*,#363,.F.);
#363 = EDGE_CURVE('',#96,#356,#364,.T.);
#364 = LINE('',#365,#366);
#365 = CARTESIAN_POINT('',(140.237499,92.660775960769,0.));
#366 = VECTOR('',#367,1.);
#367 = DIRECTION('',(0.,-1.,0.));
#368 = FACE_BOUND('',#369,.F.);
#369 = EDGE_LOOP('',(#370));
#370 = ORIENTED_EDGE('',*,*,#371,.F.);
#371 = EDGE_CURVE('',#372,#372,#374,.T.);
#372 = VERTEX_POINT('',#373);
#373 = CARTESIAN_POINT('',(-0.921319303704,14.289465616586,0.));
#374 = CIRCLE('',#375,1.2);
#375 = AXIS2_PLACEMENT_3D('',#376,#377,#378);
#376 = CARTESIAN_POINT('',(-2.121319303704,14.289465616586,0.));
#377 = DIRECTION('',(0.,0.,1.));
#378 = DIRECTION('',(1.,0.,0.));
#379 = FACE_BOUND('',#380,.F.);
#380 = EDGE_LOOP('',(#381));
#381 = ORIENTED_EDGE('',*,*,#382,.F.);
#382 = EDGE_CURVE('',#383,#383,#385,.T.);
#383 = VERTEX_POINT('',#384);
#384 = CARTESIAN_POINT('',(132.18384524124,-2.151914690871,0.));
#385 = CIRCLE('',#386,1.2);
#386 = AXIS2_PLACEMENT_3D('',#387,#388,#389);
#387 = CARTESIAN_POINT('',(130.98384524124,-2.151914690871,0.));
#388 = DIRECTION('',(0.,0.,1.));
#389 = DIRECTION('',(1.,0.,0.));
#390 = FACE_BOUND('',#391,.F.);
#391 = EDGE_LOOP('',(#392));
#392 = ORIENTED_EDGE('',*,*,#393,.F.);
#393 = EDGE_CURVE('',#394,#394,#396,.T.);
#394 = VERTEX_POINT('',#395);
#395 = CARTESIAN_POINT('',(-0.921319650326,94.782095036793,0.));
#396 = CIRCLE('',#397,1.2);
#397 = AXIS2_PLACEMENT_3D('',#398,#399,#400);
#398 = CARTESIAN_POINT('',(-2.121319650326,94.782095036793,0.));
#399 = DIRECTION('',(0.,0.,1.));
#400 = DIRECTION('',(1.,0.,0.));
#401 = FACE_BOUND('',#402,.F.);
#402 = EDGE_LOOP('',(#403));
#403 = ORIENTED_EDGE('',*,*,#404,.F.);
#404 = EDGE_CURVE('',#405,#405,#407,.T.);
#405 = VERTEX_POINT('',#406);
#406 = CARTESIAN_POINT('',(137.55881969017,94.782093996941,0.));
#407 = CIRCLE('',#408,1.2);
#408 = AXIS2_PLACEMENT_3D('',#409,#410,#411);
#409 = CARTESIAN_POINT('',(136.35881969017,94.782093996941,0.));
#410 = DIRECTION('',(0.,0.,1.));
#411 = DIRECTION('',(1.,0.,0.));
#412 = PLANE('',#413);
#413 = AXIS2_PLACEMENT_3D('',#414,#415,#416);
#414 = CARTESIAN_POINT('',(67.553079543573,53.732169816245,0.));
#415 = DIRECTION('',(0.,0.,1.));
#416 = DIRECTION('',(1.,0.,0.));
#417 = ADVANCED_FACE('',(#418),#437,.T.);
#418 = FACE_BOUND('',#419,.F.);
#419 = EDGE_LOOP('',(#420,#421,#430,#436));
#420 = ORIENTED_EDGE('',*,*,#81,.T.);
#421 = ORIENTED_EDGE('',*,*,#422,.T.);
#422 = EDGE_CURVE('',#74,#423,#425,.T.);
#423 = VERTEX_POINT('',#424);
#424 = CARTESIAN_POINT('',(-6.,92.66077596077,7.));
#425 = CIRCLE('',#426,6.);
#426 = AXIS2_PLACEMENT_3D('',#427,#428,#429);
#427 = CARTESIAN_POINT('',(0.,92.660774,7.));
#428 = DIRECTION('',(0.,0.,1.));
#429 = DIRECTION('',(1.,0.,0.));
#430 = ORIENTED_EDGE('',*,*,#431,.F.);
#431 = EDGE_CURVE('',#106,#423,#432,.T.);
#432 = LINE('',#433,#434);
#433 = CARTESIAN_POINT('',(-6.,92.66077596077,0.));
#434 = VECTOR('',#435,1.);
#435 = DIRECTION('',(0.,0.,1.));
#436 = ORIENTED_EDGE('',*,*,#105,.F.);
#437 = CYLINDRICAL_SURFACE('',#438,6.);
#438 = AXIS2_PLACEMENT_3D('',#439,#440,#441);
#439 = CARTESIAN_POINT('',(0.,92.660774,0.));
#440 = DIRECTION('',(-0.,-0.,-1.));
#441 = DIRECTION('',(1.,0.,0.));
#442 = ADVANCED_FACE('',(#443,#584,#634,#668,#679,#713,#747,#781,#815,
    #849,#883,#933,#967,#978,#1012,#1046,#1057,#1091,#1125,#1159,#1193,
    #1227,#1261,#1295,#1329,#1340,#1374,#1424,#1458,#1492,#1526,#1537,
    #1571,#1605,#1616,#1650),#1700,.T.);
#443 = FACE_BOUND('',#444,.T.);
#444 = EDGE_LOOP('',(#445,#454,#455,#463,#471,#479,#487,#495,#503,#509,
    #510,#511,#519,#528,#536,#544,#553,#562,#570,#578));
#445 = ORIENTED_EDGE('',*,*,#446,.T.);
#446 = EDGE_CURVE('',#447,#32,#449,.T.);
#447 = VERTEX_POINT('',#448);
#448 = CARTESIAN_POINT('',(140.237499,92.660775960769,7.));
#449 = CIRCLE('',#450,6.);
#450 = AXIS2_PLACEMENT_3D('',#451,#452,#453);
#451 = CARTESIAN_POINT('',(134.237499,92.660774,7.));
#452 = DIRECTION('',(0.,0.,1.));
#453 = DIRECTION('',(1.,0.,0.));
#454 = ORIENTED_EDGE('',*,*,#39,.T.);
#455 = ORIENTED_EDGE('',*,*,#456,.T.);
#456 = EDGE_CURVE('',#40,#457,#459,.T.);
#457 = VERTEX_POINT('',#458);
#458 = CARTESIAN_POINT('',(130.78123249999,92.63578,7.));
#459 = LINE('',#460,#461);
#460 = CARTESIAN_POINT('',(130.78123249999,98.660774,7.));
#461 = VECTOR('',#462,1.);
#462 = DIRECTION('',(0.,-1.,2.22044604925E-16));
#463 = ORIENTED_EDGE('',*,*,#464,.F.);
#464 = EDGE_CURVE('',#465,#457,#467,.T.);
#465 = VERTEX_POINT('',#466);
#466 = CARTESIAN_POINT('',(134.21248,92.63578,7.));
#467 = LINE('',#468,#469);
#468 = CARTESIAN_POINT('',(134.21248,92.63578,7.));
#469 = VECTOR('',#470,1.);
#470 = DIRECTION('',(-1.,0.,0.));
#471 = ORIENTED_EDGE('',*,*,#472,.F.);
#472 = EDGE_CURVE('',#473,#465,#475,.T.);
#473 = VERTEX_POINT('',#474);
#474 = CARTESIAN_POINT('',(134.21248,56.942024,7.));
#475 = LINE('',#476,#477);
#476 = CARTESIAN_POINT('',(134.21248,56.942024,7.));
#477 = VECTOR('',#478,1.);
#478 = DIRECTION('',(0.,1.,0.));
#479 = ORIENTED_EDGE('',*,*,#480,.F.);
#480 = EDGE_CURVE('',#481,#473,#483,.T.);
#481 = VERTEX_POINT('',#482);
#482 = CARTESIAN_POINT('',(114.349985,56.942024,7.));
#483 = LINE('',#484,#485);
#484 = CARTESIAN_POINT('',(114.349985,56.942024,7.));
#485 = VECTOR('',#486,1.);
#486 = DIRECTION('',(1.,0.,0.));
#487 = ORIENTED_EDGE('',*,*,#488,.F.);
#488 = EDGE_CURVE('',#489,#481,#491,.T.);
#489 = VERTEX_POINT('',#490);
#490 = CARTESIAN_POINT('',(114.349985,92.63578,7.));
#491 = LINE('',#492,#493);
#492 = CARTESIAN_POINT('',(114.349985,92.63578,7.));
#493 = VECTOR('',#494,1.);
#494 = DIRECTION('',(0.,-1.,0.));
#495 = ORIENTED_EDGE('',*,*,#496,.F.);
#496 = EDGE_CURVE('',#497,#489,#499,.T.);
#497 = VERTEX_POINT('',#498);
#498 = CARTESIAN_POINT('',(117.7812325,92.63578,7.));
#499 = LINE('',#500,#501);
#500 = CARTESIAN_POINT('',(134.21248,92.63578,7.));
#501 = VECTOR('',#502,1.);
#502 = DIRECTION('',(-1.,0.,0.));
#503 = ORIENTED_EDGE('',*,*,#504,.F.);
#504 = EDGE_CURVE('',#65,#497,#505,.T.);
#505 = LINE('',#506,#507);
#506 = CARTESIAN_POINT('',(117.7812325,98.660774,7.));
#507 = VECTOR('',#508,1.);
#508 = DIRECTION('',(0.,-1.,2.22044604925E-16));
#509 = ORIENTED_EDGE('',*,*,#73,.T.);
#510 = ORIENTED_EDGE('',*,*,#422,.T.);
#511 = ORIENTED_EDGE('',*,*,#512,.T.);
#512 = EDGE_CURVE('',#423,#513,#515,.T.);
#513 = VERTEX_POINT('',#514);
#514 = CARTESIAN_POINT('',(-6.,16.410787,7.));
#515 = LINE('',#516,#517);
#516 = CARTESIAN_POINT('',(-6.,92.66077596077,7.));
#517 = VECTOR('',#518,1.);
#518 = DIRECTION('',(0.,-1.,0.));
#519 = ORIENTED_EDGE('',*,*,#520,.T.);
#520 = EDGE_CURVE('',#513,#521,#523,.T.);
#521 = VERTEX_POINT('',#522);
#522 = CARTESIAN_POINT('',(-1.E-15,10.410787,7.));
#523 = CIRCLE('',#524,6.);
#524 = AXIS2_PLACEMENT_3D('',#525,#526,#527);
#525 = CARTESIAN_POINT('',(0.,16.410787,7.));
#526 = DIRECTION('',(0.,0.,1.));
#527 = DIRECTION('',(1.,0.,0.));
#528 = ORIENTED_EDGE('',*,*,#529,.T.);
#529 = EDGE_CURVE('',#521,#530,#532,.T.);
#530 = VERTEX_POINT('',#531);
#531 = CARTESIAN_POINT('',(57.199985,10.410787,7.));
#532 = LINE('',#533,#534);
#533 = CARTESIAN_POINT('',(-1.1E-15,10.410787,7.));
#534 = VECTOR('',#535,1.);
#535 = DIRECTION('',(1.,0.,0.));
#536 = ORIENTED_EDGE('',*,*,#537,.T.);
#537 = EDGE_CURVE('',#530,#538,#540,.T.);
#538 = VERTEX_POINT('',#539);
#539 = CARTESIAN_POINT('',(73.818748,5.648287,7.));
#540 = LINE('',#541,#542);
#541 = CARTESIAN_POINT('',(57.199985,10.410787,7.));
#542 = VECTOR('',#543,1.);
#543 = DIRECTION('',(0.961305419591,-0.275484827649,0.));
#544 = ORIENTED_EDGE('',*,*,#545,.F.);
#545 = EDGE_CURVE('',#546,#538,#548,.T.);
#546 = VERTEX_POINT('',#547);
#547 = CARTESIAN_POINT('',(127.54943342609,-4.935610622979,7.));
#548 = CIRCLE('',#549,106.12792851105);
#549 = AXIS2_PLACEMENT_3D('',#550,#551,#552);
#550 = CARTESIAN_POINT('',(80.867528960507,-100.2453006104,7.));
#551 = DIRECTION('',(0.,0.,1.));
#552 = DIRECTION('',(1.,0.,0.));
#553 = ORIENTED_EDGE('',*,*,#554,.T.);
#554 = EDGE_CURVE('',#546,#555,#557,.T.);
#555 = VERTEX_POINT('',#556);
#556 = CARTESIAN_POINT('',(135.37737811386,-1.660971950406,7.));
#557 = CIRCLE('',#558,6.);
#558 = AXIS2_PLACEMENT_3D('',#559,#560,#561);
#559 = CARTESIAN_POINT('',(129.82608589862,0.615682336261,7.));
#560 = DIRECTION('',(0.,0.,1.));
#561 = DIRECTION('',(1.,0.,0.));
#562 = ORIENTED_EDGE('',*,*,#563,.F.);
#563 = EDGE_CURVE('',#564,#555,#566,.T.);
#564 = VERTEX_POINT('',#565);
#565 = CARTESIAN_POINT('',(143.58245313122,18.345916814423,7.));
#566 = LINE('',#567,#568);
#567 = CARTESIAN_POINT('',(143.58245313122,18.345916814423,7.));
#568 = VECTOR('',#569,1.);
#569 = DIRECTION('',(-0.379442381111,-0.925215369207,0.));
#570 = ORIENTED_EDGE('',*,*,#571,.F.);
#571 = EDGE_CURVE('',#572,#564,#574,.T.);
#572 = VERTEX_POINT('',#573);
#573 = CARTESIAN_POINT('',(140.237499,31.850939,7.));
#574 = LINE('',#575,#576);
#575 = CARTESIAN_POINT('',(140.237499,31.850939,7.));
#576 = VECTOR('',#577,1.);
#577 = DIRECTION('',(0.240417607222,-0.970669549403,0.));
#578 = ORIENTED_EDGE('',*,*,#579,.F.);
#579 = EDGE_CURVE('',#447,#572,#580,.T.);
#580 = LINE('',#581,#582);
#581 = CARTESIAN_POINT('',(140.237499,92.660775960769,7.));
#582 = VECTOR('',#583,1.);
#583 = DIRECTION('',(0.,-1.,0.));
#584 = FACE_BOUND('',#585,.T.);
#585 = EDGE_LOOP('',(#586,#596,#604,#612,#620,#628));
#586 = ORIENTED_EDGE('',*,*,#587,.F.);
#587 = EDGE_CURVE('',#588,#590,#592,.T.);
#588 = VERTEX_POINT('',#589);
#589 = CARTESIAN_POINT('',(0.130346746134,15.589465616588,7.));
#590 = VERTEX_POINT('',#591);
#591 = CARTESIAN_POINT('',(-2.121319303704,16.889465616586,7.));
#592 = LINE('',#593,#594);
#593 = CARTESIAN_POINT('',(0.130346746134,15.589465616588,7.));
#594 = VECTOR('',#595,1.);
#595 = DIRECTION('',(-0.866025403785,0.5,0.));
#596 = ORIENTED_EDGE('',*,*,#597,.F.);
#597 = EDGE_CURVE('',#598,#588,#600,.T.);
#598 = VERTEX_POINT('',#599);
#599 = CARTESIAN_POINT('',(0.130346746134,12.989465616584,7.));
#600 = LINE('',#601,#602);
#601 = CARTESIAN_POINT('',(0.130346746134,12.989465616584,7.));
#602 = VECTOR('',#603,1.);
#603 = DIRECTION('',(-9.006684287259E-14,1.,0.));
#604 = ORIENTED_EDGE('',*,*,#605,.F.);
#605 = EDGE_CURVE('',#606,#598,#608,.T.);
#606 = VERTEX_POINT('',#607);
#607 = CARTESIAN_POINT('',(-2.121319303704,11.689465616586,7.));
#608 = LINE('',#609,#610);
#609 = CARTESIAN_POINT('',(-2.121319303704,11.689465616586,7.));
#610 = VECTOR('',#611,1.);
#611 = DIRECTION('',(0.866025403785,0.5,0.));
#612 = ORIENTED_EDGE('',*,*,#613,.F.);
#613 = EDGE_CURVE('',#614,#606,#616,.T.);
#614 = VERTEX_POINT('',#615);
#615 = CARTESIAN_POINT('',(-4.372985353543,12.989465616583,7.));
#616 = LINE('',#617,#618);
#617 = CARTESIAN_POINT('',(-4.372985353543,12.989465616583,7.));
#618 = VECTOR('',#619,1.);
#619 = DIRECTION('',(0.866025403785,-0.499999999999,0.));
#620 = ORIENTED_EDGE('',*,*,#621,.F.);
#621 = EDGE_CURVE('',#622,#614,#624,.T.);
#622 = VERTEX_POINT('',#623);
#623 = CARTESIAN_POINT('',(-4.372985353546,15.589465616581,7.));
#624 = LINE('',#625,#626);
#625 = CARTESIAN_POINT('',(-4.372985353546,15.589465616581,7.));
#626 = VECTOR('',#627,1.);
#627 = DIRECTION('',(1.493164566351E-12,-1.,0.));
#628 = ORIENTED_EDGE('',*,*,#629,.F.);
#629 = EDGE_CURVE('',#590,#622,#630,.T.);
#630 = LINE('',#631,#632);
#631 = CARTESIAN_POINT('',(-2.121319303704,16.889465616586,7.));
#632 = VECTOR('',#633,1.);
#633 = DIRECTION('',(-0.866025403784,-0.500000000001,0.));
#634 = FACE_BOUND('',#635,.T.);
#635 = EDGE_LOOP('',(#636,#646,#654,#662));
#636 = ORIENTED_EDGE('',*,*,#637,.F.);
#637 = EDGE_CURVE('',#638,#640,#642,.T.);
#638 = VERTEX_POINT('',#639);
#639 = CARTESIAN_POINT('',(2.424987,33.085785,7.));
#640 = VERTEX_POINT('',#641);
#641 = CARTESIAN_POINT('',(2.424987,18.835776,7.));
#642 = LINE('',#643,#644);
#643 = CARTESIAN_POINT('',(2.424987,33.085785,7.));
#644 = VECTOR('',#645,1.);
#645 = DIRECTION('',(0.,-1.,0.));
#646 = ORIENTED_EDGE('',*,*,#647,.F.);
#647 = EDGE_CURVE('',#648,#638,#650,.T.);
#648 = VERTEX_POINT('',#649);
#649 = CARTESIAN_POINT('',(16.674996,33.085785,7.));
#650 = LINE('',#651,#652);
#651 = CARTESIAN_POINT('',(16.674996,33.085785,7.));
#652 = VECTOR('',#653,1.);
#653 = DIRECTION('',(-1.,0.,0.));
#654 = ORIENTED_EDGE('',*,*,#655,.F.);
#655 = EDGE_CURVE('',#656,#648,#658,.T.);
#656 = VERTEX_POINT('',#657);
#657 = CARTESIAN_POINT('',(16.674996,18.835776,7.));
#658 = LINE('',#659,#660);
#659 = CARTESIAN_POINT('',(16.674996,18.835776,7.));
#660 = VECTOR('',#661,1.);
#661 = DIRECTION('',(0.,1.,0.));
#662 = ORIENTED_EDGE('',*,*,#663,.F.);
#663 = EDGE_CURVE('',#640,#656,#664,.T.);
#664 = LINE('',#665,#666);
#665 = CARTESIAN_POINT('',(2.424987,18.835776,7.));
#666 = VECTOR('',#667,1.);
#667 = DIRECTION('',(1.,0.,0.));
#668 = FACE_BOUND('',#669,.T.);
#669 = EDGE_LOOP('',(#670));
#670 = ORIENTED_EDGE('',*,*,#671,.F.);
#671 = EDGE_CURVE('',#672,#672,#674,.T.);
#672 = VERTEX_POINT('',#673);
#673 = CARTESIAN_POINT('',(20.27,25.96,7.));
#674 = CIRCLE('',#675,1.2);
#675 = AXIS2_PLACEMENT_3D('',#676,#677,#678);
#676 = CARTESIAN_POINT('',(19.07,25.96,7.));
#677 = DIRECTION('',(0.,0.,1.));
#678 = DIRECTION('',(1.,0.,0.));
#679 = FACE_BOUND('',#680,.T.);
#680 = EDGE_LOOP('',(#681,#691,#699,#707));
#681 = ORIENTED_EDGE('',*,*,#682,.F.);
#682 = EDGE_CURVE('',#683,#685,#687,.T.);
#683 = VERTEX_POINT('',#684);
#684 = CARTESIAN_POINT('',(21.474987,33.085785,7.));
#685 = VERTEX_POINT('',#686);
#686 = CARTESIAN_POINT('',(21.474987,18.835776,7.));
#687 = LINE('',#688,#689);
#688 = CARTESIAN_POINT('',(21.474987,33.085785,7.));
#689 = VECTOR('',#690,1.);
#690 = DIRECTION('',(0.,-1.,0.));
#691 = ORIENTED_EDGE('',*,*,#692,.F.);
#692 = EDGE_CURVE('',#693,#683,#695,.T.);
#693 = VERTEX_POINT('',#694);
#694 = CARTESIAN_POINT('',(35.724996,33.085785,7.));
#695 = LINE('',#696,#697);
#696 = CARTESIAN_POINT('',(35.724996,33.085785,7.));
#697 = VECTOR('',#698,1.);
#698 = DIRECTION('',(-1.,0.,0.));
#699 = ORIENTED_EDGE('',*,*,#700,.F.);
#700 = EDGE_CURVE('',#701,#693,#703,.T.);
#701 = VERTEX_POINT('',#702);
#702 = CARTESIAN_POINT('',(35.724996,18.835776,7.));
#703 = LINE('',#704,#705);
#704 = CARTESIAN_POINT('',(35.724996,18.835776,7.));
#705 = VECTOR('',#706,1.);
#706 = DIRECTION('',(0.,1.,0.));
#707 = ORIENTED_EDGE('',*,*,#708,.F.);
#708 = EDGE_CURVE('',#685,#701,#709,.T.);
#709 = LINE('',#710,#711);
#710 = CARTESIAN_POINT('',(21.474987,18.835776,7.));
#711 = VECTOR('',#712,1.);
#712 = DIRECTION('',(1.,0.,0.));
#713 = FACE_BOUND('',#714,.T.);
#714 = EDGE_LOOP('',(#715,#725,#733,#741));
#715 = ORIENTED_EDGE('',*,*,#716,.F.);
#716 = EDGE_CURVE('',#717,#719,#721,.T.);
#717 = VERTEX_POINT('',#718);
#718 = CARTESIAN_POINT('',(2.424987,52.135785,7.));
#719 = VERTEX_POINT('',#720);
#720 = CARTESIAN_POINT('',(2.424987,37.885776,7.));
#721 = LINE('',#722,#723);
#722 = CARTESIAN_POINT('',(2.424987,52.135785,7.));
#723 = VECTOR('',#724,1.);
#724 = DIRECTION('',(0.,-1.,0.));
#725 = ORIENTED_EDGE('',*,*,#726,.F.);
#726 = EDGE_CURVE('',#727,#717,#729,.T.);
#727 = VERTEX_POINT('',#728);
#728 = CARTESIAN_POINT('',(16.674996,52.135785,7.));
#729 = LINE('',#730,#731);
#730 = CARTESIAN_POINT('',(16.674996,52.135785,7.));
#731 = VECTOR('',#732,1.);
#732 = DIRECTION('',(-1.,0.,0.));
#733 = ORIENTED_EDGE('',*,*,#734,.F.);
#734 = EDGE_CURVE('',#735,#727,#737,.T.);
#735 = VERTEX_POINT('',#736);
#736 = CARTESIAN_POINT('',(16.674996,37.885776,7.));
#737 = LINE('',#738,#739);
#738 = CARTESIAN_POINT('',(16.674996,37.885776,7.));
#739 = VECTOR('',#740,1.);
#740 = DIRECTION('',(0.,1.,0.));
#741 = ORIENTED_EDGE('',*,*,#742,.F.);
#742 = EDGE_CURVE('',#719,#735,#743,.T.);
#743 = LINE('',#744,#745);
#744 = CARTESIAN_POINT('',(2.424987,37.885776,7.));
#745 = VECTOR('',#746,1.);
#746 = DIRECTION('',(1.,0.,0.));
#747 = FACE_BOUND('',#748,.T.);
#748 = EDGE_LOOP('',(#749,#759,#767,#775));
#749 = ORIENTED_EDGE('',*,*,#750,.F.);
#750 = EDGE_CURVE('',#751,#753,#755,.T.);
#751 = VERTEX_POINT('',#752);
#752 = CARTESIAN_POINT('',(21.474987,52.135785,7.));
#753 = VERTEX_POINT('',#754);
#754 = CARTESIAN_POINT('',(21.474987,37.885776,7.));
#755 = LINE('',#756,#757);
#756 = CARTESIAN_POINT('',(21.474987,52.135785,7.));
#757 = VECTOR('',#758,1.);
#758 = DIRECTION('',(0.,-1.,0.));
#759 = ORIENTED_EDGE('',*,*,#760,.F.);
#760 = EDGE_CURVE('',#761,#751,#763,.T.);
#761 = VERTEX_POINT('',#762);
#762 = CARTESIAN_POINT('',(35.724996,52.135785,7.));
#763 = LINE('',#764,#765);
#764 = CARTESIAN_POINT('',(35.724996,52.135785,7.));
#765 = VECTOR('',#766,1.);
#766 = DIRECTION('',(-1.,0.,0.));
#767 = ORIENTED_EDGE('',*,*,#768,.F.);
#768 = EDGE_CURVE('',#769,#761,#771,.T.);
#769 = VERTEX_POINT('',#770);
#770 = CARTESIAN_POINT('',(35.724996,37.885776,7.));
#771 = LINE('',#772,#773);
#772 = CARTESIAN_POINT('',(35.724996,37.885776,7.));
#773 = VECTOR('',#774,1.);
#774 = DIRECTION('',(0.,1.,0.));
#775 = ORIENTED_EDGE('',*,*,#776,.F.);
#776 = EDGE_CURVE('',#753,#769,#777,.T.);
#777 = LINE('',#778,#779);
#778 = CARTESIAN_POINT('',(21.474987,37.885776,7.));
#779 = VECTOR('',#780,1.);
#780 = DIRECTION('',(1.,0.,0.));
#781 = FACE_BOUND('',#782,.T.);
#782 = EDGE_LOOP('',(#783,#793,#801,#809));
#783 = ORIENTED_EDGE('',*,*,#784,.F.);
#784 = EDGE_CURVE('',#785,#787,#789,.T.);
#785 = VERTEX_POINT('',#786);
#786 = CARTESIAN_POINT('',(40.524987,33.085785,7.));
#787 = VERTEX_POINT('',#788);
#788 = CARTESIAN_POINT('',(40.524987,18.835776,7.));
#789 = LINE('',#790,#791);
#790 = CARTESIAN_POINT('',(40.524987,33.085785,7.));
#791 = VECTOR('',#792,1.);
#792 = DIRECTION('',(0.,-1.,0.));
#793 = ORIENTED_EDGE('',*,*,#794,.F.);
#794 = EDGE_CURVE('',#795,#785,#797,.T.);
#795 = VERTEX_POINT('',#796);
#796 = CARTESIAN_POINT('',(54.774996,33.085785,7.));
#797 = LINE('',#798,#799);
#798 = CARTESIAN_POINT('',(54.774996,33.085785,7.));
#799 = VECTOR('',#800,1.);
#800 = DIRECTION('',(-1.,0.,0.));
#801 = ORIENTED_EDGE('',*,*,#802,.F.);
#802 = EDGE_CURVE('',#803,#795,#805,.T.);
#803 = VERTEX_POINT('',#804);
#804 = CARTESIAN_POINT('',(54.774996,18.835776,7.));
#805 = LINE('',#806,#807);
#806 = CARTESIAN_POINT('',(54.774996,18.835776,7.));
#807 = VECTOR('',#808,1.);
#808 = DIRECTION('',(0.,1.,0.));
#809 = ORIENTED_EDGE('',*,*,#810,.F.);
#810 = EDGE_CURVE('',#787,#803,#811,.T.);
#811 = LINE('',#812,#813);
#812 = CARTESIAN_POINT('',(40.524987,18.835776,7.));
#813 = VECTOR('',#814,1.);
#814 = DIRECTION('',(1.,0.,0.));
#815 = FACE_BOUND('',#816,.T.);
#816 = EDGE_LOOP('',(#817,#827,#835,#843));
#817 = ORIENTED_EDGE('',*,*,#818,.F.);
#818 = EDGE_CURVE('',#819,#821,#823,.T.);
#819 = VERTEX_POINT('',#820);
#820 = CARTESIAN_POINT('',(40.524987,52.135785,7.));
#821 = VERTEX_POINT('',#822);
#822 = CARTESIAN_POINT('',(40.524987,37.885776,7.));
#823 = LINE('',#824,#825);
#824 = CARTESIAN_POINT('',(40.524987,52.135785,7.));
#825 = VECTOR('',#826,1.);
#826 = DIRECTION('',(0.,-1.,0.));
#827 = ORIENTED_EDGE('',*,*,#828,.F.);
#828 = EDGE_CURVE('',#829,#819,#831,.T.);
#829 = VERTEX_POINT('',#830);
#830 = CARTESIAN_POINT('',(54.774996,52.135785,7.));
#831 = LINE('',#832,#833);
#832 = CARTESIAN_POINT('',(54.774996,52.135785,7.));
#833 = VECTOR('',#834,1.);
#834 = DIRECTION('',(-1.,0.,0.));
#835 = ORIENTED_EDGE('',*,*,#836,.F.);
#836 = EDGE_CURVE('',#837,#829,#839,.T.);
#837 = VERTEX_POINT('',#838);
#838 = CARTESIAN_POINT('',(54.774996,37.885776,7.));
#839 = LINE('',#840,#841);
#840 = CARTESIAN_POINT('',(54.774996,37.885776,7.));
#841 = VECTOR('',#842,1.);
#842 = DIRECTION('',(0.,1.,0.));
#843 = ORIENTED_EDGE('',*,*,#844,.F.);
#844 = EDGE_CURVE('',#821,#837,#845,.T.);
#845 = LINE('',#846,#847);
#846 = CARTESIAN_POINT('',(40.524987,37.885776,7.));
#847 = VECTOR('',#848,1.);
#848 = DIRECTION('',(1.,0.,0.));
#849 = FACE_BOUND('',#850,.T.);
#850 = EDGE_LOOP('',(#851,#861,#869,#877));
#851 = ORIENTED_EDGE('',*,*,#852,.F.);
#852 = EDGE_CURVE('',#853,#855,#857,.T.);
#853 = VERTEX_POINT('',#854);
#854 = CARTESIAN_POINT('',(59.574987,52.135785,7.));
#855 = VERTEX_POINT('',#856);
#856 = CARTESIAN_POINT('',(59.574987,37.885776,7.));
#857 = LINE('',#858,#859);
#858 = CARTESIAN_POINT('',(59.574987,52.135785,7.));
#859 = VECTOR('',#860,1.);
#860 = DIRECTION('',(0.,-1.,0.));
#861 = ORIENTED_EDGE('',*,*,#862,.F.);
#862 = EDGE_CURVE('',#863,#853,#865,.T.);
#863 = VERTEX_POINT('',#864);
#864 = CARTESIAN_POINT('',(73.824996,52.135785,7.));
#865 = LINE('',#866,#867);
#866 = CARTESIAN_POINT('',(73.824996,52.135785,7.));
#867 = VECTOR('',#868,1.);
#868 = DIRECTION('',(-1.,0.,0.));
#869 = ORIENTED_EDGE('',*,*,#870,.F.);
#870 = EDGE_CURVE('',#871,#863,#873,.T.);
#871 = VERTEX_POINT('',#872);
#872 = CARTESIAN_POINT('',(73.824996,37.885776,7.));
#873 = LINE('',#874,#875);
#874 = CARTESIAN_POINT('',(73.824996,37.885776,7.));
#875 = VECTOR('',#876,1.);
#876 = DIRECTION('',(0.,1.,0.));
#877 = ORIENTED_EDGE('',*,*,#878,.F.);
#878 = EDGE_CURVE('',#855,#871,#879,.T.);
#879 = LINE('',#880,#881);
#880 = CARTESIAN_POINT('',(59.574987,37.885776,7.));
#881 = VECTOR('',#882,1.);
#882 = DIRECTION('',(1.,0.,0.));
#883 = FACE_BOUND('',#884,.T.);
#884 = EDGE_LOOP('',(#885,#895,#903,#911,#919,#927));
#885 = ORIENTED_EDGE('',*,*,#886,.F.);
#886 = EDGE_CURVE('',#887,#889,#891,.T.);
#887 = VERTEX_POINT('',#888);
#888 = CARTESIAN_POINT('',(133.23551129108,-0.851914690871,7.));
#889 = VERTEX_POINT('',#890);
#890 = CARTESIAN_POINT('',(130.98384524124,0.448085309129,7.));
#891 = LINE('',#892,#893);
#892 = CARTESIAN_POINT('',(133.23551129108,-0.851914690871,7.));
#893 = VECTOR('',#894,1.);
#894 = DIRECTION('',(-0.866025403784,0.5,0.));
#895 = ORIENTED_EDGE('',*,*,#896,.F.);
#896 = EDGE_CURVE('',#897,#887,#899,.T.);
#897 = VERTEX_POINT('',#898);
#898 = CARTESIAN_POINT('',(133.23551129108,-3.451914690871,7.));
#899 = LINE('',#900,#901);
#900 = CARTESIAN_POINT('',(133.23551129108,-3.451914690871,7.));
#901 = VECTOR('',#902,1.);
#902 = DIRECTION('',(0.,1.,0.));
#903 = ORIENTED_EDGE('',*,*,#904,.F.);
#904 = EDGE_CURVE('',#905,#897,#907,.T.);
#905 = VERTEX_POINT('',#906);
#906 = CARTESIAN_POINT('',(130.98384524124,-4.751914690871,7.));
#907 = LINE('',#908,#909);
#908 = CARTESIAN_POINT('',(130.98384524124,-4.751914690871,7.));
#909 = VECTOR('',#910,1.);
#910 = DIRECTION('',(0.866025403784,0.5,0.));
#911 = ORIENTED_EDGE('',*,*,#912,.F.);
#912 = EDGE_CURVE('',#913,#905,#915,.T.);
#913 = VERTEX_POINT('',#914);
#914 = CARTESIAN_POINT('',(128.7321791914,-3.451914690871,7.));
#915 = LINE('',#916,#917);
#916 = CARTESIAN_POINT('',(128.7321791914,-3.451914690871,7.));
#917 = VECTOR('',#918,1.);
#918 = DIRECTION('',(0.866025403784,-0.5,0.));
#919 = ORIENTED_EDGE('',*,*,#920,.F.);
#920 = EDGE_CURVE('',#921,#913,#923,.T.);
#921 = VERTEX_POINT('',#922);
#922 = CARTESIAN_POINT('',(128.7321791914,-0.851914690871,7.));
#923 = LINE('',#924,#925);
#924 = CARTESIAN_POINT('',(128.7321791914,-0.851914690871,7.));
#925 = VECTOR('',#926,1.);
#926 = DIRECTION('',(0.,-1.,0.));
#927 = ORIENTED_EDGE('',*,*,#928,.F.);
#928 = EDGE_CURVE('',#889,#921,#929,.T.);
#929 = LINE('',#930,#931);
#930 = CARTESIAN_POINT('',(130.98384524124,0.448085309129,7.));
#931 = VECTOR('',#932,1.);
#932 = DIRECTION('',(-0.866025403784,-0.5,0.));
#933 = FACE_BOUND('',#934,.T.);
#934 = EDGE_LOOP('',(#935,#945,#953,#961));
#935 = ORIENTED_EDGE('',*,*,#936,.T.);
#936 = EDGE_CURVE('',#937,#939,#941,.T.);
#937 = VERTEX_POINT('',#938);
#938 = CARTESIAN_POINT('',(98.64291438379,27.551898235349,7.));
#939 = VERTEX_POINT('',#940);
#940 = CARTESIAN_POINT('',(112.63110223947,24.832857610088,7.));
#941 = LINE('',#942,#943);
#942 = CARTESIAN_POINT('',(98.64291438379,27.551898235349,7.));
#943 = VECTOR('',#944,1.);
#944 = DIRECTION('',(0.981627021176,-0.190809830192,0.));
#945 = ORIENTED_EDGE('',*,*,#946,.T.);
#946 = EDGE_CURVE('',#939,#947,#949,.T.);
#947 = VERTEX_POINT('',#948);
#948 = CARTESIAN_POINT('',(109.91206160889,10.844670759718,7.));
#949 = LINE('',#950,#951);
#950 = CARTESIAN_POINT('',(112.63110223947,24.832857610088,7.));
#951 = VECTOR('',#952,1.);
#952 = DIRECTION('',(-0.190809843765,-0.981627018537,0.));
#953 = ORIENTED_EDGE('',*,*,#954,.T.);
#954 = EDGE_CURVE('',#947,#955,#957,.T.);
#955 = VERTEX_POINT('',#956);
#956 = CARTESIAN_POINT('',(95.923874951957,13.563711347381,7.));
#957 = LINE('',#958,#959);
#958 = CARTESIAN_POINT('',(109.91206160889,10.844670759718,7.));
#959 = VECTOR('',#960,1.);
#960 = DIRECTION('',(-0.981627018607,0.190809843406,0.));
#961 = ORIENTED_EDGE('',*,*,#962,.T.);
#962 = EDGE_CURVE('',#955,#937,#963,.T.);
#963 = LINE('',#964,#965);
#964 = CARTESIAN_POINT('',(95.923874951957,13.563711347381,7.));
#965 = VECTOR('',#966,1.);
#966 = DIRECTION('',(0.190809762211,0.98162703439,0.));
#967 = FACE_BOUND('',#968,.T.);
#968 = EDGE_LOOP('',(#969));
#969 = ORIENTED_EDGE('',*,*,#970,.F.);
#970 = EDGE_CURVE('',#971,#971,#973,.T.);
#971 = VERTEX_POINT('',#972);
#972 = CARTESIAN_POINT('',(116.31,18.45,7.));
#973 = CIRCLE('',#974,1.2);
#974 = AXIS2_PLACEMENT_3D('',#975,#976,#977);
#975 = CARTESIAN_POINT('',(115.11,18.45,7.));
#976 = DIRECTION('',(0.,0.,1.));
#977 = DIRECTION('',(1.,0.,0.));
#978 = FACE_BOUND('',#979,.T.);
#979 = EDGE_LOOP('',(#980,#990,#998,#1006));
#980 = ORIENTED_EDGE('',*,*,#981,.T.);
#981 = EDGE_CURVE('',#982,#984,#986,.T.);
#982 = VERTEX_POINT('',#983);
#983 = CARTESIAN_POINT('',(120.65038629435,22.413546096266,7.));
#984 = VERTEX_POINT('',#985);
#985 = CARTESIAN_POINT('',(133.86275058392,17.075396912643,7.));
#986 = LINE('',#987,#988);
#987 = CARTESIAN_POINT('',(120.65038629435,22.413546096266,7.));
#988 = VECTOR('',#989,1.);
#989 = DIRECTION('',(0.927183671631,-0.374607046196,0.));
#990 = ORIENTED_EDGE('',*,*,#991,.T.);
#991 = EDGE_CURVE('',#984,#992,#994,.T.);
#992 = VERTEX_POINT('',#993);
#993 = CARTESIAN_POINT('',(128.52460966072,3.863027935347,7.));
#994 = LINE('',#995,#996);
#995 = CARTESIAN_POINT('',(133.86275058392,17.075396912643,7.));
#996 = VECTOR('',#997,1.);
#997 = DIRECTION('',(-0.374606433606,-0.927183919134,0.));
#998 = ORIENTED_EDGE('',*,*,#999,.T.);
#999 = EDGE_CURVE('',#992,#1000,#1002,.T.);
#1000 = VERTEX_POINT('',#1001);
#1001 = CARTESIAN_POINT('',(115.31224461175,9.20117772767,7.));
#1002 = LINE('',#1003,#1004);
#1003 = CARTESIAN_POINT('',(128.52460966072,3.863027935347,7.));
#1004 = VECTOR('',#1005,1.);
#1005 = DIRECTION('',(-0.927183664273,0.374607064408,0.));
#1006 = ORIENTED_EDGE('',*,*,#1007,.T.);
#1007 = EDGE_CURVE('',#1000,#982,#1008,.T.);
#1008 = LINE('',#1009,#1010);
#1009 = CARTESIAN_POINT('',(115.31224461175,9.20117772767,7.));
#1010 = VECTOR('',#1011,1.);
#1011 = DIRECTION('',(0.374606494254,0.927183894631,0.));
#1012 = FACE_BOUND('',#1013,.T.);
#1013 = EDGE_LOOP('',(#1014,#1024,#1032,#1040));
#1014 = ORIENTED_EDGE('',*,*,#1015,.F.);
#1015 = EDGE_CURVE('',#1016,#1018,#1020,.T.);
#1016 = VERTEX_POINT('',#1017);
#1017 = CARTESIAN_POINT('',(76.243788,28.323285,7.));
#1018 = VERTEX_POINT('',#1019);
#1019 = CARTESIAN_POINT('',(76.243788,14.073276,7.));
#1020 = LINE('',#1021,#1022);
#1021 = CARTESIAN_POINT('',(76.243788,28.323285,7.));
#1022 = VECTOR('',#1023,1.);
#1023 = DIRECTION('',(0.,-1.,0.));
#1024 = ORIENTED_EDGE('',*,*,#1025,.F.);
#1025 = EDGE_CURVE('',#1026,#1016,#1028,.T.);
#1026 = VERTEX_POINT('',#1027);
#1027 = CARTESIAN_POINT('',(90.493797,28.323285,7.));
#1028 = LINE('',#1029,#1030);
#1029 = CARTESIAN_POINT('',(90.493797,28.323285,7.));
#1030 = VECTOR('',#1031,1.);
#1031 = DIRECTION('',(-1.,0.,0.));
#1032 = ORIENTED_EDGE('',*,*,#1033,.F.);
#1033 = EDGE_CURVE('',#1034,#1026,#1036,.T.);
#1034 = VERTEX_POINT('',#1035);
#1035 = CARTESIAN_POINT('',(90.493797,14.073276,7.));
#1036 = LINE('',#1037,#1038);
#1037 = CARTESIAN_POINT('',(90.493797,14.073276,7.));
#1038 = VECTOR('',#1039,1.);
#1039 = DIRECTION('',(0.,1.,0.));
#1040 = ORIENTED_EDGE('',*,*,#1041,.F.);
#1041 = EDGE_CURVE('',#1018,#1034,#1042,.T.);
#1042 = LINE('',#1043,#1044);
#1043 = CARTESIAN_POINT('',(76.243788,14.073276,7.));
#1044 = VECTOR('',#1045,1.);
#1045 = DIRECTION('',(1.,0.,0.));
#1046 = FACE_BOUND('',#1047,.T.);
#1047 = EDGE_LOOP('',(#1048));
#1048 = ORIENTED_EDGE('',*,*,#1049,.F.);
#1049 = EDGE_CURVE('',#1050,#1050,#1052,.T.);
#1050 = VERTEX_POINT('',#1051);
#1051 = CARTESIAN_POINT('',(96.48,33.1,7.));
#1052 = CIRCLE('',#1053,1.2);
#1053 = AXIS2_PLACEMENT_3D('',#1054,#1055,#1056);
#1054 = CARTESIAN_POINT('',(95.28,33.1,7.));
#1055 = DIRECTION('',(0.,0.,1.));
#1056 = DIRECTION('',(1.,0.,0.));
#1057 = FACE_BOUND('',#1058,.T.);
#1058 = EDGE_LOOP('',(#1059,#1069,#1077,#1085));
#1059 = ORIENTED_EDGE('',*,*,#1060,.F.);
#1060 = EDGE_CURVE('',#1061,#1063,#1065,.T.);
#1061 = VERTEX_POINT('',#1062);
#1062 = CARTESIAN_POINT('',(78.624987,52.135785,7.));
#1063 = VERTEX_POINT('',#1064);
#1064 = CARTESIAN_POINT('',(78.624987,37.885776,7.));
#1065 = LINE('',#1066,#1067);
#1066 = CARTESIAN_POINT('',(78.624987,52.135785,7.));
#1067 = VECTOR('',#1068,1.);
#1068 = DIRECTION('',(0.,-1.,0.));
#1069 = ORIENTED_EDGE('',*,*,#1070,.F.);
#1070 = EDGE_CURVE('',#1071,#1061,#1073,.T.);
#1071 = VERTEX_POINT('',#1072);
#1072 = CARTESIAN_POINT('',(92.874996,52.135785,7.));
#1073 = LINE('',#1074,#1075);
#1074 = CARTESIAN_POINT('',(92.874996,52.135785,7.));
#1075 = VECTOR('',#1076,1.);
#1076 = DIRECTION('',(-1.,0.,0.));
#1077 = ORIENTED_EDGE('',*,*,#1078,.F.);
#1078 = EDGE_CURVE('',#1079,#1071,#1081,.T.);
#1079 = VERTEX_POINT('',#1080);
#1080 = CARTESIAN_POINT('',(92.874996,37.885776,7.));
#1081 = LINE('',#1082,#1083);
#1082 = CARTESIAN_POINT('',(92.874996,37.885776,7.));
#1083 = VECTOR('',#1084,1.);
#1084 = DIRECTION('',(0.,1.,0.));
#1085 = ORIENTED_EDGE('',*,*,#1086,.F.);
#1086 = EDGE_CURVE('',#1063,#1079,#1087,.T.);
#1087 = LINE('',#1088,#1089);
#1088 = CARTESIAN_POINT('',(78.624987,37.885776,7.));
#1089 = VECTOR('',#1090,1.);
#1090 = DIRECTION('',(1.,0.,0.));
#1091 = FACE_BOUND('',#1092,.T.);
#1092 = EDGE_LOOP('',(#1093,#1103,#1111,#1119));
#1093 = ORIENTED_EDGE('',*,*,#1094,.F.);
#1094 = EDGE_CURVE('',#1095,#1097,#1099,.T.);
#1095 = VERTEX_POINT('',#1096);
#1096 = CARTESIAN_POINT('',(97.674987,52.135785,7.));
#1097 = VERTEX_POINT('',#1098);
#1098 = CARTESIAN_POINT('',(97.674987,37.885776,7.));
#1099 = LINE('',#1100,#1101);
#1100 = CARTESIAN_POINT('',(97.674987,52.135785,7.));
#1101 = VECTOR('',#1102,1.);
#1102 = DIRECTION('',(0.,-1.,0.));
#1103 = ORIENTED_EDGE('',*,*,#1104,.F.);
#1104 = EDGE_CURVE('',#1105,#1095,#1107,.T.);
#1105 = VERTEX_POINT('',#1106);
#1106 = CARTESIAN_POINT('',(111.924996,52.135785,7.));
#1107 = LINE('',#1108,#1109);
#1108 = CARTESIAN_POINT('',(111.924996,52.135785,7.));
#1109 = VECTOR('',#1110,1.);
#1110 = DIRECTION('',(-1.,0.,0.));
#1111 = ORIENTED_EDGE('',*,*,#1112,.F.);
#1112 = EDGE_CURVE('',#1113,#1105,#1115,.T.);
#1113 = VERTEX_POINT('',#1114);
#1114 = CARTESIAN_POINT('',(111.924996,37.885776,7.));
#1115 = LINE('',#1116,#1117);
#1116 = CARTESIAN_POINT('',(111.924996,37.885776,7.));
#1117 = VECTOR('',#1118,1.);
#1118 = DIRECTION('',(0.,1.,0.));
#1119 = ORIENTED_EDGE('',*,*,#1120,.F.);
#1120 = EDGE_CURVE('',#1097,#1113,#1121,.T.);
#1121 = LINE('',#1122,#1123);
#1122 = CARTESIAN_POINT('',(97.674987,37.885776,7.));
#1123 = VECTOR('',#1124,1.);
#1124 = DIRECTION('',(1.,0.,0.));
#1125 = FACE_BOUND('',#1126,.T.);
#1126 = EDGE_LOOP('',(#1127,#1137,#1145,#1153));
#1127 = ORIENTED_EDGE('',*,*,#1128,.F.);
#1128 = EDGE_CURVE('',#1129,#1131,#1133,.T.);
#1129 = VERTEX_POINT('',#1130);
#1130 = CARTESIAN_POINT('',(116.393796,46.748293,7.));
#1131 = VERTEX_POINT('',#1132);
#1132 = CARTESIAN_POINT('',(116.393796,31.698285,7.));
#1133 = LINE('',#1134,#1135);
#1134 = CARTESIAN_POINT('',(116.393796,46.748293,7.));
#1135 = VECTOR('',#1136,1.);
#1136 = DIRECTION('',(0.,-1.,0.));
#1137 = ORIENTED_EDGE('',*,*,#1138,.F.);
#1138 = EDGE_CURVE('',#1139,#1129,#1141,.T.);
#1139 = VERTEX_POINT('',#1140);
#1140 = CARTESIAN_POINT('',(132.243803,46.748293,7.));
#1141 = LINE('',#1142,#1143);
#1142 = CARTESIAN_POINT('',(132.243803,46.748293,7.));
#1143 = VECTOR('',#1144,1.);
#1144 = DIRECTION('',(-1.,0.,0.));
#1145 = ORIENTED_EDGE('',*,*,#1146,.F.);
#1146 = EDGE_CURVE('',#1147,#1139,#1149,.T.);
#1147 = VERTEX_POINT('',#1148);
#1148 = CARTESIAN_POINT('',(132.243803,31.698285,7.));
#1149 = LINE('',#1150,#1151);
#1150 = CARTESIAN_POINT('',(132.243803,31.698285,7.));
#1151 = VECTOR('',#1152,1.);
#1152 = DIRECTION('',(0.,1.,0.));
#1153 = ORIENTED_EDGE('',*,*,#1154,.F.);
#1154 = EDGE_CURVE('',#1131,#1147,#1155,.T.);
#1155 = LINE('',#1156,#1157);
#1156 = CARTESIAN_POINT('',(116.393796,31.698285,7.));
#1157 = VECTOR('',#1158,1.);
#1158 = DIRECTION('',(1.,0.,0.));
#1159 = FACE_BOUND('',#1160,.T.);
#1160 = EDGE_LOOP('',(#1161,#1171,#1179,#1187));
#1161 = ORIENTED_EDGE('',*,*,#1162,.F.);
#1162 = EDGE_CURVE('',#1163,#1165,#1167,.T.);
#1163 = VERTEX_POINT('',#1164);
#1164 = CARTESIAN_POINT('',(2.424987,71.185785,7.));
#1165 = VERTEX_POINT('',#1166);
#1166 = CARTESIAN_POINT('',(2.424987,56.935776,7.));
#1167 = LINE('',#1168,#1169);
#1168 = CARTESIAN_POINT('',(2.424987,71.185785,7.));
#1169 = VECTOR('',#1170,1.);
#1170 = DIRECTION('',(0.,-1.,0.));
#1171 = ORIENTED_EDGE('',*,*,#1172,.F.);
#1172 = EDGE_CURVE('',#1173,#1163,#1175,.T.);
#1173 = VERTEX_POINT('',#1174);
#1174 = CARTESIAN_POINT('',(16.674996,71.185785,7.));
#1175 = LINE('',#1176,#1177);
#1176 = CARTESIAN_POINT('',(16.674996,71.185785,7.));
#1177 = VECTOR('',#1178,1.);
#1178 = DIRECTION('',(-1.,0.,0.));
#1179 = ORIENTED_EDGE('',*,*,#1180,.F.);
#1180 = EDGE_CURVE('',#1181,#1173,#1183,.T.);
#1181 = VERTEX_POINT('',#1182);
#1182 = CARTESIAN_POINT('',(16.674996,56.935776,7.));
#1183 = LINE('',#1184,#1185);
#1184 = CARTESIAN_POINT('',(16.674996,56.935776,7.));
#1185 = VECTOR('',#1186,1.);
#1186 = DIRECTION('',(0.,1.,0.));
#1187 = ORIENTED_EDGE('',*,*,#1188,.F.);
#1188 = EDGE_CURVE('',#1165,#1181,#1189,.T.);
#1189 = LINE('',#1190,#1191);
#1190 = CARTESIAN_POINT('',(2.424987,56.935776,7.));
#1191 = VECTOR('',#1192,1.);
#1192 = DIRECTION('',(1.,0.,0.));
#1193 = FACE_BOUND('',#1194,.T.);
#1194 = EDGE_LOOP('',(#1195,#1205,#1213,#1221));
#1195 = ORIENTED_EDGE('',*,*,#1196,.F.);
#1196 = EDGE_CURVE('',#1197,#1199,#1201,.T.);
#1197 = VERTEX_POINT('',#1198);
#1198 = CARTESIAN_POINT('',(21.474987,71.185785,7.));
#1199 = VERTEX_POINT('',#1200);
#1200 = CARTESIAN_POINT('',(21.474987,56.935776,7.));
#1201 = LINE('',#1202,#1203);
#1202 = CARTESIAN_POINT('',(21.474987,71.185785,7.));
#1203 = VECTOR('',#1204,1.);
#1204 = DIRECTION('',(0.,-1.,0.));
#1205 = ORIENTED_EDGE('',*,*,#1206,.F.);
#1206 = EDGE_CURVE('',#1207,#1197,#1209,.T.);
#1207 = VERTEX_POINT('',#1208);
#1208 = CARTESIAN_POINT('',(35.724996,71.185785,7.));
#1209 = LINE('',#1210,#1211);
#1210 = CARTESIAN_POINT('',(35.724996,71.185785,7.));
#1211 = VECTOR('',#1212,1.);
#1212 = DIRECTION('',(-1.,0.,0.));
#1213 = ORIENTED_EDGE('',*,*,#1214,.F.);
#1214 = EDGE_CURVE('',#1215,#1207,#1217,.T.);
#1215 = VERTEX_POINT('',#1216);
#1216 = CARTESIAN_POINT('',(35.724996,56.935776,7.));
#1217 = LINE('',#1218,#1219);
#1218 = CARTESIAN_POINT('',(35.724996,56.935776,7.));
#1219 = VECTOR('',#1220,1.);
#1220 = DIRECTION('',(0.,1.,0.));
#1221 = ORIENTED_EDGE('',*,*,#1222,.F.);
#1222 = EDGE_CURVE('',#1199,#1215,#1223,.T.);
#1223 = LINE('',#1224,#1225);
#1224 = CARTESIAN_POINT('',(21.474987,56.935776,7.));
#1225 = VECTOR('',#1226,1.);
#1226 = DIRECTION('',(1.,0.,0.));
#1227 = FACE_BOUND('',#1228,.T.);
#1228 = EDGE_LOOP('',(#1229,#1239,#1247,#1255));
#1229 = ORIENTED_EDGE('',*,*,#1230,.F.);
#1230 = EDGE_CURVE('',#1231,#1233,#1235,.T.);
#1231 = VERTEX_POINT('',#1232);
#1232 = CARTESIAN_POINT('',(40.524987,71.185785,7.));
#1233 = VERTEX_POINT('',#1234);
#1234 = CARTESIAN_POINT('',(40.524987,56.935776,7.));
#1235 = LINE('',#1236,#1237);
#1236 = CARTESIAN_POINT('',(40.524987,71.185785,7.));
#1237 = VECTOR('',#1238,1.);
#1238 = DIRECTION('',(0.,-1.,0.));
#1239 = ORIENTED_EDGE('',*,*,#1240,.F.);
#1240 = EDGE_CURVE('',#1241,#1231,#1243,.T.);
#1241 = VERTEX_POINT('',#1242);
#1242 = CARTESIAN_POINT('',(54.774996,71.185785,7.));
#1243 = LINE('',#1244,#1245);
#1244 = CARTESIAN_POINT('',(54.774996,71.185785,7.));
#1245 = VECTOR('',#1246,1.);
#1246 = DIRECTION('',(-1.,0.,0.));
#1247 = ORIENTED_EDGE('',*,*,#1248,.F.);
#1248 = EDGE_CURVE('',#1249,#1241,#1251,.T.);
#1249 = VERTEX_POINT('',#1250);
#1250 = CARTESIAN_POINT('',(54.774996,56.935776,7.));
#1251 = LINE('',#1252,#1253);
#1252 = CARTESIAN_POINT('',(54.774996,56.935776,7.));
#1253 = VECTOR('',#1254,1.);
#1254 = DIRECTION('',(0.,1.,0.));
#1255 = ORIENTED_EDGE('',*,*,#1256,.F.);
#1256 = EDGE_CURVE('',#1233,#1249,#1257,.T.);
#1257 = LINE('',#1258,#1259);
#1258 = CARTESIAN_POINT('',(40.524987,56.935776,7.));
#1259 = VECTOR('',#1260,1.);
#1260 = DIRECTION('',(1.,0.,0.));
#1261 = FACE_BOUND('',#1262,.T.);
#1262 = EDGE_LOOP('',(#1263,#1273,#1281,#1289));
#1263 = ORIENTED_EDGE('',*,*,#1264,.F.);
#1264 = EDGE_CURVE('',#1265,#1267,#1269,.T.);
#1265 = VERTEX_POINT('',#1266);
#1266 = CARTESIAN_POINT('',(59.574987,71.185785,7.));
#1267 = VERTEX_POINT('',#1268);
#1268 = CARTESIAN_POINT('',(59.574987,56.935776,7.));
#1269 = LINE('',#1270,#1271);
#1270 = CARTESIAN_POINT('',(59.574987,71.185785,7.));
#1271 = VECTOR('',#1272,1.);
#1272 = DIRECTION('',(0.,-1.,0.));
#1273 = ORIENTED_EDGE('',*,*,#1274,.F.);
#1274 = EDGE_CURVE('',#1275,#1265,#1277,.T.);
#1275 = VERTEX_POINT('',#1276);
#1276 = CARTESIAN_POINT('',(73.824996,71.185785,7.));
#1277 = LINE('',#1278,#1279);
#1278 = CARTESIAN_POINT('',(73.824996,71.185785,7.));
#1279 = VECTOR('',#1280,1.);
#1280 = DIRECTION('',(-1.,0.,0.));
#1281 = ORIENTED_EDGE('',*,*,#1282,.F.);
#1282 = EDGE_CURVE('',#1283,#1275,#1285,.T.);
#1283 = VERTEX_POINT('',#1284);
#1284 = CARTESIAN_POINT('',(73.824996,56.935776,7.));
#1285 = LINE('',#1286,#1287);
#1286 = CARTESIAN_POINT('',(73.824996,56.935776,7.));
#1287 = VECTOR('',#1288,1.);
#1288 = DIRECTION('',(0.,1.,0.));
#1289 = ORIENTED_EDGE('',*,*,#1290,.F.);
#1290 = EDGE_CURVE('',#1267,#1283,#1291,.T.);
#1291 = LINE('',#1292,#1293);
#1292 = CARTESIAN_POINT('',(59.574987,56.935776,7.));
#1293 = VECTOR('',#1294,1.);
#1294 = DIRECTION('',(1.,0.,0.));
#1295 = FACE_BOUND('',#1296,.T.);
#1296 = EDGE_LOOP('',(#1297,#1307,#1315,#1323));
#1297 = ORIENTED_EDGE('',*,*,#1298,.F.);
#1298 = EDGE_CURVE('',#1299,#1301,#1303,.T.);
#1299 = VERTEX_POINT('',#1300);
#1300 = CARTESIAN_POINT('',(2.424987,90.235785,7.));
#1301 = VERTEX_POINT('',#1302);
#1302 = CARTESIAN_POINT('',(2.424987,75.985776,7.));
#1303 = LINE('',#1304,#1305);
#1304 = CARTESIAN_POINT('',(2.424987,90.235785,7.));
#1305 = VECTOR('',#1306,1.);
#1306 = DIRECTION('',(0.,-1.,0.));
#1307 = ORIENTED_EDGE('',*,*,#1308,.F.);
#1308 = EDGE_CURVE('',#1309,#1299,#1311,.T.);
#1309 = VERTEX_POINT('',#1310);
#1310 = CARTESIAN_POINT('',(16.674996,90.235785,7.));
#1311 = LINE('',#1312,#1313);
#1312 = CARTESIAN_POINT('',(16.674996,90.235785,7.));
#1313 = VECTOR('',#1314,1.);
#1314 = DIRECTION('',(-1.,0.,0.));
#1315 = ORIENTED_EDGE('',*,*,#1316,.F.);
#1316 = EDGE_CURVE('',#1317,#1309,#1319,.T.);
#1317 = VERTEX_POINT('',#1318);
#1318 = CARTESIAN_POINT('',(16.674996,75.985776,7.));
#1319 = LINE('',#1320,#1321);
#1320 = CARTESIAN_POINT('',(16.674996,75.985776,7.));
#1321 = VECTOR('',#1322,1.);
#1322 = DIRECTION('',(0.,1.,0.));
#1323 = ORIENTED_EDGE('',*,*,#1324,.F.);
#1324 = EDGE_CURVE('',#1301,#1317,#1325,.T.);
#1325 = LINE('',#1326,#1327);
#1326 = CARTESIAN_POINT('',(2.424987,75.985776,7.));
#1327 = VECTOR('',#1328,1.);
#1328 = DIRECTION('',(1.,0.,0.));
#1329 = FACE_BOUND('',#1330,.T.);
#1330 = EDGE_LOOP('',(#1331));
#1331 = ORIENTED_EDGE('',*,*,#1332,.F.);
#1332 = EDGE_CURVE('',#1333,#1333,#1335,.T.);
#1333 = VERTEX_POINT('',#1334);
#1334 = CARTESIAN_POINT('',(20.28,83.11,7.));
#1335 = CIRCLE('',#1336,1.2);
#1336 = AXIS2_PLACEMENT_3D('',#1337,#1338,#1339);
#1337 = CARTESIAN_POINT('',(19.08,83.11,7.));
#1338 = DIRECTION('',(0.,0.,1.));
#1339 = DIRECTION('',(1.,0.,0.));
#1340 = FACE_BOUND('',#1341,.T.);
#1341 = EDGE_LOOP('',(#1342,#1352,#1360,#1368));
#1342 = ORIENTED_EDGE('',*,*,#1343,.F.);
#1343 = EDGE_CURVE('',#1344,#1346,#1348,.T.);
#1344 = VERTEX_POINT('',#1345);
#1345 = CARTESIAN_POINT('',(21.474987,90.235785,7.));
#1346 = VERTEX_POINT('',#1347);
#1347 = CARTESIAN_POINT('',(21.474987,75.985776,7.));
#1348 = LINE('',#1349,#1350);
#1349 = CARTESIAN_POINT('',(21.474987,90.235785,7.));
#1350 = VECTOR('',#1351,1.);
#1351 = DIRECTION('',(0.,-1.,0.));
#1352 = ORIENTED_EDGE('',*,*,#1353,.F.);
#1353 = EDGE_CURVE('',#1354,#1344,#1356,.T.);
#1354 = VERTEX_POINT('',#1355);
#1355 = CARTESIAN_POINT('',(35.724996,90.235785,7.));
#1356 = LINE('',#1357,#1358);
#1357 = CARTESIAN_POINT('',(35.724996,90.235785,7.));
#1358 = VECTOR('',#1359,1.);
#1359 = DIRECTION('',(-1.,0.,0.));
#1360 = ORIENTED_EDGE('',*,*,#1361,.F.);
#1361 = EDGE_CURVE('',#1362,#1354,#1364,.T.);
#1362 = VERTEX_POINT('',#1363);
#1363 = CARTESIAN_POINT('',(35.724996,75.985776,7.));
#1364 = LINE('',#1365,#1366);
#1365 = CARTESIAN_POINT('',(35.724996,75.985776,7.));
#1366 = VECTOR('',#1367,1.);
#1367 = DIRECTION('',(0.,1.,0.));
#1368 = ORIENTED_EDGE('',*,*,#1369,.F.);
#1369 = EDGE_CURVE('',#1346,#1362,#1370,.T.);
#1370 = LINE('',#1371,#1372);
#1371 = CARTESIAN_POINT('',(21.474987,75.985776,7.));
#1372 = VECTOR('',#1373,1.);
#1373 = DIRECTION('',(1.,0.,0.));
#1374 = FACE_BOUND('',#1375,.T.);
#1375 = EDGE_LOOP('',(#1376,#1386,#1394,#1402,#1410,#1418));
#1376 = ORIENTED_EDGE('',*,*,#1377,.F.);
#1377 = EDGE_CURVE('',#1378,#1380,#1382,.T.);
#1378 = VERTEX_POINT('',#1379);
#1379 = CARTESIAN_POINT('',(-7.010929916626E-18,96.104971804104,7.));
#1380 = VERTEX_POINT('',#1381);
#1381 = CARTESIAN_POINT('',(-2.20630471173,97.280650127178,7.));
#1382 = LINE('',#1383,#1384);
#1383 = CARTESIAN_POINT('',(-7.010929916626E-18,96.104971804104,7.));
#1384 = VECTOR('',#1385,1.);
#1385 = DIRECTION('',(-0.882521884667,0.470271329217,0.));
#1386 = ORIENTED_EDGE('',*,*,#1387,.F.);
#1387 = EDGE_CURVE('',#1388,#1378,#1390,.T.);
#1388 = VERTEX_POINT('',#1389);
#1389 = CARTESIAN_POINT('',(8.498506140396E-02,93.606416713719,7.));
#1390 = LINE('',#1391,#1392);
#1391 = CARTESIAN_POINT('',(8.498506140396E-02,93.606416713719,7.));
#1392 = VECTOR('',#1393,1.);
#1393 = DIRECTION('',(-3.399402456064E-02,0.999422036126,0.));
#1394 = ORIENTED_EDGE('',*,*,#1395,.F.);
#1395 = EDGE_CURVE('',#1396,#1388,#1398,.T.);
#1396 = VERTEX_POINT('',#1397);
#1397 = CARTESIAN_POINT('',(-2.036334588922,92.283539946409,7.));
#1398 = LINE('',#1399,#1400);
#1399 = CARTESIAN_POINT('',(-2.036334588922,92.283539946409,7.));
#1400 = VECTOR('',#1401,1.);
#1401 = DIRECTION('',(0.848527860107,0.529150706909,0.));
#1402 = ORIENTED_EDGE('',*,*,#1403,.F.);
#1403 = EDGE_CURVE('',#1404,#1396,#1406,.T.);
#1404 = VERTEX_POINT('',#1405);
#1405 = CARTESIAN_POINT('',(-4.242639300651,93.459218269483,7.));
#1406 = LINE('',#1407,#1408);
#1407 = CARTESIAN_POINT('',(-4.242639300651,93.459218269483,7.));
#1408 = VECTOR('',#1409,1.);
#1409 = DIRECTION('',(0.882521884667,-0.470271329217,0.));
#1410 = ORIENTED_EDGE('',*,*,#1411,.F.);
#1411 = EDGE_CURVE('',#1412,#1404,#1414,.T.);
#1412 = VERTEX_POINT('',#1413);
#1413 = CARTESIAN_POINT('',(-4.327624362055,95.957773359868,7.));
#1414 = LINE('',#1415,#1416);
#1415 = CARTESIAN_POINT('',(-4.327624362055,95.957773359868,7.));
#1416 = VECTOR('',#1417,1.);
#1417 = DIRECTION('',(3.399402456064E-02,-0.999422036126,0.));
#1418 = ORIENTED_EDGE('',*,*,#1419,.F.);
#1419 = EDGE_CURVE('',#1380,#1412,#1420,.T.);
#1420 = LINE('',#1421,#1422);
#1421 = CARTESIAN_POINT('',(-2.20630471173,97.280650127178,7.));
#1422 = VECTOR('',#1423,1.);
#1423 = DIRECTION('',(-0.848527860107,-0.529150706909,0.));
#1424 = FACE_BOUND('',#1425,.T.);
#1425 = EDGE_LOOP('',(#1426,#1436,#1444,#1452));
#1426 = ORIENTED_EDGE('',*,*,#1427,.F.);
#1427 = EDGE_CURVE('',#1428,#1430,#1432,.T.);
#1428 = VERTEX_POINT('',#1429);
#1429 = CARTESIAN_POINT('',(40.524987,90.235785,7.));
#1430 = VERTEX_POINT('',#1431);
#1431 = CARTESIAN_POINT('',(40.524987,75.985776,7.));
#1432 = LINE('',#1433,#1434);
#1433 = CARTESIAN_POINT('',(40.524987,90.235785,7.));
#1434 = VECTOR('',#1435,1.);
#1435 = DIRECTION('',(0.,-1.,0.));
#1436 = ORIENTED_EDGE('',*,*,#1437,.F.);
#1437 = EDGE_CURVE('',#1438,#1428,#1440,.T.);
#1438 = VERTEX_POINT('',#1439);
#1439 = CARTESIAN_POINT('',(54.774996,90.235785,7.));
#1440 = LINE('',#1441,#1442);
#1441 = CARTESIAN_POINT('',(54.774996,90.235785,7.));
#1442 = VECTOR('',#1443,1.);
#1443 = DIRECTION('',(-1.,0.,0.));
#1444 = ORIENTED_EDGE('',*,*,#1445,.F.);
#1445 = EDGE_CURVE('',#1446,#1438,#1448,.T.);
#1446 = VERTEX_POINT('',#1447);
#1447 = CARTESIAN_POINT('',(54.774996,75.985776,7.));
#1448 = LINE('',#1449,#1450);
#1449 = CARTESIAN_POINT('',(54.774996,75.985776,7.));
#1450 = VECTOR('',#1451,1.);
#1451 = DIRECTION('',(0.,1.,0.));
#1452 = ORIENTED_EDGE('',*,*,#1453,.F.);
#1453 = EDGE_CURVE('',#1430,#1446,#1454,.T.);
#1454 = LINE('',#1455,#1456);
#1455 = CARTESIAN_POINT('',(40.524987,75.985776,7.));
#1456 = VECTOR('',#1457,1.);
#1457 = DIRECTION('',(1.,0.,0.));
#1458 = FACE_BOUND('',#1459,.T.);
#1459 = EDGE_LOOP('',(#1460,#1470,#1478,#1486));
#1460 = ORIENTED_EDGE('',*,*,#1461,.F.);
#1461 = EDGE_CURVE('',#1462,#1464,#1466,.T.);
#1462 = VERTEX_POINT('',#1463);
#1463 = CARTESIAN_POINT('',(59.574987,90.235785,7.));
#1464 = VERTEX_POINT('',#1465);
#1465 = CARTESIAN_POINT('',(59.574987,75.985776,7.));
#1466 = LINE('',#1467,#1468);
#1467 = CARTESIAN_POINT('',(59.574987,90.235785,7.));
#1468 = VECTOR('',#1469,1.);
#1469 = DIRECTION('',(0.,-1.,0.));
#1470 = ORIENTED_EDGE('',*,*,#1471,.F.);
#1471 = EDGE_CURVE('',#1472,#1462,#1474,.T.);
#1472 = VERTEX_POINT('',#1473);
#1473 = CARTESIAN_POINT('',(73.824996,90.235785,7.));
#1474 = LINE('',#1475,#1476);
#1475 = CARTESIAN_POINT('',(73.824996,90.235785,7.));
#1476 = VECTOR('',#1477,1.);
#1477 = DIRECTION('',(-1.,0.,0.));
#1478 = ORIENTED_EDGE('',*,*,#1479,.F.);
#1479 = EDGE_CURVE('',#1480,#1472,#1482,.T.);
#1480 = VERTEX_POINT('',#1481);
#1481 = CARTESIAN_POINT('',(73.824996,75.985776,7.));
#1482 = LINE('',#1483,#1484);
#1483 = CARTESIAN_POINT('',(73.824996,75.985776,7.));
#1484 = VECTOR('',#1485,1.);
#1485 = DIRECTION('',(0.,1.,0.));
#1486 = ORIENTED_EDGE('',*,*,#1487,.F.);
#1487 = EDGE_CURVE('',#1464,#1480,#1488,.T.);
#1488 = LINE('',#1489,#1490);
#1489 = CARTESIAN_POINT('',(59.574987,75.985776,7.));
#1490 = VECTOR('',#1491,1.);
#1491 = DIRECTION('',(1.,0.,0.));
#1492 = FACE_BOUND('',#1493,.T.);
#1493 = EDGE_LOOP('',(#1494,#1504,#1512,#1520));
#1494 = ORIENTED_EDGE('',*,*,#1495,.F.);
#1495 = EDGE_CURVE('',#1496,#1498,#1500,.T.);
#1496 = VERTEX_POINT('',#1497);
#1497 = CARTESIAN_POINT('',(78.624987,71.185785,7.));
#1498 = VERTEX_POINT('',#1499);
#1499 = CARTESIAN_POINT('',(78.624987,56.935776,7.));
#1500 = LINE('',#1501,#1502);
#1501 = CARTESIAN_POINT('',(78.624987,71.185785,7.));
#1502 = VECTOR('',#1503,1.);
#1503 = DIRECTION('',(0.,-1.,0.));
#1504 = ORIENTED_EDGE('',*,*,#1505,.F.);
#1505 = EDGE_CURVE('',#1506,#1496,#1508,.T.);
#1506 = VERTEX_POINT('',#1507);
#1507 = CARTESIAN_POINT('',(92.874996,71.185785,7.));
#1508 = LINE('',#1509,#1510);
#1509 = CARTESIAN_POINT('',(92.874996,71.185785,7.));
#1510 = VECTOR('',#1511,1.);
#1511 = DIRECTION('',(-1.,0.,0.));
#1512 = ORIENTED_EDGE('',*,*,#1513,.F.);
#1513 = EDGE_CURVE('',#1514,#1506,#1516,.T.);
#1514 = VERTEX_POINT('',#1515);
#1515 = CARTESIAN_POINT('',(92.874996,56.935776,7.));
#1516 = LINE('',#1517,#1518);
#1517 = CARTESIAN_POINT('',(92.874996,56.935776,7.));
#1518 = VECTOR('',#1519,1.);
#1519 = DIRECTION('',(0.,1.,0.));
#1520 = ORIENTED_EDGE('',*,*,#1521,.F.);
#1521 = EDGE_CURVE('',#1498,#1514,#1522,.T.);
#1522 = LINE('',#1523,#1524);
#1523 = CARTESIAN_POINT('',(78.624987,56.935776,7.));
#1524 = VECTOR('',#1525,1.);
#1525 = DIRECTION('',(1.,0.,0.));
#1526 = FACE_BOUND('',#1527,.T.);
#1527 = EDGE_LOOP('',(#1528));
#1528 = ORIENTED_EDGE('',*,*,#1529,.F.);
#1529 = EDGE_CURVE('',#1530,#1530,#1532,.T.);
#1530 = VERTEX_POINT('',#1531);
#1531 = CARTESIAN_POINT('',(125.21,54.25,7.));
#1532 = CIRCLE('',#1533,1.2);
#1533 = AXIS2_PLACEMENT_3D('',#1534,#1535,#1536);
#1534 = CARTESIAN_POINT('',(124.01,54.25,7.));
#1535 = DIRECTION('',(0.,0.,1.));
#1536 = DIRECTION('',(1.,0.,0.));
#1537 = FACE_BOUND('',#1538,.T.);
#1538 = EDGE_LOOP('',(#1539,#1549,#1557,#1565));
#1539 = ORIENTED_EDGE('',*,*,#1540,.F.);
#1540 = EDGE_CURVE('',#1541,#1543,#1545,.T.);
#1541 = VERTEX_POINT('',#1542);
#1542 = CARTESIAN_POINT('',(97.674987,71.185785,7.));
#1543 = VERTEX_POINT('',#1544);
#1544 = CARTESIAN_POINT('',(97.674987,56.935776,7.));
#1545 = LINE('',#1546,#1547);
#1546 = CARTESIAN_POINT('',(97.674987,71.185785,7.));
#1547 = VECTOR('',#1548,1.);
#1548 = DIRECTION('',(0.,-1.,0.));
#1549 = ORIENTED_EDGE('',*,*,#1550,.F.);
#1550 = EDGE_CURVE('',#1551,#1541,#1553,.T.);
#1551 = VERTEX_POINT('',#1552);
#1552 = CARTESIAN_POINT('',(111.924996,71.185785,7.));
#1553 = LINE('',#1554,#1555);
#1554 = CARTESIAN_POINT('',(111.924996,71.185785,7.));
#1555 = VECTOR('',#1556,1.);
#1556 = DIRECTION('',(-1.,0.,0.));
#1557 = ORIENTED_EDGE('',*,*,#1558,.F.);
#1558 = EDGE_CURVE('',#1559,#1551,#1561,.T.);
#1559 = VERTEX_POINT('',#1560);
#1560 = CARTESIAN_POINT('',(111.924996,56.935776,7.));
#1561 = LINE('',#1562,#1563);
#1562 = CARTESIAN_POINT('',(111.924996,56.935776,7.));
#1563 = VECTOR('',#1564,1.);
#1564 = DIRECTION('',(0.,1.,0.));
#1565 = ORIENTED_EDGE('',*,*,#1566,.F.);
#1566 = EDGE_CURVE('',#1543,#1559,#1567,.T.);
#1567 = LINE('',#1568,#1569);
#1568 = CARTESIAN_POINT('',(97.674987,56.935776,7.));
#1569 = VECTOR('',#1570,1.);
#1570 = DIRECTION('',(1.,0.,0.));
#1571 = FACE_BOUND('',#1572,.T.);
#1572 = EDGE_LOOP('',(#1573,#1583,#1591,#1599));
#1573 = ORIENTED_EDGE('',*,*,#1574,.F.);
#1574 = EDGE_CURVE('',#1575,#1577,#1579,.T.);
#1575 = VERTEX_POINT('',#1576);
#1576 = CARTESIAN_POINT('',(78.624987,90.235785,7.));
#1577 = VERTEX_POINT('',#1578);
#1578 = CARTESIAN_POINT('',(78.624987,75.985776,7.));
#1579 = LINE('',#1580,#1581);
#1580 = CARTESIAN_POINT('',(78.624987,90.235785,7.));
#1581 = VECTOR('',#1582,1.);
#1582 = DIRECTION('',(0.,-1.,0.));
#1583 = ORIENTED_EDGE('',*,*,#1584,.F.);
#1584 = EDGE_CURVE('',#1585,#1575,#1587,.T.);
#1585 = VERTEX_POINT('',#1586);
#1586 = CARTESIAN_POINT('',(92.874996,90.235785,7.));
#1587 = LINE('',#1588,#1589);
#1588 = CARTESIAN_POINT('',(92.874996,90.235785,7.));
#1589 = VECTOR('',#1590,1.);
#1590 = DIRECTION('',(-1.,0.,0.));
#1591 = ORIENTED_EDGE('',*,*,#1592,.F.);
#1592 = EDGE_CURVE('',#1593,#1585,#1595,.T.);
#1593 = VERTEX_POINT('',#1594);
#1594 = CARTESIAN_POINT('',(92.874996,75.985776,7.));
#1595 = LINE('',#1596,#1597);
#1596 = CARTESIAN_POINT('',(92.874996,75.985776,7.));
#1597 = VECTOR('',#1598,1.);
#1598 = DIRECTION('',(0.,1.,0.));
#1599 = ORIENTED_EDGE('',*,*,#1600,.F.);
#1600 = EDGE_CURVE('',#1577,#1593,#1601,.T.);
#1601 = LINE('',#1602,#1603);
#1602 = CARTESIAN_POINT('',(78.624987,75.985776,7.));
#1603 = VECTOR('',#1604,1.);
#1604 = DIRECTION('',(1.,0.,0.));
#1605 = FACE_BOUND('',#1606,.T.);
#1606 = EDGE_LOOP('',(#1607));
#1607 = ORIENTED_EDGE('',*,*,#1608,.F.);
#1608 = EDGE_CURVE('',#1609,#1609,#1611,.T.);
#1609 = VERTEX_POINT('',#1610);
#1610 = CARTESIAN_POINT('',(96.47,83.11,7.));
#1611 = CIRCLE('',#1612,1.2);
#1612 = AXIS2_PLACEMENT_3D('',#1613,#1614,#1615);
#1613 = CARTESIAN_POINT('',(95.27,83.11,7.));
#1614 = DIRECTION('',(0.,0.,1.));
#1615 = DIRECTION('',(1.,0.,0.));
#1616 = FACE_BOUND('',#1617,.T.);
#1617 = EDGE_LOOP('',(#1618,#1628,#1636,#1644));
#1618 = ORIENTED_EDGE('',*,*,#1619,.F.);
#1619 = EDGE_CURVE('',#1620,#1622,#1624,.T.);
#1620 = VERTEX_POINT('',#1621);
#1621 = CARTESIAN_POINT('',(97.674987,90.235785,7.));
#1622 = VERTEX_POINT('',#1623);
#1623 = CARTESIAN_POINT('',(97.674987,75.985776,7.));
#1624 = LINE('',#1625,#1626);
#1625 = CARTESIAN_POINT('',(97.674987,90.235785,7.));
#1626 = VECTOR('',#1627,1.);
#1627 = DIRECTION('',(0.,-1.,0.));
#1628 = ORIENTED_EDGE('',*,*,#1629,.F.);
#1629 = EDGE_CURVE('',#1630,#1620,#1632,.T.);
#1630 = VERTEX_POINT('',#1631);
#1631 = CARTESIAN_POINT('',(111.924996,90.235785,7.));
#1632 = LINE('',#1633,#1634);
#1633 = CARTESIAN_POINT('',(111.924996,90.235785,7.));
#1634 = VECTOR('',#1635,1.);
#1635 = DIRECTION('',(-1.,0.,0.));
#1636 = ORIENTED_EDGE('',*,*,#1637,.F.);
#1637 = EDGE_CURVE('',#1638,#1630,#1640,.T.);
#1638 = VERTEX_POINT('',#1639);
#1639 = CARTESIAN_POINT('',(111.924996,75.985776,7.));
#1640 = LINE('',#1641,#1642);
#1641 = CARTESIAN_POINT('',(111.924996,75.985776,7.));
#1642 = VECTOR('',#1643,1.);
#1643 = DIRECTION('',(0.,1.,0.));
#1644 = ORIENTED_EDGE('',*,*,#1645,.F.);
#1645 = EDGE_CURVE('',#1622,#1638,#1646,.T.);
#1646 = LINE('',#1647,#1648);
#1647 = CARTESIAN_POINT('',(97.674987,75.985776,7.));
#1648 = VECTOR('',#1649,1.);
#1649 = DIRECTION('',(1.,0.,0.));
#1650 = FACE_BOUND('',#1651,.T.);
#1651 = EDGE_LOOP('',(#1652,#1662,#1670,#1678,#1686,#1694));
#1652 = ORIENTED_EDGE('',*,*,#1653,.F.);
#1653 = EDGE_CURVE('',#1654,#1656,#1658,.T.);
#1654 = VERTEX_POINT('',#1655);
#1655 = CARTESIAN_POINT('',(138.61048574001,96.082093996941,7.));
#1656 = VERTEX_POINT('',#1657);
#1657 = CARTESIAN_POINT('',(136.35881969017,97.382093996941,7.));
#1658 = LINE('',#1659,#1660);
#1659 = CARTESIAN_POINT('',(138.61048574001,96.082093996941,7.));
#1660 = VECTOR('',#1661,1.);
#1661 = DIRECTION('',(-0.866025403784,0.5,0.));
#1662 = ORIENTED_EDGE('',*,*,#1663,.F.);
#1663 = EDGE_CURVE('',#1664,#1654,#1666,.T.);
#1664 = VERTEX_POINT('',#1665);
#1665 = CARTESIAN_POINT('',(138.61048574001,93.482093996941,7.));
#1666 = LINE('',#1667,#1668);
#1667 = CARTESIAN_POINT('',(138.61048574001,93.482093996941,7.));
#1668 = VECTOR('',#1669,1.);
#1669 = DIRECTION('',(0.,1.,0.));
#1670 = ORIENTED_EDGE('',*,*,#1671,.F.);
#1671 = EDGE_CURVE('',#1672,#1664,#1674,.T.);
#1672 = VERTEX_POINT('',#1673);
#1673 = CARTESIAN_POINT('',(136.35881969017,92.182093996941,7.));
#1674 = LINE('',#1675,#1676);
#1675 = CARTESIAN_POINT('',(136.35881969017,92.182093996941,7.));
#1676 = VECTOR('',#1677,1.);
#1677 = DIRECTION('',(0.866025403784,0.5,0.));
#1678 = ORIENTED_EDGE('',*,*,#1679,.F.);
#1679 = EDGE_CURVE('',#1680,#1672,#1682,.T.);
#1680 = VERTEX_POINT('',#1681);
#1681 = CARTESIAN_POINT('',(134.10715364033,93.482093996941,7.));
#1682 = LINE('',#1683,#1684);
#1683 = CARTESIAN_POINT('',(134.10715364033,93.482093996941,7.));
#1684 = VECTOR('',#1685,1.);
#1685 = DIRECTION('',(0.866025403784,-0.5,0.));
#1686 = ORIENTED_EDGE('',*,*,#1687,.F.);
#1687 = EDGE_CURVE('',#1688,#1680,#1690,.T.);
#1688 = VERTEX_POINT('',#1689);
#1689 = CARTESIAN_POINT('',(134.10715364033,96.082093996941,7.));
#1690 = LINE('',#1691,#1692);
#1691 = CARTESIAN_POINT('',(134.10715364033,96.082093996941,7.));
#1692 = VECTOR('',#1693,1.);
#1693 = DIRECTION('',(0.,-1.,0.));
#1694 = ORIENTED_EDGE('',*,*,#1695,.F.);
#1695 = EDGE_CURVE('',#1656,#1688,#1696,.T.);
#1696 = LINE('',#1697,#1698);
#1697 = CARTESIAN_POINT('',(136.35881969017,97.382093996941,7.));
#1698 = VECTOR('',#1699,1.);
#1699 = DIRECTION('',(-0.866025403784,-0.5,0.));
#1700 = PLANE('',#1701);
#1701 = AXIS2_PLACEMENT_3D('',#1702,#1703,#1704);
#1702 = CARTESIAN_POINT('',(67.553079543573,53.732169816245,7.));
#1703 = DIRECTION('',(0.,0.,1.));
#1704 = DIRECTION('',(1.,0.,0.));
#1705 = ADVANCED_FACE('',(#1706),#1742,.F.);
#1706 = FACE_BOUND('',#1707,.F.);
#1707 = EDGE_LOOP('',(#1708,#1709,#1717,#1726,#1734,#1741));
#1708 = ORIENTED_EDGE('',*,*,#64,.F.);
#1709 = ORIENTED_EDGE('',*,*,#1710,.T.);
#1710 = EDGE_CURVE('',#57,#1711,#1713,.T.);
#1711 = VERTEX_POINT('',#1712);
#1712 = CARTESIAN_POINT('',(120.78123151961,93.13578,4.));
#1713 = LINE('',#1714,#1715);
#1714 = CARTESIAN_POINT('',(120.78123151961,98.660774,4.));
#1715 = VECTOR('',#1716,1.);
#1716 = DIRECTION('',(0.,-1.,2.22044604925E-16));
#1717 = ORIENTED_EDGE('',*,*,#1718,.T.);
#1718 = EDGE_CURVE('',#1711,#1719,#1721,.T.);
#1719 = VERTEX_POINT('',#1720);
#1720 = CARTESIAN_POINT('',(118.3812325,93.13578,5.2));
#1721 = CIRCLE('',#1722,3.);
#1722 = AXIS2_PLACEMENT_3D('',#1723,#1724,#1725);
#1723 = CARTESIAN_POINT('',(120.7812325,93.13578,7.));
#1724 = DIRECTION('',(0.,1.,-2.22044604925E-16));
#1725 = DIRECTION('',(-1.,0.,0.));
#1726 = ORIENTED_EDGE('',*,*,#1727,.F.);
#1727 = EDGE_CURVE('',#1728,#1719,#1730,.T.);
#1728 = VERTEX_POINT('',#1729);
#1729 = CARTESIAN_POINT('',(118.3812325,92.63578,5.2));
#1730 = LINE('',#1731,#1732);
#1731 = CARTESIAN_POINT('',(118.3812325,98.660774,5.2));
#1732 = VECTOR('',#1733,1.);
#1733 = DIRECTION('',(0.,1.,-2.22044604925E-16));
#1734 = ORIENTED_EDGE('',*,*,#1735,.T.);
#1735 = EDGE_CURVE('',#1728,#497,#1736,.T.);
#1736 = CIRCLE('',#1737,3.);
#1737 = AXIS2_PLACEMENT_3D('',#1738,#1739,#1740);
#1738 = CARTESIAN_POINT('',(120.7812325,92.63578,7.));
#1739 = DIRECTION('',(0.,1.,-2.22044604925E-16));
#1740 = DIRECTION('',(-1.,0.,0.));
#1741 = ORIENTED_EDGE('',*,*,#504,.F.);
#1742 = CYLINDRICAL_SURFACE('',#1743,3.);
#1743 = AXIS2_PLACEMENT_3D('',#1744,#1745,#1746);
#1744 = CARTESIAN_POINT('',(120.7812325,98.660774,7.));
#1745 = DIRECTION('',(0.,1.,-2.22044604925E-16));
#1746 = DIRECTION('',(-1.,0.,0.));
#1747 = ADVANCED_FACE('',(#1748),#1766,.F.);
#1748 = FACE_BOUND('',#1749,.F.);
#1749 = EDGE_LOOP('',(#1750,#1751,#1759,#1765));
#1750 = ORIENTED_EDGE('',*,*,#56,.F.);
#1751 = ORIENTED_EDGE('',*,*,#1752,.T.);
#1752 = EDGE_CURVE('',#48,#1753,#1755,.T.);
#1753 = VERTEX_POINT('',#1754);
#1754 = CARTESIAN_POINT('',(127.78123348038,93.13578,4.));
#1755 = LINE('',#1756,#1757);
#1756 = CARTESIAN_POINT('',(127.78123348038,98.660774,4.));
#1757 = VECTOR('',#1758,1.);
#1758 = DIRECTION('',(0.,-1.,2.22044604925E-16));
#1759 = ORIENTED_EDGE('',*,*,#1760,.F.);
#1760 = EDGE_CURVE('',#1711,#1753,#1761,.T.);
#1761 = LINE('',#1762,#1763);
#1762 = CARTESIAN_POINT('',(63.890616740191,93.13578,4.));
#1763 = VECTOR('',#1764,1.);
#1764 = DIRECTION('',(1.,0.,-2.030121533515E-15));
#1765 = ORIENTED_EDGE('',*,*,#1710,.F.);
#1766 = PLANE('',#1767);
#1767 = AXIS2_PLACEMENT_3D('',#1768,#1769,#1770);
#1768 = CARTESIAN_POINT('',(127.78123348038,98.660774,4.));
#1769 = DIRECTION('',(-2.030121533515E-15,-2.22044604925E-16,-1.));
#1770 = DIRECTION('',(-1.,4.507775338592E-31,2.030121533515E-15));
#1771 = ADVANCED_FACE('',(#1772),#1801,.F.);
#1772 = FACE_BOUND('',#1773,.F.);
#1773 = EDGE_LOOP('',(#1774,#1775,#1776,#1785,#1793,#1800));
#1774 = ORIENTED_EDGE('',*,*,#47,.F.);
#1775 = ORIENTED_EDGE('',*,*,#456,.T.);
#1776 = ORIENTED_EDGE('',*,*,#1777,.T.);
#1777 = EDGE_CURVE('',#457,#1778,#1780,.T.);
#1778 = VERTEX_POINT('',#1779);
#1779 = CARTESIAN_POINT('',(130.18123249999,92.63578,5.2));
#1780 = CIRCLE('',#1781,3.);
#1781 = AXIS2_PLACEMENT_3D('',#1782,#1783,#1784);
#1782 = CARTESIAN_POINT('',(127.78123249999,92.63578,7.));
#1783 = DIRECTION('',(0.,1.,-2.22044604925E-16));
#1784 = DIRECTION('',(-1.,0.,0.));
#1785 = ORIENTED_EDGE('',*,*,#1786,.T.);
#1786 = EDGE_CURVE('',#1778,#1787,#1789,.T.);
#1787 = VERTEX_POINT('',#1788);
#1788 = CARTESIAN_POINT('',(130.18123249999,93.13578,5.2));
#1789 = LINE('',#1790,#1791);
#1790 = CARTESIAN_POINT('',(130.18123249999,98.660774,5.2));
#1791 = VECTOR('',#1792,1.);
#1792 = DIRECTION('',(0.,1.,-2.22044604925E-16));
#1793 = ORIENTED_EDGE('',*,*,#1794,.T.);
#1794 = EDGE_CURVE('',#1787,#1753,#1795,.T.);
#1795 = CIRCLE('',#1796,3.);
#1796 = AXIS2_PLACEMENT_3D('',#1797,#1798,#1799);
#1797 = CARTESIAN_POINT('',(127.78123249999,93.13578,7.));
#1798 = DIRECTION('',(0.,1.,-2.22044604925E-16));
#1799 = DIRECTION('',(-1.,0.,0.));
#1800 = ORIENTED_EDGE('',*,*,#1752,.F.);
#1801 = CYLINDRICAL_SURFACE('',#1802,3.);
#1802 = AXIS2_PLACEMENT_3D('',#1803,#1804,#1805);
#1803 = CARTESIAN_POINT('',(127.78123249999,98.660774,7.));
#1804 = DIRECTION('',(0.,1.,-2.22044604925E-16));
#1805 = DIRECTION('',(-1.,0.,0.));
#1806 = ADVANCED_FACE('',(#1807),#1818,.T.);
#1807 = FACE_BOUND('',#1808,.F.);
#1808 = EDGE_LOOP('',(#1809,#1815,#1816,#1817));
#1809 = ORIENTED_EDGE('',*,*,#1810,.T.);
#1810 = EDGE_CURVE('',#96,#447,#1811,.T.);
#1811 = LINE('',#1812,#1813);
#1812 = CARTESIAN_POINT('',(140.237499,92.660775960769,0.));
#1813 = VECTOR('',#1814,1.);
#1814 = DIRECTION('',(0.,0.,1.));
#1815 = ORIENTED_EDGE('',*,*,#446,.T.);
#1816 = ORIENTED_EDGE('',*,*,#31,.F.);
#1817 = ORIENTED_EDGE('',*,*,#95,.F.);
#1818 = CYLINDRICAL_SURFACE('',#1819,6.);
#1819 = AXIS2_PLACEMENT_3D('',#1820,#1821,#1822);
#1820 = CARTESIAN_POINT('',(134.237499,92.660774,0.));
#1821 = DIRECTION('',(-0.,-0.,-1.));
#1822 = DIRECTION('',(1.,0.,0.));
#1823 = ADVANCED_FACE('',(#1824),#1876,.T.);
#1824 = FACE_BOUND('',#1825,.T.);
#1825 = EDGE_LOOP('',(#1826,#1827,#1828,#1829,#1835,#1836,#1844,#1853,
    #1861,#1870));
#1826 = ORIENTED_EDGE('',*,*,#363,.F.);
#1827 = ORIENTED_EDGE('',*,*,#1810,.T.);
#1828 = ORIENTED_EDGE('',*,*,#579,.T.);
#1829 = ORIENTED_EDGE('',*,*,#1830,.F.);
#1830 = EDGE_CURVE('',#174,#572,#1831,.T.);
#1831 = LINE('',#1832,#1833);
#1832 = CARTESIAN_POINT('',(140.237499,31.850939,0.));
#1833 = VECTOR('',#1834,1.);
#1834 = DIRECTION('',(0.,0.,1.));
#1835 = ORIENTED_EDGE('',*,*,#181,.F.);
#1836 = ORIENTED_EDGE('',*,*,#1837,.F.);
#1837 = EDGE_CURVE('',#1838,#182,#1840,.T.);
#1838 = VERTEX_POINT('',#1839);
#1839 = CARTESIAN_POINT('',(140.237499,46.8451585,2.));
#1840 = LINE('',#1841,#1842);
#1841 = CARTESIAN_POINT('',(140.237499,46.8451585,2.));
#1842 = VECTOR('',#1843,1.);
#1843 = DIRECTION('',(0.,0.,-1.));
#1844 = ORIENTED_EDGE('',*,*,#1845,.F.);
#1845 = EDGE_CURVE('',#1846,#1838,#1848,.T.);
#1846 = VERTEX_POINT('',#1847);
#1847 = CARTESIAN_POINT('',(140.237499,47.3451585,2.5));
#1848 = CIRCLE('',#1849,0.5);
#1849 = AXIS2_PLACEMENT_3D('',#1850,#1851,#1852);
#1850 = CARTESIAN_POINT('',(140.237499,47.3451585,2.));
#1851 = DIRECTION('',(1.,0.,0.));
#1852 = DIRECTION('',(0.,1.,0.));
#1853 = ORIENTED_EDGE('',*,*,#1854,.F.);
#1854 = EDGE_CURVE('',#1855,#1846,#1857,.T.);
#1855 = VERTEX_POINT('',#1856);
#1856 = CARTESIAN_POINT('',(140.237499,56.3451585,2.5));
#1857 = LINE('',#1858,#1859);
#1858 = CARTESIAN_POINT('',(140.237499,56.3451585,2.5));
#1859 = VECTOR('',#1860,1.);
#1860 = DIRECTION('',(0.,-1.,0.));
#1861 = ORIENTED_EDGE('',*,*,#1862,.F.);
#1862 = EDGE_CURVE('',#1863,#1855,#1865,.T.);
#1863 = VERTEX_POINT('',#1864);
#1864 = CARTESIAN_POINT('',(140.237499,56.8451585,2.));
#1865 = CIRCLE('',#1866,0.5);
#1866 = AXIS2_PLACEMENT_3D('',#1867,#1868,#1869);
#1867 = CARTESIAN_POINT('',(140.237499,56.3451585,2.));
#1868 = DIRECTION('',(1.,0.,0.));
#1869 = DIRECTION('',(0.,1.,0.));
#1870 = ORIENTED_EDGE('',*,*,#1871,.F.);
#1871 = EDGE_CURVE('',#356,#1863,#1872,.T.);
#1872 = LINE('',#1873,#1874);
#1873 = CARTESIAN_POINT('',(140.237499,56.8451585,-7.337151664415E-15));
#1874 = VECTOR('',#1875,1.);
#1875 = DIRECTION('',(0.,0.,1.));
#1876 = PLANE('',#1877);
#1877 = AXIS2_PLACEMENT_3D('',#1878,#1879,#1880);
#1878 = CARTESIAN_POINT('',(140.237499,92.660775960769,0.));
#1879 = DIRECTION('',(1.,0.,0.));
#1880 = DIRECTION('',(0.,-1.,0.));
#1881 = ADVANCED_FACE('',(#1882),#1900,.F.);
#1882 = FACE_BOUND('',#1883,.F.);
#1883 = EDGE_LOOP('',(#1884,#1885,#1886,#1894));
#1884 = ORIENTED_EDGE('',*,*,#1871,.F.);
#1885 = ORIENTED_EDGE('',*,*,#355,.T.);
#1886 = ORIENTED_EDGE('',*,*,#1887,.F.);
#1887 = EDGE_CURVE('',#1888,#348,#1890,.T.);
#1888 = VERTEX_POINT('',#1889);
#1889 = CARTESIAN_POINT('',(134.71248,56.8451585,2.));
#1890 = LINE('',#1891,#1892);
#1891 = CARTESIAN_POINT('',(134.71248,56.8451585,2.6));
#1892 = VECTOR('',#1893,1.);
#1893 = DIRECTION('',(0.,0.,-1.));
#1894 = ORIENTED_EDGE('',*,*,#1895,.F.);
#1895 = EDGE_CURVE('',#1863,#1888,#1896,.T.);
#1896 = LINE('',#1897,#1898);
#1897 = CARTESIAN_POINT('',(140.237499,56.8451585,2.));
#1898 = VECTOR('',#1899,1.);
#1899 = DIRECTION('',(-1.,-0.,-0.));
#1900 = PLANE('',#1901);
#1901 = AXIS2_PLACEMENT_3D('',#1902,#1903,#1904);
#1902 = CARTESIAN_POINT('',(140.237499,56.8451585,-7.337151664415E-15));
#1903 = DIRECTION('',(0.,1.,0.));
#1904 = DIRECTION('',(0.,0.,1.));
#1905 = ADVANCED_FACE('',(#1906),#1965,.T.);
#1906 = FACE_BOUND('',#1907,.T.);
#1907 = EDGE_LOOP('',(#1908,#1918,#1924,#1925,#1926,#1935,#1943,#1952,
    #1958,#1959));
#1908 = ORIENTED_EDGE('',*,*,#1909,.F.);
#1909 = EDGE_CURVE('',#1910,#1912,#1914,.T.);
#1910 = VERTEX_POINT('',#1911);
#1911 = CARTESIAN_POINT('',(134.71248,92.635780163397,5.2));
#1912 = VERTEX_POINT('',#1913);
#1913 = CARTESIAN_POINT('',(134.71248,31.850939,5.2));
#1914 = LINE('',#1915,#1916);
#1915 = CARTESIAN_POINT('',(134.71248,92.635780163397,5.2));
#1916 = VECTOR('',#1917,1.);
#1917 = DIRECTION('',(0.,-1.,0.));
#1918 = ORIENTED_EDGE('',*,*,#1919,.T.);
#1919 = EDGE_CURVE('',#1910,#339,#1920,.T.);
#1920 = LINE('',#1921,#1922);
#1921 = CARTESIAN_POINT('',(134.71248,92.635780163397,5.2));
#1922 = VECTOR('',#1923,1.);
#1923 = DIRECTION('',(-0.,-0.,-1.));
#1924 = ORIENTED_EDGE('',*,*,#347,.T.);
#1925 = ORIENTED_EDGE('',*,*,#1887,.F.);
#1926 = ORIENTED_EDGE('',*,*,#1927,.T.);
#1927 = EDGE_CURVE('',#1888,#1928,#1930,.T.);
#1928 = VERTEX_POINT('',#1929);
#1929 = CARTESIAN_POINT('',(134.71248,56.3451585,2.5));
#1930 = CIRCLE('',#1931,0.5);
#1931 = AXIS2_PLACEMENT_3D('',#1932,#1933,#1934);
#1932 = CARTESIAN_POINT('',(134.71248,56.3451585,2.));
#1933 = DIRECTION('',(1.,0.,0.));
#1934 = DIRECTION('',(0.,1.,0.));
#1935 = ORIENTED_EDGE('',*,*,#1936,.F.);
#1936 = EDGE_CURVE('',#1937,#1928,#1939,.T.);
#1937 = VERTEX_POINT('',#1938);
#1938 = CARTESIAN_POINT('',(134.71248,47.3451585,2.5));
#1939 = LINE('',#1940,#1941);
#1940 = CARTESIAN_POINT('',(134.71248,74.490469331699,2.5));
#1941 = VECTOR('',#1942,1.);
#1942 = DIRECTION('',(0.,1.,0.));
#1943 = ORIENTED_EDGE('',*,*,#1944,.T.);
#1944 = EDGE_CURVE('',#1937,#1945,#1947,.T.);
#1945 = VERTEX_POINT('',#1946);
#1946 = CARTESIAN_POINT('',(134.71248,46.8451585,2.));
#1947 = CIRCLE('',#1948,0.5);
#1948 = AXIS2_PLACEMENT_3D('',#1949,#1950,#1951);
#1949 = CARTESIAN_POINT('',(134.71248,47.3451585,2.));
#1950 = DIRECTION('',(1.,0.,0.));
#1951 = DIRECTION('',(0.,1.,0.));
#1952 = ORIENTED_EDGE('',*,*,#1953,.F.);
#1953 = EDGE_CURVE('',#190,#1945,#1954,.T.);
#1954 = LINE('',#1955,#1956);
#1955 = CARTESIAN_POINT('',(134.71248,46.8451585,3.6));
#1956 = VECTOR('',#1957,1.);
#1957 = DIRECTION('',(0.,0.,1.));
#1958 = ORIENTED_EDGE('',*,*,#197,.T.);
#1959 = ORIENTED_EDGE('',*,*,#1960,.F.);
#1960 = EDGE_CURVE('',#1912,#198,#1961,.T.);
#1961 = LINE('',#1962,#1963);
#1962 = CARTESIAN_POINT('',(134.71248,31.850939,5.2));
#1963 = VECTOR('',#1964,1.);
#1964 = DIRECTION('',(-0.,-0.,-1.));
#1965 = PLANE('',#1966);
#1966 = AXIS2_PLACEMENT_3D('',#1967,#1968,#1969);
#1967 = CARTESIAN_POINT('',(134.71248,92.635780163397,5.2));
#1968 = DIRECTION('',(-1.,0.,0.));
#1969 = DIRECTION('',(0.,-1.,0.));
#1970 = ADVANCED_FACE('',(#1971),#1982,.F.);
#1971 = FACE_BOUND('',#1972,.F.);
#1972 = EDGE_LOOP('',(#1973,#1974,#1975,#1981));
#1973 = ORIENTED_EDGE('',*,*,#431,.T.);
#1974 = ORIENTED_EDGE('',*,*,#512,.T.);
#1975 = ORIENTED_EDGE('',*,*,#1976,.F.);
#1976 = EDGE_CURVE('',#115,#513,#1977,.T.);
#1977 = LINE('',#1978,#1979);
#1978 = CARTESIAN_POINT('',(-6.,16.410787,0.));
#1979 = VECTOR('',#1980,1.);
#1980 = DIRECTION('',(0.,0.,1.));
#1981 = ORIENTED_EDGE('',*,*,#114,.F.);
#1982 = PLANE('',#1983);
#1983 = AXIS2_PLACEMENT_3D('',#1984,#1985,#1986);
#1984 = CARTESIAN_POINT('',(-6.,92.66077596077,0.));
#1985 = DIRECTION('',(1.,0.,0.));
#1986 = DIRECTION('',(0.,-1.,0.));
#1987 = ADVANCED_FACE('',(#1988),#2007,.F.);
#1988 = FACE_BOUND('',#1989,.F.);
#1989 = EDGE_LOOP('',(#1990,#1999,#2000,#2001));
#1990 = ORIENTED_EDGE('',*,*,#1991,.F.);
#1991 = EDGE_CURVE('',#1910,#1992,#1994,.T.);
#1992 = VERTEX_POINT('',#1993);
#1993 = CARTESIAN_POINT('',(134.21248,93.13578,5.2));
#1994 = CIRCLE('',#1995,0.5);
#1995 = AXIS2_PLACEMENT_3D('',#1996,#1997,#1998);
#1996 = CARTESIAN_POINT('',(134.21248,92.63578,5.2));
#1997 = DIRECTION('',(0.,0.,1.));
#1998 = DIRECTION('',(1.,0.,0.));
#1999 = ORIENTED_EDGE('',*,*,#1919,.T.);
#2000 = ORIENTED_EDGE('',*,*,#338,.T.);
#2001 = ORIENTED_EDGE('',*,*,#2002,.F.);
#2002 = EDGE_CURVE('',#1992,#331,#2003,.T.);
#2003 = LINE('',#2004,#2005);
#2004 = CARTESIAN_POINT('',(134.21248,93.13578,5.2));
#2005 = VECTOR('',#2006,1.);
#2006 = DIRECTION('',(-0.,-0.,-1.));
#2007 = CYLINDRICAL_SURFACE('',#2008,0.5);
#2008 = AXIS2_PLACEMENT_3D('',#2009,#2010,#2011);
#2009 = CARTESIAN_POINT('',(134.21248,92.63578,5.2));
#2010 = DIRECTION('',(0.,0.,1.));
#2011 = DIRECTION('',(1.,0.,0.));
#2012 = ADVANCED_FACE('',(#2013),#2024,.T.);
#2013 = FACE_BOUND('',#2014,.F.);
#2014 = EDGE_LOOP('',(#2015,#2016,#2017,#2023));
#2015 = ORIENTED_EDGE('',*,*,#1976,.T.);
#2016 = ORIENTED_EDGE('',*,*,#520,.T.);
#2017 = ORIENTED_EDGE('',*,*,#2018,.F.);
#2018 = EDGE_CURVE('',#123,#521,#2019,.T.);
#2019 = LINE('',#2020,#2021);
#2020 = CARTESIAN_POINT('',(-1.E-15,10.410787,0.));
#2021 = VECTOR('',#2022,1.);
#2022 = DIRECTION('',(0.,0.,1.));
#2023 = ORIENTED_EDGE('',*,*,#122,.F.);
#2024 = CYLINDRICAL_SURFACE('',#2025,6.);
#2025 = AXIS2_PLACEMENT_3D('',#2026,#2027,#2028);
#2026 = CARTESIAN_POINT('',(0.,16.410787,0.));
#2027 = DIRECTION('',(-0.,-0.,-1.));
#2028 = DIRECTION('',(1.,0.,0.));
#2029 = ADVANCED_FACE('',(#2030),#2057,.T.);
#2030 = FACE_BOUND('',#2031,.T.);
#2031 = EDGE_LOOP('',(#2032,#2040,#2046,#2047,#2048,#2054,#2055,#2056));
#2032 = ORIENTED_EDGE('',*,*,#2033,.F.);
#2033 = EDGE_CURVE('',#2034,#1719,#2036,.T.);
#2034 = VERTEX_POINT('',#2035);
#2035 = CARTESIAN_POINT('',(2.908572887379E-17,93.13578,5.2));
#2036 = LINE('',#2037,#2038);
#2037 = CARTESIAN_POINT('',(2.908572887379E-17,93.13578,5.2));
#2038 = VECTOR('',#2039,1.);
#2039 = DIRECTION('',(1.,0.,0.));
#2040 = ORIENTED_EDGE('',*,*,#2041,.T.);
#2041 = EDGE_CURVE('',#2034,#322,#2042,.T.);
#2042 = LINE('',#2043,#2044);
#2043 = CARTESIAN_POINT('',(2.908572887379E-17,93.13578,5.2));
#2044 = VECTOR('',#2045,1.);
#2045 = DIRECTION('',(-0.,-0.,-1.));
#2046 = ORIENTED_EDGE('',*,*,#330,.T.);
#2047 = ORIENTED_EDGE('',*,*,#2002,.F.);
#2048 = ORIENTED_EDGE('',*,*,#2049,.F.);
#2049 = EDGE_CURVE('',#1787,#1992,#2050,.T.);
#2050 = LINE('',#2051,#2052);
#2051 = CARTESIAN_POINT('',(2.908572887379E-17,93.13578,5.2));
#2052 = VECTOR('',#2053,1.);
#2053 = DIRECTION('',(1.,0.,0.));
#2054 = ORIENTED_EDGE('',*,*,#1794,.T.);
#2055 = ORIENTED_EDGE('',*,*,#1760,.F.);
#2056 = ORIENTED_EDGE('',*,*,#1718,.T.);
#2057 = PLANE('',#2058);
#2058 = AXIS2_PLACEMENT_3D('',#2059,#2060,#2061);
#2059 = CARTESIAN_POINT('',(2.908572887379E-17,93.13578,5.2));
#2060 = DIRECTION('',(0.,-1.,0.));
#2061 = DIRECTION('',(1.,0.,0.));
#2062 = ADVANCED_FACE('',(#2063),#2074,.F.);
#2063 = FACE_BOUND('',#2064,.F.);
#2064 = EDGE_LOOP('',(#2065,#2066,#2067,#2073));
#2065 = ORIENTED_EDGE('',*,*,#2018,.T.);
#2066 = ORIENTED_EDGE('',*,*,#529,.T.);
#2067 = ORIENTED_EDGE('',*,*,#2068,.F.);
#2068 = EDGE_CURVE('',#132,#530,#2069,.T.);
#2069 = LINE('',#2070,#2071);
#2070 = CARTESIAN_POINT('',(57.199985,10.410787,0.));
#2071 = VECTOR('',#2072,1.);
#2072 = DIRECTION('',(0.,0.,1.));
#2073 = ORIENTED_EDGE('',*,*,#131,.F.);
#2074 = PLANE('',#2075);
#2075 = AXIS2_PLACEMENT_3D('',#2076,#2077,#2078);
#2076 = CARTESIAN_POINT('',(-1.1E-15,10.410787,0.));
#2077 = DIRECTION('',(0.,1.,0.));
#2078 = DIRECTION('',(1.,0.,0.));
#2079 = ADVANCED_FACE('',(#2080),#2099,.F.);
#2080 = FACE_BOUND('',#2081,.F.);
#2081 = EDGE_LOOP('',(#2082,#2091,#2092,#2093));
#2082 = ORIENTED_EDGE('',*,*,#2083,.F.);
#2083 = EDGE_CURVE('',#2034,#2084,#2086,.T.);
#2084 = VERTEX_POINT('',#2085);
#2085 = CARTESIAN_POINT('',(-0.475006,92.66077415523,5.2));
#2086 = CIRCLE('',#2087,0.475006);
#2087 = AXIS2_PLACEMENT_3D('',#2088,#2089,#2090);
#2088 = CARTESIAN_POINT('',(0.,92.660774,5.2));
#2089 = DIRECTION('',(0.,0.,1.));
#2090 = DIRECTION('',(1.,0.,0.));
#2091 = ORIENTED_EDGE('',*,*,#2041,.T.);
#2092 = ORIENTED_EDGE('',*,*,#321,.T.);
#2093 = ORIENTED_EDGE('',*,*,#2094,.F.);
#2094 = EDGE_CURVE('',#2084,#314,#2095,.T.);
#2095 = LINE('',#2096,#2097);
#2096 = CARTESIAN_POINT('',(-0.475006,92.66077415523,5.2));
#2097 = VECTOR('',#2098,1.);
#2098 = DIRECTION('',(-0.,-0.,-1.));
#2099 = CYLINDRICAL_SURFACE('',#2100,0.475006);
#2100 = AXIS2_PLACEMENT_3D('',#2101,#2102,#2103);
#2101 = CARTESIAN_POINT('',(0.,92.660774,5.2));
#2102 = DIRECTION('',(0.,0.,1.));
#2103 = DIRECTION('',(1.,0.,0.));
#2104 = ADVANCED_FACE('',(#2105),#2116,.F.);
#2105 = FACE_BOUND('',#2106,.F.);
#2106 = EDGE_LOOP('',(#2107,#2108,#2109,#2115));
#2107 = ORIENTED_EDGE('',*,*,#2068,.T.);
#2108 = ORIENTED_EDGE('',*,*,#537,.T.);
#2109 = ORIENTED_EDGE('',*,*,#2110,.F.);
#2110 = EDGE_CURVE('',#140,#538,#2111,.T.);
#2111 = LINE('',#2112,#2113);
#2112 = CARTESIAN_POINT('',(73.818748,5.648287,0.));
#2113 = VECTOR('',#2114,1.);
#2114 = DIRECTION('',(0.,0.,1.));
#2115 = ORIENTED_EDGE('',*,*,#139,.F.);
#2116 = PLANE('',#2117);
#2117 = AXIS2_PLACEMENT_3D('',#2118,#2119,#2120);
#2118 = CARTESIAN_POINT('',(57.199985,10.410787,0.));
#2119 = DIRECTION('',(0.275484827649,0.961305419591,0.));
#2120 = DIRECTION('',(0.961305419591,-0.275484827649,0.));
#2121 = ADVANCED_FACE('',(#2122),#2140,.F.);
#2122 = FACE_BOUND('',#2123,.F.);
#2123 = EDGE_LOOP('',(#2124,#2132,#2133,#2134));
#2124 = ORIENTED_EDGE('',*,*,#2125,.F.);
#2125 = EDGE_CURVE('',#2084,#2126,#2128,.T.);
#2126 = VERTEX_POINT('',#2127);
#2127 = CARTESIAN_POINT('',(-0.475006,16.410787,5.2));
#2128 = LINE('',#2129,#2130);
#2129 = CARTESIAN_POINT('',(-0.475006,92.66077415523,5.2));
#2130 = VECTOR('',#2131,1.);
#2131 = DIRECTION('',(0.,-1.,0.));
#2132 = ORIENTED_EDGE('',*,*,#2094,.T.);
#2133 = ORIENTED_EDGE('',*,*,#313,.T.);
#2134 = ORIENTED_EDGE('',*,*,#2135,.F.);
#2135 = EDGE_CURVE('',#2126,#305,#2136,.T.);
#2136 = LINE('',#2137,#2138);
#2137 = CARTESIAN_POINT('',(-0.475006,16.410787,5.2));
#2138 = VECTOR('',#2139,1.);
#2139 = DIRECTION('',(-0.,-0.,-1.));
#2140 = PLANE('',#2141);
#2141 = AXIS2_PLACEMENT_3D('',#2142,#2143,#2144);
#2142 = CARTESIAN_POINT('',(-0.475006,92.66077415523,5.2));
#2143 = DIRECTION('',(-1.,0.,0.));
#2144 = DIRECTION('',(0.,-1.,0.));
#2145 = ADVANCED_FACE('',(#2146),#2157,.F.);
#2146 = FACE_BOUND('',#2147,.T.);
#2147 = EDGE_LOOP('',(#2148,#2154,#2155,#2156));
#2148 = ORIENTED_EDGE('',*,*,#2149,.T.);
#2149 = EDGE_CURVE('',#148,#546,#2150,.T.);
#2150 = LINE('',#2151,#2152);
#2151 = CARTESIAN_POINT('',(127.54943342609,-4.935610622979,0.));
#2152 = VECTOR('',#2153,1.);
#2153 = DIRECTION('',(0.,0.,1.));
#2154 = ORIENTED_EDGE('',*,*,#545,.T.);
#2155 = ORIENTED_EDGE('',*,*,#2110,.F.);
#2156 = ORIENTED_EDGE('',*,*,#147,.F.);
#2157 = CYLINDRICAL_SURFACE('',#2158,106.12792851105);
#2158 = AXIS2_PLACEMENT_3D('',#2159,#2160,#2161);
#2159 = CARTESIAN_POINT('',(80.867528960507,-100.2453006104,0.));
#2160 = DIRECTION('',(-0.,-0.,-1.));
#2161 = DIRECTION('',(1.,0.,0.));
#2162 = ADVANCED_FACE('',(#2163),#2182,.F.);
#2163 = FACE_BOUND('',#2164,.F.);
#2164 = EDGE_LOOP('',(#2165,#2174,#2175,#2176));
#2165 = ORIENTED_EDGE('',*,*,#2166,.F.);
#2166 = EDGE_CURVE('',#2126,#2167,#2169,.T.);
#2167 = VERTEX_POINT('',#2168);
#2168 = CARTESIAN_POINT('',(-8.725718841711E-17,15.935781,5.2));
#2169 = CIRCLE('',#2170,0.475006);
#2170 = AXIS2_PLACEMENT_3D('',#2171,#2172,#2173);
#2171 = CARTESIAN_POINT('',(-1.795744622574E-24,16.410787,5.2));
#2172 = DIRECTION('',(0.,0.,1.));
#2173 = DIRECTION('',(1.,0.,0.));
#2174 = ORIENTED_EDGE('',*,*,#2135,.T.);
#2175 = ORIENTED_EDGE('',*,*,#304,.T.);
#2176 = ORIENTED_EDGE('',*,*,#2177,.F.);
#2177 = EDGE_CURVE('',#2167,#297,#2178,.T.);
#2178 = LINE('',#2179,#2180);
#2179 = CARTESIAN_POINT('',(-8.725718841711E-17,15.935781,5.2));
#2180 = VECTOR('',#2181,1.);
#2181 = DIRECTION('',(-0.,-0.,-1.));
#2182 = CYLINDRICAL_SURFACE('',#2183,0.475006);
#2183 = AXIS2_PLACEMENT_3D('',#2184,#2185,#2186);
#2184 = CARTESIAN_POINT('',(-1.795744622574E-24,16.410787,5.2));
#2185 = DIRECTION('',(0.,0.,1.));
#2186 = DIRECTION('',(1.,0.,0.));
#2187 = ADVANCED_FACE('',(#2188),#2199,.T.);
#2188 = FACE_BOUND('',#2189,.F.);
#2189 = EDGE_LOOP('',(#2190,#2191,#2192,#2198));
#2190 = ORIENTED_EDGE('',*,*,#2149,.T.);
#2191 = ORIENTED_EDGE('',*,*,#554,.T.);
#2192 = ORIENTED_EDGE('',*,*,#2193,.F.);
#2193 = EDGE_CURVE('',#157,#555,#2194,.T.);
#2194 = LINE('',#2195,#2196);
#2195 = CARTESIAN_POINT('',(135.37737811386,-1.660971950406,0.));
#2196 = VECTOR('',#2197,1.);
#2197 = DIRECTION('',(0.,0.,1.));
#2198 = ORIENTED_EDGE('',*,*,#156,.F.);
#2199 = CYLINDRICAL_SURFACE('',#2200,6.);
#2200 = AXIS2_PLACEMENT_3D('',#2201,#2202,#2203);
#2201 = CARTESIAN_POINT('',(129.82608589862,0.615682336261,0.));
#2202 = DIRECTION('',(-0.,-0.,-1.));
#2203 = DIRECTION('',(1.,0.,0.));
#2204 = ADVANCED_FACE('',(#2205),#2223,.F.);
#2205 = FACE_BOUND('',#2206,.F.);
#2206 = EDGE_LOOP('',(#2207,#2215,#2216,#2217));
#2207 = ORIENTED_EDGE('',*,*,#2208,.F.);
#2208 = EDGE_CURVE('',#2167,#2209,#2211,.T.);
#2209 = VERTEX_POINT('',#2210);
#2210 = CARTESIAN_POINT('',(57.199985,15.935781,5.2));
#2211 = LINE('',#2212,#2213);
#2212 = CARTESIAN_POINT('',(-8.725718662136E-17,15.935781,5.2));
#2213 = VECTOR('',#2214,1.);
#2214 = DIRECTION('',(1.,0.,0.));
#2215 = ORIENTED_EDGE('',*,*,#2177,.T.);
#2216 = ORIENTED_EDGE('',*,*,#296,.T.);
#2217 = ORIENTED_EDGE('',*,*,#2218,.F.);
#2218 = EDGE_CURVE('',#2209,#288,#2219,.T.);
#2219 = LINE('',#2220,#2221);
#2220 = CARTESIAN_POINT('',(57.199985,15.935781,5.2));
#2221 = VECTOR('',#2222,1.);
#2222 = DIRECTION('',(-0.,-0.,-1.));
#2223 = PLANE('',#2224);
#2224 = AXIS2_PLACEMENT_3D('',#2225,#2226,#2227);
#2225 = CARTESIAN_POINT('',(-8.725718662136E-17,15.935781,5.2));
#2226 = DIRECTION('',(0.,-1.,0.));
#2227 = DIRECTION('',(1.,0.,0.));
#2228 = ADVANCED_FACE('',(#2229),#2240,.T.);
#2229 = FACE_BOUND('',#2230,.T.);
#2230 = EDGE_LOOP('',(#2231,#2237,#2238,#2239));
#2231 = ORIENTED_EDGE('',*,*,#2232,.T.);
#2232 = EDGE_CURVE('',#166,#564,#2233,.T.);
#2233 = LINE('',#2234,#2235);
#2234 = CARTESIAN_POINT('',(143.58245313122,18.345916814423,0.));
#2235 = VECTOR('',#2236,1.);
#2236 = DIRECTION('',(0.,0.,1.));
#2237 = ORIENTED_EDGE('',*,*,#563,.T.);
#2238 = ORIENTED_EDGE('',*,*,#2193,.F.);
#2239 = ORIENTED_EDGE('',*,*,#165,.F.);
#2240 = PLANE('',#2241);
#2241 = AXIS2_PLACEMENT_3D('',#2242,#2243,#2244);
#2242 = CARTESIAN_POINT('',(143.58245313122,18.345916814423,0.));
#2243 = DIRECTION('',(0.925215369207,-0.379442381111,0.));
#2244 = DIRECTION('',(-0.379442381111,-0.925215369207,0.));
#2245 = ADVANCED_FACE('',(#2246),#2265,.F.);
#2246 = FACE_BOUND('',#2247,.F.);
#2247 = EDGE_LOOP('',(#2248,#2257,#2258,#2259));
#2248 = ORIENTED_EDGE('',*,*,#2249,.F.);
#2249 = EDGE_CURVE('',#2209,#2250,#2252,.T.);
#2250 = VERTEX_POINT('',#2251);
#2251 = CARTESIAN_POINT('',(57.674991,16.41078684477,5.2));
#2252 = CIRCLE('',#2253,0.475006);
#2253 = AXIS2_PLACEMENT_3D('',#2254,#2255,#2256);
#2254 = CARTESIAN_POINT('',(57.199985,16.410787,5.2));
#2255 = DIRECTION('',(0.,0.,1.));
#2256 = DIRECTION('',(1.,0.,0.));
#2257 = ORIENTED_EDGE('',*,*,#2218,.T.);
#2258 = ORIENTED_EDGE('',*,*,#287,.T.);
#2259 = ORIENTED_EDGE('',*,*,#2260,.F.);
#2260 = EDGE_CURVE('',#2250,#280,#2261,.T.);
#2261 = LINE('',#2262,#2263);
#2262 = CARTESIAN_POINT('',(57.674991,16.41078684477,5.2));
#2263 = VECTOR('',#2264,1.);
#2264 = DIRECTION('',(-0.,-0.,-1.));
#2265 = CYLINDRICAL_SURFACE('',#2266,0.475006);
#2266 = AXIS2_PLACEMENT_3D('',#2267,#2268,#2269);
#2267 = CARTESIAN_POINT('',(57.199985,16.410787,5.2));
#2268 = DIRECTION('',(0.,0.,1.));
#2269 = DIRECTION('',(1.,0.,0.));
#2270 = ADVANCED_FACE('',(#2271),#2277,.T.);
#2271 = FACE_BOUND('',#2272,.T.);
#2272 = EDGE_LOOP('',(#2273,#2274,#2275,#2276));
#2273 = ORIENTED_EDGE('',*,*,#1830,.T.);
#2274 = ORIENTED_EDGE('',*,*,#571,.T.);
#2275 = ORIENTED_EDGE('',*,*,#2232,.F.);
#2276 = ORIENTED_EDGE('',*,*,#173,.F.);
#2277 = PLANE('',#2278);
#2278 = AXIS2_PLACEMENT_3D('',#2279,#2280,#2281);
#2279 = CARTESIAN_POINT('',(140.237499,31.850939,0.));
#2280 = DIRECTION('',(0.970669549403,0.240417607222,0.));
#2281 = DIRECTION('',(0.240417607222,-0.970669549403,0.));
#2282 = ADVANCED_FACE('',(#2283),#2301,.F.);
#2283 = FACE_BOUND('',#2284,.F.);
#2284 = EDGE_LOOP('',(#2285,#2293,#2294,#2295));
#2285 = ORIENTED_EDGE('',*,*,#2286,.F.);
#2286 = EDGE_CURVE('',#2250,#2287,#2289,.T.);
#2287 = VERTEX_POINT('',#2288);
#2288 = CARTESIAN_POINT('',(57.674991,30.198287,5.2));
#2289 = LINE('',#2290,#2291);
#2290 = CARTESIAN_POINT('',(57.674991,16.41078684477,5.2));
#2291 = VECTOR('',#2292,1.);
#2292 = DIRECTION('',(0.,1.,0.));
#2293 = ORIENTED_EDGE('',*,*,#2260,.T.);
#2294 = ORIENTED_EDGE('',*,*,#279,.T.);
#2295 = ORIENTED_EDGE('',*,*,#2296,.F.);
#2296 = EDGE_CURVE('',#2287,#272,#2297,.T.);
#2297 = LINE('',#2298,#2299);
#2298 = CARTESIAN_POINT('',(57.674991,30.198287,5.2));
#2299 = VECTOR('',#2300,1.);
#2300 = DIRECTION('',(-0.,-0.,-1.));
#2301 = PLANE('',#2302);
#2302 = AXIS2_PLACEMENT_3D('',#2303,#2304,#2305);
#2303 = CARTESIAN_POINT('',(57.674991,16.41078684477,5.2));
#2304 = DIRECTION('',(1.,0.,0.));
#2305 = DIRECTION('',(0.,1.,0.));
#2306 = ADVANCED_FACE('',(#2307),#2325,.F.);
#2307 = FACE_BOUND('',#2308,.F.);
#2308 = EDGE_LOOP('',(#2309,#2317,#2318,#2319));
#2309 = ORIENTED_EDGE('',*,*,#2310,.F.);
#2310 = EDGE_CURVE('',#2287,#2311,#2313,.T.);
#2311 = VERTEX_POINT('',#2312);
#2312 = CARTESIAN_POINT('',(73.318748,30.198287,5.2));
#2313 = LINE('',#2314,#2315);
#2314 = CARTESIAN_POINT('',(57.674991,30.198287,5.2));
#2315 = VECTOR('',#2316,1.);
#2316 = DIRECTION('',(1.,0.,0.));
#2317 = ORIENTED_EDGE('',*,*,#2296,.T.);
#2318 = ORIENTED_EDGE('',*,*,#271,.T.);
#2319 = ORIENTED_EDGE('',*,*,#2320,.F.);
#2320 = EDGE_CURVE('',#2311,#264,#2321,.T.);
#2321 = LINE('',#2322,#2323);
#2322 = CARTESIAN_POINT('',(73.318748,30.198287,5.2));
#2323 = VECTOR('',#2324,1.);
#2324 = DIRECTION('',(-0.,-0.,-1.));
#2325 = PLANE('',#2326);
#2326 = AXIS2_PLACEMENT_3D('',#2327,#2328,#2329);
#2327 = CARTESIAN_POINT('',(57.674991,30.198287,5.2));
#2328 = DIRECTION('',(0.,-1.,0.));
#2329 = DIRECTION('',(1.,0.,0.));
#2330 = ADVANCED_FACE('',(#2331),#2342,.F.);
#2331 = FACE_BOUND('',#2332,.F.);
#2332 = EDGE_LOOP('',(#2333,#2334,#2340,#2341));
#2333 = ORIENTED_EDGE('',*,*,#1837,.F.);
#2334 = ORIENTED_EDGE('',*,*,#2335,.T.);
#2335 = EDGE_CURVE('',#1838,#1945,#2336,.T.);
#2336 = LINE('',#2337,#2338);
#2337 = CARTESIAN_POINT('',(140.237499,46.8451585,2.));
#2338 = VECTOR('',#2339,1.);
#2339 = DIRECTION('',(-1.,-0.,-0.));
#2340 = ORIENTED_EDGE('',*,*,#1953,.F.);
#2341 = ORIENTED_EDGE('',*,*,#189,.F.);
#2342 = PLANE('',#2343);
#2343 = AXIS2_PLACEMENT_3D('',#2344,#2345,#2346);
#2344 = CARTESIAN_POINT('',(140.237499,46.8451585,2.));
#2345 = DIRECTION('',(0.,-1.,0.));
#2346 = DIRECTION('',(0.,0.,-1.));
#2347 = ADVANCED_FACE('',(#2348),#2366,.F.);
#2348 = FACE_BOUND('',#2349,.F.);
#2349 = EDGE_LOOP('',(#2350,#2358,#2359,#2360));
#2350 = ORIENTED_EDGE('',*,*,#2351,.F.);
#2351 = EDGE_CURVE('',#2311,#2352,#2354,.T.);
#2352 = VERTEX_POINT('',#2353);
#2353 = CARTESIAN_POINT('',(73.318748,11.648287,5.2));
#2354 = LINE('',#2355,#2356);
#2355 = CARTESIAN_POINT('',(73.318748,30.198287,5.2));
#2356 = VECTOR('',#2357,1.);
#2357 = DIRECTION('',(0.,-1.,0.));
#2358 = ORIENTED_EDGE('',*,*,#2320,.T.);
#2359 = ORIENTED_EDGE('',*,*,#263,.T.);
#2360 = ORIENTED_EDGE('',*,*,#2361,.F.);
#2361 = EDGE_CURVE('',#2352,#255,#2362,.T.);
#2362 = LINE('',#2363,#2364);
#2363 = CARTESIAN_POINT('',(73.318748,11.648287,5.2));
#2364 = VECTOR('',#2365,1.);
#2365 = DIRECTION('',(-0.,-0.,-1.));
#2366 = PLANE('',#2367);
#2367 = AXIS2_PLACEMENT_3D('',#2368,#2369,#2370);
#2368 = CARTESIAN_POINT('',(73.318748,30.198287,5.2));
#2369 = DIRECTION('',(-1.,0.,0.));
#2370 = DIRECTION('',(0.,-1.,0.));
#2371 = ADVANCED_FACE('',(#2372),#2391,.F.);
#2372 = FACE_BOUND('',#2373,.F.);
#2373 = EDGE_LOOP('',(#2374,#2383,#2384,#2385));
#2374 = ORIENTED_EDGE('',*,*,#2375,.F.);
#2375 = EDGE_CURVE('',#2352,#2376,#2378,.T.);
#2376 = VERTEX_POINT('',#2377);
#2377 = CARTESIAN_POINT('',(73.818747836603,11.148287,5.2));
#2378 = CIRCLE('',#2379,0.5);
#2379 = AXIS2_PLACEMENT_3D('',#2380,#2381,#2382);
#2380 = CARTESIAN_POINT('',(73.818748,11.648287,5.2));
#2381 = DIRECTION('',(0.,0.,1.));
#2382 = DIRECTION('',(1.,0.,0.));
#2383 = ORIENTED_EDGE('',*,*,#2361,.T.);
#2384 = ORIENTED_EDGE('',*,*,#254,.T.);
#2385 = ORIENTED_EDGE('',*,*,#2386,.F.);
#2386 = EDGE_CURVE('',#2376,#247,#2387,.T.);
#2387 = LINE('',#2388,#2389);
#2388 = CARTESIAN_POINT('',(73.818747836603,11.148287,5.2));
#2389 = VECTOR('',#2390,1.);
#2390 = DIRECTION('',(-0.,-0.,-1.));
#2391 = CYLINDRICAL_SURFACE('',#2392,0.5);
#2392 = AXIS2_PLACEMENT_3D('',#2393,#2394,#2395);
#2393 = CARTESIAN_POINT('',(73.818748,11.648287,5.2));
#2394 = DIRECTION('',(0.,0.,1.));
#2395 = DIRECTION('',(1.,0.,0.));
#2396 = ADVANCED_FACE('',(#2397),#2415,.T.);
#2397 = FACE_BOUND('',#2398,.T.);
#2398 = EDGE_LOOP('',(#2399,#2407,#2408,#2409));
#2399 = ORIENTED_EDGE('',*,*,#2400,.F.);
#2400 = EDGE_CURVE('',#1912,#2401,#2403,.T.);
#2401 = VERTEX_POINT('',#2402);
#2402 = CARTESIAN_POINT('',(137.6135516358,18.345916814423,5.2));
#2403 = LINE('',#2404,#2405);
#2404 = CARTESIAN_POINT('',(134.71248,31.850939,5.2));
#2405 = VECTOR('',#2406,1.);
#2406 = DIRECTION('',(0.210023152311,-0.977696412745,0.));
#2407 = ORIENTED_EDGE('',*,*,#1960,.T.);
#2408 = ORIENTED_EDGE('',*,*,#205,.T.);
#2409 = ORIENTED_EDGE('',*,*,#2410,.F.);
#2410 = EDGE_CURVE('',#2401,#206,#2411,.T.);
#2411 = LINE('',#2412,#2413);
#2412 = CARTESIAN_POINT('',(137.6135516358,18.345916814423,5.2));
#2413 = VECTOR('',#2414,1.);
#2414 = DIRECTION('',(-0.,-0.,-1.));
#2415 = PLANE('',#2416);
#2416 = AXIS2_PLACEMENT_3D('',#2417,#2418,#2419);
#2417 = CARTESIAN_POINT('',(134.71248,31.850939,5.2));
#2418 = DIRECTION('',(-0.977696412745,-0.210023152311,0.));
#2419 = DIRECTION('',(0.210023152311,-0.977696412745,0.));
#2420 = ADVANCED_FACE('',(#2421),#2439,.F.);
#2421 = FACE_BOUND('',#2422,.F.);
#2422 = EDGE_LOOP('',(#2423,#2431,#2432,#2433));
#2423 = ORIENTED_EDGE('',*,*,#2424,.F.);
#2424 = EDGE_CURVE('',#2376,#2425,#2427,.T.);
#2425 = VERTEX_POINT('',#2426);
#2426 = CARTESIAN_POINT('',(92.891329,11.148287,5.2));
#2427 = LINE('',#2428,#2429);
#2428 = CARTESIAN_POINT('',(73.818747836603,11.148287,5.2));
#2429 = VECTOR('',#2430,1.);
#2430 = DIRECTION('',(1.,0.,0.));
#2431 = ORIENTED_EDGE('',*,*,#2386,.T.);
#2432 = ORIENTED_EDGE('',*,*,#246,.T.);
#2433 = ORIENTED_EDGE('',*,*,#2434,.F.);
#2434 = EDGE_CURVE('',#2425,#239,#2435,.T.);
#2435 = LINE('',#2436,#2437);
#2436 = CARTESIAN_POINT('',(92.891329,11.148287,5.2));
#2437 = VECTOR('',#2438,1.);
#2438 = DIRECTION('',(-0.,-0.,-1.));
#2439 = PLANE('',#2440);
#2440 = AXIS2_PLACEMENT_3D('',#2441,#2442,#2443);
#2441 = CARTESIAN_POINT('',(73.818747836603,11.148287,5.2));
#2442 = DIRECTION('',(0.,-1.,0.));
#2443 = DIRECTION('',(1.,0.,0.));
#2444 = ADVANCED_FACE('',(#2445),#2463,.T.);
#2445 = FACE_BOUND('',#2446,.T.);
#2446 = EDGE_LOOP('',(#2447,#2455,#2456,#2457));
#2447 = ORIENTED_EDGE('',*,*,#2448,.F.);
#2448 = EDGE_CURVE('',#2401,#2449,#2451,.T.);
#2449 = VERTEX_POINT('',#2450);
#2450 = CARTESIAN_POINT('',(130.23201832225,0.448263532197,5.2));
#2451 = LINE('',#2452,#2453);
#2452 = CARTESIAN_POINT('',(137.6135516358,18.345916814423,5.2));
#2453 = VECTOR('',#2454,1.);
#2454 = DIRECTION('',(-0.381275804095,-0.924461335704,0.));
#2455 = ORIENTED_EDGE('',*,*,#2410,.T.);
#2456 = ORIENTED_EDGE('',*,*,#213,.T.);
#2457 = ORIENTED_EDGE('',*,*,#2458,.F.);
#2458 = EDGE_CURVE('',#2449,#214,#2459,.T.);
#2459 = LINE('',#2460,#2461);
#2460 = CARTESIAN_POINT('',(130.23201832225,0.448263532197,5.2));
#2461 = VECTOR('',#2462,1.);
#2462 = DIRECTION('',(-0.,-0.,-1.));
#2463 = PLANE('',#2464);
#2464 = AXIS2_PLACEMENT_3D('',#2465,#2466,#2467);
#2465 = CARTESIAN_POINT('',(137.6135516358,18.345916814423,5.2));
#2466 = DIRECTION('',(-0.924461335704,0.381275804095,0.));
#2467 = DIRECTION('',(-0.381275804095,-0.924461335704,0.));
#2468 = ADVANCED_FACE('',(#2469),#2487,.F.);
#2469 = FACE_BOUND('',#2470,.F.);
#2470 = EDGE_LOOP('',(#2471,#2479,#2480,#2481));
#2471 = ORIENTED_EDGE('',*,*,#2472,.F.);
#2472 = EDGE_CURVE('',#2425,#2473,#2475,.T.);
#2473 = VERTEX_POINT('',#2474);
#2474 = CARTESIAN_POINT('',(112.12330604295,7.401220539073,5.2));
#2475 = LINE('',#2476,#2477);
#2476 = CARTESIAN_POINT('',(92.891329,11.148287,5.2));
#2477 = VECTOR('',#2478,1.);
#2478 = DIRECTION('',(0.981543455629,-0.191239234236,0.));
#2479 = ORIENTED_EDGE('',*,*,#2434,.T.);
#2480 = ORIENTED_EDGE('',*,*,#238,.T.);
#2481 = ORIENTED_EDGE('',*,*,#2482,.F.);
#2482 = EDGE_CURVE('',#2473,#231,#2483,.T.);
#2483 = LINE('',#2484,#2485);
#2484 = CARTESIAN_POINT('',(112.12330604295,7.401220539073,5.2));
#2485 = VECTOR('',#2486,1.);
#2486 = DIRECTION('',(-0.,-0.,-1.));
#2487 = PLANE('',#2488);
#2488 = AXIS2_PLACEMENT_3D('',#2489,#2490,#2491);
#2489 = CARTESIAN_POINT('',(92.891329,11.148287,5.2));
#2490 = DIRECTION('',(-0.191239234236,-0.981543455629,0.));
#2491 = DIRECTION('',(0.981543455629,-0.191239234236,0.));
#2492 = ADVANCED_FACE('',(#2493),#2512,.F.);
#2493 = FACE_BOUND('',#2494,.F.);
#2494 = EDGE_LOOP('',(#2495,#2504,#2510,#2511));
#2495 = ORIENTED_EDGE('',*,*,#2496,.F.);
#2496 = EDGE_CURVE('',#2497,#2449,#2499,.T.);
#2497 = VERTEX_POINT('',#2498);
#2498 = CARTESIAN_POINT('',(129.65866722722,0.20974985792,5.2));
#2499 = CIRCLE('',#2500,0.439101569694);
#2500 = AXIS2_PLACEMENT_3D('',#2501,#2502,#2503);
#2501 = CARTESIAN_POINT('',(129.82608589862,0.615682336261,5.2));
#2502 = DIRECTION('',(0.,0.,1.));
#2503 = DIRECTION('',(1.,0.,0.));
#2504 = ORIENTED_EDGE('',*,*,#2505,.T.);
#2505 = EDGE_CURVE('',#2497,#222,#2506,.T.);
#2506 = LINE('',#2507,#2508);
#2507 = CARTESIAN_POINT('',(129.65866722722,0.20974985792,5.2));
#2508 = VECTOR('',#2509,1.);
#2509 = DIRECTION('',(-0.,-0.,-1.));
#2510 = ORIENTED_EDGE('',*,*,#221,.T.);
#2511 = ORIENTED_EDGE('',*,*,#2458,.F.);
#2512 = CYLINDRICAL_SURFACE('',#2513,0.439101569694);
#2513 = AXIS2_PLACEMENT_3D('',#2514,#2515,#2516);
#2514 = CARTESIAN_POINT('',(129.82608589862,0.615682336261,5.2));
#2515 = DIRECTION('',(0.,0.,1.));
#2516 = DIRECTION('',(1.,0.,0.));
#2517 = ADVANCED_FACE('',(#2518),#2529,.T.);
#2518 = FACE_BOUND('',#2519,.T.);
#2519 = EDGE_LOOP('',(#2520,#2526,#2527,#2528));
#2520 = ORIENTED_EDGE('',*,*,#2521,.F.);
#2521 = EDGE_CURVE('',#2497,#2473,#2522,.T.);
#2522 = LINE('',#2523,#2524);
#2523 = CARTESIAN_POINT('',(129.65866722722,0.20974985792,5.2));
#2524 = VECTOR('',#2525,1.);
#2525 = DIRECTION('',(-0.925215369207,0.379442381111,0.));
#2526 = ORIENTED_EDGE('',*,*,#2505,.T.);
#2527 = ORIENTED_EDGE('',*,*,#230,.T.);
#2528 = ORIENTED_EDGE('',*,*,#2482,.F.);
#2529 = PLANE('',#2530);
#2530 = AXIS2_PLACEMENT_3D('',#2531,#2532,#2533);
#2531 = CARTESIAN_POINT('',(129.65866722722,0.20974985792,5.2));
#2532 = DIRECTION('',(0.379442381111,0.925215369207,0.));
#2533 = DIRECTION('',(-0.925215369207,0.379442381111,0.));
#2534 = ADVANCED_FACE('',(#2535),#2554,.F.);
#2535 = FACE_BOUND('',#2536,.F.);
#2536 = EDGE_LOOP('',(#2537,#2546,#2552,#2553));
#2537 = ORIENTED_EDGE('',*,*,#2538,.F.);
#2538 = EDGE_CURVE('',#2539,#2539,#2541,.T.);
#2539 = VERTEX_POINT('',#2540);
#2540 = CARTESIAN_POINT('',(-0.921319303704,14.289465616586,5.2));
#2541 = CIRCLE('',#2542,1.2);
#2542 = AXIS2_PLACEMENT_3D('',#2543,#2544,#2545);
#2543 = CARTESIAN_POINT('',(-2.121319303704,14.289465616586,5.2));
#2544 = DIRECTION('',(0.,0.,1.));
#2545 = DIRECTION('',(1.,0.,0.));
#2546 = ORIENTED_EDGE('',*,*,#2547,.T.);
#2547 = EDGE_CURVE('',#2539,#372,#2548,.T.);
#2548 = LINE('',#2549,#2550);
#2549 = CARTESIAN_POINT('',(-0.921319303704,14.289465616586,7.));
#2550 = VECTOR('',#2551,1.);
#2551 = DIRECTION('',(-0.,-0.,-1.));
#2552 = ORIENTED_EDGE('',*,*,#371,.T.);
#2553 = ORIENTED_EDGE('',*,*,#2547,.F.);
#2554 = CYLINDRICAL_SURFACE('',#2555,1.2);
#2555 = AXIS2_PLACEMENT_3D('',#2556,#2557,#2558);
#2556 = CARTESIAN_POINT('',(-2.121319303704,14.289465616586,7.));
#2557 = DIRECTION('',(0.,0.,1.));
#2558 = DIRECTION('',(1.,0.,0.));
#2559 = ADVANCED_FACE('',(#2560),#2579,.F.);
#2560 = FACE_BOUND('',#2561,.F.);
#2561 = EDGE_LOOP('',(#2562,#2571,#2577,#2578));
#2562 = ORIENTED_EDGE('',*,*,#2563,.F.);
#2563 = EDGE_CURVE('',#2564,#2564,#2566,.T.);
#2564 = VERTEX_POINT('',#2565);
#2565 = CARTESIAN_POINT('',(132.18384524124,-2.151914690871,5.2));
#2566 = CIRCLE('',#2567,1.2);
#2567 = AXIS2_PLACEMENT_3D('',#2568,#2569,#2570);
#2568 = CARTESIAN_POINT('',(130.98384524124,-2.151914690871,5.2));
#2569 = DIRECTION('',(0.,0.,1.));
#2570 = DIRECTION('',(1.,0.,0.));
#2571 = ORIENTED_EDGE('',*,*,#2572,.T.);
#2572 = EDGE_CURVE('',#2564,#383,#2573,.T.);
#2573 = LINE('',#2574,#2575);
#2574 = CARTESIAN_POINT('',(132.18384524124,-2.151914690871,7.));
#2575 = VECTOR('',#2576,1.);
#2576 = DIRECTION('',(-0.,-0.,-1.));
#2577 = ORIENTED_EDGE('',*,*,#382,.T.);
#2578 = ORIENTED_EDGE('',*,*,#2572,.F.);
#2579 = CYLINDRICAL_SURFACE('',#2580,1.2);
#2580 = AXIS2_PLACEMENT_3D('',#2581,#2582,#2583);
#2581 = CARTESIAN_POINT('',(130.98384524124,-2.151914690871,7.));
#2582 = DIRECTION('',(0.,0.,1.));
#2583 = DIRECTION('',(1.,0.,0.));
#2584 = ADVANCED_FACE('',(#2585),#2604,.F.);
#2585 = FACE_BOUND('',#2586,.F.);
#2586 = EDGE_LOOP('',(#2587,#2596,#2602,#2603));
#2587 = ORIENTED_EDGE('',*,*,#2588,.F.);
#2588 = EDGE_CURVE('',#2589,#2589,#2591,.T.);
#2589 = VERTEX_POINT('',#2590);
#2590 = CARTESIAN_POINT('',(-0.921319650326,94.782095036793,5.2));
#2591 = CIRCLE('',#2592,1.2);
#2592 = AXIS2_PLACEMENT_3D('',#2593,#2594,#2595);
#2593 = CARTESIAN_POINT('',(-2.121319650326,94.782095036793,5.2));
#2594 = DIRECTION('',(0.,0.,1.));
#2595 = DIRECTION('',(1.,0.,0.));
#2596 = ORIENTED_EDGE('',*,*,#2597,.T.);
#2597 = EDGE_CURVE('',#2589,#394,#2598,.T.);
#2598 = LINE('',#2599,#2600);
#2599 = CARTESIAN_POINT('',(-0.921319650326,94.782095036793,7.));
#2600 = VECTOR('',#2601,1.);
#2601 = DIRECTION('',(-0.,-0.,-1.));
#2602 = ORIENTED_EDGE('',*,*,#393,.T.);
#2603 = ORIENTED_EDGE('',*,*,#2597,.F.);
#2604 = CYLINDRICAL_SURFACE('',#2605,1.2);
#2605 = AXIS2_PLACEMENT_3D('',#2606,#2607,#2608);
#2606 = CARTESIAN_POINT('',(-2.121319650326,94.782095036793,7.));
#2607 = DIRECTION('',(0.,0.,1.));
#2608 = DIRECTION('',(1.,0.,0.));
#2609 = ADVANCED_FACE('',(#2610),#2629,.F.);
#2610 = FACE_BOUND('',#2611,.F.);
#2611 = EDGE_LOOP('',(#2612,#2621,#2627,#2628));
#2612 = ORIENTED_EDGE('',*,*,#2613,.F.);
#2613 = EDGE_CURVE('',#2614,#2614,#2616,.T.);
#2614 = VERTEX_POINT('',#2615);
#2615 = CARTESIAN_POINT('',(137.55881969017,94.782093996941,5.2));
#2616 = CIRCLE('',#2617,1.2);
#2617 = AXIS2_PLACEMENT_3D('',#2618,#2619,#2620);
#2618 = CARTESIAN_POINT('',(136.35881969017,94.782093996941,5.2));
#2619 = DIRECTION('',(0.,0.,1.));
#2620 = DIRECTION('',(1.,0.,0.));
#2621 = ORIENTED_EDGE('',*,*,#2622,.T.);
#2622 = EDGE_CURVE('',#2614,#405,#2623,.T.);
#2623 = LINE('',#2624,#2625);
#2624 = CARTESIAN_POINT('',(137.55881969017,94.782093996941,7.));
#2625 = VECTOR('',#2626,1.);
#2626 = DIRECTION('',(-0.,-0.,-1.));
#2627 = ORIENTED_EDGE('',*,*,#404,.T.);
#2628 = ORIENTED_EDGE('',*,*,#2622,.F.);
#2629 = CYLINDRICAL_SURFACE('',#2630,1.2);
#2630 = AXIS2_PLACEMENT_3D('',#2631,#2632,#2633);
#2631 = CARTESIAN_POINT('',(136.35881969017,94.782093996941,7.));
#2632 = DIRECTION('',(0.,0.,1.));
#2633 = DIRECTION('',(1.,0.,0.));
#2634 = ADVANCED_FACE('',(#2635),#2653,.T.);
#2635 = FACE_BOUND('',#2636,.T.);
#2636 = EDGE_LOOP('',(#2637,#2645,#2651,#2652));
#2637 = ORIENTED_EDGE('',*,*,#2638,.F.);
#2638 = EDGE_CURVE('',#2639,#1778,#2641,.T.);
#2639 = VERTEX_POINT('',#2640);
#2640 = CARTESIAN_POINT('',(134.21248,92.63578,5.2));
#2641 = LINE('',#2642,#2643);
#2642 = CARTESIAN_POINT('',(101.69597028041,92.63578,5.2));
#2643 = VECTOR('',#2644,1.);
#2644 = DIRECTION('',(-1.,0.,0.));
#2645 = ORIENTED_EDGE('',*,*,#2646,.T.);
#2646 = EDGE_CURVE('',#2639,#465,#2647,.T.);
#2647 = LINE('',#2648,#2649);
#2648 = CARTESIAN_POINT('',(134.21248,92.63578,0.));
#2649 = VECTOR('',#2650,1.);
#2650 = DIRECTION('',(0.,0.,1.));
#2651 = ORIENTED_EDGE('',*,*,#464,.T.);
#2652 = ORIENTED_EDGE('',*,*,#1777,.T.);
#2653 = PLANE('',#2654);
#2654 = AXIS2_PLACEMENT_3D('',#2655,#2656,#2657);
#2655 = CARTESIAN_POINT('',(134.21248,92.63578,0.));
#2656 = DIRECTION('',(0.,-1.,0.));
#2657 = DIRECTION('',(-1.,0.,0.));
#2658 = ADVANCED_FACE('',(#2659),#2677,.T.);
#2659 = FACE_BOUND('',#2660,.T.);
#2660 = EDGE_LOOP('',(#2661,#2669,#2675,#2676));
#2661 = ORIENTED_EDGE('',*,*,#2662,.F.);
#2662 = EDGE_CURVE('',#2663,#2639,#2665,.T.);
#2663 = VERTEX_POINT('',#2664);
#2664 = CARTESIAN_POINT('',(134.21248,56.942024,5.2));
#2665 = LINE('',#2666,#2667);
#2666 = CARTESIAN_POINT('',(134.21248,53.598573420603,5.2));
#2667 = VECTOR('',#2668,1.);
#2668 = DIRECTION('',(0.,1.,0.));
#2669 = ORIENTED_EDGE('',*,*,#2670,.T.);
#2670 = EDGE_CURVE('',#2663,#473,#2671,.T.);
#2671 = LINE('',#2672,#2673);
#2672 = CARTESIAN_POINT('',(134.21248,56.942024,0.));
#2673 = VECTOR('',#2674,1.);
#2674 = DIRECTION('',(0.,0.,1.));
#2675 = ORIENTED_EDGE('',*,*,#472,.T.);
#2676 = ORIENTED_EDGE('',*,*,#2646,.F.);
#2677 = PLANE('',#2678);
#2678 = AXIS2_PLACEMENT_3D('',#2679,#2680,#2681);
#2679 = CARTESIAN_POINT('',(134.21248,56.942024,0.));
#2680 = DIRECTION('',(-1.,0.,0.));
#2681 = DIRECTION('',(0.,1.,0.));
#2682 = ADVANCED_FACE('',(#2683),#2701,.T.);
#2683 = FACE_BOUND('',#2684,.T.);
#2684 = EDGE_LOOP('',(#2685,#2693,#2699,#2700));
#2685 = ORIENTED_EDGE('',*,*,#2686,.F.);
#2686 = EDGE_CURVE('',#2687,#2663,#2689,.T.);
#2687 = VERTEX_POINT('',#2688);
#2688 = CARTESIAN_POINT('',(114.349985,56.942024,5.2));
#2689 = LINE('',#2690,#2691);
#2690 = CARTESIAN_POINT('',(91.764722780411,56.942024,5.2));
#2691 = VECTOR('',#2692,1.);
#2692 = DIRECTION('',(1.,0.,0.));
#2693 = ORIENTED_EDGE('',*,*,#2694,.T.);
#2694 = EDGE_CURVE('',#2687,#481,#2695,.T.);
#2695 = LINE('',#2696,#2697);
#2696 = CARTESIAN_POINT('',(114.349985,56.942024,0.));
#2697 = VECTOR('',#2698,1.);
#2698 = DIRECTION('',(0.,0.,1.));
#2699 = ORIENTED_EDGE('',*,*,#480,.T.);
#2700 = ORIENTED_EDGE('',*,*,#2670,.F.);
#2701 = PLANE('',#2702);
#2702 = AXIS2_PLACEMENT_3D('',#2703,#2704,#2705);
#2703 = CARTESIAN_POINT('',(114.349985,56.942024,0.));
#2704 = DIRECTION('',(0.,1.,0.));
#2705 = DIRECTION('',(1.,0.,0.));
#2706 = ADVANCED_FACE('',(#2707),#2725,.T.);
#2707 = FACE_BOUND('',#2708,.T.);
#2708 = EDGE_LOOP('',(#2709,#2717,#2723,#2724));
#2709 = ORIENTED_EDGE('',*,*,#2710,.F.);
#2710 = EDGE_CURVE('',#2711,#2687,#2713,.T.);
#2711 = VERTEX_POINT('',#2712);
#2712 = CARTESIAN_POINT('',(114.349985,92.63578,5.2));
#2713 = LINE('',#2714,#2715);
#2714 = CARTESIAN_POINT('',(114.349985,71.445451420603,5.2));
#2715 = VECTOR('',#2716,1.);
#2716 = DIRECTION('',(0.,-1.,0.));
#2717 = ORIENTED_EDGE('',*,*,#2718,.T.);
#2718 = EDGE_CURVE('',#2711,#489,#2719,.T.);
#2719 = LINE('',#2720,#2721);
#2720 = CARTESIAN_POINT('',(114.349985,92.63578,0.));
#2721 = VECTOR('',#2722,1.);
#2722 = DIRECTION('',(0.,0.,1.));
#2723 = ORIENTED_EDGE('',*,*,#488,.T.);
#2724 = ORIENTED_EDGE('',*,*,#2694,.F.);
#2725 = PLANE('',#2726);
#2726 = AXIS2_PLACEMENT_3D('',#2727,#2728,#2729);
#2727 = CARTESIAN_POINT('',(114.349985,92.63578,0.));
#2728 = DIRECTION('',(1.,0.,0.));
#2729 = DIRECTION('',(0.,-1.,0.));
#2730 = ADVANCED_FACE('',(#2731),#2742,.T.);
#2731 = FACE_BOUND('',#2732,.T.);
#2732 = EDGE_LOOP('',(#2733,#2739,#2740,#2741));
#2733 = ORIENTED_EDGE('',*,*,#2734,.F.);
#2734 = EDGE_CURVE('',#1728,#2711,#2735,.T.);
#2735 = LINE('',#2736,#2737);
#2736 = CARTESIAN_POINT('',(101.69597028041,92.63578,5.2));
#2737 = VECTOR('',#2738,1.);
#2738 = DIRECTION('',(-1.,0.,0.));
#2739 = ORIENTED_EDGE('',*,*,#1735,.T.);
#2740 = ORIENTED_EDGE('',*,*,#496,.T.);
#2741 = ORIENTED_EDGE('',*,*,#2718,.F.);
#2742 = PLANE('',#2743);
#2743 = AXIS2_PLACEMENT_3D('',#2744,#2745,#2746);
#2744 = CARTESIAN_POINT('',(134.21248,92.63578,0.));
#2745 = DIRECTION('',(0.,-1.,0.));
#2746 = DIRECTION('',(-1.,0.,0.));
#2747 = ADVANCED_FACE('',(#2748),#2773,.F.);
#2748 = FACE_BOUND('',#2749,.F.);
#2749 = EDGE_LOOP('',(#2750,#2758,#2766,#2772));
#2750 = ORIENTED_EDGE('',*,*,#2751,.T.);
#2751 = EDGE_CURVE('',#588,#2752,#2754,.T.);
#2752 = VERTEX_POINT('',#2753);
#2753 = CARTESIAN_POINT('',(0.130346746134,15.589465616588,5.2));
#2754 = LINE('',#2755,#2756);
#2755 = CARTESIAN_POINT('',(0.130346746134,15.589465616588,7.));
#2756 = VECTOR('',#2757,1.);
#2757 = DIRECTION('',(-0.,-0.,-1.));
#2758 = ORIENTED_EDGE('',*,*,#2759,.T.);
#2759 = EDGE_CURVE('',#2752,#2760,#2762,.T.);
#2760 = VERTEX_POINT('',#2761);
#2761 = CARTESIAN_POINT('',(-2.121319303704,16.889465616586,5.2));
#2762 = LINE('',#2763,#2764);
#2763 = CARTESIAN_POINT('',(0.130346746134,15.589465616588,5.2));
#2764 = VECTOR('',#2765,1.);
#2765 = DIRECTION('',(-0.866025403785,0.5,0.));
#2766 = ORIENTED_EDGE('',*,*,#2767,.F.);
#2767 = EDGE_CURVE('',#590,#2760,#2768,.T.);
#2768 = LINE('',#2769,#2770);
#2769 = CARTESIAN_POINT('',(-2.121319303704,16.889465616586,7.));
#2770 = VECTOR('',#2771,1.);
#2771 = DIRECTION('',(-0.,-0.,-1.));
#2772 = ORIENTED_EDGE('',*,*,#587,.F.);
#2773 = PLANE('',#2774);
#2774 = AXIS2_PLACEMENT_3D('',#2775,#2776,#2777);
#2775 = CARTESIAN_POINT('',(0.130346746134,15.589465616588,7.));
#2776 = DIRECTION('',(0.5,0.866025403785,0.));
#2777 = DIRECTION('',(-0.866025403785,0.5,0.));
#2778 = ADVANCED_FACE('',(#2779),#2797,.F.);
#2779 = FACE_BOUND('',#2780,.F.);
#2780 = EDGE_LOOP('',(#2781,#2782,#2790,#2796));
#2781 = ORIENTED_EDGE('',*,*,#2767,.T.);
#2782 = ORIENTED_EDGE('',*,*,#2783,.T.);
#2783 = EDGE_CURVE('',#2760,#2784,#2786,.T.);
#2784 = VERTEX_POINT('',#2785);
#2785 = CARTESIAN_POINT('',(-4.372985353546,15.589465616581,5.2));
#2786 = LINE('',#2787,#2788);
#2787 = CARTESIAN_POINT('',(-2.121319303704,16.889465616586,5.2));
#2788 = VECTOR('',#2789,1.);
#2789 = DIRECTION('',(-0.866025403784,-0.500000000001,0.));
#2790 = ORIENTED_EDGE('',*,*,#2791,.F.);
#2791 = EDGE_CURVE('',#622,#2784,#2792,.T.);
#2792 = LINE('',#2793,#2794);
#2793 = CARTESIAN_POINT('',(-4.372985353546,15.589465616581,7.));
#2794 = VECTOR('',#2795,1.);
#2795 = DIRECTION('',(-0.,-0.,-1.));
#2796 = ORIENTED_EDGE('',*,*,#629,.F.);
#2797 = PLANE('',#2798);
#2798 = AXIS2_PLACEMENT_3D('',#2799,#2800,#2801);
#2799 = CARTESIAN_POINT('',(-2.121319303704,16.889465616586,7.));
#2800 = DIRECTION('',(-0.500000000001,0.866025403784,0.));
#2801 = DIRECTION('',(-0.866025403784,-0.500000000001,0.));
#2802 = ADVANCED_FACE('',(#2803),#2821,.F.);
#2803 = FACE_BOUND('',#2804,.F.);
#2804 = EDGE_LOOP('',(#2805,#2806,#2814,#2820));
#2805 = ORIENTED_EDGE('',*,*,#2791,.T.);
#2806 = ORIENTED_EDGE('',*,*,#2807,.T.);
#2807 = EDGE_CURVE('',#2784,#2808,#2810,.T.);
#2808 = VERTEX_POINT('',#2809);
#2809 = CARTESIAN_POINT('',(-4.372985353543,12.989465616583,5.2));
#2810 = LINE('',#2811,#2812);
#2811 = CARTESIAN_POINT('',(-4.372985353546,15.589465616581,5.2));
#2812 = VECTOR('',#2813,1.);
#2813 = DIRECTION('',(1.493164566351E-12,-1.,0.));
#2814 = ORIENTED_EDGE('',*,*,#2815,.F.);
#2815 = EDGE_CURVE('',#614,#2808,#2816,.T.);
#2816 = LINE('',#2817,#2818);
#2817 = CARTESIAN_POINT('',(-4.372985353543,12.989465616583,7.));
#2818 = VECTOR('',#2819,1.);
#2819 = DIRECTION('',(-0.,-0.,-1.));
#2820 = ORIENTED_EDGE('',*,*,#621,.F.);
#2821 = PLANE('',#2822);
#2822 = AXIS2_PLACEMENT_3D('',#2823,#2824,#2825);
#2823 = CARTESIAN_POINT('',(-4.372985353546,15.589465616581,7.));
#2824 = DIRECTION('',(-1.,-1.493164566351E-12,0.));
#2825 = DIRECTION('',(1.493164566351E-12,-1.,0.));
#2826 = ADVANCED_FACE('',(#2827),#2845,.F.);
#2827 = FACE_BOUND('',#2828,.F.);
#2828 = EDGE_LOOP('',(#2829,#2830,#2838,#2844));
#2829 = ORIENTED_EDGE('',*,*,#2815,.T.);
#2830 = ORIENTED_EDGE('',*,*,#2831,.T.);
#2831 = EDGE_CURVE('',#2808,#2832,#2834,.T.);
#2832 = VERTEX_POINT('',#2833);
#2833 = CARTESIAN_POINT('',(-2.121319303704,11.689465616586,5.2));
#2834 = LINE('',#2835,#2836);
#2835 = CARTESIAN_POINT('',(-4.372985353543,12.989465616583,5.2));
#2836 = VECTOR('',#2837,1.);
#2837 = DIRECTION('',(0.866025403785,-0.499999999999,0.));
#2838 = ORIENTED_EDGE('',*,*,#2839,.F.);
#2839 = EDGE_CURVE('',#606,#2832,#2840,.T.);
#2840 = LINE('',#2841,#2842);
#2841 = CARTESIAN_POINT('',(-2.121319303704,11.689465616586,7.));
#2842 = VECTOR('',#2843,1.);
#2843 = DIRECTION('',(-0.,-0.,-1.));
#2844 = ORIENTED_EDGE('',*,*,#613,.F.);
#2845 = PLANE('',#2846);
#2846 = AXIS2_PLACEMENT_3D('',#2847,#2848,#2849);
#2847 = CARTESIAN_POINT('',(-4.372985353543,12.989465616583,7.));
#2848 = DIRECTION('',(-0.499999999999,-0.866025403785,0.));
#2849 = DIRECTION('',(0.866025403785,-0.499999999999,0.));
#2850 = ADVANCED_FACE('',(#2851),#2869,.F.);
#2851 = FACE_BOUND('',#2852,.F.);
#2852 = EDGE_LOOP('',(#2853,#2854,#2862,#2868));
#2853 = ORIENTED_EDGE('',*,*,#2839,.T.);
#2854 = ORIENTED_EDGE('',*,*,#2855,.T.);
#2855 = EDGE_CURVE('',#2832,#2856,#2858,.T.);
#2856 = VERTEX_POINT('',#2857);
#2857 = CARTESIAN_POINT('',(0.130346746134,12.989465616584,5.2));
#2858 = LINE('',#2859,#2860);
#2859 = CARTESIAN_POINT('',(-2.121319303704,11.689465616586,5.2));
#2860 = VECTOR('',#2861,1.);
#2861 = DIRECTION('',(0.866025403785,0.5,0.));
#2862 = ORIENTED_EDGE('',*,*,#2863,.F.);
#2863 = EDGE_CURVE('',#598,#2856,#2864,.T.);
#2864 = LINE('',#2865,#2866);
#2865 = CARTESIAN_POINT('',(0.130346746134,12.989465616584,7.));
#2866 = VECTOR('',#2867,1.);
#2867 = DIRECTION('',(-0.,-0.,-1.));
#2868 = ORIENTED_EDGE('',*,*,#605,.F.);
#2869 = PLANE('',#2870);
#2870 = AXIS2_PLACEMENT_3D('',#2871,#2872,#2873);
#2871 = CARTESIAN_POINT('',(-2.121319303704,11.689465616586,7.));
#2872 = DIRECTION('',(0.5,-0.866025403785,0.));
#2873 = DIRECTION('',(0.866025403785,0.5,0.));
#2874 = ADVANCED_FACE('',(#2875),#2886,.F.);
#2875 = FACE_BOUND('',#2876,.F.);
#2876 = EDGE_LOOP('',(#2877,#2878,#2884,#2885));
#2877 = ORIENTED_EDGE('',*,*,#2863,.T.);
#2878 = ORIENTED_EDGE('',*,*,#2879,.T.);
#2879 = EDGE_CURVE('',#2856,#2752,#2880,.T.);
#2880 = LINE('',#2881,#2882);
#2881 = CARTESIAN_POINT('',(0.130346746134,12.989465616584,5.2));
#2882 = VECTOR('',#2883,1.);
#2883 = DIRECTION('',(-9.006684287259E-14,1.,0.));
#2884 = ORIENTED_EDGE('',*,*,#2751,.F.);
#2885 = ORIENTED_EDGE('',*,*,#597,.F.);
#2886 = PLANE('',#2887);
#2887 = AXIS2_PLACEMENT_3D('',#2888,#2889,#2890);
#2888 = CARTESIAN_POINT('',(0.130346746134,12.989465616584,7.));
#2889 = DIRECTION('',(1.,9.006684287259E-14,0.));
#2890 = DIRECTION('',(-9.006684287259E-14,1.,0.));
#2891 = ADVANCED_FACE('',(#2892),#2917,.T.);
#2892 = FACE_BOUND('',#2893,.T.);
#2893 = EDGE_LOOP('',(#2894,#2904,#2910,#2911));
#2894 = ORIENTED_EDGE('',*,*,#2895,.F.);
#2895 = EDGE_CURVE('',#2896,#2898,#2900,.T.);
#2896 = VERTEX_POINT('',#2897);
#2897 = CARTESIAN_POINT('',(2.424987,33.085785,5.2));
#2898 = VERTEX_POINT('',#2899);
#2899 = CARTESIAN_POINT('',(2.424987,18.835776,5.2));
#2900 = LINE('',#2901,#2902);
#2901 = CARTESIAN_POINT('',(2.424987,41.670453920603,5.2));
#2902 = VECTOR('',#2903,1.);
#2903 = DIRECTION('',(0.,-1.,0.));
#2904 = ORIENTED_EDGE('',*,*,#2905,.T.);
#2905 = EDGE_CURVE('',#2896,#638,#2906,.T.);
#2906 = LINE('',#2907,#2908);
#2907 = CARTESIAN_POINT('',(2.424987,33.085785,0.));
#2908 = VECTOR('',#2909,1.);
#2909 = DIRECTION('',(0.,0.,1.));
#2910 = ORIENTED_EDGE('',*,*,#637,.T.);
#2911 = ORIENTED_EDGE('',*,*,#2912,.F.);
#2912 = EDGE_CURVE('',#2898,#640,#2913,.T.);
#2913 = LINE('',#2914,#2915);
#2914 = CARTESIAN_POINT('',(2.424987,18.835776,0.));
#2915 = VECTOR('',#2916,1.);
#2916 = DIRECTION('',(0.,0.,1.));
#2917 = PLANE('',#2918);
#2918 = AXIS2_PLACEMENT_3D('',#2919,#2920,#2921);
#2919 = CARTESIAN_POINT('',(2.424987,33.085785,0.));
#2920 = DIRECTION('',(1.,0.,0.));
#2921 = DIRECTION('',(0.,-1.,0.));
#2922 = ADVANCED_FACE('',(#2923),#2941,.T.);
#2923 = FACE_BOUND('',#2924,.T.);
#2924 = EDGE_LOOP('',(#2925,#2933,#2939,#2940));
#2925 = ORIENTED_EDGE('',*,*,#2926,.F.);
#2926 = EDGE_CURVE('',#2927,#2896,#2929,.T.);
#2927 = VERTEX_POINT('',#2928);
#2928 = CARTESIAN_POINT('',(16.674996,33.085785,5.2));
#2929 = LINE('',#2930,#2931);
#2930 = CARTESIAN_POINT('',(42.927228280411,33.085785,5.2));
#2931 = VECTOR('',#2932,1.);
#2932 = DIRECTION('',(-1.,0.,0.));
#2933 = ORIENTED_EDGE('',*,*,#2934,.T.);
#2934 = EDGE_CURVE('',#2927,#648,#2935,.T.);
#2935 = LINE('',#2936,#2937);
#2936 = CARTESIAN_POINT('',(16.674996,33.085785,0.));
#2937 = VECTOR('',#2938,1.);
#2938 = DIRECTION('',(0.,0.,1.));
#2939 = ORIENTED_EDGE('',*,*,#647,.T.);
#2940 = ORIENTED_EDGE('',*,*,#2905,.F.);
#2941 = PLANE('',#2942);
#2942 = AXIS2_PLACEMENT_3D('',#2943,#2944,#2945);
#2943 = CARTESIAN_POINT('',(16.674996,33.085785,0.));
#2944 = DIRECTION('',(0.,-1.,0.));
#2945 = DIRECTION('',(-1.,0.,0.));
#2946 = ADVANCED_FACE('',(#2947),#2965,.T.);
#2947 = FACE_BOUND('',#2948,.T.);
#2948 = EDGE_LOOP('',(#2949,#2957,#2958,#2959));
#2949 = ORIENTED_EDGE('',*,*,#2950,.F.);
#2950 = EDGE_CURVE('',#2898,#2951,#2953,.T.);
#2951 = VERTEX_POINT('',#2952);
#2952 = CARTESIAN_POINT('',(16.674996,18.835776,5.2));
#2953 = LINE('',#2954,#2955);
#2954 = CARTESIAN_POINT('',(35.802223780411,18.835776,5.2));
#2955 = VECTOR('',#2956,1.);
#2956 = DIRECTION('',(1.,0.,0.));
#2957 = ORIENTED_EDGE('',*,*,#2912,.T.);
#2958 = ORIENTED_EDGE('',*,*,#663,.T.);
#2959 = ORIENTED_EDGE('',*,*,#2960,.F.);
#2960 = EDGE_CURVE('',#2951,#656,#2961,.T.);
#2961 = LINE('',#2962,#2963);
#2962 = CARTESIAN_POINT('',(16.674996,18.835776,0.));
#2963 = VECTOR('',#2964,1.);
#2964 = DIRECTION('',(0.,0.,1.));
#2965 = PLANE('',#2966);
#2966 = AXIS2_PLACEMENT_3D('',#2967,#2968,#2969);
#2967 = CARTESIAN_POINT('',(2.424987,18.835776,0.));
#2968 = DIRECTION('',(0.,1.,0.));
#2969 = DIRECTION('',(1.,0.,0.));
#2970 = ADVANCED_FACE('',(#2971),#2982,.T.);
#2971 = FACE_BOUND('',#2972,.T.);
#2972 = EDGE_LOOP('',(#2973,#2979,#2980,#2981));
#2973 = ORIENTED_EDGE('',*,*,#2974,.F.);
#2974 = EDGE_CURVE('',#2951,#2927,#2975,.T.);
#2975 = LINE('',#2976,#2977);
#2976 = CARTESIAN_POINT('',(16.674996,34.545449420603,5.2));
#2977 = VECTOR('',#2978,1.);
#2978 = DIRECTION('',(0.,1.,0.));
#2979 = ORIENTED_EDGE('',*,*,#2960,.T.);
#2980 = ORIENTED_EDGE('',*,*,#655,.T.);
#2981 = ORIENTED_EDGE('',*,*,#2934,.F.);
#2982 = PLANE('',#2983);
#2983 = AXIS2_PLACEMENT_3D('',#2984,#2985,#2986);
#2984 = CARTESIAN_POINT('',(16.674996,18.835776,0.));
#2985 = DIRECTION('',(-1.,0.,0.));
#2986 = DIRECTION('',(0.,1.,0.));
#2987 = ADVANCED_FACE('',(#2988),#3007,.F.);
#2988 = FACE_BOUND('',#2989,.T.);
#2989 = EDGE_LOOP('',(#2990,#2999,#3005,#3006));
#2990 = ORIENTED_EDGE('',*,*,#2991,.T.);
#2991 = EDGE_CURVE('',#2992,#2992,#2994,.T.);
#2992 = VERTEX_POINT('',#2993);
#2993 = CARTESIAN_POINT('',(20.27,25.96,5.2));
#2994 = CIRCLE('',#2995,1.2);
#2995 = AXIS2_PLACEMENT_3D('',#2996,#2997,#2998);
#2996 = CARTESIAN_POINT('',(19.07,25.96,5.2));
#2997 = DIRECTION('',(0.,0.,-1.));
#2998 = DIRECTION('',(1.,0.,0.));
#2999 = ORIENTED_EDGE('',*,*,#3000,.T.);
#3000 = EDGE_CURVE('',#2992,#672,#3001,.T.);
#3001 = LINE('',#3002,#3003);
#3002 = CARTESIAN_POINT('',(20.27,25.96,0.));
#3003 = VECTOR('',#3004,1.);
#3004 = DIRECTION('',(0.,0.,1.));
#3005 = ORIENTED_EDGE('',*,*,#671,.T.);
#3006 = ORIENTED_EDGE('',*,*,#3000,.F.);
#3007 = CYLINDRICAL_SURFACE('',#3008,1.2);
#3008 = AXIS2_PLACEMENT_3D('',#3009,#3010,#3011);
#3009 = CARTESIAN_POINT('',(19.07,25.96,0.));
#3010 = DIRECTION('',(-0.,-0.,-1.));
#3011 = DIRECTION('',(1.,0.,0.));
#3012 = ADVANCED_FACE('',(#3013),#3038,.T.);
#3013 = FACE_BOUND('',#3014,.T.);
#3014 = EDGE_LOOP('',(#3015,#3025,#3031,#3032));
#3015 = ORIENTED_EDGE('',*,*,#3016,.F.);
#3016 = EDGE_CURVE('',#3017,#3019,#3021,.T.);
#3017 = VERTEX_POINT('',#3018);
#3018 = CARTESIAN_POINT('',(21.474987,33.085785,5.2));
#3019 = VERTEX_POINT('',#3020);
#3020 = CARTESIAN_POINT('',(21.474987,18.835776,5.2));
#3021 = LINE('',#3022,#3023);
#3022 = CARTESIAN_POINT('',(21.474987,41.670453920603,5.2));
#3023 = VECTOR('',#3024,1.);
#3024 = DIRECTION('',(0.,-1.,0.));
#3025 = ORIENTED_EDGE('',*,*,#3026,.T.);
#3026 = EDGE_CURVE('',#3017,#683,#3027,.T.);
#3027 = LINE('',#3028,#3029);
#3028 = CARTESIAN_POINT('',(21.474987,33.085785,0.));
#3029 = VECTOR('',#3030,1.);
#3030 = DIRECTION('',(0.,0.,1.));
#3031 = ORIENTED_EDGE('',*,*,#682,.T.);
#3032 = ORIENTED_EDGE('',*,*,#3033,.F.);
#3033 = EDGE_CURVE('',#3019,#685,#3034,.T.);
#3034 = LINE('',#3035,#3036);
#3035 = CARTESIAN_POINT('',(21.474987,18.835776,0.));
#3036 = VECTOR('',#3037,1.);
#3037 = DIRECTION('',(0.,0.,1.));
#3038 = PLANE('',#3039);
#3039 = AXIS2_PLACEMENT_3D('',#3040,#3041,#3042);
#3040 = CARTESIAN_POINT('',(21.474987,33.085785,0.));
#3041 = DIRECTION('',(1.,0.,0.));
#3042 = DIRECTION('',(0.,-1.,0.));
#3043 = ADVANCED_FACE('',(#3044),#3062,.T.);
#3044 = FACE_BOUND('',#3045,.T.);
#3045 = EDGE_LOOP('',(#3046,#3054,#3060,#3061));
#3046 = ORIENTED_EDGE('',*,*,#3047,.F.);
#3047 = EDGE_CURVE('',#3048,#3017,#3050,.T.);
#3048 = VERTEX_POINT('',#3049);
#3049 = CARTESIAN_POINT('',(35.724996,33.085785,5.2));
#3050 = LINE('',#3051,#3052);
#3051 = CARTESIAN_POINT('',(52.452228280411,33.085785,5.2));
#3052 = VECTOR('',#3053,1.);
#3053 = DIRECTION('',(-1.,0.,0.));
#3054 = ORIENTED_EDGE('',*,*,#3055,.T.);
#3055 = EDGE_CURVE('',#3048,#693,#3056,.T.);
#3056 = LINE('',#3057,#3058);
#3057 = CARTESIAN_POINT('',(35.724996,33.085785,0.));
#3058 = VECTOR('',#3059,1.);
#3059 = DIRECTION('',(0.,0.,1.));
#3060 = ORIENTED_EDGE('',*,*,#692,.T.);
#3061 = ORIENTED_EDGE('',*,*,#3026,.F.);
#3062 = PLANE('',#3063);
#3063 = AXIS2_PLACEMENT_3D('',#3064,#3065,#3066);
#3064 = CARTESIAN_POINT('',(35.724996,33.085785,0.));
#3065 = DIRECTION('',(0.,-1.,0.));
#3066 = DIRECTION('',(-1.,0.,0.));
#3067 = ADVANCED_FACE('',(#3068),#3086,.T.);
#3068 = FACE_BOUND('',#3069,.T.);
#3069 = EDGE_LOOP('',(#3070,#3078,#3079,#3080));
#3070 = ORIENTED_EDGE('',*,*,#3071,.F.);
#3071 = EDGE_CURVE('',#3019,#3072,#3074,.T.);
#3072 = VERTEX_POINT('',#3073);
#3073 = CARTESIAN_POINT('',(35.724996,18.835776,5.2));
#3074 = LINE('',#3075,#3076);
#3075 = CARTESIAN_POINT('',(45.327223780411,18.835776,5.2));
#3076 = VECTOR('',#3077,1.);
#3077 = DIRECTION('',(1.,0.,0.));
#3078 = ORIENTED_EDGE('',*,*,#3033,.T.);
#3079 = ORIENTED_EDGE('',*,*,#708,.T.);
#3080 = ORIENTED_EDGE('',*,*,#3081,.F.);
#3081 = EDGE_CURVE('',#3072,#701,#3082,.T.);
#3082 = LINE('',#3083,#3084);
#3083 = CARTESIAN_POINT('',(35.724996,18.835776,0.));
#3084 = VECTOR('',#3085,1.);
#3085 = DIRECTION('',(0.,0.,1.));
#3086 = PLANE('',#3087);
#3087 = AXIS2_PLACEMENT_3D('',#3088,#3089,#3090);
#3088 = CARTESIAN_POINT('',(21.474987,18.835776,0.));
#3089 = DIRECTION('',(0.,1.,0.));
#3090 = DIRECTION('',(1.,0.,0.));
#3091 = ADVANCED_FACE('',(#3092),#3103,.T.);
#3092 = FACE_BOUND('',#3093,.T.);
#3093 = EDGE_LOOP('',(#3094,#3100,#3101,#3102));
#3094 = ORIENTED_EDGE('',*,*,#3095,.F.);
#3095 = EDGE_CURVE('',#3072,#3048,#3096,.T.);
#3096 = LINE('',#3097,#3098);
#3097 = CARTESIAN_POINT('',(35.724996,34.545449420603,5.2));
#3098 = VECTOR('',#3099,1.);
#3099 = DIRECTION('',(0.,1.,0.));
#3100 = ORIENTED_EDGE('',*,*,#3081,.T.);
#3101 = ORIENTED_EDGE('',*,*,#700,.T.);
#3102 = ORIENTED_EDGE('',*,*,#3055,.F.);
#3103 = PLANE('',#3104);
#3104 = AXIS2_PLACEMENT_3D('',#3105,#3106,#3107);
#3105 = CARTESIAN_POINT('',(35.724996,18.835776,0.));
#3106 = DIRECTION('',(-1.,0.,0.));
#3107 = DIRECTION('',(0.,1.,0.));
#3108 = ADVANCED_FACE('',(#3109),#3134,.T.);
#3109 = FACE_BOUND('',#3110,.T.);
#3110 = EDGE_LOOP('',(#3111,#3121,#3127,#3128));
#3111 = ORIENTED_EDGE('',*,*,#3112,.F.);
#3112 = EDGE_CURVE('',#3113,#3115,#3117,.T.);
#3113 = VERTEX_POINT('',#3114);
#3114 = CARTESIAN_POINT('',(2.424987,52.135785,5.2));
#3115 = VERTEX_POINT('',#3116);
#3116 = CARTESIAN_POINT('',(2.424987,37.885776,5.2));
#3117 = LINE('',#3118,#3119);
#3118 = CARTESIAN_POINT('',(2.424987,51.195453920603,5.2));
#3119 = VECTOR('',#3120,1.);
#3120 = DIRECTION('',(0.,-1.,0.));
#3121 = ORIENTED_EDGE('',*,*,#3122,.T.);
#3122 = EDGE_CURVE('',#3113,#717,#3123,.T.);
#3123 = LINE('',#3124,#3125);
#3124 = CARTESIAN_POINT('',(2.424987,52.135785,0.));
#3125 = VECTOR('',#3126,1.);
#3126 = DIRECTION('',(0.,0.,1.));
#3127 = ORIENTED_EDGE('',*,*,#716,.T.);
#3128 = ORIENTED_EDGE('',*,*,#3129,.F.);
#3129 = EDGE_CURVE('',#3115,#719,#3130,.T.);
#3130 = LINE('',#3131,#3132);
#3131 = CARTESIAN_POINT('',(2.424987,37.885776,0.));
#3132 = VECTOR('',#3133,1.);
#3133 = DIRECTION('',(0.,0.,1.));
#3134 = PLANE('',#3135);
#3135 = AXIS2_PLACEMENT_3D('',#3136,#3137,#3138);
#3136 = CARTESIAN_POINT('',(2.424987,52.135785,0.));
#3137 = DIRECTION('',(1.,0.,0.));
#3138 = DIRECTION('',(0.,-1.,0.));
#3139 = ADVANCED_FACE('',(#3140),#3158,.T.);
#3140 = FACE_BOUND('',#3141,.T.);
#3141 = EDGE_LOOP('',(#3142,#3150,#3156,#3157));
#3142 = ORIENTED_EDGE('',*,*,#3143,.F.);
#3143 = EDGE_CURVE('',#3144,#3113,#3146,.T.);
#3144 = VERTEX_POINT('',#3145);
#3145 = CARTESIAN_POINT('',(16.674996,52.135785,5.2));
#3146 = LINE('',#3147,#3148);
#3147 = CARTESIAN_POINT('',(42.927228280411,52.135785,5.2));
#3148 = VECTOR('',#3149,1.);
#3149 = DIRECTION('',(-1.,0.,0.));
#3150 = ORIENTED_EDGE('',*,*,#3151,.T.);
#3151 = EDGE_CURVE('',#3144,#727,#3152,.T.);
#3152 = LINE('',#3153,#3154);
#3153 = CARTESIAN_POINT('',(16.674996,52.135785,0.));
#3154 = VECTOR('',#3155,1.);
#3155 = DIRECTION('',(0.,0.,1.));
#3156 = ORIENTED_EDGE('',*,*,#726,.T.);
#3157 = ORIENTED_EDGE('',*,*,#3122,.F.);
#3158 = PLANE('',#3159);
#3159 = AXIS2_PLACEMENT_3D('',#3160,#3161,#3162);
#3160 = CARTESIAN_POINT('',(16.674996,52.135785,0.));
#3161 = DIRECTION('',(0.,-1.,0.));
#3162 = DIRECTION('',(-1.,0.,0.));
#3163 = ADVANCED_FACE('',(#3164),#3182,.T.);
#3164 = FACE_BOUND('',#3165,.T.);
#3165 = EDGE_LOOP('',(#3166,#3174,#3175,#3176));
#3166 = ORIENTED_EDGE('',*,*,#3167,.F.);
#3167 = EDGE_CURVE('',#3115,#3168,#3170,.T.);
#3168 = VERTEX_POINT('',#3169);
#3169 = CARTESIAN_POINT('',(16.674996,37.885776,5.2));
#3170 = LINE('',#3171,#3172);
#3171 = CARTESIAN_POINT('',(35.802223780411,37.885776,5.2));
#3172 = VECTOR('',#3173,1.);
#3173 = DIRECTION('',(1.,0.,0.));
#3174 = ORIENTED_EDGE('',*,*,#3129,.T.);
#3175 = ORIENTED_EDGE('',*,*,#742,.T.);
#3176 = ORIENTED_EDGE('',*,*,#3177,.F.);
#3177 = EDGE_CURVE('',#3168,#735,#3178,.T.);
#3178 = LINE('',#3179,#3180);
#3179 = CARTESIAN_POINT('',(16.674996,37.885776,0.));
#3180 = VECTOR('',#3181,1.);
#3181 = DIRECTION('',(0.,0.,1.));
#3182 = PLANE('',#3183);
#3183 = AXIS2_PLACEMENT_3D('',#3184,#3185,#3186);
#3184 = CARTESIAN_POINT('',(2.424987,37.885776,0.));
#3185 = DIRECTION('',(0.,1.,0.));
#3186 = DIRECTION('',(1.,0.,0.));
#3187 = ADVANCED_FACE('',(#3188),#3199,.T.);
#3188 = FACE_BOUND('',#3189,.T.);
#3189 = EDGE_LOOP('',(#3190,#3196,#3197,#3198));
#3190 = ORIENTED_EDGE('',*,*,#3191,.F.);
#3191 = EDGE_CURVE('',#3168,#3144,#3192,.T.);
#3192 = LINE('',#3193,#3194);
#3193 = CARTESIAN_POINT('',(16.674996,44.070449420603,5.2));
#3194 = VECTOR('',#3195,1.);
#3195 = DIRECTION('',(0.,1.,0.));
#3196 = ORIENTED_EDGE('',*,*,#3177,.T.);
#3197 = ORIENTED_EDGE('',*,*,#734,.T.);
#3198 = ORIENTED_EDGE('',*,*,#3151,.F.);
#3199 = PLANE('',#3200);
#3200 = AXIS2_PLACEMENT_3D('',#3201,#3202,#3203);
#3201 = CARTESIAN_POINT('',(16.674996,37.885776,0.));
#3202 = DIRECTION('',(-1.,0.,0.));
#3203 = DIRECTION('',(0.,1.,0.));
#3204 = ADVANCED_FACE('',(#3205),#3230,.T.);
#3205 = FACE_BOUND('',#3206,.T.);
#3206 = EDGE_LOOP('',(#3207,#3217,#3223,#3224));
#3207 = ORIENTED_EDGE('',*,*,#3208,.F.);
#3208 = EDGE_CURVE('',#3209,#3211,#3213,.T.);
#3209 = VERTEX_POINT('',#3210);
#3210 = CARTESIAN_POINT('',(21.474987,52.135785,5.2));
#3211 = VERTEX_POINT('',#3212);
#3212 = CARTESIAN_POINT('',(21.474987,37.885776,5.2));
#3213 = LINE('',#3214,#3215);
#3214 = CARTESIAN_POINT('',(21.474987,51.195453920603,5.2));
#3215 = VECTOR('',#3216,1.);
#3216 = DIRECTION('',(0.,-1.,0.));
#3217 = ORIENTED_EDGE('',*,*,#3218,.T.);
#3218 = EDGE_CURVE('',#3209,#751,#3219,.T.);
#3219 = LINE('',#3220,#3221);
#3220 = CARTESIAN_POINT('',(21.474987,52.135785,0.));
#3221 = VECTOR('',#3222,1.);
#3222 = DIRECTION('',(0.,0.,1.));
#3223 = ORIENTED_EDGE('',*,*,#750,.T.);
#3224 = ORIENTED_EDGE('',*,*,#3225,.F.);
#3225 = EDGE_CURVE('',#3211,#753,#3226,.T.);
#3226 = LINE('',#3227,#3228);
#3227 = CARTESIAN_POINT('',(21.474987,37.885776,0.));
#3228 = VECTOR('',#3229,1.);
#3229 = DIRECTION('',(0.,0.,1.));
#3230 = PLANE('',#3231);
#3231 = AXIS2_PLACEMENT_3D('',#3232,#3233,#3234);
#3232 = CARTESIAN_POINT('',(21.474987,52.135785,0.));
#3233 = DIRECTION('',(1.,0.,0.));
#3234 = DIRECTION('',(0.,-1.,0.));
#3235 = ADVANCED_FACE('',(#3236),#3254,.T.);
#3236 = FACE_BOUND('',#3237,.T.);
#3237 = EDGE_LOOP('',(#3238,#3246,#3252,#3253));
#3238 = ORIENTED_EDGE('',*,*,#3239,.F.);
#3239 = EDGE_CURVE('',#3240,#3209,#3242,.T.);
#3240 = VERTEX_POINT('',#3241);
#3241 = CARTESIAN_POINT('',(35.724996,52.135785,5.2));
#3242 = LINE('',#3243,#3244);
#3243 = CARTESIAN_POINT('',(52.452228280411,52.135785,5.2));
#3244 = VECTOR('',#3245,1.);
#3245 = DIRECTION('',(-1.,0.,0.));
#3246 = ORIENTED_EDGE('',*,*,#3247,.T.);
#3247 = EDGE_CURVE('',#3240,#761,#3248,.T.);
#3248 = LINE('',#3249,#3250);
#3249 = CARTESIAN_POINT('',(35.724996,52.135785,0.));
#3250 = VECTOR('',#3251,1.);
#3251 = DIRECTION('',(0.,0.,1.));
#3252 = ORIENTED_EDGE('',*,*,#760,.T.);
#3253 = ORIENTED_EDGE('',*,*,#3218,.F.);
#3254 = PLANE('',#3255);
#3255 = AXIS2_PLACEMENT_3D('',#3256,#3257,#3258);
#3256 = CARTESIAN_POINT('',(35.724996,52.135785,0.));
#3257 = DIRECTION('',(0.,-1.,0.));
#3258 = DIRECTION('',(-1.,0.,0.));
#3259 = ADVANCED_FACE('',(#3260),#3278,.T.);
#3260 = FACE_BOUND('',#3261,.T.);
#3261 = EDGE_LOOP('',(#3262,#3270,#3271,#3272));
#3262 = ORIENTED_EDGE('',*,*,#3263,.F.);
#3263 = EDGE_CURVE('',#3211,#3264,#3266,.T.);
#3264 = VERTEX_POINT('',#3265);
#3265 = CARTESIAN_POINT('',(35.724996,37.885776,5.2));
#3266 = LINE('',#3267,#3268);
#3267 = CARTESIAN_POINT('',(45.327223780411,37.885776,5.2));
#3268 = VECTOR('',#3269,1.);
#3269 = DIRECTION('',(1.,0.,0.));
#3270 = ORIENTED_EDGE('',*,*,#3225,.T.);
#3271 = ORIENTED_EDGE('',*,*,#776,.T.);
#3272 = ORIENTED_EDGE('',*,*,#3273,.F.);
#3273 = EDGE_CURVE('',#3264,#769,#3274,.T.);
#3274 = LINE('',#3275,#3276);
#3275 = CARTESIAN_POINT('',(35.724996,37.885776,0.));
#3276 = VECTOR('',#3277,1.);
#3277 = DIRECTION('',(0.,0.,1.));
#3278 = PLANE('',#3279);
#3279 = AXIS2_PLACEMENT_3D('',#3280,#3281,#3282);
#3280 = CARTESIAN_POINT('',(21.474987,37.885776,0.));
#3281 = DIRECTION('',(0.,1.,0.));
#3282 = DIRECTION('',(1.,0.,0.));
#3283 = ADVANCED_FACE('',(#3284),#3295,.T.);
#3284 = FACE_BOUND('',#3285,.T.);
#3285 = EDGE_LOOP('',(#3286,#3292,#3293,#3294));
#3286 = ORIENTED_EDGE('',*,*,#3287,.F.);
#3287 = EDGE_CURVE('',#3264,#3240,#3288,.T.);
#3288 = LINE('',#3289,#3290);
#3289 = CARTESIAN_POINT('',(35.724996,44.070449420603,5.2));
#3290 = VECTOR('',#3291,1.);
#3291 = DIRECTION('',(0.,1.,0.));
#3292 = ORIENTED_EDGE('',*,*,#3273,.T.);
#3293 = ORIENTED_EDGE('',*,*,#768,.T.);
#3294 = ORIENTED_EDGE('',*,*,#3247,.F.);
#3295 = PLANE('',#3296);
#3296 = AXIS2_PLACEMENT_3D('',#3297,#3298,#3299);
#3297 = CARTESIAN_POINT('',(35.724996,37.885776,0.));
#3298 = DIRECTION('',(-1.,0.,0.));
#3299 = DIRECTION('',(0.,1.,0.));
#3300 = ADVANCED_FACE('',(#3301),#3326,.T.);
#3301 = FACE_BOUND('',#3302,.T.);
#3302 = EDGE_LOOP('',(#3303,#3313,#3319,#3320));
#3303 = ORIENTED_EDGE('',*,*,#3304,.F.);
#3304 = EDGE_CURVE('',#3305,#3307,#3309,.T.);
#3305 = VERTEX_POINT('',#3306);
#3306 = CARTESIAN_POINT('',(40.524987,33.085785,5.2));
#3307 = VERTEX_POINT('',#3308);
#3308 = CARTESIAN_POINT('',(40.524987,18.835776,5.2));
#3309 = LINE('',#3310,#3311);
#3310 = CARTESIAN_POINT('',(40.524987,41.670453920603,5.2));
#3311 = VECTOR('',#3312,1.);
#3312 = DIRECTION('',(0.,-1.,0.));
#3313 = ORIENTED_EDGE('',*,*,#3314,.T.);
#3314 = EDGE_CURVE('',#3305,#785,#3315,.T.);
#3315 = LINE('',#3316,#3317);
#3316 = CARTESIAN_POINT('',(40.524987,33.085785,0.));
#3317 = VECTOR('',#3318,1.);
#3318 = DIRECTION('',(0.,0.,1.));
#3319 = ORIENTED_EDGE('',*,*,#784,.T.);
#3320 = ORIENTED_EDGE('',*,*,#3321,.F.);
#3321 = EDGE_CURVE('',#3307,#787,#3322,.T.);
#3322 = LINE('',#3323,#3324);
#3323 = CARTESIAN_POINT('',(40.524987,18.835776,0.));
#3324 = VECTOR('',#3325,1.);
#3325 = DIRECTION('',(0.,0.,1.));
#3326 = PLANE('',#3327);
#3327 = AXIS2_PLACEMENT_3D('',#3328,#3329,#3330);
#3328 = CARTESIAN_POINT('',(40.524987,33.085785,0.));
#3329 = DIRECTION('',(1.,0.,0.));
#3330 = DIRECTION('',(0.,-1.,0.));
#3331 = ADVANCED_FACE('',(#3332),#3350,.T.);
#3332 = FACE_BOUND('',#3333,.T.);
#3333 = EDGE_LOOP('',(#3334,#3342,#3348,#3349));
#3334 = ORIENTED_EDGE('',*,*,#3335,.F.);
#3335 = EDGE_CURVE('',#3336,#3305,#3338,.T.);
#3336 = VERTEX_POINT('',#3337);
#3337 = CARTESIAN_POINT('',(54.774996,33.085785,5.2));
#3338 = LINE('',#3339,#3340);
#3339 = CARTESIAN_POINT('',(61.977228280411,33.085785,5.2));
#3340 = VECTOR('',#3341,1.);
#3341 = DIRECTION('',(-1.,0.,0.));
#3342 = ORIENTED_EDGE('',*,*,#3343,.T.);
#3343 = EDGE_CURVE('',#3336,#795,#3344,.T.);
#3344 = LINE('',#3345,#3346);
#3345 = CARTESIAN_POINT('',(54.774996,33.085785,0.));
#3346 = VECTOR('',#3347,1.);
#3347 = DIRECTION('',(0.,0.,1.));
#3348 = ORIENTED_EDGE('',*,*,#794,.T.);
#3349 = ORIENTED_EDGE('',*,*,#3314,.F.);
#3350 = PLANE('',#3351);
#3351 = AXIS2_PLACEMENT_3D('',#3352,#3353,#3354);
#3352 = CARTESIAN_POINT('',(54.774996,33.085785,0.));
#3353 = DIRECTION('',(0.,-1.,0.));
#3354 = DIRECTION('',(-1.,0.,0.));
#3355 = ADVANCED_FACE('',(#3356),#3374,.T.);
#3356 = FACE_BOUND('',#3357,.T.);
#3357 = EDGE_LOOP('',(#3358,#3366,#3367,#3368));
#3358 = ORIENTED_EDGE('',*,*,#3359,.F.);
#3359 = EDGE_CURVE('',#3307,#3360,#3362,.T.);
#3360 = VERTEX_POINT('',#3361);
#3361 = CARTESIAN_POINT('',(54.774996,18.835776,5.2));
#3362 = LINE('',#3363,#3364);
#3363 = CARTESIAN_POINT('',(54.852223780411,18.835776,5.2));
#3364 = VECTOR('',#3365,1.);
#3365 = DIRECTION('',(1.,0.,0.));
#3366 = ORIENTED_EDGE('',*,*,#3321,.T.);
#3367 = ORIENTED_EDGE('',*,*,#810,.T.);
#3368 = ORIENTED_EDGE('',*,*,#3369,.F.);
#3369 = EDGE_CURVE('',#3360,#803,#3370,.T.);
#3370 = LINE('',#3371,#3372);
#3371 = CARTESIAN_POINT('',(54.774996,18.835776,0.));
#3372 = VECTOR('',#3373,1.);
#3373 = DIRECTION('',(0.,0.,1.));
#3374 = PLANE('',#3375);
#3375 = AXIS2_PLACEMENT_3D('',#3376,#3377,#3378);
#3376 = CARTESIAN_POINT('',(40.524987,18.835776,0.));
#3377 = DIRECTION('',(0.,1.,0.));
#3378 = DIRECTION('',(1.,0.,0.));
#3379 = ADVANCED_FACE('',(#3380),#3391,.T.);
#3380 = FACE_BOUND('',#3381,.T.);
#3381 = EDGE_LOOP('',(#3382,#3388,#3389,#3390));
#3382 = ORIENTED_EDGE('',*,*,#3383,.F.);
#3383 = EDGE_CURVE('',#3360,#3336,#3384,.T.);
#3384 = LINE('',#3385,#3386);
#3385 = CARTESIAN_POINT('',(54.774996,34.545449420603,5.2));
#3386 = VECTOR('',#3387,1.);
#3387 = DIRECTION('',(0.,1.,0.));
#3388 = ORIENTED_EDGE('',*,*,#3369,.T.);
#3389 = ORIENTED_EDGE('',*,*,#802,.T.);
#3390 = ORIENTED_EDGE('',*,*,#3343,.F.);
#3391 = PLANE('',#3392);
#3392 = AXIS2_PLACEMENT_3D('',#3393,#3394,#3395);
#3393 = CARTESIAN_POINT('',(54.774996,18.835776,0.));
#3394 = DIRECTION('',(-1.,0.,0.));
#3395 = DIRECTION('',(0.,1.,0.));
#3396 = ADVANCED_FACE('',(#3397),#3422,.T.);
#3397 = FACE_BOUND('',#3398,.T.);
#3398 = EDGE_LOOP('',(#3399,#3409,#3415,#3416));
#3399 = ORIENTED_EDGE('',*,*,#3400,.F.);
#3400 = EDGE_CURVE('',#3401,#3403,#3405,.T.);
#3401 = VERTEX_POINT('',#3402);
#3402 = CARTESIAN_POINT('',(40.524987,52.135785,5.2));
#3403 = VERTEX_POINT('',#3404);
#3404 = CARTESIAN_POINT('',(40.524987,37.885776,5.2));
#3405 = LINE('',#3406,#3407);
#3406 = CARTESIAN_POINT('',(40.524987,51.195453920603,5.2));
#3407 = VECTOR('',#3408,1.);
#3408 = DIRECTION('',(0.,-1.,0.));
#3409 = ORIENTED_EDGE('',*,*,#3410,.T.);
#3410 = EDGE_CURVE('',#3401,#819,#3411,.T.);
#3411 = LINE('',#3412,#3413);
#3412 = CARTESIAN_POINT('',(40.524987,52.135785,0.));
#3413 = VECTOR('',#3414,1.);
#3414 = DIRECTION('',(0.,0.,1.));
#3415 = ORIENTED_EDGE('',*,*,#818,.T.);
#3416 = ORIENTED_EDGE('',*,*,#3417,.F.);
#3417 = EDGE_CURVE('',#3403,#821,#3418,.T.);
#3418 = LINE('',#3419,#3420);
#3419 = CARTESIAN_POINT('',(40.524987,37.885776,0.));
#3420 = VECTOR('',#3421,1.);
#3421 = DIRECTION('',(0.,0.,1.));
#3422 = PLANE('',#3423);
#3423 = AXIS2_PLACEMENT_3D('',#3424,#3425,#3426);
#3424 = CARTESIAN_POINT('',(40.524987,52.135785,0.));
#3425 = DIRECTION('',(1.,0.,0.));
#3426 = DIRECTION('',(0.,-1.,0.));
#3427 = ADVANCED_FACE('',(#3428),#3446,.T.);
#3428 = FACE_BOUND('',#3429,.T.);
#3429 = EDGE_LOOP('',(#3430,#3438,#3444,#3445));
#3430 = ORIENTED_EDGE('',*,*,#3431,.F.);
#3431 = EDGE_CURVE('',#3432,#3401,#3434,.T.);
#3432 = VERTEX_POINT('',#3433);
#3433 = CARTESIAN_POINT('',(54.774996,52.135785,5.2));
#3434 = LINE('',#3435,#3436);
#3435 = CARTESIAN_POINT('',(61.977228280411,52.135785,5.2));
#3436 = VECTOR('',#3437,1.);
#3437 = DIRECTION('',(-1.,0.,0.));
#3438 = ORIENTED_EDGE('',*,*,#3439,.T.);
#3439 = EDGE_CURVE('',#3432,#829,#3440,.T.);
#3440 = LINE('',#3441,#3442);
#3441 = CARTESIAN_POINT('',(54.774996,52.135785,0.));
#3442 = VECTOR('',#3443,1.);
#3443 = DIRECTION('',(0.,0.,1.));
#3444 = ORIENTED_EDGE('',*,*,#828,.T.);
#3445 = ORIENTED_EDGE('',*,*,#3410,.F.);
#3446 = PLANE('',#3447);
#3447 = AXIS2_PLACEMENT_3D('',#3448,#3449,#3450);
#3448 = CARTESIAN_POINT('',(54.774996,52.135785,0.));
#3449 = DIRECTION('',(0.,-1.,0.));
#3450 = DIRECTION('',(-1.,0.,0.));
#3451 = ADVANCED_FACE('',(#3452),#3470,.T.);
#3452 = FACE_BOUND('',#3453,.T.);
#3453 = EDGE_LOOP('',(#3454,#3462,#3463,#3464));
#3454 = ORIENTED_EDGE('',*,*,#3455,.F.);
#3455 = EDGE_CURVE('',#3403,#3456,#3458,.T.);
#3456 = VERTEX_POINT('',#3457);
#3457 = CARTESIAN_POINT('',(54.774996,37.885776,5.2));
#3458 = LINE('',#3459,#3460);
#3459 = CARTESIAN_POINT('',(54.852223780411,37.885776,5.2));
#3460 = VECTOR('',#3461,1.);
#3461 = DIRECTION('',(1.,0.,0.));
#3462 = ORIENTED_EDGE('',*,*,#3417,.T.);
#3463 = ORIENTED_EDGE('',*,*,#844,.T.);
#3464 = ORIENTED_EDGE('',*,*,#3465,.F.);
#3465 = EDGE_CURVE('',#3456,#837,#3466,.T.);
#3466 = LINE('',#3467,#3468);
#3467 = CARTESIAN_POINT('',(54.774996,37.885776,0.));
#3468 = VECTOR('',#3469,1.);
#3469 = DIRECTION('',(0.,0.,1.));
#3470 = PLANE('',#3471);
#3471 = AXIS2_PLACEMENT_3D('',#3472,#3473,#3474);
#3472 = CARTESIAN_POINT('',(40.524987,37.885776,0.));
#3473 = DIRECTION('',(0.,1.,0.));
#3474 = DIRECTION('',(1.,0.,0.));
#3475 = ADVANCED_FACE('',(#3476),#3487,.T.);
#3476 = FACE_BOUND('',#3477,.T.);
#3477 = EDGE_LOOP('',(#3478,#3484,#3485,#3486));
#3478 = ORIENTED_EDGE('',*,*,#3479,.F.);
#3479 = EDGE_CURVE('',#3456,#3432,#3480,.T.);
#3480 = LINE('',#3481,#3482);
#3481 = CARTESIAN_POINT('',(54.774996,44.070449420603,5.2));
#3482 = VECTOR('',#3483,1.);
#3483 = DIRECTION('',(0.,1.,0.));
#3484 = ORIENTED_EDGE('',*,*,#3465,.T.);
#3485 = ORIENTED_EDGE('',*,*,#836,.T.);
#3486 = ORIENTED_EDGE('',*,*,#3439,.F.);
#3487 = PLANE('',#3488);
#3488 = AXIS2_PLACEMENT_3D('',#3489,#3490,#3491);
#3489 = CARTESIAN_POINT('',(54.774996,37.885776,0.));
#3490 = DIRECTION('',(-1.,0.,0.));
#3491 = DIRECTION('',(0.,1.,0.));
#3492 = ADVANCED_FACE('',(#3493),#3518,.T.);
#3493 = FACE_BOUND('',#3494,.T.);
#3494 = EDGE_LOOP('',(#3495,#3505,#3511,#3512));
#3495 = ORIENTED_EDGE('',*,*,#3496,.F.);
#3496 = EDGE_CURVE('',#3497,#3499,#3501,.T.);
#3497 = VERTEX_POINT('',#3498);
#3498 = CARTESIAN_POINT('',(59.574987,52.135785,5.2));
#3499 = VERTEX_POINT('',#3500);
#3500 = CARTESIAN_POINT('',(59.574987,37.885776,5.2));
#3501 = LINE('',#3502,#3503);
#3502 = CARTESIAN_POINT('',(59.574987,51.195453920603,5.2));
#3503 = VECTOR('',#3504,1.);
#3504 = DIRECTION('',(0.,-1.,0.));
#3505 = ORIENTED_EDGE('',*,*,#3506,.T.);
#3506 = EDGE_CURVE('',#3497,#853,#3507,.T.);
#3507 = LINE('',#3508,#3509);
#3508 = CARTESIAN_POINT('',(59.574987,52.135785,0.));
#3509 = VECTOR('',#3510,1.);
#3510 = DIRECTION('',(0.,0.,1.));
#3511 = ORIENTED_EDGE('',*,*,#852,.T.);
#3512 = ORIENTED_EDGE('',*,*,#3513,.F.);
#3513 = EDGE_CURVE('',#3499,#855,#3514,.T.);
#3514 = LINE('',#3515,#3516);
#3515 = CARTESIAN_POINT('',(59.574987,37.885776,0.));
#3516 = VECTOR('',#3517,1.);
#3517 = DIRECTION('',(0.,0.,1.));
#3518 = PLANE('',#3519);
#3519 = AXIS2_PLACEMENT_3D('',#3520,#3521,#3522);
#3520 = CARTESIAN_POINT('',(59.574987,52.135785,0.));
#3521 = DIRECTION('',(1.,0.,0.));
#3522 = DIRECTION('',(0.,-1.,0.));
#3523 = ADVANCED_FACE('',(#3524),#3542,.T.);
#3524 = FACE_BOUND('',#3525,.T.);
#3525 = EDGE_LOOP('',(#3526,#3534,#3540,#3541));
#3526 = ORIENTED_EDGE('',*,*,#3527,.F.);
#3527 = EDGE_CURVE('',#3528,#3497,#3530,.T.);
#3528 = VERTEX_POINT('',#3529);
#3529 = CARTESIAN_POINT('',(73.824996,52.135785,5.2));
#3530 = LINE('',#3531,#3532);
#3531 = CARTESIAN_POINT('',(71.502228280411,52.135785,5.2));
#3532 = VECTOR('',#3533,1.);
#3533 = DIRECTION('',(-1.,0.,0.));
#3534 = ORIENTED_EDGE('',*,*,#3535,.T.);
#3535 = EDGE_CURVE('',#3528,#863,#3536,.T.);
#3536 = LINE('',#3537,#3538);
#3537 = CARTESIAN_POINT('',(73.824996,52.135785,0.));
#3538 = VECTOR('',#3539,1.);
#3539 = DIRECTION('',(0.,0.,1.));
#3540 = ORIENTED_EDGE('',*,*,#862,.T.);
#3541 = ORIENTED_EDGE('',*,*,#3506,.F.);
#3542 = PLANE('',#3543);
#3543 = AXIS2_PLACEMENT_3D('',#3544,#3545,#3546);
#3544 = CARTESIAN_POINT('',(73.824996,52.135785,0.));
#3545 = DIRECTION('',(0.,-1.,0.));
#3546 = DIRECTION('',(-1.,0.,0.));
#3547 = ADVANCED_FACE('',(#3548),#3566,.T.);
#3548 = FACE_BOUND('',#3549,.T.);
#3549 = EDGE_LOOP('',(#3550,#3558,#3559,#3560));
#3550 = ORIENTED_EDGE('',*,*,#3551,.F.);
#3551 = EDGE_CURVE('',#3499,#3552,#3554,.T.);
#3552 = VERTEX_POINT('',#3553);
#3553 = CARTESIAN_POINT('',(73.824996,37.885776,5.2));
#3554 = LINE('',#3555,#3556);
#3555 = CARTESIAN_POINT('',(64.377223780411,37.885776,5.2));
#3556 = VECTOR('',#3557,1.);
#3557 = DIRECTION('',(1.,0.,0.));
#3558 = ORIENTED_EDGE('',*,*,#3513,.T.);
#3559 = ORIENTED_EDGE('',*,*,#878,.T.);
#3560 = ORIENTED_EDGE('',*,*,#3561,.F.);
#3561 = EDGE_CURVE('',#3552,#871,#3562,.T.);
#3562 = LINE('',#3563,#3564);
#3563 = CARTESIAN_POINT('',(73.824996,37.885776,0.));
#3564 = VECTOR('',#3565,1.);
#3565 = DIRECTION('',(0.,0.,1.));
#3566 = PLANE('',#3567);
#3567 = AXIS2_PLACEMENT_3D('',#3568,#3569,#3570);
#3568 = CARTESIAN_POINT('',(59.574987,37.885776,0.));
#3569 = DIRECTION('',(0.,1.,0.));
#3570 = DIRECTION('',(1.,0.,0.));
#3571 = ADVANCED_FACE('',(#3572),#3583,.T.);
#3572 = FACE_BOUND('',#3573,.T.);
#3573 = EDGE_LOOP('',(#3574,#3580,#3581,#3582));
#3574 = ORIENTED_EDGE('',*,*,#3575,.F.);
#3575 = EDGE_CURVE('',#3552,#3528,#3576,.T.);
#3576 = LINE('',#3577,#3578);
#3577 = CARTESIAN_POINT('',(73.824996,44.070449420603,5.2));
#3578 = VECTOR('',#3579,1.);
#3579 = DIRECTION('',(0.,1.,0.));
#3580 = ORIENTED_EDGE('',*,*,#3561,.T.);
#3581 = ORIENTED_EDGE('',*,*,#870,.T.);
#3582 = ORIENTED_EDGE('',*,*,#3535,.F.);
#3583 = PLANE('',#3584);
#3584 = AXIS2_PLACEMENT_3D('',#3585,#3586,#3587);
#3585 = CARTESIAN_POINT('',(73.824996,37.885776,0.));
#3586 = DIRECTION('',(-1.,0.,0.));
#3587 = DIRECTION('',(0.,1.,0.));
#3588 = ADVANCED_FACE('',(#3589),#3614,.F.);
#3589 = FACE_BOUND('',#3590,.F.);
#3590 = EDGE_LOOP('',(#3591,#3599,#3607,#3613));
#3591 = ORIENTED_EDGE('',*,*,#3592,.T.);
#3592 = EDGE_CURVE('',#887,#3593,#3595,.T.);
#3593 = VERTEX_POINT('',#3594);
#3594 = CARTESIAN_POINT('',(133.23551129108,-0.851914690871,5.2));
#3595 = LINE('',#3596,#3597);
#3596 = CARTESIAN_POINT('',(133.23551129108,-0.851914690871,7.));
#3597 = VECTOR('',#3598,1.);
#3598 = DIRECTION('',(-0.,-0.,-1.));
#3599 = ORIENTED_EDGE('',*,*,#3600,.T.);
#3600 = EDGE_CURVE('',#3593,#3601,#3603,.T.);
#3601 = VERTEX_POINT('',#3602);
#3602 = CARTESIAN_POINT('',(130.98384524124,0.448085309129,5.2));
#3603 = LINE('',#3604,#3605);
#3604 = CARTESIAN_POINT('',(133.23551129108,-0.851914690871,5.2));
#3605 = VECTOR('',#3606,1.);
#3606 = DIRECTION('',(-0.866025403784,0.5,0.));
#3607 = ORIENTED_EDGE('',*,*,#3608,.F.);
#3608 = EDGE_CURVE('',#889,#3601,#3609,.T.);
#3609 = LINE('',#3610,#3611);
#3610 = CARTESIAN_POINT('',(130.98384524124,0.448085309129,7.));
#3611 = VECTOR('',#3612,1.);
#3612 = DIRECTION('',(-0.,-0.,-1.));
#3613 = ORIENTED_EDGE('',*,*,#886,.F.);
#3614 = PLANE('',#3615);
#3615 = AXIS2_PLACEMENT_3D('',#3616,#3617,#3618);
#3616 = CARTESIAN_POINT('',(133.23551129108,-0.851914690871,7.));
#3617 = DIRECTION('',(0.5,0.866025403784,0.));
#3618 = DIRECTION('',(-0.866025403784,0.5,0.));
#3619 = ADVANCED_FACE('',(#3620),#3638,.F.);
#3620 = FACE_BOUND('',#3621,.F.);
#3621 = EDGE_LOOP('',(#3622,#3623,#3631,#3637));
#3622 = ORIENTED_EDGE('',*,*,#3608,.T.);
#3623 = ORIENTED_EDGE('',*,*,#3624,.T.);
#3624 = EDGE_CURVE('',#3601,#3625,#3627,.T.);
#3625 = VERTEX_POINT('',#3626);
#3626 = CARTESIAN_POINT('',(128.7321791914,-0.851914690871,5.2));
#3627 = LINE('',#3628,#3629);
#3628 = CARTESIAN_POINT('',(130.98384524124,0.448085309129,5.2));
#3629 = VECTOR('',#3630,1.);
#3630 = DIRECTION('',(-0.866025403784,-0.5,0.));
#3631 = ORIENTED_EDGE('',*,*,#3632,.F.);
#3632 = EDGE_CURVE('',#921,#3625,#3633,.T.);
#3633 = LINE('',#3634,#3635);
#3634 = CARTESIAN_POINT('',(128.7321791914,-0.851914690871,7.));
#3635 = VECTOR('',#3636,1.);
#3636 = DIRECTION('',(-0.,-0.,-1.));
#3637 = ORIENTED_EDGE('',*,*,#928,.F.);
#3638 = PLANE('',#3639);
#3639 = AXIS2_PLACEMENT_3D('',#3640,#3641,#3642);
#3640 = CARTESIAN_POINT('',(130.98384524124,0.448085309129,7.));
#3641 = DIRECTION('',(-0.5,0.866025403784,0.));
#3642 = DIRECTION('',(-0.866025403784,-0.5,0.));
#3643 = ADVANCED_FACE('',(#3644),#3662,.F.);
#3644 = FACE_BOUND('',#3645,.F.);
#3645 = EDGE_LOOP('',(#3646,#3647,#3655,#3661));
#3646 = ORIENTED_EDGE('',*,*,#3632,.T.);
#3647 = ORIENTED_EDGE('',*,*,#3648,.T.);
#3648 = EDGE_CURVE('',#3625,#3649,#3651,.T.);
#3649 = VERTEX_POINT('',#3650);
#3650 = CARTESIAN_POINT('',(128.7321791914,-3.451914690871,5.2));
#3651 = LINE('',#3652,#3653);
#3652 = CARTESIAN_POINT('',(128.7321791914,-0.851914690871,5.2));
#3653 = VECTOR('',#3654,1.);
#3654 = DIRECTION('',(0.,-1.,0.));
#3655 = ORIENTED_EDGE('',*,*,#3656,.F.);
#3656 = EDGE_CURVE('',#913,#3649,#3657,.T.);
#3657 = LINE('',#3658,#3659);
#3658 = CARTESIAN_POINT('',(128.7321791914,-3.451914690871,7.));
#3659 = VECTOR('',#3660,1.);
#3660 = DIRECTION('',(-0.,-0.,-1.));
#3661 = ORIENTED_EDGE('',*,*,#920,.F.);
#3662 = PLANE('',#3663);
#3663 = AXIS2_PLACEMENT_3D('',#3664,#3665,#3666);
#3664 = CARTESIAN_POINT('',(128.7321791914,-0.851914690871,7.));
#3665 = DIRECTION('',(-1.,0.,0.));
#3666 = DIRECTION('',(0.,-1.,0.));
#3667 = ADVANCED_FACE('',(#3668),#3686,.F.);
#3668 = FACE_BOUND('',#3669,.F.);
#3669 = EDGE_LOOP('',(#3670,#3671,#3679,#3685));
#3670 = ORIENTED_EDGE('',*,*,#3656,.T.);
#3671 = ORIENTED_EDGE('',*,*,#3672,.T.);
#3672 = EDGE_CURVE('',#3649,#3673,#3675,.T.);
#3673 = VERTEX_POINT('',#3674);
#3674 = CARTESIAN_POINT('',(130.98384524124,-4.751914690871,5.2));
#3675 = LINE('',#3676,#3677);
#3676 = CARTESIAN_POINT('',(128.7321791914,-3.451914690871,5.2));
#3677 = VECTOR('',#3678,1.);
#3678 = DIRECTION('',(0.866025403784,-0.5,0.));
#3679 = ORIENTED_EDGE('',*,*,#3680,.F.);
#3680 = EDGE_CURVE('',#905,#3673,#3681,.T.);
#3681 = LINE('',#3682,#3683);
#3682 = CARTESIAN_POINT('',(130.98384524124,-4.751914690871,7.));
#3683 = VECTOR('',#3684,1.);
#3684 = DIRECTION('',(-0.,-0.,-1.));
#3685 = ORIENTED_EDGE('',*,*,#912,.F.);
#3686 = PLANE('',#3687);
#3687 = AXIS2_PLACEMENT_3D('',#3688,#3689,#3690);
#3688 = CARTESIAN_POINT('',(128.7321791914,-3.451914690871,7.));
#3689 = DIRECTION('',(-0.5,-0.866025403784,0.));
#3690 = DIRECTION('',(0.866025403784,-0.5,0.));
#3691 = ADVANCED_FACE('',(#3692),#3710,.F.);
#3692 = FACE_BOUND('',#3693,.F.);
#3693 = EDGE_LOOP('',(#3694,#3695,#3703,#3709));
#3694 = ORIENTED_EDGE('',*,*,#3680,.T.);
#3695 = ORIENTED_EDGE('',*,*,#3696,.T.);
#3696 = EDGE_CURVE('',#3673,#3697,#3699,.T.);
#3697 = VERTEX_POINT('',#3698);
#3698 = CARTESIAN_POINT('',(133.23551129108,-3.451914690871,5.2));
#3699 = LINE('',#3700,#3701);
#3700 = CARTESIAN_POINT('',(130.98384524124,-4.751914690871,5.2));
#3701 = VECTOR('',#3702,1.);
#3702 = DIRECTION('',(0.866025403784,0.5,0.));
#3703 = ORIENTED_EDGE('',*,*,#3704,.F.);
#3704 = EDGE_CURVE('',#897,#3697,#3705,.T.);
#3705 = LINE('',#3706,#3707);
#3706 = CARTESIAN_POINT('',(133.23551129108,-3.451914690871,7.));
#3707 = VECTOR('',#3708,1.);
#3708 = DIRECTION('',(-0.,-0.,-1.));
#3709 = ORIENTED_EDGE('',*,*,#904,.F.);
#3710 = PLANE('',#3711);
#3711 = AXIS2_PLACEMENT_3D('',#3712,#3713,#3714);
#3712 = CARTESIAN_POINT('',(130.98384524124,-4.751914690871,7.));
#3713 = DIRECTION('',(0.5,-0.866025403784,0.));
#3714 = DIRECTION('',(0.866025403784,0.5,0.));
#3715 = ADVANCED_FACE('',(#3716),#3727,.F.);
#3716 = FACE_BOUND('',#3717,.F.);
#3717 = EDGE_LOOP('',(#3718,#3719,#3725,#3726));
#3718 = ORIENTED_EDGE('',*,*,#3704,.T.);
#3719 = ORIENTED_EDGE('',*,*,#3720,.T.);
#3720 = EDGE_CURVE('',#3697,#3593,#3721,.T.);
#3721 = LINE('',#3722,#3723);
#3722 = CARTESIAN_POINT('',(133.23551129108,-3.451914690871,5.2));
#3723 = VECTOR('',#3724,1.);
#3724 = DIRECTION('',(0.,1.,0.));
#3725 = ORIENTED_EDGE('',*,*,#3592,.F.);
#3726 = ORIENTED_EDGE('',*,*,#896,.F.);
#3727 = PLANE('',#3728);
#3728 = AXIS2_PLACEMENT_3D('',#3729,#3730,#3731);
#3729 = CARTESIAN_POINT('',(133.23551129108,-3.451914690871,7.));
#3730 = DIRECTION('',(1.,0.,0.));
#3731 = DIRECTION('',(0.,1.,0.));
#3732 = ADVANCED_FACE('',(#3733),#3758,.F.);
#3733 = FACE_BOUND('',#3734,.F.);
#3734 = EDGE_LOOP('',(#3735,#3745,#3751,#3752));
#3735 = ORIENTED_EDGE('',*,*,#3736,.F.);
#3736 = EDGE_CURVE('',#3737,#3739,#3741,.T.);
#3737 = VERTEX_POINT('',#3738);
#3738 = CARTESIAN_POINT('',(98.64291438379,27.551898235349,5.2));
#3739 = VERTEX_POINT('',#3740);
#3740 = CARTESIAN_POINT('',(112.63110223947,24.832857610088,5.2));
#3741 = LINE('',#3742,#3743);
#3742 = CARTESIAN_POINT('',(82.321342591996,30.72450481083,5.2));
#3743 = VECTOR('',#3744,1.);
#3744 = DIRECTION('',(0.981627021176,-0.190809830192,0.));
#3745 = ORIENTED_EDGE('',*,*,#3746,.T.);
#3746 = EDGE_CURVE('',#3737,#937,#3747,.T.);
#3747 = LINE('',#3748,#3749);
#3748 = CARTESIAN_POINT('',(98.64291438379,27.551898235349,0.));
#3749 = VECTOR('',#3750,1.);
#3750 = DIRECTION('',(0.,0.,1.));
#3751 = ORIENTED_EDGE('',*,*,#936,.T.);
#3752 = ORIENTED_EDGE('',*,*,#3753,.F.);
#3753 = EDGE_CURVE('',#3739,#939,#3754,.T.);
#3754 = LINE('',#3755,#3756);
#3755 = CARTESIAN_POINT('',(112.63110223947,24.832857610088,0.));
#3756 = VECTOR('',#3757,1.);
#3757 = DIRECTION('',(0.,0.,1.));
#3758 = PLANE('',#3759);
#3759 = AXIS2_PLACEMENT_3D('',#3760,#3761,#3762);
#3760 = CARTESIAN_POINT('',(98.64291438379,27.551898235349,0.));
#3761 = DIRECTION('',(0.190809830192,0.981627021176,0.));
#3762 = DIRECTION('',(0.981627021176,-0.190809830192,0.));
#3763 = ADVANCED_FACE('',(#3764),#3782,.F.);
#3764 = FACE_BOUND('',#3765,.F.);
#3765 = EDGE_LOOP('',(#3766,#3774,#3780,#3781));
#3766 = ORIENTED_EDGE('',*,*,#3767,.F.);
#3767 = EDGE_CURVE('',#3768,#3737,#3770,.T.);
#3768 = VERTEX_POINT('',#3769);
#3769 = CARTESIAN_POINT('',(95.923874951957,13.563711347381,5.2));
#3770 = LINE('',#3771,#3772);
#3771 = CARTESIAN_POINT('',(98.873239201477,28.736811759227,5.2));
#3772 = VECTOR('',#3773,1.);
#3773 = DIRECTION('',(0.190809762211,0.98162703439,0.));
#3774 = ORIENTED_EDGE('',*,*,#3775,.T.);
#3775 = EDGE_CURVE('',#3768,#955,#3776,.T.);
#3776 = LINE('',#3777,#3778);
#3777 = CARTESIAN_POINT('',(95.923874951957,13.563711347381,0.));
#3778 = VECTOR('',#3779,1.);
#3779 = DIRECTION('',(0.,0.,1.));
#3780 = ORIENTED_EDGE('',*,*,#962,.T.);
#3781 = ORIENTED_EDGE('',*,*,#3746,.F.);
#3782 = PLANE('',#3783);
#3783 = AXIS2_PLACEMENT_3D('',#3784,#3785,#3786);
#3784 = CARTESIAN_POINT('',(95.923874951957,13.563711347381,0.));
#3785 = DIRECTION('',(-0.98162703439,0.190809762211,0.));
#3786 = DIRECTION('',(0.190809762211,0.98162703439,0.));
#3787 = ADVANCED_FACE('',(#3788),#3806,.F.);
#3788 = FACE_BOUND('',#3789,.F.);
#3789 = EDGE_LOOP('',(#3790,#3798,#3799,#3800));
#3790 = ORIENTED_EDGE('',*,*,#3791,.F.);
#3791 = EDGE_CURVE('',#3739,#3792,#3794,.T.);
#3792 = VERTEX_POINT('',#3793);
#3793 = CARTESIAN_POINT('',(109.91206160889,10.844670759718,5.2));
#3794 = LINE('',#3795,#3796);
#3795 = CARTESIAN_POINT('',(114.22094717021,33.011862993149,5.2));
#3796 = VECTOR('',#3797,1.);
#3797 = DIRECTION('',(-0.190809843765,-0.981627018537,0.));
#3798 = ORIENTED_EDGE('',*,*,#3753,.T.);
#3799 = ORIENTED_EDGE('',*,*,#946,.T.);
#3800 = ORIENTED_EDGE('',*,*,#3801,.F.);
#3801 = EDGE_CURVE('',#3792,#947,#3802,.T.);
#3802 = LINE('',#3803,#3804);
#3803 = CARTESIAN_POINT('',(109.91206160889,10.844670759718,0.));
#3804 = VECTOR('',#3805,1.);
#3805 = DIRECTION('',(0.,0.,1.));
#3806 = PLANE('',#3807);
#3807 = AXIS2_PLACEMENT_3D('',#3808,#3809,#3810);
#3808 = CARTESIAN_POINT('',(112.63110223947,24.832857610088,0.));
#3809 = DIRECTION('',(0.981627018537,-0.190809843765,0.));
#3810 = DIRECTION('',(-0.190809843765,-0.981627018537,0.));
#3811 = ADVANCED_FACE('',(#3812),#3823,.F.);
#3812 = FACE_BOUND('',#3813,.F.);
#3813 = EDGE_LOOP('',(#3814,#3820,#3821,#3822));
#3814 = ORIENTED_EDGE('',*,*,#3815,.F.);
#3815 = EDGE_CURVE('',#3792,#3768,#3816,.T.);
#3816 = LINE('',#3817,#3818);
#3817 = CARTESIAN_POINT('',(86.59639584273,15.376797982595,5.2));
#3818 = VECTOR('',#3819,1.);
#3819 = DIRECTION('',(-0.981627018607,0.190809843406,0.));
#3820 = ORIENTED_EDGE('',*,*,#3801,.T.);
#3821 = ORIENTED_EDGE('',*,*,#954,.T.);
#3822 = ORIENTED_EDGE('',*,*,#3775,.F.);
#3823 = PLANE('',#3824);
#3824 = AXIS2_PLACEMENT_3D('',#3825,#3826,#3827);
#3825 = CARTESIAN_POINT('',(109.91206160889,10.844670759718,0.));
#3826 = DIRECTION('',(-0.190809843406,-0.981627018607,0.));
#3827 = DIRECTION('',(-0.981627018607,0.190809843406,0.));
#3828 = ADVANCED_FACE('',(#3829),#3848,.F.);
#3829 = FACE_BOUND('',#3830,.T.);
#3830 = EDGE_LOOP('',(#3831,#3840,#3846,#3847));
#3831 = ORIENTED_EDGE('',*,*,#3832,.T.);
#3832 = EDGE_CURVE('',#3833,#3833,#3835,.T.);
#3833 = VERTEX_POINT('',#3834);
#3834 = CARTESIAN_POINT('',(116.31,18.45,5.2));
#3835 = CIRCLE('',#3836,1.2);
#3836 = AXIS2_PLACEMENT_3D('',#3837,#3838,#3839);
#3837 = CARTESIAN_POINT('',(115.11,18.45,5.2));
#3838 = DIRECTION('',(0.,0.,-1.));
#3839 = DIRECTION('',(1.,0.,0.));
#3840 = ORIENTED_EDGE('',*,*,#3841,.T.);
#3841 = EDGE_CURVE('',#3833,#971,#3842,.T.);
#3842 = LINE('',#3843,#3844);
#3843 = CARTESIAN_POINT('',(116.31,18.45,0.));
#3844 = VECTOR('',#3845,1.);
#3845 = DIRECTION('',(0.,0.,1.));
#3846 = ORIENTED_EDGE('',*,*,#970,.T.);
#3847 = ORIENTED_EDGE('',*,*,#3841,.F.);
#3848 = CYLINDRICAL_SURFACE('',#3849,1.2);
#3849 = AXIS2_PLACEMENT_3D('',#3850,#3851,#3852);
#3850 = CARTESIAN_POINT('',(115.11,18.45,0.));
#3851 = DIRECTION('',(-0.,-0.,-1.));
#3852 = DIRECTION('',(1.,0.,0.));
#3853 = ADVANCED_FACE('',(#3854),#3879,.F.);
#3854 = FACE_BOUND('',#3855,.F.);
#3855 = EDGE_LOOP('',(#3856,#3866,#3872,#3873));
#3856 = ORIENTED_EDGE('',*,*,#3857,.F.);
#3857 = EDGE_CURVE('',#3858,#3860,#3862,.T.);
#3858 = VERTEX_POINT('',#3859);
#3859 = CARTESIAN_POINT('',(120.65038629435,22.413546096266,5.2));
#3860 = VERTEX_POINT('',#3861);
#3861 = CARTESIAN_POINT('',(133.86275058392,17.075396912643,5.2));
#3862 = LINE('',#3863,#3864);
#3863 = CARTESIAN_POINT('',(93.691291257811,33.305742830058,5.2));
#3864 = VECTOR('',#3865,1.);
#3865 = DIRECTION('',(0.927183671631,-0.374607046196,0.));
#3866 = ORIENTED_EDGE('',*,*,#3867,.T.);
#3867 = EDGE_CURVE('',#3858,#982,#3868,.T.);
#3868 = LINE('',#3869,#3870);
#3869 = CARTESIAN_POINT('',(120.65038629435,22.413546096266,0.));
#3870 = VECTOR('',#3871,1.);
#3871 = DIRECTION('',(0.,0.,1.));
#3872 = ORIENTED_EDGE('',*,*,#981,.T.);
#3873 = ORIENTED_EDGE('',*,*,#3874,.F.);
#3874 = EDGE_CURVE('',#3860,#984,#3875,.T.);
#3875 = LINE('',#3876,#3877);
#3876 = CARTESIAN_POINT('',(133.86275058392,17.075396912643,0.));
#3877 = VECTOR('',#3878,1.);
#3878 = DIRECTION('',(0.,0.,1.));
#3879 = PLANE('',#3880);
#3880 = AXIS2_PLACEMENT_3D('',#3881,#3882,#3883);
#3881 = CARTESIAN_POINT('',(120.65038629435,22.413546096266,0.));
#3882 = DIRECTION('',(0.374607046196,0.927183671631,0.));
#3883 = DIRECTION('',(0.927183671631,-0.374607046196,0.));
#3884 = ADVANCED_FACE('',(#3885),#3903,.F.);
#3885 = FACE_BOUND('',#3886,.F.);
#3886 = EDGE_LOOP('',(#3887,#3895,#3901,#3902));
#3887 = ORIENTED_EDGE('',*,*,#3888,.F.);
#3888 = EDGE_CURVE('',#3889,#3858,#3891,.T.);
#3889 = VERTEX_POINT('',#3890);
#3890 = CARTESIAN_POINT('',(115.31224461175,9.20117772767,5.2));
#3891 = LINE('',#3892,#3893);
#3892 = CARTESIAN_POINT('',(119.20495230393,18.835970327507,5.2));
#3893 = VECTOR('',#3894,1.);
#3894 = DIRECTION('',(0.374606494254,0.927183894631,0.));
#3895 = ORIENTED_EDGE('',*,*,#3896,.T.);
#3896 = EDGE_CURVE('',#3889,#1000,#3897,.T.);
#3897 = LINE('',#3898,#3899);
#3898 = CARTESIAN_POINT('',(115.31224461175,9.20117772767,0.));
#3899 = VECTOR('',#3900,1.);
#3900 = DIRECTION('',(0.,0.,1.));
#3901 = ORIENTED_EDGE('',*,*,#1007,.T.);
#3902 = ORIENTED_EDGE('',*,*,#3867,.F.);
#3903 = PLANE('',#3904);
#3904 = AXIS2_PLACEMENT_3D('',#3905,#3906,#3907);
#3905 = CARTESIAN_POINT('',(115.31224461175,9.20117772767,0.));
#3906 = DIRECTION('',(-0.927183894631,0.374606494254,0.));
#3907 = DIRECTION('',(0.374606494254,0.927183894631,0.));
#3908 = ADVANCED_FACE('',(#3909),#3927,.F.);
#3909 = FACE_BOUND('',#3910,.F.);
#3910 = EDGE_LOOP('',(#3911,#3919,#3920,#3921));
#3911 = ORIENTED_EDGE('',*,*,#3912,.F.);
#3912 = EDGE_CURVE('',#3860,#3913,#3915,.T.);
#3913 = VERTEX_POINT('',#3914);
#3914 = CARTESIAN_POINT('',(128.52460966072,3.863027935347,5.2));
#3915 = LINE('',#3916,#3917);
#3916 = CARTESIAN_POINT('',(135.08638971263,20.104011536372,5.2));
#3917 = VECTOR('',#3918,1.);
#3918 = DIRECTION('',(-0.374606433606,-0.927183919134,0.));
#3919 = ORIENTED_EDGE('',*,*,#3874,.T.);
#3920 = ORIENTED_EDGE('',*,*,#991,.T.);
#3921 = ORIENTED_EDGE('',*,*,#3922,.F.);
#3922 = EDGE_CURVE('',#3913,#992,#3923,.T.);
#3923 = LINE('',#3924,#3925);
#3924 = CARTESIAN_POINT('',(128.52460966072,3.863027935347,0.));
#3925 = VECTOR('',#3926,1.);
#3926 = DIRECTION('',(0.,0.,1.));
#3927 = PLANE('',#3928);
#3928 = AXIS2_PLACEMENT_3D('',#3929,#3930,#3931);
#3929 = CARTESIAN_POINT('',(133.86275058392,17.075396912643,0.));
#3930 = DIRECTION('',(0.927183919134,-0.374606433606,0.));
#3931 = DIRECTION('',(-0.374606433606,-0.927183919134,0.));
#3932 = ADVANCED_FACE('',(#3933),#3944,.F.);
#3933 = FACE_BOUND('',#3934,.F.);
#3934 = EDGE_LOOP('',(#3935,#3941,#3942,#3943));
#3935 = ORIENTED_EDGE('',*,*,#3936,.F.);
#3936 = EDGE_CURVE('',#3913,#3889,#3937,.T.);
#3937 = LINE('',#3938,#3939);
#3938 = CARTESIAN_POINT('',(94.959328191811,17.42430176017,5.2));
#3939 = VECTOR('',#3940,1.);
#3940 = DIRECTION('',(-0.927183664273,0.374607064408,0.));
#3941 = ORIENTED_EDGE('',*,*,#3922,.T.);
#3942 = ORIENTED_EDGE('',*,*,#999,.T.);
#3943 = ORIENTED_EDGE('',*,*,#3896,.F.);
#3944 = PLANE('',#3945);
#3945 = AXIS2_PLACEMENT_3D('',#3946,#3947,#3948);
#3946 = CARTESIAN_POINT('',(128.52460966072,3.863027935347,0.));
#3947 = DIRECTION('',(-0.374607064408,-0.927183664273,0.));
#3948 = DIRECTION('',(-0.927183664273,0.374607064408,0.));
#3949 = ADVANCED_FACE('',(#3950),#3975,.T.);
#3950 = FACE_BOUND('',#3951,.T.);
#3951 = EDGE_LOOP('',(#3952,#3962,#3968,#3969));
#3952 = ORIENTED_EDGE('',*,*,#3953,.F.);
#3953 = EDGE_CURVE('',#3954,#3956,#3958,.T.);
#3954 = VERTEX_POINT('',#3955);
#3955 = CARTESIAN_POINT('',(76.243788,28.323285,5.2));
#3956 = VERTEX_POINT('',#3957);
#3957 = CARTESIAN_POINT('',(76.243788,14.073276,5.2));
#3958 = LINE('',#3959,#3960);
#3959 = CARTESIAN_POINT('',(76.243788,39.289203920603,5.2));
#3960 = VECTOR('',#3961,1.);
#3961 = DIRECTION('',(0.,-1.,0.));
#3962 = ORIENTED_EDGE('',*,*,#3963,.T.);
#3963 = EDGE_CURVE('',#3954,#1016,#3964,.T.);
#3964 = LINE('',#3965,#3966);
#3965 = CARTESIAN_POINT('',(76.243788,28.323285,0.));
#3966 = VECTOR('',#3967,1.);
#3967 = DIRECTION('',(0.,0.,1.));
#3968 = ORIENTED_EDGE('',*,*,#1015,.T.);
#3969 = ORIENTED_EDGE('',*,*,#3970,.F.);
#3970 = EDGE_CURVE('',#3956,#1018,#3971,.T.);
#3971 = LINE('',#3972,#3973);
#3972 = CARTESIAN_POINT('',(76.243788,14.073276,0.));
#3973 = VECTOR('',#3974,1.);
#3974 = DIRECTION('',(0.,0.,1.));
#3975 = PLANE('',#3976);
#3976 = AXIS2_PLACEMENT_3D('',#3977,#3978,#3979);
#3977 = CARTESIAN_POINT('',(76.243788,28.323285,0.));
#3978 = DIRECTION('',(1.,0.,0.));
#3979 = DIRECTION('',(0.,-1.,0.));
#3980 = ADVANCED_FACE('',(#3981),#3999,.T.);
#3981 = FACE_BOUND('',#3982,.T.);
#3982 = EDGE_LOOP('',(#3983,#3991,#3997,#3998));
#3983 = ORIENTED_EDGE('',*,*,#3984,.F.);
#3984 = EDGE_CURVE('',#3985,#3954,#3987,.T.);
#3985 = VERTEX_POINT('',#3986);
#3986 = CARTESIAN_POINT('',(90.493797,28.323285,5.2));
#3987 = LINE('',#3988,#3989);
#3988 = CARTESIAN_POINT('',(79.836628780411,28.323285,5.2));
#3989 = VECTOR('',#3990,1.);
#3990 = DIRECTION('',(-1.,0.,0.));
#3991 = ORIENTED_EDGE('',*,*,#3992,.T.);
#3992 = EDGE_CURVE('',#3985,#1026,#3993,.T.);
#3993 = LINE('',#3994,#3995);
#3994 = CARTESIAN_POINT('',(90.493797,28.323285,0.));
#3995 = VECTOR('',#3996,1.);
#3996 = DIRECTION('',(0.,0.,1.));
#3997 = ORIENTED_EDGE('',*,*,#1025,.T.);
#3998 = ORIENTED_EDGE('',*,*,#3963,.F.);
#3999 = PLANE('',#4000);
#4000 = AXIS2_PLACEMENT_3D('',#4001,#4002,#4003);
#4001 = CARTESIAN_POINT('',(90.493797,28.323285,0.));
#4002 = DIRECTION('',(0.,-1.,0.));
#4003 = DIRECTION('',(-1.,0.,0.));
#4004 = ADVANCED_FACE('',(#4005),#4023,.T.);
#4005 = FACE_BOUND('',#4006,.T.);
#4006 = EDGE_LOOP('',(#4007,#4015,#4016,#4017));
#4007 = ORIENTED_EDGE('',*,*,#4008,.F.);
#4008 = EDGE_CURVE('',#3956,#4009,#4011,.T.);
#4009 = VERTEX_POINT('',#4010);
#4010 = CARTESIAN_POINT('',(90.493797,14.073276,5.2));
#4011 = LINE('',#4012,#4013);
#4012 = CARTESIAN_POINT('',(72.711624280411,14.073276,5.2));
#4013 = VECTOR('',#4014,1.);
#4014 = DIRECTION('',(1.,0.,0.));
#4015 = ORIENTED_EDGE('',*,*,#3970,.T.);
#4016 = ORIENTED_EDGE('',*,*,#1041,.T.);
#4017 = ORIENTED_EDGE('',*,*,#4018,.F.);
#4018 = EDGE_CURVE('',#4009,#1034,#4019,.T.);
#4019 = LINE('',#4020,#4021);
#4020 = CARTESIAN_POINT('',(90.493797,14.073276,0.));
#4021 = VECTOR('',#4022,1.);
#4022 = DIRECTION('',(0.,0.,1.));
#4023 = PLANE('',#4024);
#4024 = AXIS2_PLACEMENT_3D('',#4025,#4026,#4027);
#4025 = CARTESIAN_POINT('',(76.243788,14.073276,0.));
#4026 = DIRECTION('',(0.,1.,0.));
#4027 = DIRECTION('',(1.,0.,0.));
#4028 = ADVANCED_FACE('',(#4029),#4040,.T.);
#4029 = FACE_BOUND('',#4030,.T.);
#4030 = EDGE_LOOP('',(#4031,#4037,#4038,#4039));
#4031 = ORIENTED_EDGE('',*,*,#4032,.F.);
#4032 = EDGE_CURVE('',#4009,#3985,#4033,.T.);
#4033 = LINE('',#4034,#4035);
#4034 = CARTESIAN_POINT('',(90.493797,32.164199420603,5.2));
#4035 = VECTOR('',#4036,1.);
#4036 = DIRECTION('',(0.,1.,0.));
#4037 = ORIENTED_EDGE('',*,*,#4018,.T.);
#4038 = ORIENTED_EDGE('',*,*,#1033,.T.);
#4039 = ORIENTED_EDGE('',*,*,#3992,.F.);
#4040 = PLANE('',#4041);
#4041 = AXIS2_PLACEMENT_3D('',#4042,#4043,#4044);
#4042 = CARTESIAN_POINT('',(90.493797,14.073276,0.));
#4043 = DIRECTION('',(-1.,0.,0.));
#4044 = DIRECTION('',(0.,1.,0.));
#4045 = ADVANCED_FACE('',(#4046),#4065,.F.);
#4046 = FACE_BOUND('',#4047,.T.);
#4047 = EDGE_LOOP('',(#4048,#4057,#4063,#4064));
#4048 = ORIENTED_EDGE('',*,*,#4049,.T.);
#4049 = EDGE_CURVE('',#4050,#4050,#4052,.T.);
#4050 = VERTEX_POINT('',#4051);
#4051 = CARTESIAN_POINT('',(96.48,33.1,5.2));
#4052 = CIRCLE('',#4053,1.2);
#4053 = AXIS2_PLACEMENT_3D('',#4054,#4055,#4056);
#4054 = CARTESIAN_POINT('',(95.28,33.1,5.2));
#4055 = DIRECTION('',(0.,0.,-1.));
#4056 = DIRECTION('',(1.,0.,0.));
#4057 = ORIENTED_EDGE('',*,*,#4058,.T.);
#4058 = EDGE_CURVE('',#4050,#1050,#4059,.T.);
#4059 = LINE('',#4060,#4061);
#4060 = CARTESIAN_POINT('',(96.48,33.1,0.));
#4061 = VECTOR('',#4062,1.);
#4062 = DIRECTION('',(0.,0.,1.));
#4063 = ORIENTED_EDGE('',*,*,#1049,.T.);
#4064 = ORIENTED_EDGE('',*,*,#4058,.F.);
#4065 = CYLINDRICAL_SURFACE('',#4066,1.2);
#4066 = AXIS2_PLACEMENT_3D('',#4067,#4068,#4069);
#4067 = CARTESIAN_POINT('',(95.28,33.1,0.));
#4068 = DIRECTION('',(-0.,-0.,-1.));
#4069 = DIRECTION('',(1.,0.,0.));
#4070 = ADVANCED_FACE('',(#4071),#4096,.T.);
#4071 = FACE_BOUND('',#4072,.T.);
#4072 = EDGE_LOOP('',(#4073,#4083,#4089,#4090));
#4073 = ORIENTED_EDGE('',*,*,#4074,.F.);
#4074 = EDGE_CURVE('',#4075,#4077,#4079,.T.);
#4075 = VERTEX_POINT('',#4076);
#4076 = CARTESIAN_POINT('',(78.624987,52.135785,5.2));
#4077 = VERTEX_POINT('',#4078);
#4078 = CARTESIAN_POINT('',(78.624987,37.885776,5.2));
#4079 = LINE('',#4080,#4081);
#4080 = CARTESIAN_POINT('',(78.624987,51.195453920603,5.2));
#4081 = VECTOR('',#4082,1.);
#4082 = DIRECTION('',(0.,-1.,0.));
#4083 = ORIENTED_EDGE('',*,*,#4084,.T.);
#4084 = EDGE_CURVE('',#4075,#1061,#4085,.T.);
#4085 = LINE('',#4086,#4087);
#4086 = CARTESIAN_POINT('',(78.624987,52.135785,0.));
#4087 = VECTOR('',#4088,1.);
#4088 = DIRECTION('',(0.,0.,1.));
#4089 = ORIENTED_EDGE('',*,*,#1060,.T.);
#4090 = ORIENTED_EDGE('',*,*,#4091,.F.);
#4091 = EDGE_CURVE('',#4077,#1063,#4092,.T.);
#4092 = LINE('',#4093,#4094);
#4093 = CARTESIAN_POINT('',(78.624987,37.885776,0.));
#4094 = VECTOR('',#4095,1.);
#4095 = DIRECTION('',(0.,0.,1.));
#4096 = PLANE('',#4097);
#4097 = AXIS2_PLACEMENT_3D('',#4098,#4099,#4100);
#4098 = CARTESIAN_POINT('',(78.624987,52.135785,0.));
#4099 = DIRECTION('',(1.,0.,0.));
#4100 = DIRECTION('',(0.,-1.,0.));
#4101 = ADVANCED_FACE('',(#4102),#4120,.T.);
#4102 = FACE_BOUND('',#4103,.T.);
#4103 = EDGE_LOOP('',(#4104,#4112,#4118,#4119));
#4104 = ORIENTED_EDGE('',*,*,#4105,.F.);
#4105 = EDGE_CURVE('',#4106,#4075,#4108,.T.);
#4106 = VERTEX_POINT('',#4107);
#4107 = CARTESIAN_POINT('',(92.874996,52.135785,5.2));
#4108 = LINE('',#4109,#4110);
#4109 = CARTESIAN_POINT('',(81.027228280411,52.135785,5.2));
#4110 = VECTOR('',#4111,1.);
#4111 = DIRECTION('',(-1.,0.,0.));
#4112 = ORIENTED_EDGE('',*,*,#4113,.T.);
#4113 = EDGE_CURVE('',#4106,#1071,#4114,.T.);
#4114 = LINE('',#4115,#4116);
#4115 = CARTESIAN_POINT('',(92.874996,52.135785,0.));
#4116 = VECTOR('',#4117,1.);
#4117 = DIRECTION('',(0.,0.,1.));
#4118 = ORIENTED_EDGE('',*,*,#1070,.T.);
#4119 = ORIENTED_EDGE('',*,*,#4084,.F.);
#4120 = PLANE('',#4121);
#4121 = AXIS2_PLACEMENT_3D('',#4122,#4123,#4124);
#4122 = CARTESIAN_POINT('',(92.874996,52.135785,0.));
#4123 = DIRECTION('',(0.,-1.,0.));
#4124 = DIRECTION('',(-1.,0.,0.));
#4125 = ADVANCED_FACE('',(#4126),#4144,.T.);
#4126 = FACE_BOUND('',#4127,.T.);
#4127 = EDGE_LOOP('',(#4128,#4136,#4137,#4138));
#4128 = ORIENTED_EDGE('',*,*,#4129,.F.);
#4129 = EDGE_CURVE('',#4077,#4130,#4132,.T.);
#4130 = VERTEX_POINT('',#4131);
#4131 = CARTESIAN_POINT('',(92.874996,37.885776,5.2));
#4132 = LINE('',#4133,#4134);
#4133 = CARTESIAN_POINT('',(73.902223780411,37.885776,5.2));
#4134 = VECTOR('',#4135,1.);
#4135 = DIRECTION('',(1.,0.,0.));
#4136 = ORIENTED_EDGE('',*,*,#4091,.T.);
#4137 = ORIENTED_EDGE('',*,*,#1086,.T.);
#4138 = ORIENTED_EDGE('',*,*,#4139,.F.);
#4139 = EDGE_CURVE('',#4130,#1079,#4140,.T.);
#4140 = LINE('',#4141,#4142);
#4141 = CARTESIAN_POINT('',(92.874996,37.885776,0.));
#4142 = VECTOR('',#4143,1.);
#4143 = DIRECTION('',(0.,0.,1.));
#4144 = PLANE('',#4145);
#4145 = AXIS2_PLACEMENT_3D('',#4146,#4147,#4148);
#4146 = CARTESIAN_POINT('',(78.624987,37.885776,0.));
#4147 = DIRECTION('',(0.,1.,0.));
#4148 = DIRECTION('',(1.,0.,0.));
#4149 = ADVANCED_FACE('',(#4150),#4161,.T.);
#4150 = FACE_BOUND('',#4151,.T.);
#4151 = EDGE_LOOP('',(#4152,#4158,#4159,#4160));
#4152 = ORIENTED_EDGE('',*,*,#4153,.F.);
#4153 = EDGE_CURVE('',#4130,#4106,#4154,.T.);
#4154 = LINE('',#4155,#4156);
#4155 = CARTESIAN_POINT('',(92.874996,44.070449420603,5.2));
#4156 = VECTOR('',#4157,1.);
#4157 = DIRECTION('',(0.,1.,0.));
#4158 = ORIENTED_EDGE('',*,*,#4139,.T.);
#4159 = ORIENTED_EDGE('',*,*,#1078,.T.);
#4160 = ORIENTED_EDGE('',*,*,#4113,.F.);
#4161 = PLANE('',#4162);
#4162 = AXIS2_PLACEMENT_3D('',#4163,#4164,#4165);
#4163 = CARTESIAN_POINT('',(92.874996,37.885776,0.));
#4164 = DIRECTION('',(-1.,0.,0.));
#4165 = DIRECTION('',(0.,1.,0.));
#4166 = ADVANCED_FACE('',(#4167),#4192,.T.);
#4167 = FACE_BOUND('',#4168,.T.);
#4168 = EDGE_LOOP('',(#4169,#4179,#4185,#4186));
#4169 = ORIENTED_EDGE('',*,*,#4170,.F.);
#4170 = EDGE_CURVE('',#4171,#4173,#4175,.T.);
#4171 = VERTEX_POINT('',#4172);
#4172 = CARTESIAN_POINT('',(97.674987,52.135785,5.2));
#4173 = VERTEX_POINT('',#4174);
#4174 = CARTESIAN_POINT('',(97.674987,37.885776,5.2));
#4175 = LINE('',#4176,#4177);
#4176 = CARTESIAN_POINT('',(97.674987,51.195453920603,5.2));
#4177 = VECTOR('',#4178,1.);
#4178 = DIRECTION('',(0.,-1.,0.));
#4179 = ORIENTED_EDGE('',*,*,#4180,.T.);
#4180 = EDGE_CURVE('',#4171,#1095,#4181,.T.);
#4181 = LINE('',#4182,#4183);
#4182 = CARTESIAN_POINT('',(97.674987,52.135785,0.));
#4183 = VECTOR('',#4184,1.);
#4184 = DIRECTION('',(0.,0.,1.));
#4185 = ORIENTED_EDGE('',*,*,#1094,.T.);
#4186 = ORIENTED_EDGE('',*,*,#4187,.F.);
#4187 = EDGE_CURVE('',#4173,#1097,#4188,.T.);
#4188 = LINE('',#4189,#4190);
#4189 = CARTESIAN_POINT('',(97.674987,37.885776,0.));
#4190 = VECTOR('',#4191,1.);
#4191 = DIRECTION('',(0.,0.,1.));
#4192 = PLANE('',#4193);
#4193 = AXIS2_PLACEMENT_3D('',#4194,#4195,#4196);
#4194 = CARTESIAN_POINT('',(97.674987,52.135785,0.));
#4195 = DIRECTION('',(1.,0.,0.));
#4196 = DIRECTION('',(0.,-1.,0.));
#4197 = ADVANCED_FACE('',(#4198),#4216,.T.);
#4198 = FACE_BOUND('',#4199,.T.);
#4199 = EDGE_LOOP('',(#4200,#4208,#4214,#4215));
#4200 = ORIENTED_EDGE('',*,*,#4201,.F.);
#4201 = EDGE_CURVE('',#4202,#4171,#4204,.T.);
#4202 = VERTEX_POINT('',#4203);
#4203 = CARTESIAN_POINT('',(111.924996,52.135785,5.2));
#4204 = LINE('',#4205,#4206);
#4205 = CARTESIAN_POINT('',(90.552228280411,52.135785,5.2));
#4206 = VECTOR('',#4207,1.);
#4207 = DIRECTION('',(-1.,0.,0.));
#4208 = ORIENTED_EDGE('',*,*,#4209,.T.);
#4209 = EDGE_CURVE('',#4202,#1105,#4210,.T.);
#4210 = LINE('',#4211,#4212);
#4211 = CARTESIAN_POINT('',(111.924996,52.135785,0.));
#4212 = VECTOR('',#4213,1.);
#4213 = DIRECTION('',(0.,0.,1.));
#4214 = ORIENTED_EDGE('',*,*,#1104,.T.);
#4215 = ORIENTED_EDGE('',*,*,#4180,.F.);
#4216 = PLANE('',#4217);
#4217 = AXIS2_PLACEMENT_3D('',#4218,#4219,#4220);
#4218 = CARTESIAN_POINT('',(111.924996,52.135785,0.));
#4219 = DIRECTION('',(0.,-1.,0.));
#4220 = DIRECTION('',(-1.,0.,0.));
#4221 = ADVANCED_FACE('',(#4222),#4240,.T.);
#4222 = FACE_BOUND('',#4223,.T.);
#4223 = EDGE_LOOP('',(#4224,#4232,#4233,#4234));
#4224 = ORIENTED_EDGE('',*,*,#4225,.F.);
#4225 = EDGE_CURVE('',#4173,#4226,#4228,.T.);
#4226 = VERTEX_POINT('',#4227);
#4227 = CARTESIAN_POINT('',(111.924996,37.885776,5.2));
#4228 = LINE('',#4229,#4230);
#4229 = CARTESIAN_POINT('',(83.427223780411,37.885776,5.2));
#4230 = VECTOR('',#4231,1.);
#4231 = DIRECTION('',(1.,0.,0.));
#4232 = ORIENTED_EDGE('',*,*,#4187,.T.);
#4233 = ORIENTED_EDGE('',*,*,#1120,.T.);
#4234 = ORIENTED_EDGE('',*,*,#4235,.F.);
#4235 = EDGE_CURVE('',#4226,#1113,#4236,.T.);
#4236 = LINE('',#4237,#4238);
#4237 = CARTESIAN_POINT('',(111.924996,37.885776,0.));
#4238 = VECTOR('',#4239,1.);
#4239 = DIRECTION('',(0.,0.,1.));
#4240 = PLANE('',#4241);
#4241 = AXIS2_PLACEMENT_3D('',#4242,#4243,#4244);
#4242 = CARTESIAN_POINT('',(97.674987,37.885776,0.));
#4243 = DIRECTION('',(0.,1.,0.));
#4244 = DIRECTION('',(1.,0.,0.));
#4245 = ADVANCED_FACE('',(#4246),#4257,.T.);
#4246 = FACE_BOUND('',#4247,.T.);
#4247 = EDGE_LOOP('',(#4248,#4254,#4255,#4256));
#4248 = ORIENTED_EDGE('',*,*,#4249,.F.);
#4249 = EDGE_CURVE('',#4226,#4202,#4250,.T.);
#4250 = LINE('',#4251,#4252);
#4251 = CARTESIAN_POINT('',(111.924996,44.070449420603,5.2));
#4252 = VECTOR('',#4253,1.);
#4253 = DIRECTION('',(0.,1.,0.));
#4254 = ORIENTED_EDGE('',*,*,#4235,.T.);
#4255 = ORIENTED_EDGE('',*,*,#1112,.T.);
#4256 = ORIENTED_EDGE('',*,*,#4209,.F.);
#4257 = PLANE('',#4258);
#4258 = AXIS2_PLACEMENT_3D('',#4259,#4260,#4261);
#4259 = CARTESIAN_POINT('',(111.924996,37.885776,0.));
#4260 = DIRECTION('',(-1.,0.,0.));
#4261 = DIRECTION('',(0.,1.,0.));
#4262 = ADVANCED_FACE('',(#4263),#4288,.T.);
#4263 = FACE_BOUND('',#4264,.T.);
#4264 = EDGE_LOOP('',(#4265,#4275,#4281,#4282));
#4265 = ORIENTED_EDGE('',*,*,#4266,.F.);
#4266 = EDGE_CURVE('',#4267,#4269,#4271,.T.);
#4267 = VERTEX_POINT('',#4268);
#4268 = CARTESIAN_POINT('',(116.393796,46.748293,5.2));
#4269 = VERTEX_POINT('',#4270);
#4270 = CARTESIAN_POINT('',(116.393796,31.698285,5.2));
#4271 = LINE('',#4272,#4273);
#4272 = CARTESIAN_POINT('',(116.393796,48.501707920603,5.2));
#4273 = VECTOR('',#4274,1.);
#4274 = DIRECTION('',(0.,-1.,0.));
#4275 = ORIENTED_EDGE('',*,*,#4276,.T.);
#4276 = EDGE_CURVE('',#4267,#1129,#4277,.T.);
#4277 = LINE('',#4278,#4279);
#4278 = CARTESIAN_POINT('',(116.393796,46.748293,0.));
#4279 = VECTOR('',#4280,1.);
#4280 = DIRECTION('',(0.,0.,1.));
#4281 = ORIENTED_EDGE('',*,*,#1128,.T.);
#4282 = ORIENTED_EDGE('',*,*,#4283,.F.);
#4283 = EDGE_CURVE('',#4269,#1131,#4284,.T.);
#4284 = LINE('',#4285,#4286);
#4285 = CARTESIAN_POINT('',(116.393796,31.698285,0.));
#4286 = VECTOR('',#4287,1.);
#4287 = DIRECTION('',(0.,0.,1.));
#4288 = PLANE('',#4289);
#4289 = AXIS2_PLACEMENT_3D('',#4290,#4291,#4292);
#4290 = CARTESIAN_POINT('',(116.393796,46.748293,0.));
#4291 = DIRECTION('',(1.,0.,0.));
#4292 = DIRECTION('',(0.,-1.,0.));
#4293 = ADVANCED_FACE('',(#4294),#4312,.T.);
#4294 = FACE_BOUND('',#4295,.T.);
#4295 = EDGE_LOOP('',(#4296,#4304,#4310,#4311));
#4296 = ORIENTED_EDGE('',*,*,#4297,.F.);
#4297 = EDGE_CURVE('',#4298,#4267,#4300,.T.);
#4298 = VERTEX_POINT('',#4299);
#4299 = CARTESIAN_POINT('',(132.243803,46.748293,5.2));
#4300 = LINE('',#4301,#4302);
#4301 = CARTESIAN_POINT('',(100.71163178041,46.748293,5.2));
#4302 = VECTOR('',#4303,1.);
#4303 = DIRECTION('',(-1.,0.,0.));
#4304 = ORIENTED_EDGE('',*,*,#4305,.T.);
#4305 = EDGE_CURVE('',#4298,#1139,#4306,.T.);
#4306 = LINE('',#4307,#4308);
#4307 = CARTESIAN_POINT('',(132.243803,46.748293,0.));
#4308 = VECTOR('',#4309,1.);
#4309 = DIRECTION('',(0.,0.,1.));
#4310 = ORIENTED_EDGE('',*,*,#1138,.T.);
#4311 = ORIENTED_EDGE('',*,*,#4276,.F.);
#4312 = PLANE('',#4313);
#4313 = AXIS2_PLACEMENT_3D('',#4314,#4315,#4316);
#4314 = CARTESIAN_POINT('',(132.243803,46.748293,0.));
#4315 = DIRECTION('',(0.,-1.,0.));
#4316 = DIRECTION('',(-1.,0.,0.));
#4317 = ADVANCED_FACE('',(#4318),#4336,.T.);
#4318 = FACE_BOUND('',#4319,.T.);
#4319 = EDGE_LOOP('',(#4320,#4328,#4329,#4330));
#4320 = ORIENTED_EDGE('',*,*,#4321,.F.);
#4321 = EDGE_CURVE('',#4269,#4322,#4324,.T.);
#4322 = VERTEX_POINT('',#4323);
#4323 = CARTESIAN_POINT('',(132.243803,31.698285,5.2));
#4324 = LINE('',#4325,#4326);
#4325 = CARTESIAN_POINT('',(92.786628280411,31.698285,5.2));
#4326 = VECTOR('',#4327,1.);
#4327 = DIRECTION('',(1.,0.,0.));
#4328 = ORIENTED_EDGE('',*,*,#4283,.T.);
#4329 = ORIENTED_EDGE('',*,*,#1154,.T.);
#4330 = ORIENTED_EDGE('',*,*,#4331,.F.);
#4331 = EDGE_CURVE('',#4322,#1147,#4332,.T.);
#4332 = LINE('',#4333,#4334);
#4333 = CARTESIAN_POINT('',(132.243803,31.698285,0.));
#4334 = VECTOR('',#4335,1.);
#4335 = DIRECTION('',(0.,0.,1.));
#4336 = PLANE('',#4337);
#4337 = AXIS2_PLACEMENT_3D('',#4338,#4339,#4340);
#4338 = CARTESIAN_POINT('',(116.393796,31.698285,0.));
#4339 = DIRECTION('',(0.,1.,0.));
#4340 = DIRECTION('',(1.,0.,0.));
#4341 = ADVANCED_FACE('',(#4342),#4353,.T.);
#4342 = FACE_BOUND('',#4343,.T.);
#4343 = EDGE_LOOP('',(#4344,#4350,#4351,#4352));
#4344 = ORIENTED_EDGE('',*,*,#4345,.F.);
#4345 = EDGE_CURVE('',#4322,#4298,#4346,.T.);
#4346 = LINE('',#4347,#4348);
#4347 = CARTESIAN_POINT('',(132.243803,40.976703920603,5.2));
#4348 = VECTOR('',#4349,1.);
#4349 = DIRECTION('',(0.,1.,0.));
#4350 = ORIENTED_EDGE('',*,*,#4331,.T.);
#4351 = ORIENTED_EDGE('',*,*,#1146,.T.);
#4352 = ORIENTED_EDGE('',*,*,#4305,.F.);
#4353 = PLANE('',#4354);
#4354 = AXIS2_PLACEMENT_3D('',#4355,#4356,#4357);
#4355 = CARTESIAN_POINT('',(132.243803,31.698285,0.));
#4356 = DIRECTION('',(-1.,0.,0.));
#4357 = DIRECTION('',(0.,1.,0.));
#4358 = ADVANCED_FACE('',(#4359),#4384,.T.);
#4359 = FACE_BOUND('',#4360,.T.);
#4360 = EDGE_LOOP('',(#4361,#4371,#4377,#4378));
#4361 = ORIENTED_EDGE('',*,*,#4362,.F.);
#4362 = EDGE_CURVE('',#4363,#4365,#4367,.T.);
#4363 = VERTEX_POINT('',#4364);
#4364 = CARTESIAN_POINT('',(2.424987,71.185785,5.2));
#4365 = VERTEX_POINT('',#4366);
#4366 = CARTESIAN_POINT('',(2.424987,56.935776,5.2));
#4367 = LINE('',#4368,#4369);
#4368 = CARTESIAN_POINT('',(2.424987,60.720453920603,5.2));
#4369 = VECTOR('',#4370,1.);
#4370 = DIRECTION('',(0.,-1.,0.));
#4371 = ORIENTED_EDGE('',*,*,#4372,.T.);
#4372 = EDGE_CURVE('',#4363,#1163,#4373,.T.);
#4373 = LINE('',#4374,#4375);
#4374 = CARTESIAN_POINT('',(2.424987,71.185785,0.));
#4375 = VECTOR('',#4376,1.);
#4376 = DIRECTION('',(0.,0.,1.));
#4377 = ORIENTED_EDGE('',*,*,#1162,.T.);
#4378 = ORIENTED_EDGE('',*,*,#4379,.F.);
#4379 = EDGE_CURVE('',#4365,#1165,#4380,.T.);
#4380 = LINE('',#4381,#4382);
#4381 = CARTESIAN_POINT('',(2.424987,56.935776,0.));
#4382 = VECTOR('',#4383,1.);
#4383 = DIRECTION('',(0.,0.,1.));
#4384 = PLANE('',#4385);
#4385 = AXIS2_PLACEMENT_3D('',#4386,#4387,#4388);
#4386 = CARTESIAN_POINT('',(2.424987,71.185785,0.));
#4387 = DIRECTION('',(1.,0.,0.));
#4388 = DIRECTION('',(0.,-1.,0.));
#4389 = ADVANCED_FACE('',(#4390),#4408,.T.);
#4390 = FACE_BOUND('',#4391,.T.);
#4391 = EDGE_LOOP('',(#4392,#4400,#4406,#4407));
#4392 = ORIENTED_EDGE('',*,*,#4393,.F.);
#4393 = EDGE_CURVE('',#4394,#4363,#4396,.T.);
#4394 = VERTEX_POINT('',#4395);
#4395 = CARTESIAN_POINT('',(16.674996,71.185785,5.2));
#4396 = LINE('',#4397,#4398);
#4397 = CARTESIAN_POINT('',(42.927228280411,71.185785,5.2));
#4398 = VECTOR('',#4399,1.);
#4399 = DIRECTION('',(-1.,0.,0.));
#4400 = ORIENTED_EDGE('',*,*,#4401,.T.);
#4401 = EDGE_CURVE('',#4394,#1173,#4402,.T.);
#4402 = LINE('',#4403,#4404);
#4403 = CARTESIAN_POINT('',(16.674996,71.185785,0.));
#4404 = VECTOR('',#4405,1.);
#4405 = DIRECTION('',(0.,0.,1.));
#4406 = ORIENTED_EDGE('',*,*,#1172,.T.);
#4407 = ORIENTED_EDGE('',*,*,#4372,.F.);
#4408 = PLANE('',#4409);
#4409 = AXIS2_PLACEMENT_3D('',#4410,#4411,#4412);
#4410 = CARTESIAN_POINT('',(16.674996,71.185785,0.));
#4411 = DIRECTION('',(0.,-1.,0.));
#4412 = DIRECTION('',(-1.,0.,0.));
#4413 = ADVANCED_FACE('',(#4414),#4432,.T.);
#4414 = FACE_BOUND('',#4415,.T.);
#4415 = EDGE_LOOP('',(#4416,#4424,#4425,#4426));
#4416 = ORIENTED_EDGE('',*,*,#4417,.F.);
#4417 = EDGE_CURVE('',#4365,#4418,#4420,.T.);
#4418 = VERTEX_POINT('',#4419);
#4419 = CARTESIAN_POINT('',(16.674996,56.935776,5.2));
#4420 = LINE('',#4421,#4422);
#4421 = CARTESIAN_POINT('',(35.802223780411,56.935776,5.2));
#4422 = VECTOR('',#4423,1.);
#4423 = DIRECTION('',(1.,0.,0.));
#4424 = ORIENTED_EDGE('',*,*,#4379,.T.);
#4425 = ORIENTED_EDGE('',*,*,#1188,.T.);
#4426 = ORIENTED_EDGE('',*,*,#4427,.F.);
#4427 = EDGE_CURVE('',#4418,#1181,#4428,.T.);
#4428 = LINE('',#4429,#4430);
#4429 = CARTESIAN_POINT('',(16.674996,56.935776,0.));
#4430 = VECTOR('',#4431,1.);
#4431 = DIRECTION('',(0.,0.,1.));
#4432 = PLANE('',#4433);
#4433 = AXIS2_PLACEMENT_3D('',#4434,#4435,#4436);
#4434 = CARTESIAN_POINT('',(2.424987,56.935776,0.));
#4435 = DIRECTION('',(0.,1.,0.));
#4436 = DIRECTION('',(1.,0.,0.));
#4437 = ADVANCED_FACE('',(#4438),#4449,.T.);
#4438 = FACE_BOUND('',#4439,.T.);
#4439 = EDGE_LOOP('',(#4440,#4446,#4447,#4448));
#4440 = ORIENTED_EDGE('',*,*,#4441,.F.);
#4441 = EDGE_CURVE('',#4418,#4394,#4442,.T.);
#4442 = LINE('',#4443,#4444);
#4443 = CARTESIAN_POINT('',(16.674996,53.595449420603,5.2));
#4444 = VECTOR('',#4445,1.);
#4445 = DIRECTION('',(0.,1.,0.));
#4446 = ORIENTED_EDGE('',*,*,#4427,.T.);
#4447 = ORIENTED_EDGE('',*,*,#1180,.T.);
#4448 = ORIENTED_EDGE('',*,*,#4401,.F.);
#4449 = PLANE('',#4450);
#4450 = AXIS2_PLACEMENT_3D('',#4451,#4452,#4453);
#4451 = CARTESIAN_POINT('',(16.674996,56.935776,0.));
#4452 = DIRECTION('',(-1.,0.,0.));
#4453 = DIRECTION('',(0.,1.,0.));
#4454 = ADVANCED_FACE('',(#4455),#4480,.T.);
#4455 = FACE_BOUND('',#4456,.T.);
#4456 = EDGE_LOOP('',(#4457,#4467,#4473,#4474));
#4457 = ORIENTED_EDGE('',*,*,#4458,.F.);
#4458 = EDGE_CURVE('',#4459,#4461,#4463,.T.);
#4459 = VERTEX_POINT('',#4460);
#4460 = CARTESIAN_POINT('',(21.474987,71.185785,5.2));
#4461 = VERTEX_POINT('',#4462);
#4462 = CARTESIAN_POINT('',(21.474987,56.935776,5.2));
#4463 = LINE('',#4464,#4465);
#4464 = CARTESIAN_POINT('',(21.474987,60.720453920603,5.2));
#4465 = VECTOR('',#4466,1.);
#4466 = DIRECTION('',(0.,-1.,0.));
#4467 = ORIENTED_EDGE('',*,*,#4468,.T.);
#4468 = EDGE_CURVE('',#4459,#1197,#4469,.T.);
#4469 = LINE('',#4470,#4471);
#4470 = CARTESIAN_POINT('',(21.474987,71.185785,0.));
#4471 = VECTOR('',#4472,1.);
#4472 = DIRECTION('',(0.,0.,1.));
#4473 = ORIENTED_EDGE('',*,*,#1196,.T.);
#4474 = ORIENTED_EDGE('',*,*,#4475,.F.);
#4475 = EDGE_CURVE('',#4461,#1199,#4476,.T.);
#4476 = LINE('',#4477,#4478);
#4477 = CARTESIAN_POINT('',(21.474987,56.935776,0.));
#4478 = VECTOR('',#4479,1.);
#4479 = DIRECTION('',(0.,0.,1.));
#4480 = PLANE('',#4481);
#4481 = AXIS2_PLACEMENT_3D('',#4482,#4483,#4484);
#4482 = CARTESIAN_POINT('',(21.474987,71.185785,0.));
#4483 = DIRECTION('',(1.,0.,0.));
#4484 = DIRECTION('',(0.,-1.,0.));
#4485 = ADVANCED_FACE('',(#4486),#4504,.T.);
#4486 = FACE_BOUND('',#4487,.T.);
#4487 = EDGE_LOOP('',(#4488,#4496,#4502,#4503));
#4488 = ORIENTED_EDGE('',*,*,#4489,.F.);
#4489 = EDGE_CURVE('',#4490,#4459,#4492,.T.);
#4490 = VERTEX_POINT('',#4491);
#4491 = CARTESIAN_POINT('',(35.724996,71.185785,5.2));
#4492 = LINE('',#4493,#4494);
#4493 = CARTESIAN_POINT('',(52.452228280411,71.185785,5.2));
#4494 = VECTOR('',#4495,1.);
#4495 = DIRECTION('',(-1.,0.,0.));
#4496 = ORIENTED_EDGE('',*,*,#4497,.T.);
#4497 = EDGE_CURVE('',#4490,#1207,#4498,.T.);
#4498 = LINE('',#4499,#4500);
#4499 = CARTESIAN_POINT('',(35.724996,71.185785,0.));
#4500 = VECTOR('',#4501,1.);
#4501 = DIRECTION('',(0.,0.,1.));
#4502 = ORIENTED_EDGE('',*,*,#1206,.T.);
#4503 = ORIENTED_EDGE('',*,*,#4468,.F.);
#4504 = PLANE('',#4505);
#4505 = AXIS2_PLACEMENT_3D('',#4506,#4507,#4508);
#4506 = CARTESIAN_POINT('',(35.724996,71.185785,0.));
#4507 = DIRECTION('',(0.,-1.,0.));
#4508 = DIRECTION('',(-1.,0.,0.));
#4509 = ADVANCED_FACE('',(#4510),#4528,.T.);
#4510 = FACE_BOUND('',#4511,.T.);
#4511 = EDGE_LOOP('',(#4512,#4520,#4521,#4522));
#4512 = ORIENTED_EDGE('',*,*,#4513,.F.);
#4513 = EDGE_CURVE('',#4461,#4514,#4516,.T.);
#4514 = VERTEX_POINT('',#4515);
#4515 = CARTESIAN_POINT('',(35.724996,56.935776,5.2));
#4516 = LINE('',#4517,#4518);
#4517 = CARTESIAN_POINT('',(45.327223780411,56.935776,5.2));
#4518 = VECTOR('',#4519,1.);
#4519 = DIRECTION('',(1.,0.,0.));
#4520 = ORIENTED_EDGE('',*,*,#4475,.T.);
#4521 = ORIENTED_EDGE('',*,*,#1222,.T.);
#4522 = ORIENTED_EDGE('',*,*,#4523,.F.);
#4523 = EDGE_CURVE('',#4514,#1215,#4524,.T.);
#4524 = LINE('',#4525,#4526);
#4525 = CARTESIAN_POINT('',(35.724996,56.935776,0.));
#4526 = VECTOR('',#4527,1.);
#4527 = DIRECTION('',(0.,0.,1.));
#4528 = PLANE('',#4529);
#4529 = AXIS2_PLACEMENT_3D('',#4530,#4531,#4532);
#4530 = CARTESIAN_POINT('',(21.474987,56.935776,0.));
#4531 = DIRECTION('',(0.,1.,0.));
#4532 = DIRECTION('',(1.,0.,0.));
#4533 = ADVANCED_FACE('',(#4534),#4545,.T.);
#4534 = FACE_BOUND('',#4535,.T.);
#4535 = EDGE_LOOP('',(#4536,#4542,#4543,#4544));
#4536 = ORIENTED_EDGE('',*,*,#4537,.F.);
#4537 = EDGE_CURVE('',#4514,#4490,#4538,.T.);
#4538 = LINE('',#4539,#4540);
#4539 = CARTESIAN_POINT('',(35.724996,53.595449420603,5.2));
#4540 = VECTOR('',#4541,1.);
#4541 = DIRECTION('',(0.,1.,0.));
#4542 = ORIENTED_EDGE('',*,*,#4523,.T.);
#4543 = ORIENTED_EDGE('',*,*,#1214,.T.);
#4544 = ORIENTED_EDGE('',*,*,#4497,.F.);
#4545 = PLANE('',#4546);
#4546 = AXIS2_PLACEMENT_3D('',#4547,#4548,#4549);
#4547 = CARTESIAN_POINT('',(35.724996,56.935776,0.));
#4548 = DIRECTION('',(-1.,0.,0.));
#4549 = DIRECTION('',(0.,1.,0.));
#4550 = ADVANCED_FACE('',(#4551),#4576,.T.);
#4551 = FACE_BOUND('',#4552,.T.);
#4552 = EDGE_LOOP('',(#4553,#4563,#4569,#4570));
#4553 = ORIENTED_EDGE('',*,*,#4554,.F.);
#4554 = EDGE_CURVE('',#4555,#4557,#4559,.T.);
#4555 = VERTEX_POINT('',#4556);
#4556 = CARTESIAN_POINT('',(40.524987,71.185785,5.2));
#4557 = VERTEX_POINT('',#4558);
#4558 = CARTESIAN_POINT('',(40.524987,56.935776,5.2));
#4559 = LINE('',#4560,#4561);
#4560 = CARTESIAN_POINT('',(40.524987,60.720453920603,5.2));
#4561 = VECTOR('',#4562,1.);
#4562 = DIRECTION('',(0.,-1.,0.));
#4563 = ORIENTED_EDGE('',*,*,#4564,.T.);
#4564 = EDGE_CURVE('',#4555,#1231,#4565,.T.);
#4565 = LINE('',#4566,#4567);
#4566 = CARTESIAN_POINT('',(40.524987,71.185785,0.));
#4567 = VECTOR('',#4568,1.);
#4568 = DIRECTION('',(0.,0.,1.));
#4569 = ORIENTED_EDGE('',*,*,#1230,.T.);
#4570 = ORIENTED_EDGE('',*,*,#4571,.F.);
#4571 = EDGE_CURVE('',#4557,#1233,#4572,.T.);
#4572 = LINE('',#4573,#4574);
#4573 = CARTESIAN_POINT('',(40.524987,56.935776,0.));
#4574 = VECTOR('',#4575,1.);
#4575 = DIRECTION('',(0.,0.,1.));
#4576 = PLANE('',#4577);
#4577 = AXIS2_PLACEMENT_3D('',#4578,#4579,#4580);
#4578 = CARTESIAN_POINT('',(40.524987,71.185785,0.));
#4579 = DIRECTION('',(1.,0.,0.));
#4580 = DIRECTION('',(0.,-1.,0.));
#4581 = ADVANCED_FACE('',(#4582),#4600,.T.);
#4582 = FACE_BOUND('',#4583,.T.);
#4583 = EDGE_LOOP('',(#4584,#4592,#4598,#4599));
#4584 = ORIENTED_EDGE('',*,*,#4585,.F.);
#4585 = EDGE_CURVE('',#4586,#4555,#4588,.T.);
#4586 = VERTEX_POINT('',#4587);
#4587 = CARTESIAN_POINT('',(54.774996,71.185785,5.2));
#4588 = LINE('',#4589,#4590);
#4589 = CARTESIAN_POINT('',(61.977228280411,71.185785,5.2));
#4590 = VECTOR('',#4591,1.);
#4591 = DIRECTION('',(-1.,0.,0.));
#4592 = ORIENTED_EDGE('',*,*,#4593,.T.);
#4593 = EDGE_CURVE('',#4586,#1241,#4594,.T.);
#4594 = LINE('',#4595,#4596);
#4595 = CARTESIAN_POINT('',(54.774996,71.185785,0.));
#4596 = VECTOR('',#4597,1.);
#4597 = DIRECTION('',(0.,0.,1.));
#4598 = ORIENTED_EDGE('',*,*,#1240,.T.);
#4599 = ORIENTED_EDGE('',*,*,#4564,.F.);
#4600 = PLANE('',#4601);
#4601 = AXIS2_PLACEMENT_3D('',#4602,#4603,#4604);
#4602 = CARTESIAN_POINT('',(54.774996,71.185785,0.));
#4603 = DIRECTION('',(0.,-1.,0.));
#4604 = DIRECTION('',(-1.,0.,0.));
#4605 = ADVANCED_FACE('',(#4606),#4624,.T.);
#4606 = FACE_BOUND('',#4607,.T.);
#4607 = EDGE_LOOP('',(#4608,#4616,#4617,#4618));
#4608 = ORIENTED_EDGE('',*,*,#4609,.F.);
#4609 = EDGE_CURVE('',#4557,#4610,#4612,.T.);
#4610 = VERTEX_POINT('',#4611);
#4611 = CARTESIAN_POINT('',(54.774996,56.935776,5.2));
#4612 = LINE('',#4613,#4614);
#4613 = CARTESIAN_POINT('',(54.852223780411,56.935776,5.2));
#4614 = VECTOR('',#4615,1.);
#4615 = DIRECTION('',(1.,0.,0.));
#4616 = ORIENTED_EDGE('',*,*,#4571,.T.);
#4617 = ORIENTED_EDGE('',*,*,#1256,.T.);
#4618 = ORIENTED_EDGE('',*,*,#4619,.F.);
#4619 = EDGE_CURVE('',#4610,#1249,#4620,.T.);
#4620 = LINE('',#4621,#4622);
#4621 = CARTESIAN_POINT('',(54.774996,56.935776,0.));
#4622 = VECTOR('',#4623,1.);
#4623 = DIRECTION('',(0.,0.,1.));
#4624 = PLANE('',#4625);
#4625 = AXIS2_PLACEMENT_3D('',#4626,#4627,#4628);
#4626 = CARTESIAN_POINT('',(40.524987,56.935776,0.));
#4627 = DIRECTION('',(0.,1.,0.));
#4628 = DIRECTION('',(1.,0.,0.));
#4629 = ADVANCED_FACE('',(#4630),#4641,.T.);
#4630 = FACE_BOUND('',#4631,.T.);
#4631 = EDGE_LOOP('',(#4632,#4638,#4639,#4640));
#4632 = ORIENTED_EDGE('',*,*,#4633,.F.);
#4633 = EDGE_CURVE('',#4610,#4586,#4634,.T.);
#4634 = LINE('',#4635,#4636);
#4635 = CARTESIAN_POINT('',(54.774996,53.595449420603,5.2));
#4636 = VECTOR('',#4637,1.);
#4637 = DIRECTION('',(0.,1.,0.));
#4638 = ORIENTED_EDGE('',*,*,#4619,.T.);
#4639 = ORIENTED_EDGE('',*,*,#1248,.T.);
#4640 = ORIENTED_EDGE('',*,*,#4593,.F.);
#4641 = PLANE('',#4642);
#4642 = AXIS2_PLACEMENT_3D('',#4643,#4644,#4645);
#4643 = CARTESIAN_POINT('',(54.774996,56.935776,0.));
#4644 = DIRECTION('',(-1.,0.,0.));
#4645 = DIRECTION('',(0.,1.,0.));
#4646 = ADVANCED_FACE('',(#4647),#4672,.T.);
#4647 = FACE_BOUND('',#4648,.T.);
#4648 = EDGE_LOOP('',(#4649,#4659,#4665,#4666));
#4649 = ORIENTED_EDGE('',*,*,#4650,.F.);
#4650 = EDGE_CURVE('',#4651,#4653,#4655,.T.);
#4651 = VERTEX_POINT('',#4652);
#4652 = CARTESIAN_POINT('',(59.574987,71.185785,5.2));
#4653 = VERTEX_POINT('',#4654);
#4654 = CARTESIAN_POINT('',(59.574987,56.935776,5.2));
#4655 = LINE('',#4656,#4657);
#4656 = CARTESIAN_POINT('',(59.574987,60.720453920603,5.2));
#4657 = VECTOR('',#4658,1.);
#4658 = DIRECTION('',(0.,-1.,0.));
#4659 = ORIENTED_EDGE('',*,*,#4660,.T.);
#4660 = EDGE_CURVE('',#4651,#1265,#4661,.T.);
#4661 = LINE('',#4662,#4663);
#4662 = CARTESIAN_POINT('',(59.574987,71.185785,0.));
#4663 = VECTOR('',#4664,1.);
#4664 = DIRECTION('',(0.,0.,1.));
#4665 = ORIENTED_EDGE('',*,*,#1264,.T.);
#4666 = ORIENTED_EDGE('',*,*,#4667,.F.);
#4667 = EDGE_CURVE('',#4653,#1267,#4668,.T.);
#4668 = LINE('',#4669,#4670);
#4669 = CARTESIAN_POINT('',(59.574987,56.935776,0.));
#4670 = VECTOR('',#4671,1.);
#4671 = DIRECTION('',(0.,0.,1.));
#4672 = PLANE('',#4673);
#4673 = AXIS2_PLACEMENT_3D('',#4674,#4675,#4676);
#4674 = CARTESIAN_POINT('',(59.574987,71.185785,0.));
#4675 = DIRECTION('',(1.,0.,0.));
#4676 = DIRECTION('',(0.,-1.,0.));
#4677 = ADVANCED_FACE('',(#4678),#4696,.T.);
#4678 = FACE_BOUND('',#4679,.T.);
#4679 = EDGE_LOOP('',(#4680,#4688,#4694,#4695));
#4680 = ORIENTED_EDGE('',*,*,#4681,.F.);
#4681 = EDGE_CURVE('',#4682,#4651,#4684,.T.);
#4682 = VERTEX_POINT('',#4683);
#4683 = CARTESIAN_POINT('',(73.824996,71.185785,5.2));
#4684 = LINE('',#4685,#4686);
#4685 = CARTESIAN_POINT('',(71.502228280411,71.185785,5.2));
#4686 = VECTOR('',#4687,1.);
#4687 = DIRECTION('',(-1.,0.,0.));
#4688 = ORIENTED_EDGE('',*,*,#4689,.T.);
#4689 = EDGE_CURVE('',#4682,#1275,#4690,.T.);
#4690 = LINE('',#4691,#4692);
#4691 = CARTESIAN_POINT('',(73.824996,71.185785,0.));
#4692 = VECTOR('',#4693,1.);
#4693 = DIRECTION('',(0.,0.,1.));
#4694 = ORIENTED_EDGE('',*,*,#1274,.T.);
#4695 = ORIENTED_EDGE('',*,*,#4660,.F.);
#4696 = PLANE('',#4697);
#4697 = AXIS2_PLACEMENT_3D('',#4698,#4699,#4700);
#4698 = CARTESIAN_POINT('',(73.824996,71.185785,0.));
#4699 = DIRECTION('',(0.,-1.,0.));
#4700 = DIRECTION('',(-1.,0.,0.));
#4701 = ADVANCED_FACE('',(#4702),#4720,.T.);
#4702 = FACE_BOUND('',#4703,.T.);
#4703 = EDGE_LOOP('',(#4704,#4712,#4713,#4714));
#4704 = ORIENTED_EDGE('',*,*,#4705,.F.);
#4705 = EDGE_CURVE('',#4653,#4706,#4708,.T.);
#4706 = VERTEX_POINT('',#4707);
#4707 = CARTESIAN_POINT('',(73.824996,56.935776,5.2));
#4708 = LINE('',#4709,#4710);
#4709 = CARTESIAN_POINT('',(64.377223780411,56.935776,5.2));
#4710 = VECTOR('',#4711,1.);
#4711 = DIRECTION('',(1.,0.,0.));
#4712 = ORIENTED_EDGE('',*,*,#4667,.T.);
#4713 = ORIENTED_EDGE('',*,*,#1290,.T.);
#4714 = ORIENTED_EDGE('',*,*,#4715,.F.);
#4715 = EDGE_CURVE('',#4706,#1283,#4716,.T.);
#4716 = LINE('',#4717,#4718);
#4717 = CARTESIAN_POINT('',(73.824996,56.935776,0.));
#4718 = VECTOR('',#4719,1.);
#4719 = DIRECTION('',(0.,0.,1.));
#4720 = PLANE('',#4721);
#4721 = AXIS2_PLACEMENT_3D('',#4722,#4723,#4724);
#4722 = CARTESIAN_POINT('',(59.574987,56.935776,0.));
#4723 = DIRECTION('',(0.,1.,0.));
#4724 = DIRECTION('',(1.,0.,0.));
#4725 = ADVANCED_FACE('',(#4726),#4737,.T.);
#4726 = FACE_BOUND('',#4727,.T.);
#4727 = EDGE_LOOP('',(#4728,#4734,#4735,#4736));
#4728 = ORIENTED_EDGE('',*,*,#4729,.F.);
#4729 = EDGE_CURVE('',#4706,#4682,#4730,.T.);
#4730 = LINE('',#4731,#4732);
#4731 = CARTESIAN_POINT('',(73.824996,53.595449420603,5.2));
#4732 = VECTOR('',#4733,1.);
#4733 = DIRECTION('',(0.,1.,0.));
#4734 = ORIENTED_EDGE('',*,*,#4715,.T.);
#4735 = ORIENTED_EDGE('',*,*,#1282,.T.);
#4736 = ORIENTED_EDGE('',*,*,#4689,.F.);
#4737 = PLANE('',#4738);
#4738 = AXIS2_PLACEMENT_3D('',#4739,#4740,#4741);
#4739 = CARTESIAN_POINT('',(73.824996,56.935776,0.));
#4740 = DIRECTION('',(-1.,0.,0.));
#4741 = DIRECTION('',(0.,1.,0.));
#4742 = ADVANCED_FACE('',(#4743),#4768,.T.);
#4743 = FACE_BOUND('',#4744,.T.);
#4744 = EDGE_LOOP('',(#4745,#4755,#4761,#4762));
#4745 = ORIENTED_EDGE('',*,*,#4746,.F.);
#4746 = EDGE_CURVE('',#4747,#4749,#4751,.T.);
#4747 = VERTEX_POINT('',#4748);
#4748 = CARTESIAN_POINT('',(2.424987,90.235785,5.2));
#4749 = VERTEX_POINT('',#4750);
#4750 = CARTESIAN_POINT('',(2.424987,75.985776,5.2));
#4751 = LINE('',#4752,#4753);
#4752 = CARTESIAN_POINT('',(2.424987,70.245453920603,5.2));
#4753 = VECTOR('',#4754,1.);
#4754 = DIRECTION('',(0.,-1.,0.));
#4755 = ORIENTED_EDGE('',*,*,#4756,.T.);
#4756 = EDGE_CURVE('',#4747,#1299,#4757,.T.);
#4757 = LINE('',#4758,#4759);
#4758 = CARTESIAN_POINT('',(2.424987,90.235785,0.));
#4759 = VECTOR('',#4760,1.);
#4760 = DIRECTION('',(0.,0.,1.));
#4761 = ORIENTED_EDGE('',*,*,#1298,.T.);
#4762 = ORIENTED_EDGE('',*,*,#4763,.F.);
#4763 = EDGE_CURVE('',#4749,#1301,#4764,.T.);
#4764 = LINE('',#4765,#4766);
#4765 = CARTESIAN_POINT('',(2.424987,75.985776,0.));
#4766 = VECTOR('',#4767,1.);
#4767 = DIRECTION('',(0.,0.,1.));
#4768 = PLANE('',#4769);
#4769 = AXIS2_PLACEMENT_3D('',#4770,#4771,#4772);
#4770 = CARTESIAN_POINT('',(2.424987,90.235785,0.));
#4771 = DIRECTION('',(1.,0.,0.));
#4772 = DIRECTION('',(0.,-1.,0.));
#4773 = ADVANCED_FACE('',(#4774),#4792,.T.);
#4774 = FACE_BOUND('',#4775,.T.);
#4775 = EDGE_LOOP('',(#4776,#4784,#4790,#4791));
#4776 = ORIENTED_EDGE('',*,*,#4777,.F.);
#4777 = EDGE_CURVE('',#4778,#4747,#4780,.T.);
#4778 = VERTEX_POINT('',#4779);
#4779 = CARTESIAN_POINT('',(16.674996,90.235785,5.2));
#4780 = LINE('',#4781,#4782);
#4781 = CARTESIAN_POINT('',(42.927228280411,90.235785,5.2));
#4782 = VECTOR('',#4783,1.);
#4783 = DIRECTION('',(-1.,0.,0.));
#4784 = ORIENTED_EDGE('',*,*,#4785,.T.);
#4785 = EDGE_CURVE('',#4778,#1309,#4786,.T.);
#4786 = LINE('',#4787,#4788);
#4787 = CARTESIAN_POINT('',(16.674996,90.235785,0.));
#4788 = VECTOR('',#4789,1.);
#4789 = DIRECTION('',(0.,0.,1.));
#4790 = ORIENTED_EDGE('',*,*,#1308,.T.);
#4791 = ORIENTED_EDGE('',*,*,#4756,.F.);
#4792 = PLANE('',#4793);
#4793 = AXIS2_PLACEMENT_3D('',#4794,#4795,#4796);
#4794 = CARTESIAN_POINT('',(16.674996,90.235785,0.));
#4795 = DIRECTION('',(0.,-1.,0.));
#4796 = DIRECTION('',(-1.,0.,0.));
#4797 = ADVANCED_FACE('',(#4798),#4816,.T.);
#4798 = FACE_BOUND('',#4799,.T.);
#4799 = EDGE_LOOP('',(#4800,#4808,#4809,#4810));
#4800 = ORIENTED_EDGE('',*,*,#4801,.F.);
#4801 = EDGE_CURVE('',#4749,#4802,#4804,.T.);
#4802 = VERTEX_POINT('',#4803);
#4803 = CARTESIAN_POINT('',(16.674996,75.985776,5.2));
#4804 = LINE('',#4805,#4806);
#4805 = CARTESIAN_POINT('',(35.802223780411,75.985776,5.2));
#4806 = VECTOR('',#4807,1.);
#4807 = DIRECTION('',(1.,0.,0.));
#4808 = ORIENTED_EDGE('',*,*,#4763,.T.);
#4809 = ORIENTED_EDGE('',*,*,#1324,.T.);
#4810 = ORIENTED_EDGE('',*,*,#4811,.F.);
#4811 = EDGE_CURVE('',#4802,#1317,#4812,.T.);
#4812 = LINE('',#4813,#4814);
#4813 = CARTESIAN_POINT('',(16.674996,75.985776,0.));
#4814 = VECTOR('',#4815,1.);
#4815 = DIRECTION('',(0.,0.,1.));
#4816 = PLANE('',#4817);
#4817 = AXIS2_PLACEMENT_3D('',#4818,#4819,#4820);
#4818 = CARTESIAN_POINT('',(2.424987,75.985776,0.));
#4819 = DIRECTION('',(0.,1.,0.));
#4820 = DIRECTION('',(1.,0.,0.));
#4821 = ADVANCED_FACE('',(#4822),#4833,.T.);
#4822 = FACE_BOUND('',#4823,.T.);
#4823 = EDGE_LOOP('',(#4824,#4830,#4831,#4832));
#4824 = ORIENTED_EDGE('',*,*,#4825,.F.);
#4825 = EDGE_CURVE('',#4802,#4778,#4826,.T.);
#4826 = LINE('',#4827,#4828);
#4827 = CARTESIAN_POINT('',(16.674996,63.120449420603,5.2));
#4828 = VECTOR('',#4829,1.);
#4829 = DIRECTION('',(0.,1.,0.));
#4830 = ORIENTED_EDGE('',*,*,#4811,.T.);
#4831 = ORIENTED_EDGE('',*,*,#1316,.T.);
#4832 = ORIENTED_EDGE('',*,*,#4785,.F.);
#4833 = PLANE('',#4834);
#4834 = AXIS2_PLACEMENT_3D('',#4835,#4836,#4837);
#4835 = CARTESIAN_POINT('',(16.674996,75.985776,0.));
#4836 = DIRECTION('',(-1.,0.,0.));
#4837 = DIRECTION('',(0.,1.,0.));
#4838 = ADVANCED_FACE('',(#4839),#4858,.F.);
#4839 = FACE_BOUND('',#4840,.T.);
#4840 = EDGE_LOOP('',(#4841,#4850,#4856,#4857));
#4841 = ORIENTED_EDGE('',*,*,#4842,.T.);
#4842 = EDGE_CURVE('',#4843,#4843,#4845,.T.);
#4843 = VERTEX_POINT('',#4844);
#4844 = CARTESIAN_POINT('',(20.28,83.11,5.2));
#4845 = CIRCLE('',#4846,1.2);
#4846 = AXIS2_PLACEMENT_3D('',#4847,#4848,#4849);
#4847 = CARTESIAN_POINT('',(19.08,83.11,5.2));
#4848 = DIRECTION('',(0.,0.,-1.));
#4849 = DIRECTION('',(1.,0.,0.));
#4850 = ORIENTED_EDGE('',*,*,#4851,.T.);
#4851 = EDGE_CURVE('',#4843,#1333,#4852,.T.);
#4852 = LINE('',#4853,#4854);
#4853 = CARTESIAN_POINT('',(20.28,83.11,0.));
#4854 = VECTOR('',#4855,1.);
#4855 = DIRECTION('',(0.,0.,1.));
#4856 = ORIENTED_EDGE('',*,*,#1332,.T.);
#4857 = ORIENTED_EDGE('',*,*,#4851,.F.);
#4858 = CYLINDRICAL_SURFACE('',#4859,1.2);
#4859 = AXIS2_PLACEMENT_3D('',#4860,#4861,#4862);
#4860 = CARTESIAN_POINT('',(19.08,83.11,0.));
#4861 = DIRECTION('',(-0.,-0.,-1.));
#4862 = DIRECTION('',(1.,0.,0.));
#4863 = ADVANCED_FACE('',(#4864),#4889,.T.);
#4864 = FACE_BOUND('',#4865,.T.);
#4865 = EDGE_LOOP('',(#4866,#4876,#4882,#4883));
#4866 = ORIENTED_EDGE('',*,*,#4867,.F.);
#4867 = EDGE_CURVE('',#4868,#4870,#4872,.T.);
#4868 = VERTEX_POINT('',#4869);
#4869 = CARTESIAN_POINT('',(21.474987,90.235785,5.2));
#4870 = VERTEX_POINT('',#4871);
#4871 = CARTESIAN_POINT('',(21.474987,75.985776,5.2));
#4872 = LINE('',#4873,#4874);
#4873 = CARTESIAN_POINT('',(21.474987,70.245453920603,5.2));
#4874 = VECTOR('',#4875,1.);
#4875 = DIRECTION('',(0.,-1.,0.));
#4876 = ORIENTED_EDGE('',*,*,#4877,.T.);
#4877 = EDGE_CURVE('',#4868,#1344,#4878,.T.);
#4878 = LINE('',#4879,#4880);
#4879 = CARTESIAN_POINT('',(21.474987,90.235785,0.));
#4880 = VECTOR('',#4881,1.);
#4881 = DIRECTION('',(0.,0.,1.));
#4882 = ORIENTED_EDGE('',*,*,#1343,.T.);
#4883 = ORIENTED_EDGE('',*,*,#4884,.F.);
#4884 = EDGE_CURVE('',#4870,#1346,#4885,.T.);
#4885 = LINE('',#4886,#4887);
#4886 = CARTESIAN_POINT('',(21.474987,75.985776,0.));
#4887 = VECTOR('',#4888,1.);
#4888 = DIRECTION('',(0.,0.,1.));
#4889 = PLANE('',#4890);
#4890 = AXIS2_PLACEMENT_3D('',#4891,#4892,#4893);
#4891 = CARTESIAN_POINT('',(21.474987,90.235785,0.));
#4892 = DIRECTION('',(1.,0.,0.));
#4893 = DIRECTION('',(0.,-1.,0.));
#4894 = ADVANCED_FACE('',(#4895),#4913,.T.);
#4895 = FACE_BOUND('',#4896,.T.);
#4896 = EDGE_LOOP('',(#4897,#4905,#4911,#4912));
#4897 = ORIENTED_EDGE('',*,*,#4898,.F.);
#4898 = EDGE_CURVE('',#4899,#4868,#4901,.T.);
#4899 = VERTEX_POINT('',#4900);
#4900 = CARTESIAN_POINT('',(35.724996,90.235785,5.2));
#4901 = LINE('',#4902,#4903);
#4902 = CARTESIAN_POINT('',(52.452228280411,90.235785,5.2));
#4903 = VECTOR('',#4904,1.);
#4904 = DIRECTION('',(-1.,0.,0.));
#4905 = ORIENTED_EDGE('',*,*,#4906,.T.);
#4906 = EDGE_CURVE('',#4899,#1354,#4907,.T.);
#4907 = LINE('',#4908,#4909);
#4908 = CARTESIAN_POINT('',(35.724996,90.235785,0.));
#4909 = VECTOR('',#4910,1.);
#4910 = DIRECTION('',(0.,0.,1.));
#4911 = ORIENTED_EDGE('',*,*,#1353,.T.);
#4912 = ORIENTED_EDGE('',*,*,#4877,.F.);
#4913 = PLANE('',#4914);
#4914 = AXIS2_PLACEMENT_3D('',#4915,#4916,#4917);
#4915 = CARTESIAN_POINT('',(35.724996,90.235785,0.));
#4916 = DIRECTION('',(0.,-1.,0.));
#4917 = DIRECTION('',(-1.,0.,0.));
#4918 = ADVANCED_FACE('',(#4919),#4937,.T.);
#4919 = FACE_BOUND('',#4920,.T.);
#4920 = EDGE_LOOP('',(#4921,#4929,#4930,#4931));
#4921 = ORIENTED_EDGE('',*,*,#4922,.F.);
#4922 = EDGE_CURVE('',#4870,#4923,#4925,.T.);
#4923 = VERTEX_POINT('',#4924);
#4924 = CARTESIAN_POINT('',(35.724996,75.985776,5.2));
#4925 = LINE('',#4926,#4927);
#4926 = CARTESIAN_POINT('',(45.327223780411,75.985776,5.2));
#4927 = VECTOR('',#4928,1.);
#4928 = DIRECTION('',(1.,0.,0.));
#4929 = ORIENTED_EDGE('',*,*,#4884,.T.);
#4930 = ORIENTED_EDGE('',*,*,#1369,.T.);
#4931 = ORIENTED_EDGE('',*,*,#4932,.F.);
#4932 = EDGE_CURVE('',#4923,#1362,#4933,.T.);
#4933 = LINE('',#4934,#4935);
#4934 = CARTESIAN_POINT('',(35.724996,75.985776,0.));
#4935 = VECTOR('',#4936,1.);
#4936 = DIRECTION('',(0.,0.,1.));
#4937 = PLANE('',#4938);
#4938 = AXIS2_PLACEMENT_3D('',#4939,#4940,#4941);
#4939 = CARTESIAN_POINT('',(21.474987,75.985776,0.));
#4940 = DIRECTION('',(0.,1.,0.));
#4941 = DIRECTION('',(1.,0.,0.));
#4942 = ADVANCED_FACE('',(#4943),#4954,.T.);
#4943 = FACE_BOUND('',#4944,.T.);
#4944 = EDGE_LOOP('',(#4945,#4951,#4952,#4953));
#4945 = ORIENTED_EDGE('',*,*,#4946,.F.);
#4946 = EDGE_CURVE('',#4923,#4899,#4947,.T.);
#4947 = LINE('',#4948,#4949);
#4948 = CARTESIAN_POINT('',(35.724996,63.120449420603,5.2));
#4949 = VECTOR('',#4950,1.);
#4950 = DIRECTION('',(0.,1.,0.));
#4951 = ORIENTED_EDGE('',*,*,#4932,.T.);
#4952 = ORIENTED_EDGE('',*,*,#1361,.T.);
#4953 = ORIENTED_EDGE('',*,*,#4906,.F.);
#4954 = PLANE('',#4955);
#4955 = AXIS2_PLACEMENT_3D('',#4956,#4957,#4958);
#4956 = CARTESIAN_POINT('',(35.724996,75.985776,0.));
#4957 = DIRECTION('',(-1.,0.,0.));
#4958 = DIRECTION('',(0.,1.,0.));
#4959 = ADVANCED_FACE('',(#4960),#4985,.F.);
#4960 = FACE_BOUND('',#4961,.F.);
#4961 = EDGE_LOOP('',(#4962,#4970,#4978,#4984));
#4962 = ORIENTED_EDGE('',*,*,#4963,.T.);
#4963 = EDGE_CURVE('',#1378,#4964,#4966,.T.);
#4964 = VERTEX_POINT('',#4965);
#4965 = CARTESIAN_POINT('',(-7.010929916626E-18,96.104971804104,5.2));
#4966 = LINE('',#4967,#4968);
#4967 = CARTESIAN_POINT('',(-7.010929916626E-18,96.104971804104,7.));
#4968 = VECTOR('',#4969,1.);
#4969 = DIRECTION('',(-0.,-0.,-1.));
#4970 = ORIENTED_EDGE('',*,*,#4971,.T.);
#4971 = EDGE_CURVE('',#4964,#4972,#4974,.T.);
#4972 = VERTEX_POINT('',#4973);
#4973 = CARTESIAN_POINT('',(-2.20630471173,97.280650127178,5.2));
#4974 = LINE('',#4975,#4976);
#4975 = CARTESIAN_POINT('',(-7.010929916626E-18,96.104971804104,5.2));
#4976 = VECTOR('',#4977,1.);
#4977 = DIRECTION('',(-0.882521884667,0.470271329217,0.));
#4978 = ORIENTED_EDGE('',*,*,#4979,.F.);
#4979 = EDGE_CURVE('',#1380,#4972,#4980,.T.);
#4980 = LINE('',#4981,#4982);
#4981 = CARTESIAN_POINT('',(-2.20630471173,97.280650127178,7.));
#4982 = VECTOR('',#4983,1.);
#4983 = DIRECTION('',(-0.,-0.,-1.));
#4984 = ORIENTED_EDGE('',*,*,#1377,.F.);
#4985 = PLANE('',#4986);
#4986 = AXIS2_PLACEMENT_3D('',#4987,#4988,#4989);
#4987 = CARTESIAN_POINT('',(-7.010929916626E-18,96.104971804104,7.));
#4988 = DIRECTION('',(0.470271329217,0.882521884667,0.));
#4989 = DIRECTION('',(-0.882521884667,0.470271329217,0.));
#4990 = ADVANCED_FACE('',(#4991),#5009,.F.);
#4991 = FACE_BOUND('',#4992,.F.);
#4992 = EDGE_LOOP('',(#4993,#4994,#5002,#5008));
#4993 = ORIENTED_EDGE('',*,*,#4979,.T.);
#4994 = ORIENTED_EDGE('',*,*,#4995,.T.);
#4995 = EDGE_CURVE('',#4972,#4996,#4998,.T.);
#4996 = VERTEX_POINT('',#4997);
#4997 = CARTESIAN_POINT('',(-4.327624362055,95.957773359868,5.2));
#4998 = LINE('',#4999,#5000);
#4999 = CARTESIAN_POINT('',(-2.20630471173,97.280650127178,5.2));
#5000 = VECTOR('',#5001,1.);
#5001 = DIRECTION('',(-0.848527860107,-0.529150706909,0.));
#5002 = ORIENTED_EDGE('',*,*,#5003,.F.);
#5003 = EDGE_CURVE('',#1412,#4996,#5004,.T.);
#5004 = LINE('',#5005,#5006);
#5005 = CARTESIAN_POINT('',(-4.327624362055,95.957773359868,7.));
#5006 = VECTOR('',#5007,1.);
#5007 = DIRECTION('',(-0.,-0.,-1.));
#5008 = ORIENTED_EDGE('',*,*,#1419,.F.);
#5009 = PLANE('',#5010);
#5010 = AXIS2_PLACEMENT_3D('',#5011,#5012,#5013);
#5011 = CARTESIAN_POINT('',(-2.20630471173,97.280650127178,7.));
#5012 = DIRECTION('',(-0.529150706909,0.848527860107,0.));
#5013 = DIRECTION('',(-0.848527860107,-0.529150706909,0.));
#5014 = ADVANCED_FACE('',(#5015),#5033,.F.);
#5015 = FACE_BOUND('',#5016,.F.);
#5016 = EDGE_LOOP('',(#5017,#5018,#5026,#5032));
#5017 = ORIENTED_EDGE('',*,*,#5003,.T.);
#5018 = ORIENTED_EDGE('',*,*,#5019,.T.);
#5019 = EDGE_CURVE('',#4996,#5020,#5022,.T.);
#5020 = VERTEX_POINT('',#5021);
#5021 = CARTESIAN_POINT('',(-4.242639300651,93.459218269483,5.2));
#5022 = LINE('',#5023,#5024);
#5023 = CARTESIAN_POINT('',(-4.327624362055,95.957773359868,5.2));
#5024 = VECTOR('',#5025,1.);
#5025 = DIRECTION('',(3.399402456064E-02,-0.999422036126,0.));
#5026 = ORIENTED_EDGE('',*,*,#5027,.F.);
#5027 = EDGE_CURVE('',#1404,#5020,#5028,.T.);
#5028 = LINE('',#5029,#5030);
#5029 = CARTESIAN_POINT('',(-4.242639300651,93.459218269483,7.));
#5030 = VECTOR('',#5031,1.);
#5031 = DIRECTION('',(-0.,-0.,-1.));
#5032 = ORIENTED_EDGE('',*,*,#1411,.F.);
#5033 = PLANE('',#5034);
#5034 = AXIS2_PLACEMENT_3D('',#5035,#5036,#5037);
#5035 = CARTESIAN_POINT('',(-4.327624362055,95.957773359868,7.));
#5036 = DIRECTION('',(-0.999422036126,-3.399402456064E-02,0.));
#5037 = DIRECTION('',(3.399402456064E-02,-0.999422036126,0.));
#5038 = ADVANCED_FACE('',(#5039),#5057,.F.);
#5039 = FACE_BOUND('',#5040,.F.);
#5040 = EDGE_LOOP('',(#5041,#5042,#5050,#5056));
#5041 = ORIENTED_EDGE('',*,*,#5027,.T.);
#5042 = ORIENTED_EDGE('',*,*,#5043,.T.);
#5043 = EDGE_CURVE('',#5020,#5044,#5046,.T.);
#5044 = VERTEX_POINT('',#5045);
#5045 = CARTESIAN_POINT('',(-2.036334588922,92.283539946409,5.2));
#5046 = LINE('',#5047,#5048);
#5047 = CARTESIAN_POINT('',(-4.242639300651,93.459218269483,5.2));
#5048 = VECTOR('',#5049,1.);
#5049 = DIRECTION('',(0.882521884667,-0.470271329217,0.));
#5050 = ORIENTED_EDGE('',*,*,#5051,.F.);
#5051 = EDGE_CURVE('',#1396,#5044,#5052,.T.);
#5052 = LINE('',#5053,#5054);
#5053 = CARTESIAN_POINT('',(-2.036334588922,92.283539946409,7.));
#5054 = VECTOR('',#5055,1.);
#5055 = DIRECTION('',(-0.,-0.,-1.));
#5056 = ORIENTED_EDGE('',*,*,#1403,.F.);
#5057 = PLANE('',#5058);
#5058 = AXIS2_PLACEMENT_3D('',#5059,#5060,#5061);
#5059 = CARTESIAN_POINT('',(-4.242639300651,93.459218269483,7.));
#5060 = DIRECTION('',(-0.470271329217,-0.882521884667,0.));
#5061 = DIRECTION('',(0.882521884667,-0.470271329217,0.));
#5062 = ADVANCED_FACE('',(#5063),#5081,.F.);
#5063 = FACE_BOUND('',#5064,.F.);
#5064 = EDGE_LOOP('',(#5065,#5066,#5074,#5080));
#5065 = ORIENTED_EDGE('',*,*,#5051,.T.);
#5066 = ORIENTED_EDGE('',*,*,#5067,.T.);
#5067 = EDGE_CURVE('',#5044,#5068,#5070,.T.);
#5068 = VERTEX_POINT('',#5069);
#5069 = CARTESIAN_POINT('',(8.498506140396E-02,93.606416713719,5.2));
#5070 = LINE('',#5071,#5072);
#5071 = CARTESIAN_POINT('',(-2.036334588922,92.283539946409,5.2));
#5072 = VECTOR('',#5073,1.);
#5073 = DIRECTION('',(0.848527860107,0.529150706909,0.));
#5074 = ORIENTED_EDGE('',*,*,#5075,.F.);
#5075 = EDGE_CURVE('',#1388,#5068,#5076,.T.);
#5076 = LINE('',#5077,#5078);
#5077 = CARTESIAN_POINT('',(8.498506140396E-02,93.606416713719,7.));
#5078 = VECTOR('',#5079,1.);
#5079 = DIRECTION('',(-0.,-0.,-1.));
#5080 = ORIENTED_EDGE('',*,*,#1395,.F.);
#5081 = PLANE('',#5082);
#5082 = AXIS2_PLACEMENT_3D('',#5083,#5084,#5085);
#5083 = CARTESIAN_POINT('',(-2.036334588922,92.283539946409,7.));
#5084 = DIRECTION('',(0.529150706909,-0.848527860107,0.));
#5085 = DIRECTION('',(0.848527860107,0.529150706909,0.));
#5086 = ADVANCED_FACE('',(#5087),#5098,.F.);
#5087 = FACE_BOUND('',#5088,.F.);
#5088 = EDGE_LOOP('',(#5089,#5090,#5096,#5097));
#5089 = ORIENTED_EDGE('',*,*,#5075,.T.);
#5090 = ORIENTED_EDGE('',*,*,#5091,.T.);
#5091 = EDGE_CURVE('',#5068,#4964,#5092,.T.);
#5092 = LINE('',#5093,#5094);
#5093 = CARTESIAN_POINT('',(8.498506140396E-02,93.606416713719,5.2));
#5094 = VECTOR('',#5095,1.);
#5095 = DIRECTION('',(-3.399402456064E-02,0.999422036126,0.));
#5096 = ORIENTED_EDGE('',*,*,#4963,.F.);
#5097 = ORIENTED_EDGE('',*,*,#1387,.F.);
#5098 = PLANE('',#5099);
#5099 = AXIS2_PLACEMENT_3D('',#5100,#5101,#5102);
#5100 = CARTESIAN_POINT('',(8.498506140396E-02,93.606416713719,7.));
#5101 = DIRECTION('',(0.999422036126,3.399402456064E-02,0.));
#5102 = DIRECTION('',(-3.399402456064E-02,0.999422036126,0.));
#5103 = ADVANCED_FACE('',(#5104),#5129,.T.);
#5104 = FACE_BOUND('',#5105,.T.);
#5105 = EDGE_LOOP('',(#5106,#5116,#5122,#5123));
#5106 = ORIENTED_EDGE('',*,*,#5107,.F.);
#5107 = EDGE_CURVE('',#5108,#5110,#5112,.T.);
#5108 = VERTEX_POINT('',#5109);
#5109 = CARTESIAN_POINT('',(40.524987,90.235785,5.2));
#5110 = VERTEX_POINT('',#5111);
#5111 = CARTESIAN_POINT('',(40.524987,75.985776,5.2));
#5112 = LINE('',#5113,#5114);
#5113 = CARTESIAN_POINT('',(40.524987,70.245453920603,5.2));
#5114 = VECTOR('',#5115,1.);
#5115 = DIRECTION('',(0.,-1.,0.));
#5116 = ORIENTED_EDGE('',*,*,#5117,.T.);
#5117 = EDGE_CURVE('',#5108,#1428,#5118,.T.);
#5118 = LINE('',#5119,#5120);
#5119 = CARTESIAN_POINT('',(40.524987,90.235785,0.));
#5120 = VECTOR('',#5121,1.);
#5121 = DIRECTION('',(0.,0.,1.));
#5122 = ORIENTED_EDGE('',*,*,#1427,.T.);
#5123 = ORIENTED_EDGE('',*,*,#5124,.F.);
#5124 = EDGE_CURVE('',#5110,#1430,#5125,.T.);
#5125 = LINE('',#5126,#5127);
#5126 = CARTESIAN_POINT('',(40.524987,75.985776,0.));
#5127 = VECTOR('',#5128,1.);
#5128 = DIRECTION('',(0.,0.,1.));
#5129 = PLANE('',#5130);
#5130 = AXIS2_PLACEMENT_3D('',#5131,#5132,#5133);
#5131 = CARTESIAN_POINT('',(40.524987,90.235785,0.));
#5132 = DIRECTION('',(1.,0.,0.));
#5133 = DIRECTION('',(0.,-1.,0.));
#5134 = ADVANCED_FACE('',(#5135),#5153,.T.);
#5135 = FACE_BOUND('',#5136,.T.);
#5136 = EDGE_LOOP('',(#5137,#5145,#5151,#5152));
#5137 = ORIENTED_EDGE('',*,*,#5138,.F.);
#5138 = EDGE_CURVE('',#5139,#5108,#5141,.T.);
#5139 = VERTEX_POINT('',#5140);
#5140 = CARTESIAN_POINT('',(54.774996,90.235785,5.2));
#5141 = LINE('',#5142,#5143);
#5142 = CARTESIAN_POINT('',(61.977228280411,90.235785,5.2));
#5143 = VECTOR('',#5144,1.);
#5144 = DIRECTION('',(-1.,0.,0.));
#5145 = ORIENTED_EDGE('',*,*,#5146,.T.);
#5146 = EDGE_CURVE('',#5139,#1438,#5147,.T.);
#5147 = LINE('',#5148,#5149);
#5148 = CARTESIAN_POINT('',(54.774996,90.235785,0.));
#5149 = VECTOR('',#5150,1.);
#5150 = DIRECTION('',(0.,0.,1.));
#5151 = ORIENTED_EDGE('',*,*,#1437,.T.);
#5152 = ORIENTED_EDGE('',*,*,#5117,.F.);
#5153 = PLANE('',#5154);
#5154 = AXIS2_PLACEMENT_3D('',#5155,#5156,#5157);
#5155 = CARTESIAN_POINT('',(54.774996,90.235785,0.));
#5156 = DIRECTION('',(0.,-1.,0.));
#5157 = DIRECTION('',(-1.,0.,0.));
#5158 = ADVANCED_FACE('',(#5159),#5177,.T.);
#5159 = FACE_BOUND('',#5160,.T.);
#5160 = EDGE_LOOP('',(#5161,#5169,#5170,#5171));
#5161 = ORIENTED_EDGE('',*,*,#5162,.F.);
#5162 = EDGE_CURVE('',#5110,#5163,#5165,.T.);
#5163 = VERTEX_POINT('',#5164);
#5164 = CARTESIAN_POINT('',(54.774996,75.985776,5.2));
#5165 = LINE('',#5166,#5167);
#5166 = CARTESIAN_POINT('',(54.852223780411,75.985776,5.2));
#5167 = VECTOR('',#5168,1.);
#5168 = DIRECTION('',(1.,0.,0.));
#5169 = ORIENTED_EDGE('',*,*,#5124,.T.);
#5170 = ORIENTED_EDGE('',*,*,#1453,.T.);
#5171 = ORIENTED_EDGE('',*,*,#5172,.F.);
#5172 = EDGE_CURVE('',#5163,#1446,#5173,.T.);
#5173 = LINE('',#5174,#5175);
#5174 = CARTESIAN_POINT('',(54.774996,75.985776,0.));
#5175 = VECTOR('',#5176,1.);
#5176 = DIRECTION('',(0.,0.,1.));
#5177 = PLANE('',#5178);
#5178 = AXIS2_PLACEMENT_3D('',#5179,#5180,#5181);
#5179 = CARTESIAN_POINT('',(40.524987,75.985776,0.));
#5180 = DIRECTION('',(0.,1.,0.));
#5181 = DIRECTION('',(1.,0.,0.));
#5182 = ADVANCED_FACE('',(#5183),#5194,.T.);
#5183 = FACE_BOUND('',#5184,.T.);
#5184 = EDGE_LOOP('',(#5185,#5191,#5192,#5193));
#5185 = ORIENTED_EDGE('',*,*,#5186,.F.);
#5186 = EDGE_CURVE('',#5163,#5139,#5187,.T.);
#5187 = LINE('',#5188,#5189);
#5188 = CARTESIAN_POINT('',(54.774996,63.120449420603,5.2));
#5189 = VECTOR('',#5190,1.);
#5190 = DIRECTION('',(0.,1.,0.));
#5191 = ORIENTED_EDGE('',*,*,#5172,.T.);
#5192 = ORIENTED_EDGE('',*,*,#1445,.T.);
#5193 = ORIENTED_EDGE('',*,*,#5146,.F.);
#5194 = PLANE('',#5195);
#5195 = AXIS2_PLACEMENT_3D('',#5196,#5197,#5198);
#5196 = CARTESIAN_POINT('',(54.774996,75.985776,0.));
#5197 = DIRECTION('',(-1.,0.,0.));
#5198 = DIRECTION('',(0.,1.,0.));
#5199 = ADVANCED_FACE('',(#5200),#5225,.T.);
#5200 = FACE_BOUND('',#5201,.T.);
#5201 = EDGE_LOOP('',(#5202,#5212,#5218,#5219));
#5202 = ORIENTED_EDGE('',*,*,#5203,.F.);
#5203 = EDGE_CURVE('',#5204,#5206,#5208,.T.);
#5204 = VERTEX_POINT('',#5205);
#5205 = CARTESIAN_POINT('',(59.574987,90.235785,5.2));
#5206 = VERTEX_POINT('',#5207);
#5207 = CARTESIAN_POINT('',(59.574987,75.985776,5.2));
#5208 = LINE('',#5209,#5210);
#5209 = CARTESIAN_POINT('',(59.574987,70.245453920603,5.2));
#5210 = VECTOR('',#5211,1.);
#5211 = DIRECTION('',(0.,-1.,0.));
#5212 = ORIENTED_EDGE('',*,*,#5213,.T.);
#5213 = EDGE_CURVE('',#5204,#1462,#5214,.T.);
#5214 = LINE('',#5215,#5216);
#5215 = CARTESIAN_POINT('',(59.574987,90.235785,0.));
#5216 = VECTOR('',#5217,1.);
#5217 = DIRECTION('',(0.,0.,1.));
#5218 = ORIENTED_EDGE('',*,*,#1461,.T.);
#5219 = ORIENTED_EDGE('',*,*,#5220,.F.);
#5220 = EDGE_CURVE('',#5206,#1464,#5221,.T.);
#5221 = LINE('',#5222,#5223);
#5222 = CARTESIAN_POINT('',(59.574987,75.985776,0.));
#5223 = VECTOR('',#5224,1.);
#5224 = DIRECTION('',(0.,0.,1.));
#5225 = PLANE('',#5226);
#5226 = AXIS2_PLACEMENT_3D('',#5227,#5228,#5229);
#5227 = CARTESIAN_POINT('',(59.574987,90.235785,0.));
#5228 = DIRECTION('',(1.,0.,0.));
#5229 = DIRECTION('',(0.,-1.,0.));
#5230 = ADVANCED_FACE('',(#5231),#5249,.T.);
#5231 = FACE_BOUND('',#5232,.T.);
#5232 = EDGE_LOOP('',(#5233,#5241,#5247,#5248));
#5233 = ORIENTED_EDGE('',*,*,#5234,.F.);
#5234 = EDGE_CURVE('',#5235,#5204,#5237,.T.);
#5235 = VERTEX_POINT('',#5236);
#5236 = CARTESIAN_POINT('',(73.824996,90.235785,5.2));
#5237 = LINE('',#5238,#5239);
#5238 = CARTESIAN_POINT('',(71.502228280411,90.235785,5.2));
#5239 = VECTOR('',#5240,1.);
#5240 = DIRECTION('',(-1.,0.,0.));
#5241 = ORIENTED_EDGE('',*,*,#5242,.T.);
#5242 = EDGE_CURVE('',#5235,#1472,#5243,.T.);
#5243 = LINE('',#5244,#5245);
#5244 = CARTESIAN_POINT('',(73.824996,90.235785,0.));
#5245 = VECTOR('',#5246,1.);
#5246 = DIRECTION('',(0.,0.,1.));
#5247 = ORIENTED_EDGE('',*,*,#1471,.T.);
#5248 = ORIENTED_EDGE('',*,*,#5213,.F.);
#5249 = PLANE('',#5250);
#5250 = AXIS2_PLACEMENT_3D('',#5251,#5252,#5253);
#5251 = CARTESIAN_POINT('',(73.824996,90.235785,0.));
#5252 = DIRECTION('',(0.,-1.,0.));
#5253 = DIRECTION('',(-1.,0.,0.));
#5254 = ADVANCED_FACE('',(#5255),#5273,.T.);
#5255 = FACE_BOUND('',#5256,.T.);
#5256 = EDGE_LOOP('',(#5257,#5265,#5266,#5267));
#5257 = ORIENTED_EDGE('',*,*,#5258,.F.);
#5258 = EDGE_CURVE('',#5206,#5259,#5261,.T.);
#5259 = VERTEX_POINT('',#5260);
#5260 = CARTESIAN_POINT('',(73.824996,75.985776,5.2));
#5261 = LINE('',#5262,#5263);
#5262 = CARTESIAN_POINT('',(64.377223780411,75.985776,5.2));
#5263 = VECTOR('',#5264,1.);
#5264 = DIRECTION('',(1.,0.,0.));
#5265 = ORIENTED_EDGE('',*,*,#5220,.T.);
#5266 = ORIENTED_EDGE('',*,*,#1487,.T.);
#5267 = ORIENTED_EDGE('',*,*,#5268,.F.);
#5268 = EDGE_CURVE('',#5259,#1480,#5269,.T.);
#5269 = LINE('',#5270,#5271);
#5270 = CARTESIAN_POINT('',(73.824996,75.985776,0.));
#5271 = VECTOR('',#5272,1.);
#5272 = DIRECTION('',(0.,0.,1.));
#5273 = PLANE('',#5274);
#5274 = AXIS2_PLACEMENT_3D('',#5275,#5276,#5277);
#5275 = CARTESIAN_POINT('',(59.574987,75.985776,0.));
#5276 = DIRECTION('',(0.,1.,0.));
#5277 = DIRECTION('',(1.,0.,0.));
#5278 = ADVANCED_FACE('',(#5279),#5290,.T.);
#5279 = FACE_BOUND('',#5280,.T.);
#5280 = EDGE_LOOP('',(#5281,#5287,#5288,#5289));
#5281 = ORIENTED_EDGE('',*,*,#5282,.F.);
#5282 = EDGE_CURVE('',#5259,#5235,#5283,.T.);
#5283 = LINE('',#5284,#5285);
#5284 = CARTESIAN_POINT('',(73.824996,63.120449420603,5.2));
#5285 = VECTOR('',#5286,1.);
#5286 = DIRECTION('',(0.,1.,0.));
#5287 = ORIENTED_EDGE('',*,*,#5268,.T.);
#5288 = ORIENTED_EDGE('',*,*,#1479,.T.);
#5289 = ORIENTED_EDGE('',*,*,#5242,.F.);
#5290 = PLANE('',#5291);
#5291 = AXIS2_PLACEMENT_3D('',#5292,#5293,#5294);
#5292 = CARTESIAN_POINT('',(73.824996,75.985776,0.));
#5293 = DIRECTION('',(-1.,0.,0.));
#5294 = DIRECTION('',(0.,1.,0.));
#5295 = ADVANCED_FACE('',(#5296),#5321,.T.);
#5296 = FACE_BOUND('',#5297,.T.);
#5297 = EDGE_LOOP('',(#5298,#5308,#5314,#5315));
#5298 = ORIENTED_EDGE('',*,*,#5299,.F.);
#5299 = EDGE_CURVE('',#5300,#5302,#5304,.T.);
#5300 = VERTEX_POINT('',#5301);
#5301 = CARTESIAN_POINT('',(78.624987,71.185785,5.2));
#5302 = VERTEX_POINT('',#5303);
#5303 = CARTESIAN_POINT('',(78.624987,56.935776,5.2));
#5304 = LINE('',#5305,#5306);
#5305 = CARTESIAN_POINT('',(78.624987,60.720453920603,5.2));
#5306 = VECTOR('',#5307,1.);
#5307 = DIRECTION('',(0.,-1.,0.));
#5308 = ORIENTED_EDGE('',*,*,#5309,.T.);
#5309 = EDGE_CURVE('',#5300,#1496,#5310,.T.);
#5310 = LINE('',#5311,#5312);
#5311 = CARTESIAN_POINT('',(78.624987,71.185785,0.));
#5312 = VECTOR('',#5313,1.);
#5313 = DIRECTION('',(0.,0.,1.));
#5314 = ORIENTED_EDGE('',*,*,#1495,.T.);
#5315 = ORIENTED_EDGE('',*,*,#5316,.F.);
#5316 = EDGE_CURVE('',#5302,#1498,#5317,.T.);
#5317 = LINE('',#5318,#5319);
#5318 = CARTESIAN_POINT('',(78.624987,56.935776,0.));
#5319 = VECTOR('',#5320,1.);
#5320 = DIRECTION('',(0.,0.,1.));
#5321 = PLANE('',#5322);
#5322 = AXIS2_PLACEMENT_3D('',#5323,#5324,#5325);
#5323 = CARTESIAN_POINT('',(78.624987,71.185785,0.));
#5324 = DIRECTION('',(1.,0.,0.));
#5325 = DIRECTION('',(0.,-1.,0.));
#5326 = ADVANCED_FACE('',(#5327),#5345,.T.);
#5327 = FACE_BOUND('',#5328,.T.);
#5328 = EDGE_LOOP('',(#5329,#5337,#5343,#5344));
#5329 = ORIENTED_EDGE('',*,*,#5330,.F.);
#5330 = EDGE_CURVE('',#5331,#5300,#5333,.T.);
#5331 = VERTEX_POINT('',#5332);
#5332 = CARTESIAN_POINT('',(92.874996,71.185785,5.2));
#5333 = LINE('',#5334,#5335);
#5334 = CARTESIAN_POINT('',(81.027228280411,71.185785,5.2));
#5335 = VECTOR('',#5336,1.);
#5336 = DIRECTION('',(-1.,0.,0.));
#5337 = ORIENTED_EDGE('',*,*,#5338,.T.);
#5338 = EDGE_CURVE('',#5331,#1506,#5339,.T.);
#5339 = LINE('',#5340,#5341);
#5340 = CARTESIAN_POINT('',(92.874996,71.185785,0.));
#5341 = VECTOR('',#5342,1.);
#5342 = DIRECTION('',(0.,0.,1.));
#5343 = ORIENTED_EDGE('',*,*,#1505,.T.);
#5344 = ORIENTED_EDGE('',*,*,#5309,.F.);
#5345 = PLANE('',#5346);
#5346 = AXIS2_PLACEMENT_3D('',#5347,#5348,#5349);
#5347 = CARTESIAN_POINT('',(92.874996,71.185785,0.));
#5348 = DIRECTION('',(0.,-1.,0.));
#5349 = DIRECTION('',(-1.,0.,0.));
#5350 = ADVANCED_FACE('',(#5351),#5369,.T.);
#5351 = FACE_BOUND('',#5352,.T.);
#5352 = EDGE_LOOP('',(#5353,#5361,#5362,#5363));
#5353 = ORIENTED_EDGE('',*,*,#5354,.F.);
#5354 = EDGE_CURVE('',#5302,#5355,#5357,.T.);
#5355 = VERTEX_POINT('',#5356);
#5356 = CARTESIAN_POINT('',(92.874996,56.935776,5.2));
#5357 = LINE('',#5358,#5359);
#5358 = CARTESIAN_POINT('',(73.902223780411,56.935776,5.2));
#5359 = VECTOR('',#5360,1.);
#5360 = DIRECTION('',(1.,0.,0.));
#5361 = ORIENTED_EDGE('',*,*,#5316,.T.);
#5362 = ORIENTED_EDGE('',*,*,#1521,.T.);
#5363 = ORIENTED_EDGE('',*,*,#5364,.F.);
#5364 = EDGE_CURVE('',#5355,#1514,#5365,.T.);
#5365 = LINE('',#5366,#5367);
#5366 = CARTESIAN_POINT('',(92.874996,56.935776,0.));
#5367 = VECTOR('',#5368,1.);
#5368 = DIRECTION('',(0.,0.,1.));
#5369 = PLANE('',#5370);
#5370 = AXIS2_PLACEMENT_3D('',#5371,#5372,#5373);
#5371 = CARTESIAN_POINT('',(78.624987,56.935776,0.));
#5372 = DIRECTION('',(0.,1.,0.));
#5373 = DIRECTION('',(1.,0.,0.));
#5374 = ADVANCED_FACE('',(#5375),#5386,.T.);
#5375 = FACE_BOUND('',#5376,.T.);
#5376 = EDGE_LOOP('',(#5377,#5383,#5384,#5385));
#5377 = ORIENTED_EDGE('',*,*,#5378,.F.);
#5378 = EDGE_CURVE('',#5355,#5331,#5379,.T.);
#5379 = LINE('',#5380,#5381);
#5380 = CARTESIAN_POINT('',(92.874996,53.595449420603,5.2));
#5381 = VECTOR('',#5382,1.);
#5382 = DIRECTION('',(0.,1.,0.));
#5383 = ORIENTED_EDGE('',*,*,#5364,.T.);
#5384 = ORIENTED_EDGE('',*,*,#1513,.T.);
#5385 = ORIENTED_EDGE('',*,*,#5338,.F.);
#5386 = PLANE('',#5387);
#5387 = AXIS2_PLACEMENT_3D('',#5388,#5389,#5390);
#5388 = CARTESIAN_POINT('',(92.874996,56.935776,0.));
#5389 = DIRECTION('',(-1.,0.,0.));
#5390 = DIRECTION('',(0.,1.,0.));
#5391 = ADVANCED_FACE('',(#5392),#5411,.F.);
#5392 = FACE_BOUND('',#5393,.T.);
#5393 = EDGE_LOOP('',(#5394,#5403,#5409,#5410));
#5394 = ORIENTED_EDGE('',*,*,#5395,.T.);
#5395 = EDGE_CURVE('',#5396,#5396,#5398,.T.);
#5396 = VERTEX_POINT('',#5397);
#5397 = CARTESIAN_POINT('',(125.21,54.25,5.2));
#5398 = CIRCLE('',#5399,1.2);
#5399 = AXIS2_PLACEMENT_3D('',#5400,#5401,#5402);
#5400 = CARTESIAN_POINT('',(124.01,54.25,5.2));
#5401 = DIRECTION('',(0.,0.,-1.));
#5402 = DIRECTION('',(1.,0.,0.));
#5403 = ORIENTED_EDGE('',*,*,#5404,.T.);
#5404 = EDGE_CURVE('',#5396,#1530,#5405,.T.);
#5405 = LINE('',#5406,#5407);
#5406 = CARTESIAN_POINT('',(125.21,54.25,0.));
#5407 = VECTOR('',#5408,1.);
#5408 = DIRECTION('',(0.,0.,1.));
#5409 = ORIENTED_EDGE('',*,*,#1529,.T.);
#5410 = ORIENTED_EDGE('',*,*,#5404,.F.);
#5411 = CYLINDRICAL_SURFACE('',#5412,1.2);
#5412 = AXIS2_PLACEMENT_3D('',#5413,#5414,#5415);
#5413 = CARTESIAN_POINT('',(124.01,54.25,0.));
#5414 = DIRECTION('',(-0.,-0.,-1.));
#5415 = DIRECTION('',(1.,0.,0.));
#5416 = ADVANCED_FACE('',(#5417),#5442,.T.);
#5417 = FACE_BOUND('',#5418,.T.);
#5418 = EDGE_LOOP('',(#5419,#5429,#5435,#5436));
#5419 = ORIENTED_EDGE('',*,*,#5420,.F.);
#5420 = EDGE_CURVE('',#5421,#5423,#5425,.T.);
#5421 = VERTEX_POINT('',#5422);
#5422 = CARTESIAN_POINT('',(97.674987,71.185785,5.2));
#5423 = VERTEX_POINT('',#5424);
#5424 = CARTESIAN_POINT('',(97.674987,56.935776,5.2));
#5425 = LINE('',#5426,#5427);
#5426 = CARTESIAN_POINT('',(97.674987,60.720453920603,5.2));
#5427 = VECTOR('',#5428,1.);
#5428 = DIRECTION('',(0.,-1.,0.));
#5429 = ORIENTED_EDGE('',*,*,#5430,.T.);
#5430 = EDGE_CURVE('',#5421,#1541,#5431,.T.);
#5431 = LINE('',#5432,#5433);
#5432 = CARTESIAN_POINT('',(97.674987,71.185785,0.));
#5433 = VECTOR('',#5434,1.);
#5434 = DIRECTION('',(0.,0.,1.));
#5435 = ORIENTED_EDGE('',*,*,#1540,.T.);
#5436 = ORIENTED_EDGE('',*,*,#5437,.F.);
#5437 = EDGE_CURVE('',#5423,#1543,#5438,.T.);
#5438 = LINE('',#5439,#5440);
#5439 = CARTESIAN_POINT('',(97.674987,56.935776,0.));
#5440 = VECTOR('',#5441,1.);
#5441 = DIRECTION('',(0.,0.,1.));
#5442 = PLANE('',#5443);
#5443 = AXIS2_PLACEMENT_3D('',#5444,#5445,#5446);
#5444 = CARTESIAN_POINT('',(97.674987,71.185785,0.));
#5445 = DIRECTION('',(1.,0.,0.));
#5446 = DIRECTION('',(0.,-1.,0.));
#5447 = ADVANCED_FACE('',(#5448),#5466,.T.);
#5448 = FACE_BOUND('',#5449,.T.);
#5449 = EDGE_LOOP('',(#5450,#5458,#5464,#5465));
#5450 = ORIENTED_EDGE('',*,*,#5451,.F.);
#5451 = EDGE_CURVE('',#5452,#5421,#5454,.T.);
#5452 = VERTEX_POINT('',#5453);
#5453 = CARTESIAN_POINT('',(111.924996,71.185785,5.2));
#5454 = LINE('',#5455,#5456);
#5455 = CARTESIAN_POINT('',(90.552228280411,71.185785,5.2));
#5456 = VECTOR('',#5457,1.);
#5457 = DIRECTION('',(-1.,0.,0.));
#5458 = ORIENTED_EDGE('',*,*,#5459,.T.);
#5459 = EDGE_CURVE('',#5452,#1551,#5460,.T.);
#5460 = LINE('',#5461,#5462);
#5461 = CARTESIAN_POINT('',(111.924996,71.185785,0.));
#5462 = VECTOR('',#5463,1.);
#5463 = DIRECTION('',(0.,0.,1.));
#5464 = ORIENTED_EDGE('',*,*,#1550,.T.);
#5465 = ORIENTED_EDGE('',*,*,#5430,.F.);
#5466 = PLANE('',#5467);
#5467 = AXIS2_PLACEMENT_3D('',#5468,#5469,#5470);
#5468 = CARTESIAN_POINT('',(111.924996,71.185785,0.));
#5469 = DIRECTION('',(0.,-1.,0.));
#5470 = DIRECTION('',(-1.,0.,0.));
#5471 = ADVANCED_FACE('',(#5472),#5490,.T.);
#5472 = FACE_BOUND('',#5473,.T.);
#5473 = EDGE_LOOP('',(#5474,#5482,#5483,#5484));
#5474 = ORIENTED_EDGE('',*,*,#5475,.F.);
#5475 = EDGE_CURVE('',#5423,#5476,#5478,.T.);
#5476 = VERTEX_POINT('',#5477);
#5477 = CARTESIAN_POINT('',(111.924996,56.935776,5.2));
#5478 = LINE('',#5479,#5480);
#5479 = CARTESIAN_POINT('',(83.427223780411,56.935776,5.2));
#5480 = VECTOR('',#5481,1.);
#5481 = DIRECTION('',(1.,0.,0.));
#5482 = ORIENTED_EDGE('',*,*,#5437,.T.);
#5483 = ORIENTED_EDGE('',*,*,#1566,.T.);
#5484 = ORIENTED_EDGE('',*,*,#5485,.F.);
#5485 = EDGE_CURVE('',#5476,#1559,#5486,.T.);
#5486 = LINE('',#5487,#5488);
#5487 = CARTESIAN_POINT('',(111.924996,56.935776,0.));
#5488 = VECTOR('',#5489,1.);
#5489 = DIRECTION('',(0.,0.,1.));
#5490 = PLANE('',#5491);
#5491 = AXIS2_PLACEMENT_3D('',#5492,#5493,#5494);
#5492 = CARTESIAN_POINT('',(97.674987,56.935776,0.));
#5493 = DIRECTION('',(0.,1.,0.));
#5494 = DIRECTION('',(1.,0.,0.));
#5495 = ADVANCED_FACE('',(#5496),#5507,.T.);
#5496 = FACE_BOUND('',#5497,.T.);
#5497 = EDGE_LOOP('',(#5498,#5504,#5505,#5506));
#5498 = ORIENTED_EDGE('',*,*,#5499,.F.);
#5499 = EDGE_CURVE('',#5476,#5452,#5500,.T.);
#5500 = LINE('',#5501,#5502);
#5501 = CARTESIAN_POINT('',(111.924996,53.595449420603,5.2));
#5502 = VECTOR('',#5503,1.);
#5503 = DIRECTION('',(0.,1.,0.));
#5504 = ORIENTED_EDGE('',*,*,#5485,.T.);
#5505 = ORIENTED_EDGE('',*,*,#1558,.T.);
#5506 = ORIENTED_EDGE('',*,*,#5459,.F.);
#5507 = PLANE('',#5508);
#5508 = AXIS2_PLACEMENT_3D('',#5509,#5510,#5511);
#5509 = CARTESIAN_POINT('',(111.924996,56.935776,0.));
#5510 = DIRECTION('',(-1.,0.,0.));
#5511 = DIRECTION('',(0.,1.,0.));
#5512 = ADVANCED_FACE('',(#5513),#5538,.T.);
#5513 = FACE_BOUND('',#5514,.T.);
#5514 = EDGE_LOOP('',(#5515,#5525,#5531,#5532));
#5515 = ORIENTED_EDGE('',*,*,#5516,.F.);
#5516 = EDGE_CURVE('',#5517,#5519,#5521,.T.);
#5517 = VERTEX_POINT('',#5518);
#5518 = CARTESIAN_POINT('',(78.624987,90.235785,5.2));
#5519 = VERTEX_POINT('',#5520);
#5520 = CARTESIAN_POINT('',(78.624987,75.985776,5.2));
#5521 = LINE('',#5522,#5523);
#5522 = CARTESIAN_POINT('',(78.624987,70.245453920603,5.2));
#5523 = VECTOR('',#5524,1.);
#5524 = DIRECTION('',(0.,-1.,0.));
#5525 = ORIENTED_EDGE('',*,*,#5526,.T.);
#5526 = EDGE_CURVE('',#5517,#1575,#5527,.T.);
#5527 = LINE('',#5528,#5529);
#5528 = CARTESIAN_POINT('',(78.624987,90.235785,0.));
#5529 = VECTOR('',#5530,1.);
#5530 = DIRECTION('',(0.,0.,1.));
#5531 = ORIENTED_EDGE('',*,*,#1574,.T.);
#5532 = ORIENTED_EDGE('',*,*,#5533,.F.);
#5533 = EDGE_CURVE('',#5519,#1577,#5534,.T.);
#5534 = LINE('',#5535,#5536);
#5535 = CARTESIAN_POINT('',(78.624987,75.985776,0.));
#5536 = VECTOR('',#5537,1.);
#5537 = DIRECTION('',(0.,0.,1.));
#5538 = PLANE('',#5539);
#5539 = AXIS2_PLACEMENT_3D('',#5540,#5541,#5542);
#5540 = CARTESIAN_POINT('',(78.624987,90.235785,0.));
#5541 = DIRECTION('',(1.,0.,0.));
#5542 = DIRECTION('',(0.,-1.,0.));
#5543 = ADVANCED_FACE('',(#5544),#5562,.T.);
#5544 = FACE_BOUND('',#5545,.T.);
#5545 = EDGE_LOOP('',(#5546,#5554,#5560,#5561));
#5546 = ORIENTED_EDGE('',*,*,#5547,.F.);
#5547 = EDGE_CURVE('',#5548,#5517,#5550,.T.);
#5548 = VERTEX_POINT('',#5549);
#5549 = CARTESIAN_POINT('',(92.874996,90.235785,5.2));
#5550 = LINE('',#5551,#5552);
#5551 = CARTESIAN_POINT('',(81.027228280411,90.235785,5.2));
#5552 = VECTOR('',#5553,1.);
#5553 = DIRECTION('',(-1.,0.,0.));
#5554 = ORIENTED_EDGE('',*,*,#5555,.T.);
#5555 = EDGE_CURVE('',#5548,#1585,#5556,.T.);
#5556 = LINE('',#5557,#5558);
#5557 = CARTESIAN_POINT('',(92.874996,90.235785,0.));
#5558 = VECTOR('',#5559,1.);
#5559 = DIRECTION('',(0.,0.,1.));
#5560 = ORIENTED_EDGE('',*,*,#1584,.T.);
#5561 = ORIENTED_EDGE('',*,*,#5526,.F.);
#5562 = PLANE('',#5563);
#5563 = AXIS2_PLACEMENT_3D('',#5564,#5565,#5566);
#5564 = CARTESIAN_POINT('',(92.874996,90.235785,0.));
#5565 = DIRECTION('',(0.,-1.,0.));
#5566 = DIRECTION('',(-1.,0.,0.));
#5567 = ADVANCED_FACE('',(#5568),#5586,.T.);
#5568 = FACE_BOUND('',#5569,.T.);
#5569 = EDGE_LOOP('',(#5570,#5578,#5579,#5580));
#5570 = ORIENTED_EDGE('',*,*,#5571,.F.);
#5571 = EDGE_CURVE('',#5519,#5572,#5574,.T.);
#5572 = VERTEX_POINT('',#5573);
#5573 = CARTESIAN_POINT('',(92.874996,75.985776,5.2));
#5574 = LINE('',#5575,#5576);
#5575 = CARTESIAN_POINT('',(73.902223780411,75.985776,5.2));
#5576 = VECTOR('',#5577,1.);
#5577 = DIRECTION('',(1.,0.,0.));
#5578 = ORIENTED_EDGE('',*,*,#5533,.T.);
#5579 = ORIENTED_EDGE('',*,*,#1600,.T.);
#5580 = ORIENTED_EDGE('',*,*,#5581,.F.);
#5581 = EDGE_CURVE('',#5572,#1593,#5582,.T.);
#5582 = LINE('',#5583,#5584);
#5583 = CARTESIAN_POINT('',(92.874996,75.985776,0.));
#5584 = VECTOR('',#5585,1.);
#5585 = DIRECTION('',(0.,0.,1.));
#5586 = PLANE('',#5587);
#5587 = AXIS2_PLACEMENT_3D('',#5588,#5589,#5590);
#5588 = CARTESIAN_POINT('',(78.624987,75.985776,0.));
#5589 = DIRECTION('',(0.,1.,0.));
#5590 = DIRECTION('',(1.,0.,0.));
#5591 = ADVANCED_FACE('',(#5592),#5603,.T.);
#5592 = FACE_BOUND('',#5593,.T.);
#5593 = EDGE_LOOP('',(#5594,#5600,#5601,#5602));
#5594 = ORIENTED_EDGE('',*,*,#5595,.F.);
#5595 = EDGE_CURVE('',#5572,#5548,#5596,.T.);
#5596 = LINE('',#5597,#5598);
#5597 = CARTESIAN_POINT('',(92.874996,63.120449420603,5.2));
#5598 = VECTOR('',#5599,1.);
#5599 = DIRECTION('',(0.,1.,0.));
#5600 = ORIENTED_EDGE('',*,*,#5581,.T.);
#5601 = ORIENTED_EDGE('',*,*,#1592,.T.);
#5602 = ORIENTED_EDGE('',*,*,#5555,.F.);
#5603 = PLANE('',#5604);
#5604 = AXIS2_PLACEMENT_3D('',#5605,#5606,#5607);
#5605 = CARTESIAN_POINT('',(92.874996,75.985776,0.));
#5606 = DIRECTION('',(-1.,0.,0.));
#5607 = DIRECTION('',(0.,1.,0.));
#5608 = ADVANCED_FACE('',(#5609),#5628,.F.);
#5609 = FACE_BOUND('',#5610,.T.);
#5610 = EDGE_LOOP('',(#5611,#5620,#5626,#5627));
#5611 = ORIENTED_EDGE('',*,*,#5612,.T.);
#5612 = EDGE_CURVE('',#5613,#5613,#5615,.T.);
#5613 = VERTEX_POINT('',#5614);
#5614 = CARTESIAN_POINT('',(96.47,83.11,5.2));
#5615 = CIRCLE('',#5616,1.2);
#5616 = AXIS2_PLACEMENT_3D('',#5617,#5618,#5619);
#5617 = CARTESIAN_POINT('',(95.27,83.11,5.2));
#5618 = DIRECTION('',(0.,0.,-1.));
#5619 = DIRECTION('',(1.,0.,0.));
#5620 = ORIENTED_EDGE('',*,*,#5621,.T.);
#5621 = EDGE_CURVE('',#5613,#1609,#5622,.T.);
#5622 = LINE('',#5623,#5624);
#5623 = CARTESIAN_POINT('',(96.47,83.11,0.));
#5624 = VECTOR('',#5625,1.);
#5625 = DIRECTION('',(0.,0.,1.));
#5626 = ORIENTED_EDGE('',*,*,#1608,.T.);
#5627 = ORIENTED_EDGE('',*,*,#5621,.F.);
#5628 = CYLINDRICAL_SURFACE('',#5629,1.2);
#5629 = AXIS2_PLACEMENT_3D('',#5630,#5631,#5632);
#5630 = CARTESIAN_POINT('',(95.27,83.11,0.));
#5631 = DIRECTION('',(-0.,-0.,-1.));
#5632 = DIRECTION('',(1.,0.,0.));
#5633 = ADVANCED_FACE('',(#5634),#5659,.T.);
#5634 = FACE_BOUND('',#5635,.T.);
#5635 = EDGE_LOOP('',(#5636,#5646,#5652,#5653));
#5636 = ORIENTED_EDGE('',*,*,#5637,.F.);
#5637 = EDGE_CURVE('',#5638,#5640,#5642,.T.);
#5638 = VERTEX_POINT('',#5639);
#5639 = CARTESIAN_POINT('',(97.674987,90.235785,5.2));
#5640 = VERTEX_POINT('',#5641);
#5641 = CARTESIAN_POINT('',(97.674987,75.985776,5.2));
#5642 = LINE('',#5643,#5644);
#5643 = CARTESIAN_POINT('',(97.674987,70.245453920603,5.2));
#5644 = VECTOR('',#5645,1.);
#5645 = DIRECTION('',(0.,-1.,0.));
#5646 = ORIENTED_EDGE('',*,*,#5647,.T.);
#5647 = EDGE_CURVE('',#5638,#1620,#5648,.T.);
#5648 = LINE('',#5649,#5650);
#5649 = CARTESIAN_POINT('',(97.674987,90.235785,0.));
#5650 = VECTOR('',#5651,1.);
#5651 = DIRECTION('',(0.,0.,1.));
#5652 = ORIENTED_EDGE('',*,*,#1619,.T.);
#5653 = ORIENTED_EDGE('',*,*,#5654,.F.);
#5654 = EDGE_CURVE('',#5640,#1622,#5655,.T.);
#5655 = LINE('',#5656,#5657);
#5656 = CARTESIAN_POINT('',(97.674987,75.985776,0.));
#5657 = VECTOR('',#5658,1.);
#5658 = DIRECTION('',(0.,0.,1.));
#5659 = PLANE('',#5660);
#5660 = AXIS2_PLACEMENT_3D('',#5661,#5662,#5663);
#5661 = CARTESIAN_POINT('',(97.674987,90.235785,0.));
#5662 = DIRECTION('',(1.,0.,0.));
#5663 = DIRECTION('',(0.,-1.,0.));
#5664 = ADVANCED_FACE('',(#5665),#5683,.T.);
#5665 = FACE_BOUND('',#5666,.T.);
#5666 = EDGE_LOOP('',(#5667,#5675,#5681,#5682));
#5667 = ORIENTED_EDGE('',*,*,#5668,.F.);
#5668 = EDGE_CURVE('',#5669,#5638,#5671,.T.);
#5669 = VERTEX_POINT('',#5670);
#5670 = CARTESIAN_POINT('',(111.924996,90.235785,5.2));
#5671 = LINE('',#5672,#5673);
#5672 = CARTESIAN_POINT('',(90.552228280411,90.235785,5.2));
#5673 = VECTOR('',#5674,1.);
#5674 = DIRECTION('',(-1.,0.,0.));
#5675 = ORIENTED_EDGE('',*,*,#5676,.T.);
#5676 = EDGE_CURVE('',#5669,#1630,#5677,.T.);
#5677 = LINE('',#5678,#5679);
#5678 = CARTESIAN_POINT('',(111.924996,90.235785,0.));
#5679 = VECTOR('',#5680,1.);
#5680 = DIRECTION('',(0.,0.,1.));
#5681 = ORIENTED_EDGE('',*,*,#1629,.T.);
#5682 = ORIENTED_EDGE('',*,*,#5647,.F.);
#5683 = PLANE('',#5684);
#5684 = AXIS2_PLACEMENT_3D('',#5685,#5686,#5687);
#5685 = CARTESIAN_POINT('',(111.924996,90.235785,0.));
#5686 = DIRECTION('',(0.,-1.,0.));
#5687 = DIRECTION('',(-1.,0.,0.));
#5688 = ADVANCED_FACE('',(#5689),#5707,.T.);
#5689 = FACE_BOUND('',#5690,.T.);
#5690 = EDGE_LOOP('',(#5691,#5699,#5700,#5701));
#5691 = ORIENTED_EDGE('',*,*,#5692,.F.);
#5692 = EDGE_CURVE('',#5640,#5693,#5695,.T.);
#5693 = VERTEX_POINT('',#5694);
#5694 = CARTESIAN_POINT('',(111.924996,75.985776,5.2));
#5695 = LINE('',#5696,#5697);
#5696 = CARTESIAN_POINT('',(83.427223780411,75.985776,5.2));
#5697 = VECTOR('',#5698,1.);
#5698 = DIRECTION('',(1.,0.,0.));
#5699 = ORIENTED_EDGE('',*,*,#5654,.T.);
#5700 = ORIENTED_EDGE('',*,*,#1645,.T.);
#5701 = ORIENTED_EDGE('',*,*,#5702,.F.);
#5702 = EDGE_CURVE('',#5693,#1638,#5703,.T.);
#5703 = LINE('',#5704,#5705);
#5704 = CARTESIAN_POINT('',(111.924996,75.985776,0.));
#5705 = VECTOR('',#5706,1.);
#5706 = DIRECTION('',(0.,0.,1.));
#5707 = PLANE('',#5708);
#5708 = AXIS2_PLACEMENT_3D('',#5709,#5710,#5711);
#5709 = CARTESIAN_POINT('',(97.674987,75.985776,0.));
#5710 = DIRECTION('',(0.,1.,0.));
#5711 = DIRECTION('',(1.,0.,0.));
#5712 = ADVANCED_FACE('',(#5713),#5724,.T.);
#5713 = FACE_BOUND('',#5714,.T.);
#5714 = EDGE_LOOP('',(#5715,#5721,#5722,#5723));
#5715 = ORIENTED_EDGE('',*,*,#5716,.F.);
#5716 = EDGE_CURVE('',#5693,#5669,#5717,.T.);
#5717 = LINE('',#5718,#5719);
#5718 = CARTESIAN_POINT('',(111.924996,63.120449420603,5.2));
#5719 = VECTOR('',#5720,1.);
#5720 = DIRECTION('',(0.,1.,0.));
#5721 = ORIENTED_EDGE('',*,*,#5702,.T.);
#5722 = ORIENTED_EDGE('',*,*,#1637,.T.);
#5723 = ORIENTED_EDGE('',*,*,#5676,.F.);
#5724 = PLANE('',#5725);
#5725 = AXIS2_PLACEMENT_3D('',#5726,#5727,#5728);
#5726 = CARTESIAN_POINT('',(111.924996,75.985776,0.));
#5727 = DIRECTION('',(-1.,0.,0.));
#5728 = DIRECTION('',(0.,1.,0.));
#5729 = ADVANCED_FACE('',(#5730),#5755,.F.);
#5730 = FACE_BOUND('',#5731,.F.);
#5731 = EDGE_LOOP('',(#5732,#5740,#5748,#5754));
#5732 = ORIENTED_EDGE('',*,*,#5733,.T.);
#5733 = EDGE_CURVE('',#1654,#5734,#5736,.T.);
#5734 = VERTEX_POINT('',#5735);
#5735 = CARTESIAN_POINT('',(138.61048574001,96.082093996941,5.2));
#5736 = LINE('',#5737,#5738);
#5737 = CARTESIAN_POINT('',(138.61048574001,96.082093996941,7.));
#5738 = VECTOR('',#5739,1.);
#5739 = DIRECTION('',(-0.,-0.,-1.));
#5740 = ORIENTED_EDGE('',*,*,#5741,.T.);
#5741 = EDGE_CURVE('',#5734,#5742,#5744,.T.);
#5742 = VERTEX_POINT('',#5743);
#5743 = CARTESIAN_POINT('',(136.35881969017,97.382093996941,5.2));
#5744 = LINE('',#5745,#5746);
#5745 = CARTESIAN_POINT('',(138.61048574001,96.082093996941,5.2));
#5746 = VECTOR('',#5747,1.);
#5747 = DIRECTION('',(-0.866025403784,0.5,0.));
#5748 = ORIENTED_EDGE('',*,*,#5749,.F.);
#5749 = EDGE_CURVE('',#1656,#5742,#5750,.T.);
#5750 = LINE('',#5751,#5752);
#5751 = CARTESIAN_POINT('',(136.35881969017,97.382093996941,7.));
#5752 = VECTOR('',#5753,1.);
#5753 = DIRECTION('',(-0.,-0.,-1.));
#5754 = ORIENTED_EDGE('',*,*,#1653,.F.);
#5755 = PLANE('',#5756);
#5756 = AXIS2_PLACEMENT_3D('',#5757,#5758,#5759);
#5757 = CARTESIAN_POINT('',(138.61048574001,96.082093996941,7.));
#5758 = DIRECTION('',(0.5,0.866025403784,0.));
#5759 = DIRECTION('',(-0.866025403784,0.5,0.));
#5760 = ADVANCED_FACE('',(#5761),#5779,.F.);
#5761 = FACE_BOUND('',#5762,.F.);
#5762 = EDGE_LOOP('',(#5763,#5764,#5772,#5778));
#5763 = ORIENTED_EDGE('',*,*,#5749,.T.);
#5764 = ORIENTED_EDGE('',*,*,#5765,.T.);
#5765 = EDGE_CURVE('',#5742,#5766,#5768,.T.);
#5766 = VERTEX_POINT('',#5767);
#5767 = CARTESIAN_POINT('',(134.10715364033,96.082093996941,5.2));
#5768 = LINE('',#5769,#5770);
#5769 = CARTESIAN_POINT('',(136.35881969017,97.382093996941,5.2));
#5770 = VECTOR('',#5771,1.);
#5771 = DIRECTION('',(-0.866025403784,-0.5,0.));
#5772 = ORIENTED_EDGE('',*,*,#5773,.F.);
#5773 = EDGE_CURVE('',#1688,#5766,#5774,.T.);
#5774 = LINE('',#5775,#5776);
#5775 = CARTESIAN_POINT('',(134.10715364033,96.082093996941,7.));
#5776 = VECTOR('',#5777,1.);
#5777 = DIRECTION('',(-0.,-0.,-1.));
#5778 = ORIENTED_EDGE('',*,*,#1695,.F.);
#5779 = PLANE('',#5780);
#5780 = AXIS2_PLACEMENT_3D('',#5781,#5782,#5783);
#5781 = CARTESIAN_POINT('',(136.35881969017,97.382093996941,7.));
#5782 = DIRECTION('',(-0.5,0.866025403784,0.));
#5783 = DIRECTION('',(-0.866025403784,-0.5,0.));
#5784 = ADVANCED_FACE('',(#5785),#5803,.F.);
#5785 = FACE_BOUND('',#5786,.F.);
#5786 = EDGE_LOOP('',(#5787,#5788,#5796,#5802));
#5787 = ORIENTED_EDGE('',*,*,#5773,.T.);
#5788 = ORIENTED_EDGE('',*,*,#5789,.T.);
#5789 = EDGE_CURVE('',#5766,#5790,#5792,.T.);
#5790 = VERTEX_POINT('',#5791);
#5791 = CARTESIAN_POINT('',(134.10715364033,93.482093996941,5.2));
#5792 = LINE('',#5793,#5794);
#5793 = CARTESIAN_POINT('',(134.10715364033,96.082093996941,5.2));
#5794 = VECTOR('',#5795,1.);
#5795 = DIRECTION('',(0.,-1.,0.));
#5796 = ORIENTED_EDGE('',*,*,#5797,.F.);
#5797 = EDGE_CURVE('',#1680,#5790,#5798,.T.);
#5798 = LINE('',#5799,#5800);
#5799 = CARTESIAN_POINT('',(134.10715364033,93.482093996941,7.));
#5800 = VECTOR('',#5801,1.);
#5801 = DIRECTION('',(-0.,-0.,-1.));
#5802 = ORIENTED_EDGE('',*,*,#1687,.F.);
#5803 = PLANE('',#5804);
#5804 = AXIS2_PLACEMENT_3D('',#5805,#5806,#5807);
#5805 = CARTESIAN_POINT('',(134.10715364033,96.082093996941,7.));
#5806 = DIRECTION('',(-1.,0.,0.));
#5807 = DIRECTION('',(0.,-1.,0.));
#5808 = ADVANCED_FACE('',(#5809),#5827,.F.);
#5809 = FACE_BOUND('',#5810,.F.);
#5810 = EDGE_LOOP('',(#5811,#5812,#5820,#5826));
#5811 = ORIENTED_EDGE('',*,*,#5797,.T.);
#5812 = ORIENTED_EDGE('',*,*,#5813,.T.);
#5813 = EDGE_CURVE('',#5790,#5814,#5816,.T.);
#5814 = VERTEX_POINT('',#5815);
#5815 = CARTESIAN_POINT('',(136.35881969017,92.182093996941,5.2));
#5816 = LINE('',#5817,#5818);
#5817 = CARTESIAN_POINT('',(134.10715364033,93.482093996941,5.2));
#5818 = VECTOR('',#5819,1.);
#5819 = DIRECTION('',(0.866025403784,-0.5,0.));
#5820 = ORIENTED_EDGE('',*,*,#5821,.F.);
#5821 = EDGE_CURVE('',#1672,#5814,#5822,.T.);
#5822 = LINE('',#5823,#5824);
#5823 = CARTESIAN_POINT('',(136.35881969017,92.182093996941,7.));
#5824 = VECTOR('',#5825,1.);
#5825 = DIRECTION('',(-0.,-0.,-1.));
#5826 = ORIENTED_EDGE('',*,*,#1679,.F.);
#5827 = PLANE('',#5828);
#5828 = AXIS2_PLACEMENT_3D('',#5829,#5830,#5831);
#5829 = CARTESIAN_POINT('',(134.10715364033,93.482093996941,7.));
#5830 = DIRECTION('',(-0.5,-0.866025403784,0.));
#5831 = DIRECTION('',(0.866025403784,-0.5,0.));
#5832 = ADVANCED_FACE('',(#5833),#5851,.F.);
#5833 = FACE_BOUND('',#5834,.F.);
#5834 = EDGE_LOOP('',(#5835,#5836,#5844,#5850));
#5835 = ORIENTED_EDGE('',*,*,#5821,.T.);
#5836 = ORIENTED_EDGE('',*,*,#5837,.T.);
#5837 = EDGE_CURVE('',#5814,#5838,#5840,.T.);
#5838 = VERTEX_POINT('',#5839);
#5839 = CARTESIAN_POINT('',(138.61048574001,93.482093996941,5.2));
#5840 = LINE('',#5841,#5842);
#5841 = CARTESIAN_POINT('',(136.35881969017,92.182093996941,5.2));
#5842 = VECTOR('',#5843,1.);
#5843 = DIRECTION('',(0.866025403784,0.5,0.));
#5844 = ORIENTED_EDGE('',*,*,#5845,.F.);
#5845 = EDGE_CURVE('',#1664,#5838,#5846,.T.);
#5846 = LINE('',#5847,#5848);
#5847 = CARTESIAN_POINT('',(138.61048574001,93.482093996941,7.));
#5848 = VECTOR('',#5849,1.);
#5849 = DIRECTION('',(-0.,-0.,-1.));
#5850 = ORIENTED_EDGE('',*,*,#1671,.F.);
#5851 = PLANE('',#5852);
#5852 = AXIS2_PLACEMENT_3D('',#5853,#5854,#5855);
#5853 = CARTESIAN_POINT('',(136.35881969017,92.182093996941,7.));
#5854 = DIRECTION('',(0.5,-0.866025403784,0.));
#5855 = DIRECTION('',(0.866025403784,0.5,0.));
#5856 = ADVANCED_FACE('',(#5857),#5868,.F.);
#5857 = FACE_BOUND('',#5858,.F.);
#5858 = EDGE_LOOP('',(#5859,#5860,#5866,#5867));
#5859 = ORIENTED_EDGE('',*,*,#5845,.T.);
#5860 = ORIENTED_EDGE('',*,*,#5861,.T.);
#5861 = EDGE_CURVE('',#5838,#5734,#5862,.T.);
#5862 = LINE('',#5863,#5864);
#5863 = CARTESIAN_POINT('',(138.61048574001,93.482093996941,5.2));
#5864 = VECTOR('',#5865,1.);
#5865 = DIRECTION('',(0.,1.,0.));
#5866 = ORIENTED_EDGE('',*,*,#5733,.F.);
#5867 = ORIENTED_EDGE('',*,*,#1663,.F.);
#5868 = PLANE('',#5869);
#5869 = AXIS2_PLACEMENT_3D('',#5870,#5871,#5872);
#5870 = CARTESIAN_POINT('',(138.61048574001,93.482093996941,7.));
#5871 = DIRECTION('',(1.,0.,0.));
#5872 = DIRECTION('',(0.,1.,0.));
#5873 = ADVANCED_FACE('',(#5874,#5902,#5908,#5911,#5917,#5923,#5929,
    #5935,#5941,#5947,#5953,#5959,#5965,#5968,#5971,#5977,#5983,#5989,
    #5995,#6001,#6007,#6013,#6019,#6022,#6028,#6034,#6040,#6046,#6049,
    #6055,#6061,#6064),#6070,.F.);
#5874 = FACE_BOUND('',#5875,.F.);
#5875 = EDGE_LOOP('',(#5876,#5877,#5878,#5879,#5880,#5881,#5882,#5883,
    #5884,#5885,#5886,#5887,#5888,#5889,#5890,#5891,#5892,#5893,#5894,
    #5895,#5896,#5897,#5898,#5899,#5900,#5901));
#5876 = ORIENTED_EDGE('',*,*,#2033,.F.);
#5877 = ORIENTED_EDGE('',*,*,#2083,.T.);
#5878 = ORIENTED_EDGE('',*,*,#2125,.T.);
#5879 = ORIENTED_EDGE('',*,*,#2166,.T.);
#5880 = ORIENTED_EDGE('',*,*,#2208,.T.);
#5881 = ORIENTED_EDGE('',*,*,#2249,.T.);
#5882 = ORIENTED_EDGE('',*,*,#2286,.T.);
#5883 = ORIENTED_EDGE('',*,*,#2310,.T.);
#5884 = ORIENTED_EDGE('',*,*,#2351,.T.);
#5885 = ORIENTED_EDGE('',*,*,#2375,.T.);
#5886 = ORIENTED_EDGE('',*,*,#2424,.T.);
#5887 = ORIENTED_EDGE('',*,*,#2472,.T.);
#5888 = ORIENTED_EDGE('',*,*,#2521,.F.);
#5889 = ORIENTED_EDGE('',*,*,#2496,.T.);
#5890 = ORIENTED_EDGE('',*,*,#2448,.F.);
#5891 = ORIENTED_EDGE('',*,*,#2400,.F.);
#5892 = ORIENTED_EDGE('',*,*,#1909,.F.);
#5893 = ORIENTED_EDGE('',*,*,#1991,.T.);
#5894 = ORIENTED_EDGE('',*,*,#2049,.F.);
#5895 = ORIENTED_EDGE('',*,*,#1786,.F.);
#5896 = ORIENTED_EDGE('',*,*,#2638,.F.);
#5897 = ORIENTED_EDGE('',*,*,#2662,.F.);
#5898 = ORIENTED_EDGE('',*,*,#2686,.F.);
#5899 = ORIENTED_EDGE('',*,*,#2710,.F.);
#5900 = ORIENTED_EDGE('',*,*,#2734,.F.);
#5901 = ORIENTED_EDGE('',*,*,#1727,.T.);
#5902 = FACE_BOUND('',#5903,.F.);
#5903 = EDGE_LOOP('',(#5904,#5905,#5906,#5907));
#5904 = ORIENTED_EDGE('',*,*,#2895,.F.);
#5905 = ORIENTED_EDGE('',*,*,#2926,.F.);
#5906 = ORIENTED_EDGE('',*,*,#2974,.F.);
#5907 = ORIENTED_EDGE('',*,*,#2950,.F.);
#5908 = FACE_BOUND('',#5909,.F.);
#5909 = EDGE_LOOP('',(#5910));
#5910 = ORIENTED_EDGE('',*,*,#2991,.T.);
#5911 = FACE_BOUND('',#5912,.F.);
#5912 = EDGE_LOOP('',(#5913,#5914,#5915,#5916));
#5913 = ORIENTED_EDGE('',*,*,#3016,.F.);
#5914 = ORIENTED_EDGE('',*,*,#3047,.F.);
#5915 = ORIENTED_EDGE('',*,*,#3095,.F.);
#5916 = ORIENTED_EDGE('',*,*,#3071,.F.);
#5917 = FACE_BOUND('',#5918,.F.);
#5918 = EDGE_LOOP('',(#5919,#5920,#5921,#5922));
#5919 = ORIENTED_EDGE('',*,*,#3112,.F.);
#5920 = ORIENTED_EDGE('',*,*,#3143,.F.);
#5921 = ORIENTED_EDGE('',*,*,#3191,.F.);
#5922 = ORIENTED_EDGE('',*,*,#3167,.F.);
#5923 = FACE_BOUND('',#5924,.F.);
#5924 = EDGE_LOOP('',(#5925,#5926,#5927,#5928));
#5925 = ORIENTED_EDGE('',*,*,#3208,.F.);
#5926 = ORIENTED_EDGE('',*,*,#3239,.F.);
#5927 = ORIENTED_EDGE('',*,*,#3287,.F.);
#5928 = ORIENTED_EDGE('',*,*,#3263,.F.);
#5929 = FACE_BOUND('',#5930,.F.);
#5930 = EDGE_LOOP('',(#5931,#5932,#5933,#5934));
#5931 = ORIENTED_EDGE('',*,*,#3304,.F.);
#5932 = ORIENTED_EDGE('',*,*,#3335,.F.);
#5933 = ORIENTED_EDGE('',*,*,#3383,.F.);
#5934 = ORIENTED_EDGE('',*,*,#3359,.F.);
#5935 = FACE_BOUND('',#5936,.F.);
#5936 = EDGE_LOOP('',(#5937,#5938,#5939,#5940));
#5937 = ORIENTED_EDGE('',*,*,#3400,.F.);
#5938 = ORIENTED_EDGE('',*,*,#3431,.F.);
#5939 = ORIENTED_EDGE('',*,*,#3479,.F.);
#5940 = ORIENTED_EDGE('',*,*,#3455,.F.);
#5941 = FACE_BOUND('',#5942,.F.);
#5942 = EDGE_LOOP('',(#5943,#5944,#5945,#5946));
#5943 = ORIENTED_EDGE('',*,*,#3496,.F.);
#5944 = ORIENTED_EDGE('',*,*,#3527,.F.);
#5945 = ORIENTED_EDGE('',*,*,#3575,.F.);
#5946 = ORIENTED_EDGE('',*,*,#3551,.F.);
#5947 = FACE_BOUND('',#5948,.F.);
#5948 = EDGE_LOOP('',(#5949,#5950,#5951,#5952));
#5949 = ORIENTED_EDGE('',*,*,#3953,.F.);
#5950 = ORIENTED_EDGE('',*,*,#3984,.F.);
#5951 = ORIENTED_EDGE('',*,*,#4032,.F.);
#5952 = ORIENTED_EDGE('',*,*,#4008,.F.);
#5953 = FACE_BOUND('',#5954,.F.);
#5954 = EDGE_LOOP('',(#5955,#5956,#5957,#5958));
#5955 = ORIENTED_EDGE('',*,*,#3888,.T.);
#5956 = ORIENTED_EDGE('',*,*,#3857,.T.);
#5957 = ORIENTED_EDGE('',*,*,#3912,.T.);
#5958 = ORIENTED_EDGE('',*,*,#3936,.T.);
#5959 = FACE_BOUND('',#5960,.F.);
#5960 = EDGE_LOOP('',(#5961,#5962,#5963,#5964));
#5961 = ORIENTED_EDGE('',*,*,#3767,.T.);
#5962 = ORIENTED_EDGE('',*,*,#3736,.T.);
#5963 = ORIENTED_EDGE('',*,*,#3791,.T.);
#5964 = ORIENTED_EDGE('',*,*,#3815,.T.);
#5965 = FACE_BOUND('',#5966,.F.);
#5966 = EDGE_LOOP('',(#5967));
#5967 = ORIENTED_EDGE('',*,*,#3832,.T.);
#5968 = FACE_BOUND('',#5969,.F.);
#5969 = EDGE_LOOP('',(#5970));
#5970 = ORIENTED_EDGE('',*,*,#4049,.T.);
#5971 = FACE_BOUND('',#5972,.F.);
#5972 = EDGE_LOOP('',(#5973,#5974,#5975,#5976));
#5973 = ORIENTED_EDGE('',*,*,#4074,.F.);
#5974 = ORIENTED_EDGE('',*,*,#4105,.F.);
#5975 = ORIENTED_EDGE('',*,*,#4153,.F.);
#5976 = ORIENTED_EDGE('',*,*,#4129,.F.);
#5977 = FACE_BOUND('',#5978,.F.);
#5978 = EDGE_LOOP('',(#5979,#5980,#5981,#5982));
#5979 = ORIENTED_EDGE('',*,*,#4170,.F.);
#5980 = ORIENTED_EDGE('',*,*,#4201,.F.);
#5981 = ORIENTED_EDGE('',*,*,#4249,.F.);
#5982 = ORIENTED_EDGE('',*,*,#4225,.F.);
#5983 = FACE_BOUND('',#5984,.F.);
#5984 = EDGE_LOOP('',(#5985,#5986,#5987,#5988));
#5985 = ORIENTED_EDGE('',*,*,#4266,.F.);
#5986 = ORIENTED_EDGE('',*,*,#4297,.F.);
#5987 = ORIENTED_EDGE('',*,*,#4345,.F.);
#5988 = ORIENTED_EDGE('',*,*,#4321,.F.);
#5989 = FACE_BOUND('',#5990,.F.);
#5990 = EDGE_LOOP('',(#5991,#5992,#5993,#5994));
#5991 = ORIENTED_EDGE('',*,*,#4362,.F.);
#5992 = ORIENTED_EDGE('',*,*,#4393,.F.);
#5993 = ORIENTED_EDGE('',*,*,#4441,.F.);
#5994 = ORIENTED_EDGE('',*,*,#4417,.F.);
#5995 = FACE_BOUND('',#5996,.F.);
#5996 = EDGE_LOOP('',(#5997,#5998,#5999,#6000));
#5997 = ORIENTED_EDGE('',*,*,#4458,.F.);
#5998 = ORIENTED_EDGE('',*,*,#4489,.F.);
#5999 = ORIENTED_EDGE('',*,*,#4537,.F.);
#6000 = ORIENTED_EDGE('',*,*,#4513,.F.);
#6001 = FACE_BOUND('',#6002,.F.);
#6002 = EDGE_LOOP('',(#6003,#6004,#6005,#6006));
#6003 = ORIENTED_EDGE('',*,*,#4554,.F.);
#6004 = ORIENTED_EDGE('',*,*,#4585,.F.);
#6005 = ORIENTED_EDGE('',*,*,#4633,.F.);
#6006 = ORIENTED_EDGE('',*,*,#4609,.F.);
#6007 = FACE_BOUND('',#6008,.F.);
#6008 = EDGE_LOOP('',(#6009,#6010,#6011,#6012));
#6009 = ORIENTED_EDGE('',*,*,#4650,.F.);
#6010 = ORIENTED_EDGE('',*,*,#4681,.F.);
#6011 = ORIENTED_EDGE('',*,*,#4729,.F.);
#6012 = ORIENTED_EDGE('',*,*,#4705,.F.);
#6013 = FACE_BOUND('',#6014,.F.);
#6014 = EDGE_LOOP('',(#6015,#6016,#6017,#6018));
#6015 = ORIENTED_EDGE('',*,*,#4746,.F.);
#6016 = ORIENTED_EDGE('',*,*,#4777,.F.);
#6017 = ORIENTED_EDGE('',*,*,#4825,.F.);
#6018 = ORIENTED_EDGE('',*,*,#4801,.F.);
#6019 = FACE_BOUND('',#6020,.F.);
#6020 = EDGE_LOOP('',(#6021));
#6021 = ORIENTED_EDGE('',*,*,#4842,.T.);
#6022 = FACE_BOUND('',#6023,.F.);
#6023 = EDGE_LOOP('',(#6024,#6025,#6026,#6027));
#6024 = ORIENTED_EDGE('',*,*,#4867,.F.);
#6025 = ORIENTED_EDGE('',*,*,#4898,.F.);
#6026 = ORIENTED_EDGE('',*,*,#4946,.F.);
#6027 = ORIENTED_EDGE('',*,*,#4922,.F.);
#6028 = FACE_BOUND('',#6029,.F.);
#6029 = EDGE_LOOP('',(#6030,#6031,#6032,#6033));
#6030 = ORIENTED_EDGE('',*,*,#5107,.F.);
#6031 = ORIENTED_EDGE('',*,*,#5138,.F.);
#6032 = ORIENTED_EDGE('',*,*,#5186,.F.);
#6033 = ORIENTED_EDGE('',*,*,#5162,.F.);
#6034 = FACE_BOUND('',#6035,.F.);
#6035 = EDGE_LOOP('',(#6036,#6037,#6038,#6039));
#6036 = ORIENTED_EDGE('',*,*,#5203,.F.);
#6037 = ORIENTED_EDGE('',*,*,#5234,.F.);
#6038 = ORIENTED_EDGE('',*,*,#5282,.F.);
#6039 = ORIENTED_EDGE('',*,*,#5258,.F.);
#6040 = FACE_BOUND('',#6041,.F.);
#6041 = EDGE_LOOP('',(#6042,#6043,#6044,#6045));
#6042 = ORIENTED_EDGE('',*,*,#5299,.F.);
#6043 = ORIENTED_EDGE('',*,*,#5330,.F.);
#6044 = ORIENTED_EDGE('',*,*,#5378,.F.);
#6045 = ORIENTED_EDGE('',*,*,#5354,.F.);
#6046 = FACE_BOUND('',#6047,.F.);
#6047 = EDGE_LOOP('',(#6048));
#6048 = ORIENTED_EDGE('',*,*,#5395,.T.);
#6049 = FACE_BOUND('',#6050,.F.);
#6050 = EDGE_LOOP('',(#6051,#6052,#6053,#6054));
#6051 = ORIENTED_EDGE('',*,*,#5420,.F.);
#6052 = ORIENTED_EDGE('',*,*,#5451,.F.);
#6053 = ORIENTED_EDGE('',*,*,#5499,.F.);
#6054 = ORIENTED_EDGE('',*,*,#5475,.F.);
#6055 = FACE_BOUND('',#6056,.F.);
#6056 = EDGE_LOOP('',(#6057,#6058,#6059,#6060));
#6057 = ORIENTED_EDGE('',*,*,#5516,.F.);
#6058 = ORIENTED_EDGE('',*,*,#5547,.F.);
#6059 = ORIENTED_EDGE('',*,*,#5595,.F.);
#6060 = ORIENTED_EDGE('',*,*,#5571,.F.);
#6061 = FACE_BOUND('',#6062,.F.);
#6062 = EDGE_LOOP('',(#6063));
#6063 = ORIENTED_EDGE('',*,*,#5612,.T.);
#6064 = FACE_BOUND('',#6065,.F.);
#6065 = EDGE_LOOP('',(#6066,#6067,#6068,#6069));
#6066 = ORIENTED_EDGE('',*,*,#5637,.F.);
#6067 = ORIENTED_EDGE('',*,*,#5668,.F.);
#6068 = ORIENTED_EDGE('',*,*,#5716,.F.);
#6069 = ORIENTED_EDGE('',*,*,#5692,.F.);
#6070 = PLANE('',#6071);
#6071 = AXIS2_PLACEMENT_3D('',#6072,#6073,#6074);
#6072 = CARTESIAN_POINT('',(69.179460560822,50.255122841206,5.2));
#6073 = DIRECTION('',(0.,0.,1.));
#6074 = DIRECTION('',(1.,0.,0.));
#6075 = ADVANCED_FACE('',(#6076),#6087,.F.);
#6076 = FACE_BOUND('',#6077,.F.);
#6077 = EDGE_LOOP('',(#6078,#6079,#6080,#6081));
#6078 = ORIENTED_EDGE('',*,*,#1862,.F.);
#6079 = ORIENTED_EDGE('',*,*,#1895,.T.);
#6080 = ORIENTED_EDGE('',*,*,#1927,.T.);
#6081 = ORIENTED_EDGE('',*,*,#6082,.F.);
#6082 = EDGE_CURVE('',#1855,#1928,#6083,.T.);
#6083 = LINE('',#6084,#6085);
#6084 = CARTESIAN_POINT('',(140.237499,56.3451585,2.5));
#6085 = VECTOR('',#6086,1.);
#6086 = DIRECTION('',(-1.,-0.,-0.));
#6087 = CYLINDRICAL_SURFACE('',#6088,0.5);
#6088 = AXIS2_PLACEMENT_3D('',#6089,#6090,#6091);
#6089 = CARTESIAN_POINT('',(140.237499,56.3451585,2.));
#6090 = DIRECTION('',(1.,0.,0.));
#6091 = DIRECTION('',(0.,1.,0.));
#6092 = ADVANCED_FACE('',(#6093),#6104,.F.);
#6093 = FACE_BOUND('',#6094,.F.);
#6094 = EDGE_LOOP('',(#6095,#6096,#6097,#6098));
#6095 = ORIENTED_EDGE('',*,*,#1854,.F.);
#6096 = ORIENTED_EDGE('',*,*,#6082,.T.);
#6097 = ORIENTED_EDGE('',*,*,#1936,.F.);
#6098 = ORIENTED_EDGE('',*,*,#6099,.F.);
#6099 = EDGE_CURVE('',#1846,#1937,#6100,.T.);
#6100 = LINE('',#6101,#6102);
#6101 = CARTESIAN_POINT('',(140.237499,47.3451585,2.5));
#6102 = VECTOR('',#6103,1.);
#6103 = DIRECTION('',(-1.,-0.,-0.));
#6104 = PLANE('',#6105);
#6105 = AXIS2_PLACEMENT_3D('',#6106,#6107,#6108);
#6106 = CARTESIAN_POINT('',(140.237499,56.3451585,2.5));
#6107 = DIRECTION('',(0.,0.,1.));
#6108 = DIRECTION('',(0.,-1.,0.));
#6109 = ADVANCED_FACE('',(#6110),#6116,.F.);
#6110 = FACE_BOUND('',#6111,.F.);
#6111 = EDGE_LOOP('',(#6112,#6113,#6114,#6115));
#6112 = ORIENTED_EDGE('',*,*,#1845,.F.);
#6113 = ORIENTED_EDGE('',*,*,#6099,.T.);
#6114 = ORIENTED_EDGE('',*,*,#1944,.T.);
#6115 = ORIENTED_EDGE('',*,*,#2335,.F.);
#6116 = CYLINDRICAL_SURFACE('',#6117,0.5);
#6117 = AXIS2_PLACEMENT_3D('',#6118,#6119,#6120);
#6118 = CARTESIAN_POINT('',(140.237499,47.3451585,2.));
#6119 = DIRECTION('',(1.,0.,0.));
#6120 = DIRECTION('',(0.,1.,0.));
#6121 = ADVANCED_FACE('',(#6122,#6130),#6133,.T.);
#6122 = FACE_BOUND('',#6123,.T.);
#6123 = EDGE_LOOP('',(#6124,#6125,#6126,#6127,#6128,#6129));
#6124 = ORIENTED_EDGE('',*,*,#2759,.T.);
#6125 = ORIENTED_EDGE('',*,*,#2783,.T.);
#6126 = ORIENTED_EDGE('',*,*,#2807,.T.);
#6127 = ORIENTED_EDGE('',*,*,#2831,.T.);
#6128 = ORIENTED_EDGE('',*,*,#2855,.T.);
#6129 = ORIENTED_EDGE('',*,*,#2879,.T.);
#6130 = FACE_BOUND('',#6131,.T.);
#6131 = EDGE_LOOP('',(#6132));
#6132 = ORIENTED_EDGE('',*,*,#2538,.F.);
#6133 = PLANE('',#6134);
#6134 = AXIS2_PLACEMENT_3D('',#6135,#6136,#6137);
#6135 = CARTESIAN_POINT('',(66.434194126358,49.994787805242,5.2));
#6136 = DIRECTION('',(0.,0.,1.));
#6137 = DIRECTION('',(1.,0.,0.));
#6138 = ADVANCED_FACE('',(#6139,#6147),#6150,.T.);
#6139 = FACE_BOUND('',#6140,.T.);
#6140 = EDGE_LOOP('',(#6141,#6142,#6143,#6144,#6145,#6146));
#6141 = ORIENTED_EDGE('',*,*,#3600,.T.);
#6142 = ORIENTED_EDGE('',*,*,#3624,.T.);
#6143 = ORIENTED_EDGE('',*,*,#3648,.T.);
#6144 = ORIENTED_EDGE('',*,*,#3672,.T.);
#6145 = ORIENTED_EDGE('',*,*,#3696,.T.);
#6146 = ORIENTED_EDGE('',*,*,#3720,.T.);
#6147 = FACE_BOUND('',#6148,.T.);
#6148 = EDGE_LOOP('',(#6149));
#6149 = ORIENTED_EDGE('',*,*,#2563,.F.);
#6150 = PLANE('',#6151);
#6151 = AXIS2_PLACEMENT_3D('',#6152,#6153,#6154);
#6152 = CARTESIAN_POINT('',(66.434194126358,49.994787805242,5.2));
#6153 = DIRECTION('',(0.,0.,1.));
#6154 = DIRECTION('',(1.,0.,0.));
#6155 = ADVANCED_FACE('',(#6156,#6164),#6167,.T.);
#6156 = FACE_BOUND('',#6157,.T.);
#6157 = EDGE_LOOP('',(#6158,#6159,#6160,#6161,#6162,#6163));
#6158 = ORIENTED_EDGE('',*,*,#4971,.T.);
#6159 = ORIENTED_EDGE('',*,*,#4995,.T.);
#6160 = ORIENTED_EDGE('',*,*,#5019,.T.);
#6161 = ORIENTED_EDGE('',*,*,#5043,.T.);
#6162 = ORIENTED_EDGE('',*,*,#5067,.T.);
#6163 = ORIENTED_EDGE('',*,*,#5091,.T.);
#6164 = FACE_BOUND('',#6165,.T.);
#6165 = EDGE_LOOP('',(#6166));
#6166 = ORIENTED_EDGE('',*,*,#2588,.F.);
#6167 = PLANE('',#6168);
#6168 = AXIS2_PLACEMENT_3D('',#6169,#6170,#6171);
#6169 = CARTESIAN_POINT('',(66.434194126358,49.994787805242,5.2));
#6170 = DIRECTION('',(0.,0.,1.));
#6171 = DIRECTION('',(1.,0.,0.));
#6172 = ADVANCED_FACE('',(#6173,#6181),#6184,.T.);
#6173 = FACE_BOUND('',#6174,.T.);
#6174 = EDGE_LOOP('',(#6175,#6176,#6177,#6178,#6179,#6180));
#6175 = ORIENTED_EDGE('',*,*,#5741,.T.);
#6176 = ORIENTED_EDGE('',*,*,#5765,.T.);
#6177 = ORIENTED_EDGE('',*,*,#5789,.T.);
#6178 = ORIENTED_EDGE('',*,*,#5813,.T.);
#6179 = ORIENTED_EDGE('',*,*,#5837,.T.);
#6180 = ORIENTED_EDGE('',*,*,#5861,.T.);
#6181 = FACE_BOUND('',#6182,.T.);
#6182 = EDGE_LOOP('',(#6183));
#6183 = ORIENTED_EDGE('',*,*,#2613,.F.);
#6184 = PLANE('',#6185);
#6185 = AXIS2_PLACEMENT_3D('',#6186,#6187,#6188);
#6186 = CARTESIAN_POINT('',(66.434194126358,49.994787805242,5.2));
#6187 = DIRECTION('',(0.,0.,1.));
#6188 = DIRECTION('',(1.,0.,0.));
#6189 = ( GEOMETRIC_REPRESENTATION_CONTEXT(3) 
GLOBAL_UNCERTAINTY_ASSIGNED_CONTEXT((#6193)) 
GLOBAL_UNIT_ASSIGNED_CONTEXT((#6190,#6191,#6192)) REPRESENTATION_CONTEXT
('Context #1','3D Context with UNIT and UNCERTAINTY') );
#6190 = ( LENGTH_UNIT() NAMED_UNIT(*) SI_UNIT(.MILLI.,.METRE.) );
#6191 = ( NAMED_UNIT(*) PLANE_ANGLE_UNIT() SI_UNIT($,.RADIAN.) );
#6192 = ( NAMED_UNIT(*) SI_UNIT($,.STERADIAN.) SOLID_ANGLE_UNIT() );
#6193 = UNCERTAINTY_MEASURE_WITH_UNIT(LENGTH_MEASURE(2.E-05),#6190,
  'distance_accuracy_value','confusion accuracy');
#6194 = PRODUCT_RELATED_PRODUCT_CATEGORY('part',$,(#7));
#6195 = MECHANICAL_DESIGN_GEOMETRIC_PRESENTATION_REPRESENTATION('',(
    #6196),#6189);
#6196 = STYLED_ITEM('color',(#6197),#15);
#6197 = PRESENTATION_STYLE_ASSIGNMENT((#6198,#6204));
#6198 = SURFACE_STYLE_USAGE(.BOTH.,#6199);
#6199 = SURFACE_SIDE_STYLE('',(#6200));
#6200 = SURFACE_STYLE_FILL_AREA(#6201);
#6201 = FILL_AREA_STYLE('',(#6202));
#6202 = FILL_AREA_STYLE_COLOUR('',#6203);
#6203 = COLOUR_RGB('',0.447058818107,0.474509808674,0.501960817233);
#6204 = CURVE_STYLE('',#6205,POSITIVE_LENGTH_MEASURE(0.1),#6206);
#6205 = DRAUGHTING_PRE_DEFINED_CURVE_FONT('continuous');
#6206 = COLOUR_RGB('',9.803921802644E-02,9.803921802644E-02,
  9.803921802644E-02);
ENDSEC;
END-ISO-10303-21;
