ISO-10303-21;
HEADER;
FILE_DESCRIPTION(('FreeCAD Model'),'2;1');
FILE_NAME('Open CASCADE Shape Model','2026-01-12T12:28:17',(''),(''),
  'Open CASCADE STEP processor 7.8','FreeCAD','Unknown');
FILE_SCHEMA(('AUTOMOTIVE_DESIGN { 1 0 10303 214 1 1 1 1 }'));
ENDSEC;
DATA;
#1 = APPLICATION_PROTOCOL_DEFINITION('international standard',
  'automotive_design',2000,#2);
#2 = APPLICATION_CONTEXT(
  'core data for automotive mechanical design processes');
#3 = SHAPE_DEFINITION_REPRESENTATION(#4,#10);
#4 = PRODUCT_DEFINITION_SHAPE('','',#5);
#5 = PRODUCT_DEFINITION('design','',#6,#9);
#6 = PRODUCT_DEFINITION_FORMATION('','',#7);
#7 = PRODUCT('TopPlate_right','TopPlate_right','',(#8));
#8 = PRODUCT_CONTEXT('',#2,'mechanical');
#9 = PRODUCT_DEFINITION_CONTEXT('part definition',#2,'design');
#10 = ADVANCED_BREP_SHAPE_REPRESENTATION('',(#11,#15),#21520);
#11 = AXIS2_PLACEMENT_3D('',#12,#13,#14);
#12 = CARTESIAN_POINT('',(0.,0.,0.));
#13 = DIRECTION('',(0.,0.,1.));
#14 = DIRECTION('',(1.,0.,-0.));
#15 = MANIFOLD_SOLID_BREP('',#16);
#16 = CLOSED_SHELL('',(#17,#57,#88,#119,#150,#181,#212,#243,#274,#305,
    #336,#367,#398,#429,#460,#491,#522,#553,#584,#615,#646,#677,#708,
    #739,#770,#801,#832,#863,#894,#925,#956,#987,#1018,#1049,#1080,#1111
    ,#1142,#1173,#1204,#1235,#1266,#1297,#1328,#1359,#1390,#1421,#6356,
    #6387,#6411,#6435,#6459,#6483,#6507,#6531,#6555,#6579,#6603,#6627,
    #6651,#6675,#6699,#6723,#6747,#6771,#6795,#6819,#6843,#6867,#6891,
    #6915,#6932,#6963,#6987,#7011,#7035,#7059,#7083,#7107,#7131,#7155,
    #7179,#7203,#7227,#7251,#7275,#7299,#7323,#7347,#7371,#7395,#7419,
    #7443,#7467,#7491,#7515,#7539,#7563,#7580,#7611,#7635,#7659,#7683,
    #7707,#7731,#7755,#7779,#7803,#7827,#7851,#7875,#7899,#7923,#7947,
    #7964,#7995,#8019,#8043,#8067,#8091,#8115,#8139,#8163,#8187,#8211,
    #8235,#8259,#8283,#8307,#8331,#8355,#8379,#8403,#8427,#8451,#8475,
    #8499,#8523,#8540,#8571,#8595,#8619,#8643,#8667,#8691,#8715,#8739,
    #8763,#8787,#8811,#8835,#8859,#8883,#8907,#8931,#8955,#8979,#9003,
    #9027,#9051,#9075,#9099,#9116,#9147,#9171,#9195,#9219,#9243,#9267,
    #9291,#9315,#9339,#9363,#9387,#9411,#9435,#9459,#9483,#9507,#9531,
    #9555,#9579,#9603,#9627,#9651,#9675,#9692,#9723,#9747,#9771,#9795,
    #9819,#9843,#9867,#9891,#9915,#9939,#9963,#9987,#10011,#10035,#10059
    ,#10083,#10107,#10131,#10155,#10179,#10203,#10227,#10251,#10268,
    #10299,#10323,#10347,#10371,#10395,#10419,#10443,#10467,#10491,
    #10515,#10539,#10563,#10587,#10611,#10635,#10659,#10683,#10707,
    #10731,#10755,#10779,#10803,#10827,#10844,#10875,#10899,#10923,
    #10947,#10971,#10995,#11019,#11043,#11067,#11091,#11115,#11139,
    #11163,#11187,#11211,#11235,#11259,#11283,#11307,#11331,#11355,
    #11379,#11403,#11420,#11451,#11475,#11499,#11523,#11547,#11571,
    #11595,#11619,#11643,#11667,#11691,#11715,#11739,#11763,#11787,
    #11811,#11835,#11859,#11883,#11907,#11931,#11955,#11979,#11996,
    #12027,#12051,#12075,#12099,#12123,#12147,#12171,#12195,#12219,
    #12243,#12267,#12291,#12315,#12339,#12363,#12387,#12411,#12435,
    #12459,#12483,#12507,#12531,#12555,#12572,#12603,#12627,#12651,
    #12675,#12699,#12723,#12747,#12771,#12795,#12819,#12843,#12867,
    #12891,#12915,#12939,#12963,#12987,#13011,#13035,#13059,#13083,
    #13107,#13131,#13148,#13179,#13203,#13227,#13251,#13275,#13299,
    #13323,#13347,#13371,#13395,#13419,#13443,#13467,#13491,#13515,
    #13539,#13563,#13587,#13611,#13635,#13659,#13683,#13707,#13724,
    #13755,#13779,#13803,#13827,#13851,#13875,#13899,#13923,#13947,
    #13971,#13995,#14019,#14043,#14067,#14091,#14115,#14139,#14163,
    #14187,#14211,#14235,#14259,#14283,#14300,#14331,#14355,#14379,
    #14403,#14427,#14451,#14475,#14499,#14523,#14547,#14571,#14595,
    #14619,#14643,#14667,#14691,#14715,#14739,#14763,#14787,#14811,
    #14835,#14859,#14876,#14907,#14931,#14955,#14979,#15003,#15027,
    #15051,#15075,#15099,#15123,#15147,#15171,#15195,#15219,#15243,
    #15267,#15291,#15315,#15339,#15363,#15387,#15411,#15435,#15452,
    #15483,#15507,#15531,#15555,#15579,#15603,#15627,#15651,#15675,
    #15699,#15723,#15747,#15771,#15795,#15819,#15843,#15867,#15891,
    #15915,#15939,#15963,#15987,#16011,#16028,#16059,#16083,#16107,
    #16131,#16155,#16179,#16203,#16227,#16251,#16275,#16299,#16323,
    #16347,#16371,#16395,#16419,#16443,#16467,#16491,#16515,#16539,
    #16563,#16587,#16604,#16635,#16659,#16683,#16707,#16731,#16755,
    #16779,#16803,#16827,#16851,#16875,#16899,#16923,#16947,#16971,
    #16995,#17019,#17043,#17067,#17091,#17115,#17139,#17163,#17180,
    #17211,#17235,#17259,#17283,#17307,#17331,#17355,#17379,#17403,
    #17427,#17451,#17475,#17499,#17523,#17547,#17571,#17595,#17619,
    #17643,#17667,#17691,#17715,#17739,#17756,#17787,#17811,#17835,
    #17859,#17883,#17907,#17931,#17955,#17979,#18003,#18027,#18051,
    #18075,#18099,#18123,#18147,#18171,#18195,#18219,#18243,#18267,
    #18291,#18315,#18332,#18363,#18387,#18411,#18435,#18459,#18483,
    #18507,#18531,#18555,#18579,#18603,#18627,#18651,#18675,#18699,
    #18723,#18747,#18771,#18795,#18819,#18843,#18867,#18891,#18908,
    #18939,#18963,#18987,#19011,#19035,#19059,#19083,#19107,#19131,
    #19155,#19179,#19203,#19227,#19251,#19275,#19299,#19323,#19347,
    #19371,#19395,#19419,#19443,#19467,#19484,#19515,#19539,#19563,
    #19587,#19611,#19635,#19659,#19683,#19707,#19731,#19755,#19779,
    #19803,#19827,#19851,#19875,#19899,#19923,#19947,#19971,#19995,
    #20019,#20043,#20060,#20091,#20115,#20139,#20163,#20187,#20211,
    #20235,#20259,#20283,#20307,#20331,#20355,#20379,#20403,#20427,
    #20451,#20475,#20499,#20523,#20547,#20571,#20595,#20619,#20636,
    #20661,#20686,#20711,#20736,#20761,#20786,#21508));
#17 = ADVANCED_FACE('',(#18),#52,.T.);
#18 = FACE_BOUND('',#19,.T.);
#19 = EDGE_LOOP('',(#20,#30,#38,#46));
#20 = ORIENTED_EDGE('',*,*,#21,.T.);
#21 = EDGE_CURVE('',#22,#24,#26,.T.);
#22 = VERTEX_POINT('',#23);
#23 = CARTESIAN_POINT('',(174.503737,0.611846,0.));
#24 = VERTEX_POINT('',#25);
#25 = CARTESIAN_POINT('',(174.503737,0.611846,1.7));
#26 = LINE('',#27,#28);
#27 = CARTESIAN_POINT('',(174.503737,0.611846,0.));
#28 = VECTOR('',#29,1.);
#29 = DIRECTION('',(0.,0.,1.));
#30 = ORIENTED_EDGE('',*,*,#31,.T.);
#31 = EDGE_CURVE('',#24,#32,#34,.T.);
#32 = VERTEX_POINT('',#33);
#33 = CARTESIAN_POINT('',(174.494847,0.615554,1.7));
#34 = LINE('',#35,#36);
#35 = CARTESIAN_POINT('',(174.503737,0.611846,1.7));
#36 = VECTOR('',#37,1.);
#37 = DIRECTION('',(-0.922935571011,0.38495445414,0.));
#38 = ORIENTED_EDGE('',*,*,#39,.F.);
#39 = EDGE_CURVE('',#40,#32,#42,.T.);
#40 = VERTEX_POINT('',#41);
#41 = CARTESIAN_POINT('',(174.494847,0.615554,0.));
#42 = LINE('',#43,#44);
#43 = CARTESIAN_POINT('',(174.494847,0.615554,0.));
#44 = VECTOR('',#45,1.);
#45 = DIRECTION('',(0.,0.,1.));
#46 = ORIENTED_EDGE('',*,*,#47,.F.);
#47 = EDGE_CURVE('',#22,#40,#48,.T.);
#48 = LINE('',#49,#50);
#49 = CARTESIAN_POINT('',(174.503737,0.611846,0.));
#50 = VECTOR('',#51,1.);
#51 = DIRECTION('',(-0.922935571011,0.38495445414,0.));
#52 = PLANE('',#53);
#53 = AXIS2_PLACEMENT_3D('',#54,#55,#56);
#54 = CARTESIAN_POINT('',(174.503737,0.611846,0.));
#55 = DIRECTION('',(-0.38495445414,-0.922935571011,0.));
#56 = DIRECTION('',(-0.922935571011,0.38495445414,0.));
#57 = ADVANCED_FACE('',(#58),#83,.T.);
#58 = FACE_BOUND('',#59,.T.);
#59 = EDGE_LOOP('',(#60,#61,#69,#77));
#60 = ORIENTED_EDGE('',*,*,#39,.T.);
#61 = ORIENTED_EDGE('',*,*,#62,.T.);
#62 = EDGE_CURVE('',#32,#63,#65,.T.);
#63 = VERTEX_POINT('',#64);
#64 = CARTESIAN_POINT('',(174.486135,0.619186,1.7));
#65 = LINE('',#66,#67);
#66 = CARTESIAN_POINT('',(174.494847,0.615554,1.7));
#67 = VECTOR('',#68,1.);
#68 = DIRECTION('',(-0.923001677481,0.384795924312,0.));
#69 = ORIENTED_EDGE('',*,*,#70,.F.);
#70 = EDGE_CURVE('',#71,#63,#73,.T.);
#71 = VERTEX_POINT('',#72);
#72 = CARTESIAN_POINT('',(174.486135,0.619186,0.));
#73 = LINE('',#74,#75);
#74 = CARTESIAN_POINT('',(174.486135,0.619186,0.));
#75 = VECTOR('',#76,1.);
#76 = DIRECTION('',(0.,0.,1.));
#77 = ORIENTED_EDGE('',*,*,#78,.F.);
#78 = EDGE_CURVE('',#40,#71,#79,.T.);
#79 = LINE('',#80,#81);
#80 = CARTESIAN_POINT('',(174.494847,0.615554,0.));
#81 = VECTOR('',#82,1.);
#82 = DIRECTION('',(-0.923001677481,0.384795924312,0.));
#83 = PLANE('',#84);
#84 = AXIS2_PLACEMENT_3D('',#85,#86,#87);
#85 = CARTESIAN_POINT('',(174.494847,0.615554,0.));
#86 = DIRECTION('',(-0.384795924312,-0.923001677481,0.));
#87 = DIRECTION('',(-0.923001677481,0.384795924312,0.));
#88 = ADVANCED_FACE('',(#89),#114,.T.);
#89 = FACE_BOUND('',#90,.T.);
#90 = EDGE_LOOP('',(#91,#92,#100,#108));
#91 = ORIENTED_EDGE('',*,*,#70,.T.);
#92 = ORIENTED_EDGE('',*,*,#93,.T.);
#93 = EDGE_CURVE('',#63,#94,#96,.T.);
#94 = VERTEX_POINT('',#95);
#95 = CARTESIAN_POINT('',(174.486109,0.619212,1.7));
#96 = LINE('',#97,#98);
#97 = CARTESIAN_POINT('',(174.486135,0.619186,1.7));
#98 = VECTOR('',#99,1.);
#99 = DIRECTION('',(-0.707106781067,0.707106781306,0.));
#100 = ORIENTED_EDGE('',*,*,#101,.F.);
#101 = EDGE_CURVE('',#102,#94,#104,.T.);
#102 = VERTEX_POINT('',#103);
#103 = CARTESIAN_POINT('',(174.486109,0.619212,0.));
#104 = LINE('',#105,#106);
#105 = CARTESIAN_POINT('',(174.486109,0.619212,0.));
#106 = VECTOR('',#107,1.);
#107 = DIRECTION('',(0.,0.,1.));
#108 = ORIENTED_EDGE('',*,*,#109,.F.);
#109 = EDGE_CURVE('',#71,#102,#110,.T.);
#110 = LINE('',#111,#112);
#111 = CARTESIAN_POINT('',(174.486135,0.619186,0.));
#112 = VECTOR('',#113,1.);
#113 = DIRECTION('',(-0.707106781067,0.707106781306,0.));
#114 = PLANE('',#115);
#115 = AXIS2_PLACEMENT_3D('',#116,#117,#118);
#116 = CARTESIAN_POINT('',(174.486135,0.619186,0.));
#117 = DIRECTION('',(-0.707106781306,-0.707106781067,0.));
#118 = DIRECTION('',(-0.707106781067,0.707106781306,0.));
#119 = ADVANCED_FACE('',(#120),#145,.T.);
#120 = FACE_BOUND('',#121,.T.);
#121 = EDGE_LOOP('',(#122,#123,#131,#139));
#122 = ORIENTED_EDGE('',*,*,#101,.T.);
#123 = ORIENTED_EDGE('',*,*,#124,.T.);
#124 = EDGE_CURVE('',#94,#125,#127,.T.);
#125 = VERTEX_POINT('',#126);
#126 = CARTESIAN_POINT('',(174.486084,0.619212,1.7));
#127 = LINE('',#128,#129);
#128 = CARTESIAN_POINT('',(174.486109,0.619212,1.7));
#129 = VECTOR('',#130,1.);
#130 = DIRECTION('',(-1.,0.,0.));
#131 = ORIENTED_EDGE('',*,*,#132,.F.);
#132 = EDGE_CURVE('',#133,#125,#135,.T.);
#133 = VERTEX_POINT('',#134);
#134 = CARTESIAN_POINT('',(174.486084,0.619212,0.));
#135 = LINE('',#136,#137);
#136 = CARTESIAN_POINT('',(174.486084,0.619212,0.));
#137 = VECTOR('',#138,1.);
#138 = DIRECTION('',(0.,0.,1.));
#139 = ORIENTED_EDGE('',*,*,#140,.F.);
#140 = EDGE_CURVE('',#102,#133,#141,.T.);
#141 = LINE('',#142,#143);
#142 = CARTESIAN_POINT('',(174.486109,0.619212,0.));
#143 = VECTOR('',#144,1.);
#144 = DIRECTION('',(-1.,0.,0.));
#145 = PLANE('',#146);
#146 = AXIS2_PLACEMENT_3D('',#147,#148,#149);
#147 = CARTESIAN_POINT('',(174.486109,0.619212,0.));
#148 = DIRECTION('',(0.,-1.,0.));
#149 = DIRECTION('',(-1.,0.,0.));
#150 = ADVANCED_FACE('',(#151),#176,.T.);
#151 = FACE_BOUND('',#152,.T.);
#152 = EDGE_LOOP('',(#153,#154,#162,#170));
#153 = ORIENTED_EDGE('',*,*,#132,.T.);
#154 = ORIENTED_EDGE('',*,*,#155,.T.);
#155 = EDGE_CURVE('',#125,#156,#158,.T.);
#156 = VERTEX_POINT('',#157);
#157 = CARTESIAN_POINT('',(174.486084,0.619262,1.7));
#158 = LINE('',#159,#160);
#159 = CARTESIAN_POINT('',(174.486084,0.619212,1.7));
#160 = VECTOR('',#161,1.);
#161 = DIRECTION('',(0.,1.,0.));
#162 = ORIENTED_EDGE('',*,*,#163,.F.);
#163 = EDGE_CURVE('',#164,#156,#166,.T.);
#164 = VERTEX_POINT('',#165);
#165 = CARTESIAN_POINT('',(174.486084,0.619262,0.));
#166 = LINE('',#167,#168);
#167 = CARTESIAN_POINT('',(174.486084,0.619262,0.));
#168 = VECTOR('',#169,1.);
#169 = DIRECTION('',(0.,0.,1.));
#170 = ORIENTED_EDGE('',*,*,#171,.F.);
#171 = EDGE_CURVE('',#133,#164,#172,.T.);
#172 = LINE('',#173,#174);
#173 = CARTESIAN_POINT('',(174.486084,0.619212,0.));
#174 = VECTOR('',#175,1.);
#175 = DIRECTION('',(0.,1.,0.));
#176 = PLANE('',#177);
#177 = AXIS2_PLACEMENT_3D('',#178,#179,#180);
#178 = CARTESIAN_POINT('',(174.486084,0.619212,0.));
#179 = DIRECTION('',(-1.,0.,0.));
#180 = DIRECTION('',(0.,1.,0.));
#181 = ADVANCED_FACE('',(#182),#207,.T.);
#182 = FACE_BOUND('',#183,.T.);
#183 = EDGE_LOOP('',(#184,#185,#193,#201));
#184 = ORIENTED_EDGE('',*,*,#163,.T.);
#185 = ORIENTED_EDGE('',*,*,#186,.T.);
#186 = EDGE_CURVE('',#156,#187,#189,.T.);
#187 = VERTEX_POINT('',#188);
#188 = CARTESIAN_POINT('',(174.480724,0.627314,1.7));
#189 = LINE('',#190,#191);
#190 = CARTESIAN_POINT('',(174.486084,0.619262,1.7));
#191 = VECTOR('',#192,1.);
#192 = DIRECTION('',(-0.554127487687,0.832431815459,0.));
#193 = ORIENTED_EDGE('',*,*,#194,.F.);
#194 = EDGE_CURVE('',#195,#187,#197,.T.);
#195 = VERTEX_POINT('',#196);
#196 = CARTESIAN_POINT('',(174.480724,0.627314,0.));
#197 = LINE('',#198,#199);
#198 = CARTESIAN_POINT('',(174.480724,0.627314,0.));
#199 = VECTOR('',#200,1.);
#200 = DIRECTION('',(0.,0.,1.));
#201 = ORIENTED_EDGE('',*,*,#202,.F.);
#202 = EDGE_CURVE('',#164,#195,#203,.T.);
#203 = LINE('',#204,#205);
#204 = CARTESIAN_POINT('',(174.486084,0.619262,0.));
#205 = VECTOR('',#206,1.);
#206 = DIRECTION('',(-0.554127487687,0.832431815459,0.));
#207 = PLANE('',#208);
#208 = AXIS2_PLACEMENT_3D('',#209,#210,#211);
#209 = CARTESIAN_POINT('',(174.486084,0.619262,0.));
#210 = DIRECTION('',(-0.832431815459,-0.554127487687,0.));
#211 = DIRECTION('',(-0.554127487687,0.832431815459,0.));
#212 = ADVANCED_FACE('',(#213),#238,.T.);
#213 = FACE_BOUND('',#214,.T.);
#214 = EDGE_LOOP('',(#215,#216,#224,#232));
#215 = ORIENTED_EDGE('',*,*,#194,.T.);
#216 = ORIENTED_EDGE('',*,*,#217,.T.);
#217 = EDGE_CURVE('',#187,#218,#220,.T.);
#218 = VERTEX_POINT('',#219);
#219 = CARTESIAN_POINT('',(167.180714,18.327304,1.7));
#220 = LINE('',#221,#222);
#221 = CARTESIAN_POINT('',(174.480724,0.627314,1.7));
#222 = VECTOR('',#223,1.);
#223 = DIRECTION('',(-0.381275759458,0.924461354114,0.));
#224 = ORIENTED_EDGE('',*,*,#225,.F.);
#225 = EDGE_CURVE('',#226,#218,#228,.T.);
#226 = VERTEX_POINT('',#227);
#227 = CARTESIAN_POINT('',(167.180714,18.327304,0.));
#228 = LINE('',#229,#230);
#229 = CARTESIAN_POINT('',(167.180714,18.327304,0.));
#230 = VECTOR('',#231,1.);
#231 = DIRECTION('',(0.,0.,1.));
#232 = ORIENTED_EDGE('',*,*,#233,.F.);
#233 = EDGE_CURVE('',#195,#226,#234,.T.);
#234 = LINE('',#235,#236);
#235 = CARTESIAN_POINT('',(174.480724,0.627314,0.));
#236 = VECTOR('',#237,1.);
#237 = DIRECTION('',(-0.381275759458,0.924461354114,0.));
#238 = PLANE('',#239);
#239 = AXIS2_PLACEMENT_3D('',#240,#241,#242);
#240 = CARTESIAN_POINT('',(174.480724,0.627314,0.));
#241 = DIRECTION('',(-0.924461354114,-0.381275759458,0.));
#242 = DIRECTION('',(-0.381275759458,0.924461354114,0.));
#243 = ADVANCED_FACE('',(#244),#269,.T.);
#244 = FACE_BOUND('',#245,.T.);
#245 = EDGE_LOOP('',(#246,#247,#255,#263));
#246 = ORIENTED_EDGE('',*,*,#225,.T.);
#247 = ORIENTED_EDGE('',*,*,#248,.T.);
#248 = EDGE_CURVE('',#218,#249,#251,.T.);
#249 = VERTEX_POINT('',#250);
#250 = CARTESIAN_POINT('',(167.179952,18.331241,1.7));
#251 = LINE('',#252,#253);
#252 = CARTESIAN_POINT('',(167.180714,18.327304,1.7));
#253 = VECTOR('',#254,1.);
#254 = DIRECTION('',(-0.190021906568,0.98177985059,0.));
#255 = ORIENTED_EDGE('',*,*,#256,.F.);
#256 = EDGE_CURVE('',#257,#249,#259,.T.);
#257 = VERTEX_POINT('',#258);
#258 = CARTESIAN_POINT('',(167.179952,18.331241,0.));
#259 = LINE('',#260,#261);
#260 = CARTESIAN_POINT('',(167.179952,18.331241,0.));
#261 = VECTOR('',#262,1.);
#262 = DIRECTION('',(0.,0.,1.));
#263 = ORIENTED_EDGE('',*,*,#264,.F.);
#264 = EDGE_CURVE('',#226,#257,#265,.T.);
#265 = LINE('',#266,#267);
#266 = CARTESIAN_POINT('',(167.180714,18.327304,0.));
#267 = VECTOR('',#268,1.);
#268 = DIRECTION('',(-0.190021906568,0.98177985059,0.));
#269 = PLANE('',#270);
#270 = AXIS2_PLACEMENT_3D('',#271,#272,#273);
#271 = CARTESIAN_POINT('',(167.180714,18.327304,0.));
#272 = DIRECTION('',(-0.98177985059,-0.190021906568,0.));
#273 = DIRECTION('',(-0.190021906568,0.98177985059,0.));
#274 = ADVANCED_FACE('',(#275),#300,.T.);
#275 = FACE_BOUND('',#276,.T.);
#276 = EDGE_LOOP('',(#277,#278,#286,#294));
#277 = ORIENTED_EDGE('',*,*,#256,.T.);
#278 = ORIENTED_EDGE('',*,*,#279,.T.);
#279 = EDGE_CURVE('',#249,#280,#282,.T.);
#280 = VERTEX_POINT('',#281);
#281 = CARTESIAN_POINT('',(167.17924,18.332333,1.7));
#282 = LINE('',#283,#284);
#283 = CARTESIAN_POINT('',(167.179952,18.331241,1.7));
#284 = VECTOR('',#285,1.);
#285 = DIRECTION('',(-0.546174178899,0.837671633938,0.));
#286 = ORIENTED_EDGE('',*,*,#287,.F.);
#287 = EDGE_CURVE('',#288,#280,#290,.T.);
#288 = VERTEX_POINT('',#289);
#289 = CARTESIAN_POINT('',(167.17924,18.332333,0.));
#290 = LINE('',#291,#292);
#291 = CARTESIAN_POINT('',(167.17924,18.332333,0.));
#292 = VECTOR('',#293,1.);
#293 = DIRECTION('',(0.,0.,1.));
#294 = ORIENTED_EDGE('',*,*,#295,.F.);
#295 = EDGE_CURVE('',#257,#288,#296,.T.);
#296 = LINE('',#297,#298);
#297 = CARTESIAN_POINT('',(167.179952,18.331241,0.));
#298 = VECTOR('',#299,1.);
#299 = DIRECTION('',(-0.546174178899,0.837671633938,0.));
#300 = PLANE('',#301);
#301 = AXIS2_PLACEMENT_3D('',#302,#303,#304);
#302 = CARTESIAN_POINT('',(167.179952,18.331241,0.));
#303 = DIRECTION('',(-0.837671633938,-0.546174178899,0.));
#304 = DIRECTION('',(-0.546174178899,0.837671633938,0.));
#305 = ADVANCED_FACE('',(#306),#331,.T.);
#306 = FACE_BOUND('',#307,.T.);
#307 = EDGE_LOOP('',(#308,#309,#317,#325));
#308 = ORIENTED_EDGE('',*,*,#287,.T.);
#309 = ORIENTED_EDGE('',*,*,#310,.T.);
#310 = EDGE_CURVE('',#280,#311,#313,.T.);
#311 = VERTEX_POINT('',#312);
#312 = CARTESIAN_POINT('',(167.179291,18.334619,1.7));
#313 = LINE('',#314,#315);
#314 = CARTESIAN_POINT('',(167.17924,18.332333,1.7));
#315 = VECTOR('',#316,1.);
#316 = DIRECTION('',(2.230416133294E-02,0.999751231251,0.));
#317 = ORIENTED_EDGE('',*,*,#318,.F.);
#318 = EDGE_CURVE('',#319,#311,#321,.T.);
#319 = VERTEX_POINT('',#320);
#320 = CARTESIAN_POINT('',(167.179291,18.334619,0.));
#321 = LINE('',#322,#323);
#322 = CARTESIAN_POINT('',(167.179291,18.334619,0.));
#323 = VECTOR('',#324,1.);
#324 = DIRECTION('',(0.,0.,1.));
#325 = ORIENTED_EDGE('',*,*,#326,.F.);
#326 = EDGE_CURVE('',#288,#319,#327,.T.);
#327 = LINE('',#328,#329);
#328 = CARTESIAN_POINT('',(167.17924,18.332333,0.));
#329 = VECTOR('',#330,1.);
#330 = DIRECTION('',(2.230416133294E-02,0.999751231251,0.));
#331 = PLANE('',#332);
#332 = AXIS2_PLACEMENT_3D('',#333,#334,#335);
#333 = CARTESIAN_POINT('',(167.17924,18.332333,0.));
#334 = DIRECTION('',(-0.999751231251,2.230416133294E-02,0.));
#335 = DIRECTION('',(2.230416133294E-02,0.999751231251,0.));
#336 = ADVANCED_FACE('',(#337),#362,.T.);
#337 = FACE_BOUND('',#338,.T.);
#338 = EDGE_LOOP('',(#339,#340,#348,#356));
#339 = ORIENTED_EDGE('',*,*,#318,.T.);
#340 = ORIENTED_EDGE('',*,*,#341,.T.);
#341 = EDGE_CURVE('',#311,#342,#344,.T.);
#342 = VERTEX_POINT('',#343);
#343 = CARTESIAN_POINT('',(167.178834,18.33688,1.7));
#344 = LINE('',#345,#346);
#345 = CARTESIAN_POINT('',(167.179291,18.334619,1.7));
#346 = VECTOR('',#347,1.);
#347 = DIRECTION('',(-0.198116567485,0.980178466244,0.));
#348 = ORIENTED_EDGE('',*,*,#349,.F.);
#349 = EDGE_CURVE('',#350,#342,#352,.T.);
#350 = VERTEX_POINT('',#351);
#351 = CARTESIAN_POINT('',(167.178834,18.33688,0.));
#352 = LINE('',#353,#354);
#353 = CARTESIAN_POINT('',(167.178834,18.33688,0.));
#354 = VECTOR('',#355,1.);
#355 = DIRECTION('',(0.,0.,1.));
#356 = ORIENTED_EDGE('',*,*,#357,.F.);
#357 = EDGE_CURVE('',#319,#350,#358,.T.);
#358 = LINE('',#359,#360);
#359 = CARTESIAN_POINT('',(167.179291,18.334619,0.));
#360 = VECTOR('',#361,1.);
#361 = DIRECTION('',(-0.198116567485,0.980178466244,0.));
#362 = PLANE('',#363);
#363 = AXIS2_PLACEMENT_3D('',#364,#365,#366);
#364 = CARTESIAN_POINT('',(167.179291,18.334619,0.));
#365 = DIRECTION('',(-0.980178466244,-0.198116567485,0.));
#366 = DIRECTION('',(-0.198116567485,0.980178466244,0.));
#367 = ADVANCED_FACE('',(#368),#393,.T.);
#368 = FACE_BOUND('',#369,.T.);
#369 = EDGE_LOOP('',(#370,#371,#379,#387));
#370 = ORIENTED_EDGE('',*,*,#349,.T.);
#371 = ORIENTED_EDGE('',*,*,#372,.T.);
#372 = EDGE_CURVE('',#342,#373,#375,.T.);
#373 = VERTEX_POINT('',#374);
#374 = CARTESIAN_POINT('',(167.179342,18.338074,1.7));
#375 = LINE('',#376,#377);
#376 = CARTESIAN_POINT('',(167.178834,18.33688,1.7));
#377 = VECTOR('',#378,1.);
#378 = DIRECTION('',(0.391499630347,0.920178265033,0.));
#379 = ORIENTED_EDGE('',*,*,#380,.F.);
#380 = EDGE_CURVE('',#381,#373,#383,.T.);
#381 = VERTEX_POINT('',#382);
#382 = CARTESIAN_POINT('',(167.179342,18.338074,0.));
#383 = LINE('',#384,#385);
#384 = CARTESIAN_POINT('',(167.179342,18.338074,0.));
#385 = VECTOR('',#386,1.);
#386 = DIRECTION('',(0.,0.,1.));
#387 = ORIENTED_EDGE('',*,*,#388,.F.);
#388 = EDGE_CURVE('',#350,#381,#389,.T.);
#389 = LINE('',#390,#391);
#390 = CARTESIAN_POINT('',(167.178834,18.33688,0.));
#391 = VECTOR('',#392,1.);
#392 = DIRECTION('',(0.391499630347,0.920178265033,0.));
#393 = PLANE('',#394);
#394 = AXIS2_PLACEMENT_3D('',#395,#396,#397);
#395 = CARTESIAN_POINT('',(167.178834,18.33688,0.));
#396 = DIRECTION('',(-0.920178265033,0.391499630347,0.));
#397 = DIRECTION('',(0.391499630347,0.920178265033,0.));
#398 = ADVANCED_FACE('',(#399),#424,.T.);
#399 = FACE_BOUND('',#400,.T.);
#400 = EDGE_LOOP('',(#401,#402,#410,#418));
#401 = ORIENTED_EDGE('',*,*,#380,.T.);
#402 = ORIENTED_EDGE('',*,*,#403,.T.);
#403 = EDGE_CURVE('',#373,#404,#406,.T.);
#404 = VERTEX_POINT('',#405);
#405 = CARTESIAN_POINT('',(167.179393,18.342087,1.7));
#406 = LINE('',#407,#408);
#407 = CARTESIAN_POINT('',(167.179342,18.338074,1.7));
#408 = VECTOR('',#409,1.);
#409 = DIRECTION('',(1.270767056625E-02,0.999919254294,0.));
#410 = ORIENTED_EDGE('',*,*,#411,.F.);
#411 = EDGE_CURVE('',#412,#404,#414,.T.);
#412 = VERTEX_POINT('',#413);
#413 = CARTESIAN_POINT('',(167.179393,18.342087,0.));
#414 = LINE('',#415,#416);
#415 = CARTESIAN_POINT('',(167.179393,18.342087,0.));
#416 = VECTOR('',#417,1.);
#417 = DIRECTION('',(0.,0.,1.));
#418 = ORIENTED_EDGE('',*,*,#419,.F.);
#419 = EDGE_CURVE('',#381,#412,#420,.T.);
#420 = LINE('',#421,#422);
#421 = CARTESIAN_POINT('',(167.179342,18.338074,0.));
#422 = VECTOR('',#423,1.);
#423 = DIRECTION('',(1.270767056625E-02,0.999919254294,0.));
#424 = PLANE('',#425);
#425 = AXIS2_PLACEMENT_3D('',#426,#427,#428);
#426 = CARTESIAN_POINT('',(167.179342,18.338074,0.));
#427 = DIRECTION('',(-0.999919254294,1.270767056625E-02,0.));
#428 = DIRECTION('',(1.270767056625E-02,0.999919254294,0.));
#429 = ADVANCED_FACE('',(#430),#455,.T.);
#430 = FACE_BOUND('',#431,.T.);
#431 = EDGE_LOOP('',(#432,#433,#441,#449));
#432 = ORIENTED_EDGE('',*,*,#411,.T.);
#433 = ORIENTED_EDGE('',*,*,#434,.T.);
#434 = EDGE_CURVE('',#404,#435,#437,.T.);
#435 = VERTEX_POINT('',#436);
#436 = CARTESIAN_POINT('',(170.078828,31.839495,1.7));
#437 = LINE('',#438,#439);
#438 = CARTESIAN_POINT('',(167.179393,18.342087,1.7));
#439 = VECTOR('',#440,1.);
#440 = DIRECTION('',(0.21002308307,0.977696427618,0.));
#441 = ORIENTED_EDGE('',*,*,#442,.F.);
#442 = EDGE_CURVE('',#443,#435,#445,.T.);
#443 = VERTEX_POINT('',#444);
#444 = CARTESIAN_POINT('',(170.078828,31.839495,0.));
#445 = LINE('',#446,#447);
#446 = CARTESIAN_POINT('',(170.078828,31.839495,0.));
#447 = VECTOR('',#448,1.);
#448 = DIRECTION('',(0.,0.,1.));
#449 = ORIENTED_EDGE('',*,*,#450,.F.);
#450 = EDGE_CURVE('',#412,#443,#451,.T.);
#451 = LINE('',#452,#453);
#452 = CARTESIAN_POINT('',(167.179393,18.342087,0.));
#453 = VECTOR('',#454,1.);
#454 = DIRECTION('',(0.21002308307,0.977696427618,0.));
#455 = PLANE('',#456);
#456 = AXIS2_PLACEMENT_3D('',#457,#458,#459);
#457 = CARTESIAN_POINT('',(167.179393,18.342087,0.));
#458 = DIRECTION('',(-0.977696427618,0.21002308307,0.));
#459 = DIRECTION('',(0.21002308307,0.977696427618,0.));
#460 = ADVANCED_FACE('',(#461),#486,.T.);
#461 = FACE_BOUND('',#462,.T.);
#462 = EDGE_LOOP('',(#463,#464,#472,#480));
#463 = ORIENTED_EDGE('',*,*,#442,.T.);
#464 = ORIENTED_EDGE('',*,*,#465,.T.);
#465 = EDGE_CURVE('',#435,#466,#468,.T.);
#466 = VERTEX_POINT('',#467);
#467 = CARTESIAN_POINT('',(170.078828,56.905586,1.7));
#468 = LINE('',#469,#470);
#469 = CARTESIAN_POINT('',(170.078828,31.839495,1.7));
#470 = VECTOR('',#471,1.);
#471 = DIRECTION('',(0.,1.,0.));
#472 = ORIENTED_EDGE('',*,*,#473,.F.);
#473 = EDGE_CURVE('',#474,#466,#476,.T.);
#474 = VERTEX_POINT('',#475);
#475 = CARTESIAN_POINT('',(170.078828,56.905586,0.));
#476 = LINE('',#477,#478);
#477 = CARTESIAN_POINT('',(170.078828,56.905586,0.));
#478 = VECTOR('',#479,1.);
#479 = DIRECTION('',(0.,0.,1.));
#480 = ORIENTED_EDGE('',*,*,#481,.F.);
#481 = EDGE_CURVE('',#443,#474,#482,.T.);
#482 = LINE('',#483,#484);
#483 = CARTESIAN_POINT('',(170.078828,31.839495,0.));
#484 = VECTOR('',#485,1.);
#485 = DIRECTION('',(0.,1.,0.));
#486 = PLANE('',#487);
#487 = AXIS2_PLACEMENT_3D('',#488,#489,#490);
#488 = CARTESIAN_POINT('',(170.078828,31.839495,0.));
#489 = DIRECTION('',(-1.,0.,0.));
#490 = DIRECTION('',(0.,1.,0.));
#491 = ADVANCED_FACE('',(#492),#517,.T.);
#492 = FACE_BOUND('',#493,.T.);
#493 = EDGE_LOOP('',(#494,#495,#503,#511));
#494 = ORIENTED_EDGE('',*,*,#473,.T.);
#495 = ORIENTED_EDGE('',*,*,#496,.T.);
#496 = EDGE_CURVE('',#466,#497,#499,.T.);
#497 = VERTEX_POINT('',#498);
#498 = CARTESIAN_POINT('',(170.080733,56.915162,1.7));
#499 = LINE('',#500,#501);
#500 = CARTESIAN_POINT('',(170.078828,56.905586,1.7));
#501 = VECTOR('',#502,1.);
#502 = DIRECTION('',(0.195111521075,0.98078106341,0.));
#503 = ORIENTED_EDGE('',*,*,#504,.F.);
#504 = EDGE_CURVE('',#505,#497,#507,.T.);
#505 = VERTEX_POINT('',#506);
#506 = CARTESIAN_POINT('',(170.080733,56.915162,0.));
#507 = LINE('',#508,#509);
#508 = CARTESIAN_POINT('',(170.080733,56.915162,0.));
#509 = VECTOR('',#510,1.);
#510 = DIRECTION('',(0.,0.,1.));
#511 = ORIENTED_EDGE('',*,*,#512,.F.);
#512 = EDGE_CURVE('',#474,#505,#513,.T.);
#513 = LINE('',#514,#515);
#514 = CARTESIAN_POINT('',(170.078828,56.905586,0.));
#515 = VECTOR('',#516,1.);
#516 = DIRECTION('',(0.195111521075,0.98078106341,0.));
#517 = PLANE('',#518);
#518 = AXIS2_PLACEMENT_3D('',#519,#520,#521);
#519 = CARTESIAN_POINT('',(170.078828,56.905586,0.));
#520 = DIRECTION('',(-0.98078106341,0.195111521075,0.));
#521 = DIRECTION('',(0.195111521075,0.98078106341,0.));
#522 = ADVANCED_FACE('',(#523),#548,.T.);
#523 = FACE_BOUND('',#524,.T.);
#524 = EDGE_LOOP('',(#525,#526,#534,#542));
#525 = ORIENTED_EDGE('',*,*,#504,.T.);
#526 = ORIENTED_EDGE('',*,*,#527,.T.);
#527 = EDGE_CURVE('',#497,#528,#530,.T.);
#528 = VERTEX_POINT('',#529);
#529 = CARTESIAN_POINT('',(170.094271,56.928675,1.7));
#530 = LINE('',#531,#532);
#531 = CARTESIAN_POINT('',(170.080733,56.915162,1.7));
#532 = VECTOR('',#533,1.);
#533 = DIRECTION('',(0.707759973057,0.70645298537,0.));
#534 = ORIENTED_EDGE('',*,*,#535,.F.);
#535 = EDGE_CURVE('',#536,#528,#538,.T.);
#536 = VERTEX_POINT('',#537);
#537 = CARTESIAN_POINT('',(170.094271,56.928675,0.));
#538 = LINE('',#539,#540);
#539 = CARTESIAN_POINT('',(170.094271,56.928675,0.));
#540 = VECTOR('',#541,1.);
#541 = DIRECTION('',(0.,0.,1.));
#542 = ORIENTED_EDGE('',*,*,#543,.F.);
#543 = EDGE_CURVE('',#505,#536,#544,.T.);
#544 = LINE('',#545,#546);
#545 = CARTESIAN_POINT('',(170.080733,56.915162,0.));
#546 = VECTOR('',#547,1.);
#547 = DIRECTION('',(0.707759973057,0.70645298537,0.));
#548 = PLANE('',#549);
#549 = AXIS2_PLACEMENT_3D('',#550,#551,#552);
#550 = CARTESIAN_POINT('',(170.080733,56.915162,0.));
#551 = DIRECTION('',(-0.70645298537,0.707759973057,0.));
#552 = DIRECTION('',(0.707759973057,0.70645298537,0.));
#553 = ADVANCED_FACE('',(#554),#579,.T.);
#554 = FACE_BOUND('',#555,.T.);
#555 = EDGE_LOOP('',(#556,#557,#565,#573));
#556 = ORIENTED_EDGE('',*,*,#535,.T.);
#557 = ORIENTED_EDGE('',*,*,#558,.T.);
#558 = EDGE_CURVE('',#528,#559,#561,.T.);
#559 = VERTEX_POINT('',#560);
#560 = CARTESIAN_POINT('',(170.103847,56.93058,1.7));
#561 = LINE('',#562,#563);
#562 = CARTESIAN_POINT('',(170.094271,56.928675,1.7));
#563 = VECTOR('',#564,1.);
#564 = DIRECTION('',(0.98078106341,0.195111521073,0.));
#565 = ORIENTED_EDGE('',*,*,#566,.F.);
#566 = EDGE_CURVE('',#567,#559,#569,.T.);
#567 = VERTEX_POINT('',#568);
#568 = CARTESIAN_POINT('',(170.103847,56.93058,0.));
#569 = LINE('',#570,#571);
#570 = CARTESIAN_POINT('',(170.103847,56.93058,0.));
#571 = VECTOR('',#572,1.);
#572 = DIRECTION('',(0.,0.,1.));
#573 = ORIENTED_EDGE('',*,*,#574,.F.);
#574 = EDGE_CURVE('',#536,#567,#575,.T.);
#575 = LINE('',#576,#577);
#576 = CARTESIAN_POINT('',(170.094271,56.928675,0.));
#577 = VECTOR('',#578,1.);
#578 = DIRECTION('',(0.98078106341,0.195111521073,0.));
#579 = PLANE('',#580);
#580 = AXIS2_PLACEMENT_3D('',#581,#582,#583);
#581 = CARTESIAN_POINT('',(170.094271,56.928675,0.));
#582 = DIRECTION('',(-0.195111521073,0.98078106341,0.));
#583 = DIRECTION('',(0.98078106341,0.195111521073,0.));
#584 = ADVANCED_FACE('',(#585),#610,.T.);
#585 = FACE_BOUND('',#586,.T.);
#586 = EDGE_LOOP('',(#587,#588,#596,#604));
#587 = ORIENTED_EDGE('',*,*,#566,.T.);
#588 = ORIENTED_EDGE('',*,*,#589,.T.);
#589 = EDGE_CURVE('',#559,#590,#592,.T.);
#590 = VERTEX_POINT('',#591);
#591 = CARTESIAN_POINT('',(189.966342,56.93058,1.7));
#592 = LINE('',#593,#594);
#593 = CARTESIAN_POINT('',(170.103847,56.93058,1.7));
#594 = VECTOR('',#595,1.);
#595 = DIRECTION('',(1.,0.,0.));
#596 = ORIENTED_EDGE('',*,*,#597,.F.);
#597 = EDGE_CURVE('',#598,#590,#600,.T.);
#598 = VERTEX_POINT('',#599);
#599 = CARTESIAN_POINT('',(189.966342,56.93058,0.));
#600 = LINE('',#601,#602);
#601 = CARTESIAN_POINT('',(189.966342,56.93058,0.));
#602 = VECTOR('',#603,1.);
#603 = DIRECTION('',(0.,0.,1.));
#604 = ORIENTED_EDGE('',*,*,#605,.F.);
#605 = EDGE_CURVE('',#567,#598,#606,.T.);
#606 = LINE('',#607,#608);
#607 = CARTESIAN_POINT('',(170.103847,56.93058,0.));
#608 = VECTOR('',#609,1.);
#609 = DIRECTION('',(1.,0.,0.));
#610 = PLANE('',#611);
#611 = AXIS2_PLACEMENT_3D('',#612,#613,#614);
#612 = CARTESIAN_POINT('',(170.103847,56.93058,0.));
#613 = DIRECTION('',(0.,1.,0.));
#614 = DIRECTION('',(1.,0.,0.));
#615 = ADVANCED_FACE('',(#616),#641,.T.);
#616 = FACE_BOUND('',#617,.T.);
#617 = EDGE_LOOP('',(#618,#619,#627,#635));
#618 = ORIENTED_EDGE('',*,*,#597,.T.);
#619 = ORIENTED_EDGE('',*,*,#620,.T.);
#620 = EDGE_CURVE('',#590,#621,#623,.T.);
#621 = VERTEX_POINT('',#622);
#622 = CARTESIAN_POINT('',(189.966342,92.624336,1.7));
#623 = LINE('',#624,#625);
#624 = CARTESIAN_POINT('',(189.966342,56.93058,1.7));
#625 = VECTOR('',#626,1.);
#626 = DIRECTION('',(0.,1.,0.));
#627 = ORIENTED_EDGE('',*,*,#628,.F.);
#628 = EDGE_CURVE('',#629,#621,#631,.T.);
#629 = VERTEX_POINT('',#630);
#630 = CARTESIAN_POINT('',(189.966342,92.624336,0.));
#631 = LINE('',#632,#633);
#632 = CARTESIAN_POINT('',(189.966342,92.624336,0.));
#633 = VECTOR('',#634,1.);
#634 = DIRECTION('',(0.,0.,1.));
#635 = ORIENTED_EDGE('',*,*,#636,.F.);
#636 = EDGE_CURVE('',#598,#629,#637,.T.);
#637 = LINE('',#638,#639);
#638 = CARTESIAN_POINT('',(189.966342,56.93058,0.));
#639 = VECTOR('',#640,1.);
#640 = DIRECTION('',(0.,1.,0.));
#641 = PLANE('',#642);
#642 = AXIS2_PLACEMENT_3D('',#643,#644,#645);
#643 = CARTESIAN_POINT('',(189.966342,56.93058,0.));
#644 = DIRECTION('',(-1.,0.,0.));
#645 = DIRECTION('',(0.,1.,0.));
#646 = ADVANCED_FACE('',(#647),#672,.T.);
#647 = FACE_BOUND('',#648,.T.);
#648 = EDGE_LOOP('',(#649,#650,#658,#666));
#649 = ORIENTED_EDGE('',*,*,#628,.T.);
#650 = ORIENTED_EDGE('',*,*,#651,.T.);
#651 = EDGE_CURVE('',#621,#652,#654,.T.);
#652 = VERTEX_POINT('',#653);
#653 = CARTESIAN_POINT('',(189.968247,92.633912,1.7));
#654 = LINE('',#655,#656);
#655 = CARTESIAN_POINT('',(189.966342,92.624336,1.7));
#656 = VECTOR('',#657,1.);
#657 = DIRECTION('',(0.195111521073,0.980781063411,0.));
#658 = ORIENTED_EDGE('',*,*,#659,.F.);
#659 = EDGE_CURVE('',#660,#652,#662,.T.);
#660 = VERTEX_POINT('',#661);
#661 = CARTESIAN_POINT('',(189.968247,92.633912,0.));
#662 = LINE('',#663,#664);
#663 = CARTESIAN_POINT('',(189.968247,92.633912,0.));
#664 = VECTOR('',#665,1.);
#665 = DIRECTION('',(0.,0.,1.));
#666 = ORIENTED_EDGE('',*,*,#667,.F.);
#667 = EDGE_CURVE('',#629,#660,#668,.T.);
#668 = LINE('',#669,#670);
#669 = CARTESIAN_POINT('',(189.966342,92.624336,0.));
#670 = VECTOR('',#671,1.);
#671 = DIRECTION('',(0.195111521073,0.980781063411,0.));
#672 = PLANE('',#673);
#673 = AXIS2_PLACEMENT_3D('',#674,#675,#676);
#674 = CARTESIAN_POINT('',(189.966342,92.624336,0.));
#675 = DIRECTION('',(-0.980781063411,0.195111521073,0.));
#676 = DIRECTION('',(0.195111521073,0.980781063411,0.));
#677 = ADVANCED_FACE('',(#678),#703,.T.);
#678 = FACE_BOUND('',#679,.T.);
#679 = EDGE_LOOP('',(#680,#681,#689,#697));
#680 = ORIENTED_EDGE('',*,*,#659,.T.);
#681 = ORIENTED_EDGE('',*,*,#682,.T.);
#682 = EDGE_CURVE('',#652,#683,#685,.T.);
#683 = VERTEX_POINT('',#684);
#684 = CARTESIAN_POINT('',(189.98176,92.647425,1.7));
#685 = LINE('',#686,#687);
#686 = CARTESIAN_POINT('',(189.968247,92.633912,1.7));
#687 = VECTOR('',#688,1.);
#688 = DIRECTION('',(0.707106781187,0.707106781186,0.));
#689 = ORIENTED_EDGE('',*,*,#690,.F.);
#690 = EDGE_CURVE('',#691,#683,#693,.T.);
#691 = VERTEX_POINT('',#692);
#692 = CARTESIAN_POINT('',(189.98176,92.647425,0.));
#693 = LINE('',#694,#695);
#694 = CARTESIAN_POINT('',(189.98176,92.647425,0.));
#695 = VECTOR('',#696,1.);
#696 = DIRECTION('',(0.,0.,1.));
#697 = ORIENTED_EDGE('',*,*,#698,.F.);
#698 = EDGE_CURVE('',#660,#691,#699,.T.);
#699 = LINE('',#700,#701);
#700 = CARTESIAN_POINT('',(189.968247,92.633912,0.));
#701 = VECTOR('',#702,1.);
#702 = DIRECTION('',(0.707106781187,0.707106781186,0.));
#703 = PLANE('',#704);
#704 = AXIS2_PLACEMENT_3D('',#705,#706,#707);
#705 = CARTESIAN_POINT('',(189.968247,92.633912,0.));
#706 = DIRECTION('',(-0.707106781186,0.707106781187,0.));
#707 = DIRECTION('',(0.707106781187,0.707106781186,0.));
#708 = ADVANCED_FACE('',(#709),#734,.T.);
#709 = FACE_BOUND('',#710,.T.);
#710 = EDGE_LOOP('',(#711,#712,#720,#728));
#711 = ORIENTED_EDGE('',*,*,#690,.T.);
#712 = ORIENTED_EDGE('',*,*,#713,.T.);
#713 = EDGE_CURVE('',#683,#714,#716,.T.);
#714 = VERTEX_POINT('',#715);
#715 = CARTESIAN_POINT('',(189.991336,92.64933,1.7));
#716 = LINE('',#717,#718);
#717 = CARTESIAN_POINT('',(189.98176,92.647425,1.7));
#718 = VECTOR('',#719,1.);
#719 = DIRECTION('',(0.98078106341,0.195111521074,0.));
#720 = ORIENTED_EDGE('',*,*,#721,.F.);
#721 = EDGE_CURVE('',#722,#714,#724,.T.);
#722 = VERTEX_POINT('',#723);
#723 = CARTESIAN_POINT('',(189.991336,92.64933,0.));
#724 = LINE('',#725,#726);
#725 = CARTESIAN_POINT('',(189.991336,92.64933,0.));
#726 = VECTOR('',#727,1.);
#727 = DIRECTION('',(0.,0.,1.));
#728 = ORIENTED_EDGE('',*,*,#729,.F.);
#729 = EDGE_CURVE('',#691,#722,#730,.T.);
#730 = LINE('',#731,#732);
#731 = CARTESIAN_POINT('',(189.98176,92.647425,0.));
#732 = VECTOR('',#733,1.);
#733 = DIRECTION('',(0.98078106341,0.195111521074,0.));
#734 = PLANE('',#735);
#735 = AXIS2_PLACEMENT_3D('',#736,#737,#738);
#736 = CARTESIAN_POINT('',(189.98176,92.647425,0.));
#737 = DIRECTION('',(-0.195111521074,0.98078106341,0.));
#738 = DIRECTION('',(0.98078106341,0.195111521074,0.));
#739 = ADVANCED_FACE('',(#740),#765,.T.);
#740 = FACE_BOUND('',#741,.T.);
#741 = EDGE_LOOP('',(#742,#743,#751,#759));
#742 = ORIENTED_EDGE('',*,*,#721,.T.);
#743 = ORIENTED_EDGE('',*,*,#744,.T.);
#744 = EDGE_CURVE('',#714,#745,#747,.T.);
#745 = VERTEX_POINT('',#746);
#746 = CARTESIAN_POINT('',(304.291336,92.64933,1.7));
#747 = LINE('',#748,#749);
#748 = CARTESIAN_POINT('',(189.991336,92.64933,1.7));
#749 = VECTOR('',#750,1.);
#750 = DIRECTION('',(1.,0.,0.));
#751 = ORIENTED_EDGE('',*,*,#752,.F.);
#752 = EDGE_CURVE('',#753,#745,#755,.T.);
#753 = VERTEX_POINT('',#754);
#754 = CARTESIAN_POINT('',(304.291336,92.64933,0.));
#755 = LINE('',#756,#757);
#756 = CARTESIAN_POINT('',(304.291336,92.64933,0.));
#757 = VECTOR('',#758,1.);
#758 = DIRECTION('',(0.,0.,1.));
#759 = ORIENTED_EDGE('',*,*,#760,.F.);
#760 = EDGE_CURVE('',#722,#753,#761,.T.);
#761 = LINE('',#762,#763);
#762 = CARTESIAN_POINT('',(189.991336,92.64933,0.));
#763 = VECTOR('',#764,1.);
#764 = DIRECTION('',(1.,0.,0.));
#765 = PLANE('',#766);
#766 = AXIS2_PLACEMENT_3D('',#767,#768,#769);
#767 = CARTESIAN_POINT('',(189.991336,92.64933,0.));
#768 = DIRECTION('',(0.,1.,0.));
#769 = DIRECTION('',(1.,0.,0.));
#770 = ADVANCED_FACE('',(#771),#796,.T.);
#771 = FACE_BOUND('',#772,.T.);
#772 = EDGE_LOOP('',(#773,#774,#782,#790));
#773 = ORIENTED_EDGE('',*,*,#752,.T.);
#774 = ORIENTED_EDGE('',*,*,#775,.T.);
#775 = EDGE_CURVE('',#745,#776,#778,.T.);
#776 = VERTEX_POINT('',#777);
#777 = CARTESIAN_POINT('',(304.300912,92.647425,1.7));
#778 = LINE('',#779,#780);
#779 = CARTESIAN_POINT('',(304.291336,92.64933,1.7));
#780 = VECTOR('',#781,1.);
#781 = DIRECTION('',(0.98078106341,-0.195111521074,0.));
#782 = ORIENTED_EDGE('',*,*,#783,.F.);
#783 = EDGE_CURVE('',#784,#776,#786,.T.);
#784 = VERTEX_POINT('',#785);
#785 = CARTESIAN_POINT('',(304.300912,92.647425,0.));
#786 = LINE('',#787,#788);
#787 = CARTESIAN_POINT('',(304.300912,92.647425,0.));
#788 = VECTOR('',#789,1.);
#789 = DIRECTION('',(0.,0.,1.));
#790 = ORIENTED_EDGE('',*,*,#791,.F.);
#791 = EDGE_CURVE('',#753,#784,#792,.T.);
#792 = LINE('',#793,#794);
#793 = CARTESIAN_POINT('',(304.291336,92.64933,0.));
#794 = VECTOR('',#795,1.);
#795 = DIRECTION('',(0.98078106341,-0.195111521074,0.));
#796 = PLANE('',#797);
#797 = AXIS2_PLACEMENT_3D('',#798,#799,#800);
#798 = CARTESIAN_POINT('',(304.291336,92.64933,0.));
#799 = DIRECTION('',(0.195111521074,0.98078106341,0.));
#800 = DIRECTION('',(0.98078106341,-0.195111521074,0.));
#801 = ADVANCED_FACE('',(#802),#827,.T.);
#802 = FACE_BOUND('',#803,.T.);
#803 = EDGE_LOOP('',(#804,#805,#813,#821));
#804 = ORIENTED_EDGE('',*,*,#783,.T.);
#805 = ORIENTED_EDGE('',*,*,#806,.T.);
#806 = EDGE_CURVE('',#776,#807,#809,.T.);
#807 = VERTEX_POINT('',#808);
#808 = CARTESIAN_POINT('',(304.314425,92.633912,1.7));
#809 = LINE('',#810,#811);
#810 = CARTESIAN_POINT('',(304.300912,92.647425,1.7));
#811 = VECTOR('',#812,1.);
#812 = DIRECTION('',(0.707106781188,-0.707106781185,0.));
#813 = ORIENTED_EDGE('',*,*,#814,.F.);
#814 = EDGE_CURVE('',#815,#807,#817,.T.);
#815 = VERTEX_POINT('',#816);
#816 = CARTESIAN_POINT('',(304.314425,92.633912,0.));
#817 = LINE('',#818,#819);
#818 = CARTESIAN_POINT('',(304.314425,92.633912,0.));
#819 = VECTOR('',#820,1.);
#820 = DIRECTION('',(0.,0.,1.));
#821 = ORIENTED_EDGE('',*,*,#822,.F.);
#822 = EDGE_CURVE('',#784,#815,#823,.T.);
#823 = LINE('',#824,#825);
#824 = CARTESIAN_POINT('',(304.300912,92.647425,0.));
#825 = VECTOR('',#826,1.);
#826 = DIRECTION('',(0.707106781188,-0.707106781185,0.));
#827 = PLANE('',#828);
#828 = AXIS2_PLACEMENT_3D('',#829,#830,#831);
#829 = CARTESIAN_POINT('',(304.300912,92.647425,0.));
#830 = DIRECTION('',(0.707106781185,0.707106781188,0.));
#831 = DIRECTION('',(0.707106781188,-0.707106781185,0.));
#832 = ADVANCED_FACE('',(#833),#858,.T.);
#833 = FACE_BOUND('',#834,.T.);
#834 = EDGE_LOOP('',(#835,#836,#844,#852));
#835 = ORIENTED_EDGE('',*,*,#814,.T.);
#836 = ORIENTED_EDGE('',*,*,#837,.T.);
#837 = EDGE_CURVE('',#807,#838,#840,.T.);
#838 = VERTEX_POINT('',#839);
#839 = CARTESIAN_POINT('',(304.31633,92.624336,1.7));
#840 = LINE('',#841,#842);
#841 = CARTESIAN_POINT('',(304.314425,92.633912,1.7));
#842 = VECTOR('',#843,1.);
#843 = DIRECTION('',(0.19511152107,-0.980781063411,0.));
#844 = ORIENTED_EDGE('',*,*,#845,.F.);
#845 = EDGE_CURVE('',#846,#838,#848,.T.);
#846 = VERTEX_POINT('',#847);
#847 = CARTESIAN_POINT('',(304.31633,92.624336,0.));
#848 = LINE('',#849,#850);
#849 = CARTESIAN_POINT('',(304.31633,92.624336,0.));
#850 = VECTOR('',#851,1.);
#851 = DIRECTION('',(0.,0.,1.));
#852 = ORIENTED_EDGE('',*,*,#853,.F.);
#853 = EDGE_CURVE('',#815,#846,#854,.T.);
#854 = LINE('',#855,#856);
#855 = CARTESIAN_POINT('',(304.314425,92.633912,0.));
#856 = VECTOR('',#857,1.);
#857 = DIRECTION('',(0.19511152107,-0.980781063411,0.));
#858 = PLANE('',#859);
#859 = AXIS2_PLACEMENT_3D('',#860,#861,#862);
#860 = CARTESIAN_POINT('',(304.314425,92.633912,0.));
#861 = DIRECTION('',(0.980781063411,0.19511152107,0.));
#862 = DIRECTION('',(0.19511152107,-0.980781063411,0.));
#863 = ADVANCED_FACE('',(#864),#889,.T.);
#864 = FACE_BOUND('',#865,.T.);
#865 = EDGE_LOOP('',(#866,#867,#875,#883));
#866 = ORIENTED_EDGE('',*,*,#845,.T.);
#867 = ORIENTED_EDGE('',*,*,#868,.T.);
#868 = EDGE_CURVE('',#838,#869,#871,.T.);
#869 = VERTEX_POINT('',#870);
#870 = CARTESIAN_POINT('',(304.31633,16.424336,1.7));
#871 = LINE('',#872,#873);
#872 = CARTESIAN_POINT('',(304.31633,92.624336,1.7));
#873 = VECTOR('',#874,1.);
#874 = DIRECTION('',(0.,-1.,0.));
#875 = ORIENTED_EDGE('',*,*,#876,.F.);
#876 = EDGE_CURVE('',#877,#869,#879,.T.);
#877 = VERTEX_POINT('',#878);
#878 = CARTESIAN_POINT('',(304.31633,16.424336,0.));
#879 = LINE('',#880,#881);
#880 = CARTESIAN_POINT('',(304.31633,16.424336,0.));
#881 = VECTOR('',#882,1.);
#882 = DIRECTION('',(0.,0.,1.));
#883 = ORIENTED_EDGE('',*,*,#884,.F.);
#884 = EDGE_CURVE('',#846,#877,#885,.T.);
#885 = LINE('',#886,#887);
#886 = CARTESIAN_POINT('',(304.31633,92.624336,0.));
#887 = VECTOR('',#888,1.);
#888 = DIRECTION('',(0.,-1.,0.));
#889 = PLANE('',#890);
#890 = AXIS2_PLACEMENT_3D('',#891,#892,#893);
#891 = CARTESIAN_POINT('',(304.31633,92.624336,0.));
#892 = DIRECTION('',(1.,0.,0.));
#893 = DIRECTION('',(0.,-1.,0.));
#894 = ADVANCED_FACE('',(#895),#920,.T.);
#895 = FACE_BOUND('',#896,.T.);
#896 = EDGE_LOOP('',(#897,#898,#906,#914));
#897 = ORIENTED_EDGE('',*,*,#876,.T.);
#898 = ORIENTED_EDGE('',*,*,#899,.T.);
#899 = EDGE_CURVE('',#869,#900,#902,.T.);
#900 = VERTEX_POINT('',#901);
#901 = CARTESIAN_POINT('',(304.314425,16.41476,1.7));
#902 = LINE('',#903,#904);
#903 = CARTESIAN_POINT('',(304.31633,16.424336,1.7));
#904 = VECTOR('',#905,1.);
#905 = DIRECTION('',(-0.19511152107,-0.980781063411,0.));
#906 = ORIENTED_EDGE('',*,*,#907,.F.);
#907 = EDGE_CURVE('',#908,#900,#910,.T.);
#908 = VERTEX_POINT('',#909);
#909 = CARTESIAN_POINT('',(304.314425,16.41476,0.));
#910 = LINE('',#911,#912);
#911 = CARTESIAN_POINT('',(304.314425,16.41476,0.));
#912 = VECTOR('',#913,1.);
#913 = DIRECTION('',(0.,0.,1.));
#914 = ORIENTED_EDGE('',*,*,#915,.F.);
#915 = EDGE_CURVE('',#877,#908,#916,.T.);
#916 = LINE('',#917,#918);
#917 = CARTESIAN_POINT('',(304.31633,16.424336,0.));
#918 = VECTOR('',#919,1.);
#919 = DIRECTION('',(-0.19511152107,-0.980781063411,0.));
#920 = PLANE('',#921);
#921 = AXIS2_PLACEMENT_3D('',#922,#923,#924);
#922 = CARTESIAN_POINT('',(304.31633,16.424336,0.));
#923 = DIRECTION('',(0.980781063411,-0.19511152107,0.));
#924 = DIRECTION('',(-0.19511152107,-0.980781063411,0.));
#925 = ADVANCED_FACE('',(#926),#951,.T.);
#926 = FACE_BOUND('',#927,.T.);
#927 = EDGE_LOOP('',(#928,#929,#937,#945));
#928 = ORIENTED_EDGE('',*,*,#907,.T.);
#929 = ORIENTED_EDGE('',*,*,#930,.T.);
#930 = EDGE_CURVE('',#900,#931,#933,.T.);
#931 = VERTEX_POINT('',#932);
#932 = CARTESIAN_POINT('',(304.300912,16.401248,1.7));
#933 = LINE('',#934,#935);
#934 = CARTESIAN_POINT('',(304.314425,16.41476,1.7));
#935 = VECTOR('',#936,1.);
#936 = DIRECTION('',(-0.707132945617,-0.707080615788,0.));
#937 = ORIENTED_EDGE('',*,*,#938,.F.);
#938 = EDGE_CURVE('',#939,#931,#941,.T.);
#939 = VERTEX_POINT('',#940);
#940 = CARTESIAN_POINT('',(304.300912,16.401248,0.));
#941 = LINE('',#942,#943);
#942 = CARTESIAN_POINT('',(304.300912,16.401248,0.));
#943 = VECTOR('',#944,1.);
#944 = DIRECTION('',(0.,0.,1.));
#945 = ORIENTED_EDGE('',*,*,#946,.F.);
#946 = EDGE_CURVE('',#908,#939,#947,.T.);
#947 = LINE('',#948,#949);
#948 = CARTESIAN_POINT('',(304.314425,16.41476,0.));
#949 = VECTOR('',#950,1.);
#950 = DIRECTION('',(-0.707132945617,-0.707080615788,0.));
#951 = PLANE('',#952);
#952 = AXIS2_PLACEMENT_3D('',#953,#954,#955);
#953 = CARTESIAN_POINT('',(304.314425,16.41476,0.));
#954 = DIRECTION('',(0.707080615788,-0.707132945617,0.));
#955 = DIRECTION('',(-0.707132945617,-0.707080615788,0.));
#956 = ADVANCED_FACE('',(#957),#982,.T.);
#957 = FACE_BOUND('',#958,.T.);
#958 = EDGE_LOOP('',(#959,#960,#968,#976));
#959 = ORIENTED_EDGE('',*,*,#938,.T.);
#960 = ORIENTED_EDGE('',*,*,#961,.T.);
#961 = EDGE_CURVE('',#931,#962,#964,.T.);
#962 = VERTEX_POINT('',#963);
#963 = CARTESIAN_POINT('',(304.291336,16.399343,1.7));
#964 = LINE('',#965,#966);
#965 = CARTESIAN_POINT('',(304.300912,16.401248,1.7));
#966 = VECTOR('',#967,1.);
#967 = DIRECTION('',(-0.98078106341,-0.195111521074,0.));
#968 = ORIENTED_EDGE('',*,*,#969,.F.);
#969 = EDGE_CURVE('',#970,#962,#972,.T.);
#970 = VERTEX_POINT('',#971);
#971 = CARTESIAN_POINT('',(304.291336,16.399343,0.));
#972 = LINE('',#973,#974);
#973 = CARTESIAN_POINT('',(304.291336,16.399343,0.));
#974 = VECTOR('',#975,1.);
#975 = DIRECTION('',(0.,0.,1.));
#976 = ORIENTED_EDGE('',*,*,#977,.F.);
#977 = EDGE_CURVE('',#939,#970,#978,.T.);
#978 = LINE('',#979,#980);
#979 = CARTESIAN_POINT('',(304.300912,16.401248,0.));
#980 = VECTOR('',#981,1.);
#981 = DIRECTION('',(-0.98078106341,-0.195111521074,0.));
#982 = PLANE('',#983);
#983 = AXIS2_PLACEMENT_3D('',#984,#985,#986);
#984 = CARTESIAN_POINT('',(304.300912,16.401248,0.));
#985 = DIRECTION('',(0.195111521074,-0.98078106341,0.));
#986 = DIRECTION('',(-0.98078106341,-0.195111521074,0.));
#987 = ADVANCED_FACE('',(#988),#1013,.T.);
#988 = FACE_BOUND('',#989,.T.);
#989 = EDGE_LOOP('',(#990,#991,#999,#1007));
#990 = ORIENTED_EDGE('',*,*,#969,.T.);
#991 = ORIENTED_EDGE('',*,*,#992,.T.);
#992 = EDGE_CURVE('',#962,#993,#995,.T.);
#993 = VERTEX_POINT('',#994);
#994 = CARTESIAN_POINT('',(247.141336,16.399343,1.7));
#995 = LINE('',#996,#997);
#996 = CARTESIAN_POINT('',(304.291336,16.399343,1.7));
#997 = VECTOR('',#998,1.);
#998 = DIRECTION('',(-1.,0.,0.));
#999 = ORIENTED_EDGE('',*,*,#1000,.F.);
#1000 = EDGE_CURVE('',#1001,#993,#1003,.T.);
#1001 = VERTEX_POINT('',#1002);
#1002 = CARTESIAN_POINT('',(247.141336,16.399343,0.));
#1003 = LINE('',#1004,#1005);
#1004 = CARTESIAN_POINT('',(247.141336,16.399343,0.));
#1005 = VECTOR('',#1006,1.);
#1006 = DIRECTION('',(0.,0.,1.));
#1007 = ORIENTED_EDGE('',*,*,#1008,.F.);
#1008 = EDGE_CURVE('',#970,#1001,#1009,.T.);
#1009 = LINE('',#1010,#1011);
#1010 = CARTESIAN_POINT('',(304.291336,16.399343,0.));
#1011 = VECTOR('',#1012,1.);
#1012 = DIRECTION('',(-1.,0.,0.));
#1013 = PLANE('',#1014);
#1014 = AXIS2_PLACEMENT_3D('',#1015,#1016,#1017);
#1015 = CARTESIAN_POINT('',(304.291336,16.399343,0.));
#1016 = DIRECTION('',(0.,-1.,0.));
#1017 = DIRECTION('',(-1.,0.,0.));
#1018 = ADVANCED_FACE('',(#1019),#1044,.T.);
#1019 = FACE_BOUND('',#1020,.T.);
#1020 = EDGE_LOOP('',(#1021,#1022,#1030,#1038));
#1021 = ORIENTED_EDGE('',*,*,#1000,.T.);
#1022 = ORIENTED_EDGE('',*,*,#1023,.T.);
#1023 = EDGE_CURVE('',#993,#1024,#1026,.T.);
#1024 = VERTEX_POINT('',#1025);
#1025 = CARTESIAN_POINT('',(247.13176,16.401248,1.7));
#1026 = LINE('',#1027,#1028);
#1027 = CARTESIAN_POINT('',(247.141336,16.399343,1.7));
#1028 = VECTOR('',#1029,1.);
#1029 = DIRECTION('',(-0.98078106341,0.195111521074,0.));
#1030 = ORIENTED_EDGE('',*,*,#1031,.F.);
#1031 = EDGE_CURVE('',#1032,#1024,#1034,.T.);
#1032 = VERTEX_POINT('',#1033);
#1033 = CARTESIAN_POINT('',(247.13176,16.401248,0.));
#1034 = LINE('',#1035,#1036);
#1035 = CARTESIAN_POINT('',(247.13176,16.401248,0.));
#1036 = VECTOR('',#1037,1.);
#1037 = DIRECTION('',(0.,0.,1.));
#1038 = ORIENTED_EDGE('',*,*,#1039,.F.);
#1039 = EDGE_CURVE('',#1001,#1032,#1040,.T.);
#1040 = LINE('',#1041,#1042);
#1041 = CARTESIAN_POINT('',(247.141336,16.399343,0.));
#1042 = VECTOR('',#1043,1.);
#1043 = DIRECTION('',(-0.98078106341,0.195111521074,0.));
#1044 = PLANE('',#1045);
#1045 = AXIS2_PLACEMENT_3D('',#1046,#1047,#1048);
#1046 = CARTESIAN_POINT('',(247.141336,16.399343,0.));
#1047 = DIRECTION('',(-0.195111521074,-0.98078106341,0.));
#1048 = DIRECTION('',(-0.98078106341,0.195111521074,0.));
#1049 = ADVANCED_FACE('',(#1050),#1075,.T.);
#1050 = FACE_BOUND('',#1051,.T.);
#1051 = EDGE_LOOP('',(#1052,#1053,#1061,#1069));
#1052 = ORIENTED_EDGE('',*,*,#1031,.T.);
#1053 = ORIENTED_EDGE('',*,*,#1054,.T.);
#1054 = EDGE_CURVE('',#1024,#1055,#1057,.T.);
#1055 = VERTEX_POINT('',#1056);
#1056 = CARTESIAN_POINT('',(247.118247,16.41476,1.7));
#1057 = LINE('',#1058,#1059);
#1058 = CARTESIAN_POINT('',(247.13176,16.401248,1.7));
#1059 = VECTOR('',#1060,1.);
#1060 = DIRECTION('',(-0.707132945616,0.707080615789,0.));
#1061 = ORIENTED_EDGE('',*,*,#1062,.F.);
#1062 = EDGE_CURVE('',#1063,#1055,#1065,.T.);
#1063 = VERTEX_POINT('',#1064);
#1064 = CARTESIAN_POINT('',(247.118247,16.41476,0.));
#1065 = LINE('',#1066,#1067);
#1066 = CARTESIAN_POINT('',(247.118247,16.41476,0.));
#1067 = VECTOR('',#1068,1.);
#1068 = DIRECTION('',(0.,0.,1.));
#1069 = ORIENTED_EDGE('',*,*,#1070,.F.);
#1070 = EDGE_CURVE('',#1032,#1063,#1071,.T.);
#1071 = LINE('',#1072,#1073);
#1072 = CARTESIAN_POINT('',(247.13176,16.401248,0.));
#1073 = VECTOR('',#1074,1.);
#1074 = DIRECTION('',(-0.707132945616,0.707080615789,0.));
#1075 = PLANE('',#1076);
#1076 = AXIS2_PLACEMENT_3D('',#1077,#1078,#1079);
#1077 = CARTESIAN_POINT('',(247.13176,16.401248,0.));
#1078 = DIRECTION('',(-0.707080615789,-0.707132945616,0.));
#1079 = DIRECTION('',(-0.707132945616,0.707080615789,0.));
#1080 = ADVANCED_FACE('',(#1081),#1106,.T.);
#1081 = FACE_BOUND('',#1082,.T.);
#1082 = EDGE_LOOP('',(#1083,#1084,#1092,#1100));
#1083 = ORIENTED_EDGE('',*,*,#1062,.T.);
#1084 = ORIENTED_EDGE('',*,*,#1085,.T.);
#1085 = EDGE_CURVE('',#1055,#1086,#1088,.T.);
#1086 = VERTEX_POINT('',#1087);
#1087 = CARTESIAN_POINT('',(247.116342,16.424336,1.7));
#1088 = LINE('',#1089,#1090);
#1089 = CARTESIAN_POINT('',(247.118247,16.41476,1.7));
#1090 = VECTOR('',#1091,1.);
#1091 = DIRECTION('',(-0.195111521073,0.980781063411,0.));
#1092 = ORIENTED_EDGE('',*,*,#1093,.F.);
#1093 = EDGE_CURVE('',#1094,#1086,#1096,.T.);
#1094 = VERTEX_POINT('',#1095);
#1095 = CARTESIAN_POINT('',(247.116342,16.424336,0.));
#1096 = LINE('',#1097,#1098);
#1097 = CARTESIAN_POINT('',(247.116342,16.424336,0.));
#1098 = VECTOR('',#1099,1.);
#1099 = DIRECTION('',(0.,0.,1.));
#1100 = ORIENTED_EDGE('',*,*,#1101,.F.);
#1101 = EDGE_CURVE('',#1063,#1094,#1102,.T.);
#1102 = LINE('',#1103,#1104);
#1103 = CARTESIAN_POINT('',(247.118247,16.41476,0.));
#1104 = VECTOR('',#1105,1.);
#1105 = DIRECTION('',(-0.195111521073,0.980781063411,0.));
#1106 = PLANE('',#1107);
#1107 = AXIS2_PLACEMENT_3D('',#1108,#1109,#1110);
#1108 = CARTESIAN_POINT('',(247.118247,16.41476,0.));
#1109 = DIRECTION('',(-0.980781063411,-0.195111521073,0.));
#1110 = DIRECTION('',(-0.195111521073,0.980781063411,0.));
#1111 = ADVANCED_FACE('',(#1112),#1137,.T.);
#1112 = FACE_BOUND('',#1113,.T.);
#1113 = EDGE_LOOP('',(#1114,#1115,#1123,#1131));
#1114 = ORIENTED_EDGE('',*,*,#1093,.T.);
#1115 = ORIENTED_EDGE('',*,*,#1116,.T.);
#1116 = EDGE_CURVE('',#1086,#1117,#1119,.T.);
#1117 = VERTEX_POINT('',#1118);
#1118 = CARTESIAN_POINT('',(247.116342,30.686843,1.7));
#1119 = LINE('',#1120,#1121);
#1120 = CARTESIAN_POINT('',(247.116342,16.424336,1.7));
#1121 = VECTOR('',#1122,1.);
#1122 = DIRECTION('',(0.,1.,0.));
#1123 = ORIENTED_EDGE('',*,*,#1124,.F.);
#1124 = EDGE_CURVE('',#1125,#1117,#1127,.T.);
#1125 = VERTEX_POINT('',#1126);
#1126 = CARTESIAN_POINT('',(247.116342,30.686843,0.));
#1127 = LINE('',#1128,#1129);
#1128 = CARTESIAN_POINT('',(247.116342,30.686843,0.));
#1129 = VECTOR('',#1130,1.);
#1130 = DIRECTION('',(0.,0.,1.));
#1131 = ORIENTED_EDGE('',*,*,#1132,.F.);
#1132 = EDGE_CURVE('',#1094,#1125,#1133,.T.);
#1133 = LINE('',#1134,#1135);
#1134 = CARTESIAN_POINT('',(247.116342,16.424336,0.));
#1135 = VECTOR('',#1136,1.);
#1136 = DIRECTION('',(0.,1.,0.));
#1137 = PLANE('',#1138);
#1138 = AXIS2_PLACEMENT_3D('',#1139,#1140,#1141);
#1139 = CARTESIAN_POINT('',(247.116342,16.424336,0.));
#1140 = DIRECTION('',(-1.,0.,0.));
#1141 = DIRECTION('',(0.,1.,0.));
#1142 = ADVANCED_FACE('',(#1143),#1168,.T.);
#1143 = FACE_BOUND('',#1144,.T.);
#1144 = EDGE_LOOP('',(#1145,#1146,#1154,#1162));
#1145 = ORIENTED_EDGE('',*,*,#1124,.T.);
#1146 = ORIENTED_EDGE('',*,*,#1147,.T.);
#1147 = EDGE_CURVE('',#1117,#1148,#1150,.T.);
#1148 = VERTEX_POINT('',#1149);
#1149 = CARTESIAN_POINT('',(230.49758,30.686843,1.7));
#1150 = LINE('',#1151,#1152);
#1151 = CARTESIAN_POINT('',(247.116342,30.686843,1.7));
#1152 = VECTOR('',#1153,1.);
#1153 = DIRECTION('',(-1.,0.,0.));
#1154 = ORIENTED_EDGE('',*,*,#1155,.F.);
#1155 = EDGE_CURVE('',#1156,#1148,#1158,.T.);
#1156 = VERTEX_POINT('',#1157);
#1157 = CARTESIAN_POINT('',(230.49758,30.686843,0.));
#1158 = LINE('',#1159,#1160);
#1159 = CARTESIAN_POINT('',(230.49758,30.686843,0.));
#1160 = VECTOR('',#1161,1.);
#1161 = DIRECTION('',(0.,0.,1.));
#1162 = ORIENTED_EDGE('',*,*,#1163,.F.);
#1163 = EDGE_CURVE('',#1125,#1156,#1164,.T.);
#1164 = LINE('',#1165,#1166);
#1165 = CARTESIAN_POINT('',(247.116342,30.686843,0.));
#1166 = VECTOR('',#1167,1.);
#1167 = DIRECTION('',(-1.,0.,0.));
#1168 = PLANE('',#1169);
#1169 = AXIS2_PLACEMENT_3D('',#1170,#1171,#1172);
#1170 = CARTESIAN_POINT('',(247.116342,30.686843,0.));
#1171 = DIRECTION('',(0.,-1.,0.));
#1172 = DIRECTION('',(-1.,0.,0.));
#1173 = ADVANCED_FACE('',(#1174),#1199,.T.);
#1174 = FACE_BOUND('',#1175,.T.);
#1175 = EDGE_LOOP('',(#1176,#1177,#1185,#1193));
#1176 = ORIENTED_EDGE('',*,*,#1155,.T.);
#1177 = ORIENTED_EDGE('',*,*,#1178,.T.);
#1178 = EDGE_CURVE('',#1148,#1179,#1181,.T.);
#1179 = VERTEX_POINT('',#1180);
#1180 = CARTESIAN_POINT('',(230.49758,11.661836,1.7));
#1181 = LINE('',#1182,#1183);
#1182 = CARTESIAN_POINT('',(230.49758,30.686843,1.7));
#1183 = VECTOR('',#1184,1.);
#1184 = DIRECTION('',(0.,-1.,0.));
#1185 = ORIENTED_EDGE('',*,*,#1186,.F.);
#1186 = EDGE_CURVE('',#1187,#1179,#1189,.T.);
#1187 = VERTEX_POINT('',#1188);
#1188 = CARTESIAN_POINT('',(230.49758,11.661836,0.));
#1189 = LINE('',#1190,#1191);
#1190 = CARTESIAN_POINT('',(230.49758,11.661836,0.));
#1191 = VECTOR('',#1192,1.);
#1192 = DIRECTION('',(0.,0.,1.));
#1193 = ORIENTED_EDGE('',*,*,#1194,.F.);
#1194 = EDGE_CURVE('',#1156,#1187,#1195,.T.);
#1195 = LINE('',#1196,#1197);
#1196 = CARTESIAN_POINT('',(230.49758,30.686843,0.));
#1197 = VECTOR('',#1198,1.);
#1198 = DIRECTION('',(0.,-1.,0.));
#1199 = PLANE('',#1200);
#1200 = AXIS2_PLACEMENT_3D('',#1201,#1202,#1203);
#1201 = CARTESIAN_POINT('',(230.49758,30.686843,0.));
#1202 = DIRECTION('',(1.,0.,0.));
#1203 = DIRECTION('',(0.,-1.,0.));
#1204 = ADVANCED_FACE('',(#1205),#1230,.T.);
#1205 = FACE_BOUND('',#1206,.T.);
#1206 = EDGE_LOOP('',(#1207,#1208,#1216,#1224));
#1207 = ORIENTED_EDGE('',*,*,#1186,.T.);
#1208 = ORIENTED_EDGE('',*,*,#1209,.T.);
#1209 = EDGE_CURVE('',#1179,#1210,#1212,.T.);
#1210 = VERTEX_POINT('',#1211);
#1211 = CARTESIAN_POINT('',(230.495675,11.65226,1.7));
#1212 = LINE('',#1213,#1214);
#1213 = CARTESIAN_POINT('',(230.49758,11.661836,1.7));
#1214 = VECTOR('',#1215,1.);
#1215 = DIRECTION('',(-0.195111521073,-0.980781063411,0.));
#1216 = ORIENTED_EDGE('',*,*,#1217,.F.);
#1217 = EDGE_CURVE('',#1218,#1210,#1220,.T.);
#1218 = VERTEX_POINT('',#1219);
#1219 = CARTESIAN_POINT('',(230.495675,11.65226,0.));
#1220 = LINE('',#1221,#1222);
#1221 = CARTESIAN_POINT('',(230.495675,11.65226,0.));
#1222 = VECTOR('',#1223,1.);
#1223 = DIRECTION('',(0.,0.,1.));
#1224 = ORIENTED_EDGE('',*,*,#1225,.F.);
#1225 = EDGE_CURVE('',#1187,#1218,#1226,.T.);
#1226 = LINE('',#1227,#1228);
#1227 = CARTESIAN_POINT('',(230.49758,11.661836,0.));
#1228 = VECTOR('',#1229,1.);
#1229 = DIRECTION('',(-0.195111521073,-0.980781063411,0.));
#1230 = PLANE('',#1231);
#1231 = AXIS2_PLACEMENT_3D('',#1232,#1233,#1234);
#1232 = CARTESIAN_POINT('',(230.49758,11.661836,0.));
#1233 = DIRECTION('',(0.980781063411,-0.195111521073,0.));
#1234 = DIRECTION('',(-0.195111521073,-0.980781063411,0.));
#1235 = ADVANCED_FACE('',(#1236),#1261,.T.);
#1236 = FACE_BOUND('',#1237,.T.);
#1237 = EDGE_LOOP('',(#1238,#1239,#1247,#1255));
#1238 = ORIENTED_EDGE('',*,*,#1217,.T.);
#1239 = ORIENTED_EDGE('',*,*,#1240,.T.);
#1240 = EDGE_CURVE('',#1210,#1241,#1243,.T.);
#1241 = VERTEX_POINT('',#1242);
#1242 = CARTESIAN_POINT('',(230.482162,11.638748,1.7));
#1243 = LINE('',#1244,#1245);
#1244 = CARTESIAN_POINT('',(230.495675,11.65226,1.7));
#1245 = VECTOR('',#1246,1.);
#1246 = DIRECTION('',(-0.707132945616,-0.707080615789,0.));
#1247 = ORIENTED_EDGE('',*,*,#1248,.F.);
#1248 = EDGE_CURVE('',#1249,#1241,#1251,.T.);
#1249 = VERTEX_POINT('',#1250);
#1250 = CARTESIAN_POINT('',(230.482162,11.638748,0.));
#1251 = LINE('',#1252,#1253);
#1252 = CARTESIAN_POINT('',(230.482162,11.638748,0.));
#1253 = VECTOR('',#1254,1.);
#1254 = DIRECTION('',(0.,0.,1.));
#1255 = ORIENTED_EDGE('',*,*,#1256,.F.);
#1256 = EDGE_CURVE('',#1218,#1249,#1257,.T.);
#1257 = LINE('',#1258,#1259);
#1258 = CARTESIAN_POINT('',(230.495675,11.65226,0.));
#1259 = VECTOR('',#1260,1.);
#1260 = DIRECTION('',(-0.707132945616,-0.707080615789,0.));
#1261 = PLANE('',#1262);
#1262 = AXIS2_PLACEMENT_3D('',#1263,#1264,#1265);
#1263 = CARTESIAN_POINT('',(230.495675,11.65226,0.));
#1264 = DIRECTION('',(0.707080615789,-0.707132945616,0.));
#1265 = DIRECTION('',(-0.707132945616,-0.707080615789,0.));
#1266 = ADVANCED_FACE('',(#1267),#1292,.T.);
#1267 = FACE_BOUND('',#1268,.T.);
#1268 = EDGE_LOOP('',(#1269,#1270,#1278,#1286));
#1269 = ORIENTED_EDGE('',*,*,#1248,.T.);
#1270 = ORIENTED_EDGE('',*,*,#1271,.T.);
#1271 = EDGE_CURVE('',#1241,#1272,#1274,.T.);
#1272 = VERTEX_POINT('',#1273);
#1273 = CARTESIAN_POINT('',(230.472586,11.636843,1.7));
#1274 = LINE('',#1275,#1276);
#1275 = CARTESIAN_POINT('',(230.482162,11.638748,1.7));
#1276 = VECTOR('',#1277,1.);
#1277 = DIRECTION('',(-0.98078106341,-0.195111521073,0.));
#1278 = ORIENTED_EDGE('',*,*,#1279,.F.);
#1279 = EDGE_CURVE('',#1280,#1272,#1282,.T.);
#1280 = VERTEX_POINT('',#1281);
#1281 = CARTESIAN_POINT('',(230.472586,11.636843,0.));
#1282 = LINE('',#1283,#1284);
#1283 = CARTESIAN_POINT('',(230.472586,11.636843,0.));
#1284 = VECTOR('',#1285,1.);
#1285 = DIRECTION('',(0.,0.,1.));
#1286 = ORIENTED_EDGE('',*,*,#1287,.F.);
#1287 = EDGE_CURVE('',#1249,#1280,#1288,.T.);
#1288 = LINE('',#1289,#1290);
#1289 = CARTESIAN_POINT('',(230.482162,11.638748,0.));
#1290 = VECTOR('',#1291,1.);
#1291 = DIRECTION('',(-0.98078106341,-0.195111521073,0.));
#1292 = PLANE('',#1293);
#1293 = AXIS2_PLACEMENT_3D('',#1294,#1295,#1296);
#1294 = CARTESIAN_POINT('',(230.482162,11.638748,0.));
#1295 = DIRECTION('',(0.195111521073,-0.98078106341,0.));
#1296 = DIRECTION('',(-0.98078106341,-0.195111521073,0.));
#1297 = ADVANCED_FACE('',(#1298),#1323,.T.);
#1298 = FACE_BOUND('',#1299,.T.);
#1299 = EDGE_LOOP('',(#1300,#1301,#1309,#1317));
#1300 = ORIENTED_EDGE('',*,*,#1279,.T.);
#1301 = ORIENTED_EDGE('',*,*,#1302,.T.);
#1302 = EDGE_CURVE('',#1272,#1303,#1305,.T.);
#1303 = VERTEX_POINT('',#1304);
#1304 = CARTESIAN_POINT('',(211.424999,11.636843,1.7));
#1305 = LINE('',#1306,#1307);
#1306 = CARTESIAN_POINT('',(230.472586,11.636843,1.7));
#1307 = VECTOR('',#1308,1.);
#1308 = DIRECTION('',(-1.,0.,0.));
#1309 = ORIENTED_EDGE('',*,*,#1310,.F.);
#1310 = EDGE_CURVE('',#1311,#1303,#1313,.T.);
#1311 = VERTEX_POINT('',#1312);
#1312 = CARTESIAN_POINT('',(211.424999,11.636843,0.));
#1313 = LINE('',#1314,#1315);
#1314 = CARTESIAN_POINT('',(211.424999,11.636843,0.));
#1315 = VECTOR('',#1316,1.);
#1316 = DIRECTION('',(0.,0.,1.));
#1317 = ORIENTED_EDGE('',*,*,#1318,.F.);
#1318 = EDGE_CURVE('',#1280,#1311,#1319,.T.);
#1319 = LINE('',#1320,#1321);
#1320 = CARTESIAN_POINT('',(230.472586,11.636843,0.));
#1321 = VECTOR('',#1322,1.);
#1322 = DIRECTION('',(-1.,0.,0.));
#1323 = PLANE('',#1324);
#1324 = AXIS2_PLACEMENT_3D('',#1325,#1326,#1327);
#1325 = CARTESIAN_POINT('',(230.472586,11.636843,0.));
#1326 = DIRECTION('',(0.,-1.,0.));
#1327 = DIRECTION('',(-1.,0.,0.));
#1328 = ADVANCED_FACE('',(#1329),#1354,.T.);
#1329 = FACE_BOUND('',#1330,.T.);
#1330 = EDGE_LOOP('',(#1331,#1332,#1340,#1348));
#1331 = ORIENTED_EDGE('',*,*,#1310,.T.);
#1332 = ORIENTED_EDGE('',*,*,#1333,.T.);
#1333 = EDGE_CURVE('',#1303,#1334,#1336,.T.);
#1334 = VERTEX_POINT('',#1335);
#1335 = CARTESIAN_POINT('',(192.311042,7.912771,1.7));
#1336 = LINE('',#1337,#1338);
#1337 = CARTESIAN_POINT('',(211.424999,11.636843,1.7));
#1338 = VECTOR('',#1339,1.);
#1339 = DIRECTION('',(-0.981543455629,-0.191239234236,0.));
#1340 = ORIENTED_EDGE('',*,*,#1341,.F.);
#1341 = EDGE_CURVE('',#1342,#1334,#1344,.T.);
#1342 = VERTEX_POINT('',#1343);
#1343 = CARTESIAN_POINT('',(192.311042,7.912771,0.));
#1344 = LINE('',#1345,#1346);
#1345 = CARTESIAN_POINT('',(192.311042,7.912771,0.));
#1346 = VECTOR('',#1347,1.);
#1347 = DIRECTION('',(0.,0.,1.));
#1348 = ORIENTED_EDGE('',*,*,#1349,.F.);
#1349 = EDGE_CURVE('',#1311,#1342,#1350,.T.);
#1350 = LINE('',#1351,#1352);
#1351 = CARTESIAN_POINT('',(211.424999,11.636843,0.));
#1352 = VECTOR('',#1353,1.);
#1353 = DIRECTION('',(-0.981543455629,-0.191239234236,0.));
#1354 = PLANE('',#1355);
#1355 = AXIS2_PLACEMENT_3D('',#1356,#1357,#1358);
#1356 = CARTESIAN_POINT('',(211.424999,11.636843,0.));
#1357 = DIRECTION('',(0.191239234236,-0.981543455629,0.));
#1358 = DIRECTION('',(-0.981543455629,-0.191239234236,0.));
#1359 = ADVANCED_FACE('',(#1360),#1385,.T.);
#1360 = FACE_BOUND('',#1361,.T.);
#1361 = EDGE_LOOP('',(#1362,#1363,#1371,#1379));
#1362 = ORIENTED_EDGE('',*,*,#1341,.T.);
#1363 = ORIENTED_EDGE('',*,*,#1364,.T.);
#1364 = EDGE_CURVE('',#1334,#1365,#1367,.T.);
#1365 = VERTEX_POINT('',#1366);
#1366 = CARTESIAN_POINT('',(174.513313,0.6137,1.7));
#1367 = LINE('',#1368,#1369);
#1368 = CARTESIAN_POINT('',(192.311042,7.912771,1.7));
#1369 = VECTOR('',#1370,1.);
#1370 = DIRECTION('',(-0.925215369207,-0.379442381111,0.));
#1371 = ORIENTED_EDGE('',*,*,#1372,.F.);
#1372 = EDGE_CURVE('',#1373,#1365,#1375,.T.);
#1373 = VERTEX_POINT('',#1374);
#1374 = CARTESIAN_POINT('',(174.513313,0.6137,0.));
#1375 = LINE('',#1376,#1377);
#1376 = CARTESIAN_POINT('',(174.513313,0.6137,0.));
#1377 = VECTOR('',#1378,1.);
#1378 = DIRECTION('',(0.,0.,1.));
#1379 = ORIENTED_EDGE('',*,*,#1380,.F.);
#1380 = EDGE_CURVE('',#1342,#1373,#1381,.T.);
#1381 = LINE('',#1382,#1383);
#1382 = CARTESIAN_POINT('',(192.311042,7.912771,0.));
#1383 = VECTOR('',#1384,1.);
#1384 = DIRECTION('',(-0.925215369207,-0.379442381111,0.));
#1385 = PLANE('',#1386);
#1386 = AXIS2_PLACEMENT_3D('',#1387,#1388,#1389);
#1387 = CARTESIAN_POINT('',(192.311042,7.912771,0.));
#1388 = DIRECTION('',(0.379442381111,-0.925215369207,0.));
#1389 = DIRECTION('',(-0.925215369207,-0.379442381111,0.));
#1390 = ADVANCED_FACE('',(#1391),#1416,.T.);
#1391 = FACE_BOUND('',#1392,.T.);
#1392 = EDGE_LOOP('',(#1393,#1394,#1402,#1410));
#1393 = ORIENTED_EDGE('',*,*,#1372,.T.);
#1394 = ORIENTED_EDGE('',*,*,#1395,.T.);
#1395 = EDGE_CURVE('',#1365,#1396,#1398,.T.);
#1396 = VERTEX_POINT('',#1397);
#1397 = CARTESIAN_POINT('',(174.503838,0.611846,1.7));
#1398 = LINE('',#1399,#1400);
#1399 = CARTESIAN_POINT('',(174.513313,0.6137,1.7));
#1400 = VECTOR('',#1401,1.);
#1401 = DIRECTION('',(-0.981388835954,-0.192031124207,0.));
#1402 = ORIENTED_EDGE('',*,*,#1403,.F.);
#1403 = EDGE_CURVE('',#1404,#1396,#1406,.T.);
#1404 = VERTEX_POINT('',#1405);
#1405 = CARTESIAN_POINT('',(174.503838,0.611846,0.));
#1406 = LINE('',#1407,#1408);
#1407 = CARTESIAN_POINT('',(174.503838,0.611846,0.));
#1408 = VECTOR('',#1409,1.);
#1409 = DIRECTION('',(0.,0.,1.));
#1410 = ORIENTED_EDGE('',*,*,#1411,.F.);
#1411 = EDGE_CURVE('',#1373,#1404,#1412,.T.);
#1412 = LINE('',#1413,#1414);
#1413 = CARTESIAN_POINT('',(174.513313,0.6137,0.));
#1414 = VECTOR('',#1415,1.);
#1415 = DIRECTION('',(-0.981388835954,-0.192031124207,0.));
#1416 = PLANE('',#1417);
#1417 = AXIS2_PLACEMENT_3D('',#1418,#1419,#1420);
#1418 = CARTESIAN_POINT('',(174.513313,0.6137,0.));
#1419 = DIRECTION('',(0.192031124207,-0.981388835954,0.));
#1420 = DIRECTION('',(-0.981388835954,-0.192031124207,0.));
#1421 = ADVANCED_FACE('',(#1422,#1475,#1669,#1887,#2017,#2211,#2405,
    #2599,#2793,#2987,#3181,#3375,#3569,#3763,#3957,#4151,#4345,#4539,
    #4733,#4927,#5121,#5315,#5509,#5703,#5897,#6091,#6285,#6296,#6307,
    #6318,#6329,#6340),#6351,.F.);
#1422 = FACE_BOUND('',#1423,.T.);
#1423 = EDGE_LOOP('',(#1424,#1425,#1426,#1427,#1428,#1429,#1430,#1431,
    #1432,#1433,#1434,#1435,#1436,#1437,#1438,#1439,#1440,#1441,#1442,
    #1443,#1444,#1450,#1451,#1452,#1453,#1454,#1455,#1456,#1457,#1458,
    #1459,#1460,#1461,#1462,#1463,#1464,#1465,#1466,#1467,#1468,#1469,
    #1470,#1471,#1472,#1473,#1474));
#1424 = ORIENTED_EDGE('',*,*,#822,.T.);
#1425 = ORIENTED_EDGE('',*,*,#853,.T.);
#1426 = ORIENTED_EDGE('',*,*,#884,.T.);
#1427 = ORIENTED_EDGE('',*,*,#915,.T.);
#1428 = ORIENTED_EDGE('',*,*,#946,.T.);
#1429 = ORIENTED_EDGE('',*,*,#977,.T.);
#1430 = ORIENTED_EDGE('',*,*,#1008,.T.);
#1431 = ORIENTED_EDGE('',*,*,#1039,.T.);
#1432 = ORIENTED_EDGE('',*,*,#1070,.T.);
#1433 = ORIENTED_EDGE('',*,*,#1101,.T.);
#1434 = ORIENTED_EDGE('',*,*,#1132,.T.);
#1435 = ORIENTED_EDGE('',*,*,#1163,.T.);
#1436 = ORIENTED_EDGE('',*,*,#1194,.T.);
#1437 = ORIENTED_EDGE('',*,*,#1225,.T.);
#1438 = ORIENTED_EDGE('',*,*,#1256,.T.);
#1439 = ORIENTED_EDGE('',*,*,#1287,.T.);
#1440 = ORIENTED_EDGE('',*,*,#1318,.T.);
#1441 = ORIENTED_EDGE('',*,*,#1349,.T.);
#1442 = ORIENTED_EDGE('',*,*,#1380,.T.);
#1443 = ORIENTED_EDGE('',*,*,#1411,.T.);
#1444 = ORIENTED_EDGE('',*,*,#1445,.T.);
#1445 = EDGE_CURVE('',#1404,#22,#1446,.T.);
#1446 = LINE('',#1447,#1448);
#1447 = CARTESIAN_POINT('',(174.503838,0.611846,0.));
#1448 = VECTOR('',#1449,1.);
#1449 = DIRECTION('',(-1.,0.,0.));
#1450 = ORIENTED_EDGE('',*,*,#47,.T.);
#1451 = ORIENTED_EDGE('',*,*,#78,.T.);
#1452 = ORIENTED_EDGE('',*,*,#109,.T.);
#1453 = ORIENTED_EDGE('',*,*,#140,.T.);
#1454 = ORIENTED_EDGE('',*,*,#171,.T.);
#1455 = ORIENTED_EDGE('',*,*,#202,.T.);
#1456 = ORIENTED_EDGE('',*,*,#233,.T.);
#1457 = ORIENTED_EDGE('',*,*,#264,.T.);
#1458 = ORIENTED_EDGE('',*,*,#295,.T.);
#1459 = ORIENTED_EDGE('',*,*,#326,.T.);
#1460 = ORIENTED_EDGE('',*,*,#357,.T.);
#1461 = ORIENTED_EDGE('',*,*,#388,.T.);
#1462 = ORIENTED_EDGE('',*,*,#419,.T.);
#1463 = ORIENTED_EDGE('',*,*,#450,.T.);
#1464 = ORIENTED_EDGE('',*,*,#481,.T.);
#1465 = ORIENTED_EDGE('',*,*,#512,.T.);
#1466 = ORIENTED_EDGE('',*,*,#543,.T.);
#1467 = ORIENTED_EDGE('',*,*,#574,.T.);
#1468 = ORIENTED_EDGE('',*,*,#605,.T.);
#1469 = ORIENTED_EDGE('',*,*,#636,.T.);
#1470 = ORIENTED_EDGE('',*,*,#667,.T.);
#1471 = ORIENTED_EDGE('',*,*,#698,.T.);
#1472 = ORIENTED_EDGE('',*,*,#729,.T.);
#1473 = ORIENTED_EDGE('',*,*,#760,.T.);
#1474 = ORIENTED_EDGE('',*,*,#791,.T.);
#1475 = FACE_BOUND('',#1476,.F.);
#1476 = EDGE_LOOP('',(#1477,#1487,#1495,#1503,#1511,#1519,#1527,#1535,
    #1543,#1551,#1559,#1567,#1575,#1583,#1591,#1599,#1607,#1615,#1623,
    #1631,#1639,#1647,#1655,#1663));
#1477 = ORIENTED_EDGE('',*,*,#1478,.T.);
#1478 = EDGE_CURVE('',#1479,#1481,#1483,.T.);
#1479 = VERTEX_POINT('',#1480);
#1480 = CARTESIAN_POINT('',(183.575271,22.404893,0.));
#1481 = VERTEX_POINT('',#1482);
#1482 = CARTESIAN_POINT('',(183.602271,22.393641,0.));
#1483 = LINE('',#1484,#1485);
#1484 = CARTESIAN_POINT('',(183.575271,22.404893,0.));
#1485 = VECTOR('',#1486,1.);
#1486 = DIRECTION('',(0.92305264635,-0.384673643582,0.));
#1487 = ORIENTED_EDGE('',*,*,#1488,.T.);
#1488 = EDGE_CURVE('',#1481,#1489,#1491,.T.);
#1489 = VERTEX_POINT('',#1490);
#1490 = CARTESIAN_POINT('',(183.622946,22.372915,0.));
#1491 = LINE('',#1492,#1493);
#1492 = CARTESIAN_POINT('',(183.602271,22.393641,0.));
#1493 = VECTOR('',#1494,1.);
#1494 = DIRECTION('',(0.706235192812,-0.707977296552,0.));
#1495 = ORIENTED_EDGE('',*,*,#1496,.T.);
#1496 = EDGE_CURVE('',#1489,#1497,#1499,.T.);
#1497 = VERTEX_POINT('',#1498);
#1498 = CARTESIAN_POINT('',(183.62983,22.359935,0.));
#1499 = LINE('',#1500,#1501);
#1500 = CARTESIAN_POINT('',(183.622946,22.372915,0.));
#1501 = VECTOR('',#1502,1.);
#1502 = DIRECTION('',(0.468538044617,-0.883443320619,0.));
#1503 = ORIENTED_EDGE('',*,*,#1504,.T.);
#1504 = EDGE_CURVE('',#1497,#1505,#1507,.T.);
#1505 = VERTEX_POINT('',#1506);
#1506 = CARTESIAN_POINT('',(189.002717,9.323741,0.));
#1507 = LINE('',#1508,#1509);
#1508 = CARTESIAN_POINT('',(183.62983,22.359935,0.));
#1509 = VECTOR('',#1510,1.);
#1510 = DIRECTION('',(0.381055558077,-0.924552141125,0.));
#1511 = ORIENTED_EDGE('',*,*,#1512,.T.);
#1512 = EDGE_CURVE('',#1505,#1513,#1515,.T.);
#1513 = VERTEX_POINT('',#1514);
#1514 = CARTESIAN_POINT('',(189.006959,9.309669,0.));
#1515 = LINE('',#1516,#1517);
#1516 = CARTESIAN_POINT('',(189.002717,9.323741,0.));
#1517 = VECTOR('',#1518,1.);
#1518 = DIRECTION('',(0.288621020245,-0.957443422178,0.));
#1519 = ORIENTED_EDGE('',*,*,#1520,.T.);
#1520 = EDGE_CURVE('',#1513,#1521,#1523,.T.);
#1521 = VERTEX_POINT('',#1522);
#1522 = CARTESIAN_POINT('',(189.006908,9.280408,0.));
#1523 = LINE('',#1524,#1525);
#1524 = CARTESIAN_POINT('',(189.006959,9.309669,0.));
#1525 = VECTOR('',#1526,1.);
#1526 = DIRECTION('',(-1.742931633256E-03,-0.999998481094,0.));
#1527 = ORIENTED_EDGE('',*,*,#1528,.T.);
#1528 = EDGE_CURVE('',#1521,#1529,#1531,.T.);
#1529 = VERTEX_POINT('',#1530);
#1530 = CARTESIAN_POINT('',(188.995656,9.253383,0.));
#1531 = LINE('',#1532,#1533);
#1532 = CARTESIAN_POINT('',(189.006908,9.280408,0.));
#1533 = VECTOR('',#1534,1.);
#1534 = DIRECTION('',(-0.384370387977,-0.923178966857,0.));
#1535 = ORIENTED_EDGE('',*,*,#1536,.T.);
#1536 = EDGE_CURVE('',#1529,#1537,#1539,.T.);
#1537 = VERTEX_POINT('',#1538);
#1538 = CARTESIAN_POINT('',(188.97493,9.232733,0.));
#1539 = LINE('',#1540,#1541);
#1540 = CARTESIAN_POINT('',(188.995656,9.253383,0.));
#1541 = VECTOR('',#1542,1.);
#1542 = DIRECTION('',(-0.708404409511,-0.705806767172,0.));
#1543 = ORIENTED_EDGE('',*,*,#1544,.T.);
#1544 = EDGE_CURVE('',#1537,#1545,#1547,.T.);
#1545 = VERTEX_POINT('',#1546);
#1546 = CARTESIAN_POINT('',(188.96195,9.225824,0.));
#1547 = LINE('',#1548,#1549);
#1548 = CARTESIAN_POINT('',(188.97493,9.232733,0.));
#1549 = VECTOR('',#1550,1.);
#1550 = DIRECTION('',(-0.88273856991,-0.469864466834,0.));
#1551 = ORIENTED_EDGE('',*,*,#1552,.T.);
#1552 = EDGE_CURVE('',#1545,#1553,#1555,.T.);
#1553 = VERTEX_POINT('',#1554);
#1554 = CARTESIAN_POINT('',(175.925756,3.852962,0.));
#1555 = LINE('',#1556,#1557);
#1556 = CARTESIAN_POINT('',(188.96195,9.225824,0.));
#1557 = VECTOR('',#1558,1.);
#1558 = DIRECTION('',(-0.924552765779,-0.38105404248,0.));
#1559 = ORIENTED_EDGE('',*,*,#1560,.T.);
#1560 = EDGE_CURVE('',#1553,#1561,#1563,.T.);
#1561 = VERTEX_POINT('',#1562);
#1562 = CARTESIAN_POINT('',(175.911684,3.84872,0.));
#1563 = LINE('',#1564,#1565);
#1564 = CARTESIAN_POINT('',(175.925756,3.852962,0.));
#1565 = VECTOR('',#1566,1.);
#1566 = DIRECTION('',(-0.957443422179,-0.288621020245,0.));
#1567 = ORIENTED_EDGE('',*,*,#1568,.T.);
#1568 = EDGE_CURVE('',#1561,#1569,#1571,.T.);
#1569 = VERTEX_POINT('',#1570);
#1570 = CARTESIAN_POINT('',(175.882398,3.848771,0.));
#1571 = LINE('',#1572,#1573);
#1572 = CARTESIAN_POINT('',(175.911684,3.84872,0.));
#1573 = VECTOR('',#1574,1.);
#1574 = DIRECTION('',(-0.999998483686,1.741443784333E-03,0.));
#1575 = ORIENTED_EDGE('',*,*,#1576,.T.);
#1576 = EDGE_CURVE('',#1569,#1577,#1579,.T.);
#1577 = VERTEX_POINT('',#1578);
#1578 = CARTESIAN_POINT('',(175.855398,3.860023,0.));
#1579 = LINE('',#1580,#1581);
#1580 = CARTESIAN_POINT('',(175.882398,3.848771,0.));
#1581 = VECTOR('',#1582,1.);
#1582 = DIRECTION('',(-0.92305264635,0.384673643583,0.));
#1583 = ORIENTED_EDGE('',*,*,#1584,.T.);
#1584 = EDGE_CURVE('',#1577,#1585,#1587,.T.);
#1585 = VERTEX_POINT('',#1586);
#1586 = CARTESIAN_POINT('',(175.834748,3.880749,0.));
#1587 = LINE('',#1588,#1589);
#1588 = CARTESIAN_POINT('',(175.855398,3.860023,0.));
#1589 = VECTOR('',#1590,1.);
#1590 = DIRECTION('',(-0.705806767172,0.708404409511,0.));
#1591 = ORIENTED_EDGE('',*,*,#1592,.T.);
#1592 = EDGE_CURVE('',#1585,#1593,#1595,.T.);
#1593 = VERTEX_POINT('',#1594);
#1594 = CARTESIAN_POINT('',(175.827839,3.893729,0.));
#1595 = LINE('',#1596,#1597);
#1596 = CARTESIAN_POINT('',(175.834748,3.880749,0.));
#1597 = VECTOR('',#1598,1.);
#1598 = DIRECTION('',(-0.469864466833,0.882738569911,0.));
#1599 = ORIENTED_EDGE('',*,*,#1600,.T.);
#1600 = EDGE_CURVE('',#1593,#1601,#1603,.T.);
#1601 = VERTEX_POINT('',#1602);
#1602 = CARTESIAN_POINT('',(170.454977,16.929923,0.));
#1603 = LINE('',#1604,#1605);
#1604 = CARTESIAN_POINT('',(175.827839,3.893729,0.));
#1605 = VECTOR('',#1606,1.);
#1606 = DIRECTION('',(-0.38105404248,0.924552765779,0.));
#1607 = ORIENTED_EDGE('',*,*,#1608,.T.);
#1608 = EDGE_CURVE('',#1601,#1609,#1611,.T.);
#1609 = VERTEX_POINT('',#1610);
#1610 = CARTESIAN_POINT('',(170.45071,16.943995,0.));
#1611 = LINE('',#1612,#1613);
#1612 = CARTESIAN_POINT('',(170.454977,16.929923,0.));
#1613 = VECTOR('',#1614,1.);
#1614 = DIRECTION('',(-0.290179148639,0.956972341134,0.));
#1615 = ORIENTED_EDGE('',*,*,#1616,.T.);
#1616 = EDGE_CURVE('',#1609,#1617,#1619,.T.);
#1617 = VERTEX_POINT('',#1618);
#1618 = CARTESIAN_POINT('',(170.450786,16.973256,0.));
#1619 = LINE('',#1620,#1621);
#1620 = CARTESIAN_POINT('',(170.45071,16.943995,0.));
#1621 = VECTOR('',#1622,1.);
#1622 = DIRECTION('',(2.597305070192E-03,0.999996626997,0.));
#1623 = ORIENTED_EDGE('',*,*,#1624,.T.);
#1624 = EDGE_CURVE('',#1617,#1625,#1627,.T.);
#1625 = VERTEX_POINT('',#1626);
#1626 = CARTESIAN_POINT('',(170.462013,17.000281,0.));
#1627 = LINE('',#1628,#1629);
#1628 = CARTESIAN_POINT('',(170.450786,16.973256,0.));
#1629 = VECTOR('',#1630,1.);
#1630 = DIRECTION('',(0.383642196228,0.923481816428,0.));
#1631 = ORIENTED_EDGE('',*,*,#1632,.T.);
#1632 = EDGE_CURVE('',#1625,#1633,#1635,.T.);
#1633 = VERTEX_POINT('',#1634);
#1634 = CARTESIAN_POINT('',(170.482739,17.020931,0.));
#1635 = LINE('',#1636,#1637);
#1636 = CARTESIAN_POINT('',(170.462013,17.000281,0.));
#1637 = VECTOR('',#1638,1.);
#1638 = DIRECTION('',(0.708404409511,0.705806767172,0.));
#1639 = ORIENTED_EDGE('',*,*,#1640,.T.);
#1640 = EDGE_CURVE('',#1633,#1641,#1643,.T.);
#1641 = VERTEX_POINT('',#1642);
#1642 = CARTESIAN_POINT('',(170.495718,17.02784,0.));
#1643 = LINE('',#1644,#1645);
#1644 = CARTESIAN_POINT('',(170.482739,17.020931,0.));
#1645 = VECTOR('',#1646,1.);
#1646 = DIRECTION('',(0.882723554343,0.469892675627,0.));
#1647 = ORIENTED_EDGE('',*,*,#1648,.T.);
#1648 = EDGE_CURVE('',#1641,#1649,#1651,.T.);
#1649 = VERTEX_POINT('',#1650);
#1650 = CARTESIAN_POINT('',(183.531913,22.400702,0.));
#1651 = LINE('',#1652,#1653);
#1652 = CARTESIAN_POINT('',(170.495718,17.02784,0.));
#1653 = VECTOR('',#1654,1.);
#1654 = DIRECTION('',(0.924552776077,0.381054017494,0.));
#1655 = ORIENTED_EDGE('',*,*,#1656,.T.);
#1656 = EDGE_CURVE('',#1649,#1657,#1659,.T.);
#1657 = VERTEX_POINT('',#1658);
#1658 = CARTESIAN_POINT('',(183.54601,22.404944,0.));
#1659 = LINE('',#1660,#1661);
#1660 = CARTESIAN_POINT('',(183.531913,22.400702,0.));
#1661 = VECTOR('',#1662,1.);
#1662 = DIRECTION('',(0.957584771342,0.288151706039,0.));
#1663 = ORIENTED_EDGE('',*,*,#1664,.T.);
#1664 = EDGE_CURVE('',#1657,#1479,#1665,.T.);
#1665 = LINE('',#1666,#1667);
#1666 = CARTESIAN_POINT('',(183.54601,22.404944,0.));
#1667 = VECTOR('',#1668,1.);
#1668 = DIRECTION('',(0.999998481094,-1.742931633742E-03,0.));
#1669 = FACE_BOUND('',#1670,.F.);
#1670 = EDGE_LOOP('',(#1671,#1681,#1689,#1697,#1705,#1713,#1721,#1729,
    #1737,#1745,#1753,#1761,#1769,#1777,#1785,#1793,#1801,#1809,#1817,
    #1825,#1833,#1841,#1849,#1857,#1865,#1873,#1881));
#1671 = ORIENTED_EDGE('',*,*,#1672,.T.);
#1672 = EDGE_CURVE('',#1673,#1675,#1677,.T.);
#1673 = VERTEX_POINT('',#1674);
#1674 = CARTESIAN_POINT('',(205.672534,27.488373,0.));
#1675 = VERTEX_POINT('',#1676);
#1676 = CARTESIAN_POINT('',(205.70116,27.482353,0.));
#1677 = LINE('',#1678,#1679);
#1678 = CARTESIAN_POINT('',(205.672534,27.488373,0.));
#1679 = VECTOR('',#1680,1.);
#1680 = DIRECTION('',(0.978594737843,-0.205796839301,0.));
#1681 = ORIENTED_EDGE('',*,*,#1682,.T.);
#1682 = EDGE_CURVE('',#1675,#1683,#1685,.T.);
#1683 = VERTEX_POINT('',#1684);
#1684 = CARTESIAN_POINT('',(205.725315,27.465818,0.));
#1685 = LINE('',#1686,#1687);
#1686 = CARTESIAN_POINT('',(205.70116,27.482353,0.));
#1687 = VECTOR('',#1688,1.);
#1688 = DIRECTION('',(0.825181550666,-0.564867602577,0.));
#1689 = ORIENTED_EDGE('',*,*,#1690,.T.);
#1690 = EDGE_CURVE('',#1683,#1691,#1693,.T.);
#1691 = VERTEX_POINT('',#1692);
#1692 = CARTESIAN_POINT('',(205.741292,27.441307,0.));
#1693 = LINE('',#1694,#1695);
#1694 = CARTESIAN_POINT('',(205.725315,27.465818,0.));
#1695 = VECTOR('',#1696,1.);
#1696 = DIRECTION('',(0.54606550568,-0.837742480424,0.));
#1697 = ORIENTED_EDGE('',*,*,#1698,.T.);
#1698 = EDGE_CURVE('',#1691,#1699,#1701,.T.);
#1699 = VERTEX_POINT('',#1700);
#1700 = CARTESIAN_POINT('',(205.741292,27.441281,0.));
#1701 = LINE('',#1702,#1703);
#1702 = CARTESIAN_POINT('',(205.741292,27.441307,0.));
#1703 = VECTOR('',#1704,1.);
#1704 = DIRECTION('',(0.,-1.,0.));
#1705 = ORIENTED_EDGE('',*,*,#1706,.T.);
#1706 = EDGE_CURVE('',#1699,#1707,#1709,.T.);
#1707 = VERTEX_POINT('',#1708);
#1708 = CARTESIAN_POINT('',(205.745381,27.427184,0.));
#1709 = LINE('',#1710,#1711);
#1710 = CARTESIAN_POINT('',(205.741292,27.441281,0.));
#1711 = VECTOR('',#1712,1.);
#1712 = DIRECTION('',(0.278579123861,-0.960413281743,0.));
#1713 = ORIENTED_EDGE('',*,*,#1714,.T.);
#1714 = EDGE_CURVE('',#1707,#1715,#1717,.T.);
#1715 = VERTEX_POINT('',#1716);
#1716 = CARTESIAN_POINT('',(208.339102,13.567801,0.));
#1717 = LINE('',#1718,#1719);
#1718 = CARTESIAN_POINT('',(205.745381,27.427184,0.));
#1719 = VECTOR('',#1720,1.);
#1720 = DIRECTION('',(0.18395189682,-0.98293524693,0.));
#1721 = ORIENTED_EDGE('',*,*,#1722,.T.);
#1722 = EDGE_CURVE('',#1715,#1723,#1725,.T.);
#1723 = VERTEX_POINT('',#1724);
#1724 = CARTESIAN_POINT('',(208.340372,13.553146,0.));
#1725 = LINE('',#1726,#1727);
#1726 = CARTESIAN_POINT('',(208.339102,13.567801,0.));
#1727 = VECTOR('',#1728,1.);
#1728 = DIRECTION('',(8.633625987767E-02,-0.996266053939,0.));
#1729 = ORIENTED_EDGE('',*,*,#1730,.T.);
#1730 = EDGE_CURVE('',#1723,#1731,#1733,.T.);
#1731 = VERTEX_POINT('',#1732);
#1732 = CARTESIAN_POINT('',(208.334352,13.52452,0.));
#1733 = LINE('',#1734,#1735);
#1734 = CARTESIAN_POINT('',(208.340372,13.553146,0.));
#1735 = VECTOR('',#1736,1.);
#1736 = DIRECTION('',(-0.205796839301,-0.978594737843,0.));
#1737 = ORIENTED_EDGE('',*,*,#1738,.T.);
#1738 = EDGE_CURVE('',#1731,#1739,#1741,.T.);
#1739 = VERTEX_POINT('',#1740);
#1740 = CARTESIAN_POINT('',(208.317817,13.500364,0.));
#1741 = LINE('',#1742,#1743);
#1742 = CARTESIAN_POINT('',(208.334352,13.52452,0.));
#1743 = VECTOR('',#1744,1.);
#1744 = DIRECTION('',(-0.564851679417,-0.825192450438,0.));
#1745 = ORIENTED_EDGE('',*,*,#1746,.T.);
#1746 = EDGE_CURVE('',#1739,#1747,#1749,.T.);
#1747 = VERTEX_POINT('',#1748);
#1748 = CARTESIAN_POINT('',(208.30814,13.494065,0.));
#1749 = LINE('',#1750,#1751);
#1750 = CARTESIAN_POINT('',(208.317817,13.500364,0.));
#1751 = VECTOR('',#1752,1.);
#1752 = DIRECTION('',(-0.838089251394,-0.545533139872,0.));
#1753 = ORIENTED_EDGE('',*,*,#1754,.T.);
#1754 = EDGE_CURVE('',#1747,#1755,#1757,.T.);
#1755 = VERTEX_POINT('',#1756);
#1756 = CARTESIAN_POINT('',(208.293306,13.484388,0.));
#1757 = LINE('',#1758,#1759);
#1758 = CARTESIAN_POINT('',(208.30814,13.494065,0.));
#1759 = VECTOR('',#1760,1.);
#1760 = DIRECTION('',(-0.837542073287,-0.546372835593,0.));
#1761 = ORIENTED_EDGE('',*,*,#1762,.T.);
#1762 = EDGE_CURVE('',#1755,#1763,#1765,.T.);
#1763 = VERTEX_POINT('',#1764);
#1764 = CARTESIAN_POINT('',(208.293281,13.484388,0.));
#1765 = LINE('',#1766,#1767);
#1766 = CARTESIAN_POINT('',(208.293306,13.484388,0.));
#1767 = VECTOR('',#1768,1.);
#1768 = DIRECTION('',(-1.,0.,0.));
#1769 = ORIENTED_EDGE('',*,*,#1770,.T.);
#1770 = EDGE_CURVE('',#1763,#1771,#1773,.T.);
#1771 = VERTEX_POINT('',#1772);
#1772 = CARTESIAN_POINT('',(208.279184,13.480273,0.));
#1773 = LINE('',#1774,#1775);
#1774 = CARTESIAN_POINT('',(208.293281,13.484388,0.));
#1775 = VECTOR('',#1776,1.);
#1776 = DIRECTION('',(-0.959938200659,-0.280211796532,0.));
#1777 = ORIENTED_EDGE('',*,*,#1778,.T.);
#1778 = EDGE_CURVE('',#1771,#1779,#1781,.T.);
#1779 = VERTEX_POINT('',#1780);
#1780 = CARTESIAN_POINT('',(194.419801,10.886577,0.));
#1781 = LINE('',#1782,#1783);
#1782 = CARTESIAN_POINT('',(208.279184,13.480273,0.));
#1783 = VECTOR('',#1784,1.);
#1784 = DIRECTION('',(-0.982935567518,-0.183950183766,0.));
#1785 = ORIENTED_EDGE('',*,*,#1786,.T.);
#1786 = EDGE_CURVE('',#1779,#1787,#1789,.T.);
#1787 = VERTEX_POINT('',#1788);
#1788 = CARTESIAN_POINT('',(194.405145,10.885282,0.));
#1789 = LINE('',#1790,#1791);
#1790 = CARTESIAN_POINT('',(194.419801,10.886577,0.));
#1791 = VECTOR('',#1792,1.);
#1792 = DIRECTION('',(-0.996118991108,-8.801679131318E-02,0.));
#1793 = ORIENTED_EDGE('',*,*,#1794,.T.);
#1794 = EDGE_CURVE('',#1787,#1795,#1797,.T.);
#1795 = VERTEX_POINT('',#1796);
#1796 = CARTESIAN_POINT('',(194.376519,10.891327,0.));
#1797 = LINE('',#1798,#1799);
#1798 = CARTESIAN_POINT('',(194.405145,10.885282,0.));
#1799 = VECTOR('',#1800,1.);
#1800 = DIRECTION('',(-0.97842230903,0.206615065258,0.));
#1801 = ORIENTED_EDGE('',*,*,#1802,.T.);
#1802 = EDGE_CURVE('',#1795,#1803,#1805,.T.);
#1803 = VERTEX_POINT('',#1804);
#1804 = CARTESIAN_POINT('',(194.352364,10.907863,0.));
#1805 = LINE('',#1806,#1807);
#1806 = CARTESIAN_POINT('',(194.376519,10.891327,0.));
#1807 = VECTOR('',#1808,1.);
#1808 = DIRECTION('',(-0.825165627141,0.564890863606,0.));
#1809 = ORIENTED_EDGE('',*,*,#1810,.T.);
#1810 = EDGE_CURVE('',#1803,#1811,#1813,.T.);
#1811 = VERTEX_POINT('',#1812);
#1812 = CARTESIAN_POINT('',(194.336387,10.932374,0.));
#1813 = LINE('',#1814,#1815);
#1814 = CARTESIAN_POINT('',(194.352364,10.907863,0.));
#1815 = VECTOR('',#1816,1.);
#1816 = DIRECTION('',(-0.54606550568,0.837742480424,0.));
#1817 = ORIENTED_EDGE('',*,*,#1818,.T.);
#1818 = EDGE_CURVE('',#1811,#1819,#1821,.T.);
#1819 = VERTEX_POINT('',#1820);
#1820 = CARTESIAN_POINT('',(194.332272,10.946496,0.));
#1821 = LINE('',#1822,#1823);
#1822 = CARTESIAN_POINT('',(194.336387,10.932374,0.));
#1823 = VECTOR('',#1824,1.);
#1824 = DIRECTION('',(-0.279754595425,0.960071542302,0.));
#1825 = ORIENTED_EDGE('',*,*,#1826,.T.);
#1826 = EDGE_CURVE('',#1819,#1827,#1829,.T.);
#1827 = VERTEX_POINT('',#1828);
#1828 = CARTESIAN_POINT('',(191.738577,24.805879,0.));
#1829 = LINE('',#1830,#1831);
#1830 = CARTESIAN_POINT('',(194.332272,10.946496,0.));
#1831 = VECTOR('',#1832,1.);
#1832 = DIRECTION('',(-0.183950115244,0.982935580342,0.));
#1833 = ORIENTED_EDGE('',*,*,#1834,.T.);
#1834 = EDGE_CURVE('',#1827,#1835,#1837,.T.);
#1835 = VERTEX_POINT('',#1836);
#1836 = CARTESIAN_POINT('',(191.737281,24.820535,0.));
#1837 = LINE('',#1838,#1839);
#1838 = CARTESIAN_POINT('',(191.738577,24.805879,0.));
#1839 = VECTOR('',#1840,1.);
#1840 = DIRECTION('',(-8.808423080732E-02,0.996113029873,0.));
#1841 = ORIENTED_EDGE('',*,*,#1842,.T.);
#1842 = EDGE_CURVE('',#1835,#1843,#1845,.T.);
#1843 = VERTEX_POINT('',#1844);
#1844 = CARTESIAN_POINT('',(191.743326,24.849161,0.));
#1845 = LINE('',#1846,#1847);
#1846 = CARTESIAN_POINT('',(191.737281,24.820535,0.));
#1847 = VECTOR('',#1848,1.);
#1848 = DIRECTION('',(0.206615065258,0.97842230903,0.));
#1849 = ORIENTED_EDGE('',*,*,#1850,.T.);
#1850 = EDGE_CURVE('',#1843,#1851,#1853,.T.);
#1851 = VERTEX_POINT('',#1852);
#1852 = CARTESIAN_POINT('',(191.759862,24.873316,0.));
#1853 = LINE('',#1854,#1855);
#1854 = CARTESIAN_POINT('',(191.743326,24.849161,0.));
#1855 = VECTOR('',#1856,1.);
#1856 = DIRECTION('',(0.564890863606,0.825165627141,0.));
#1857 = ORIENTED_EDGE('',*,*,#1858,.T.);
#1858 = EDGE_CURVE('',#1851,#1859,#1861,.T.);
#1859 = VERTEX_POINT('',#1860);
#1860 = CARTESIAN_POINT('',(191.784373,24.889293,0.));
#1861 = LINE('',#1862,#1863);
#1862 = CARTESIAN_POINT('',(191.759862,24.873316,0.));
#1863 = VECTOR('',#1864,1.);
#1864 = DIRECTION('',(0.837742480423,0.54606550568,0.));
#1865 = ORIENTED_EDGE('',*,*,#1866,.T.);
#1866 = EDGE_CURVE('',#1859,#1867,#1869,.T.);
#1867 = VERTEX_POINT('',#1868);
#1868 = CARTESIAN_POINT('',(191.798495,24.893382,0.));
#1869 = LINE('',#1870,#1871);
#1870 = CARTESIAN_POINT('',(191.784373,24.889293,0.));
#1871 = VECTOR('',#1872,1.);
#1872 = DIRECTION('',(0.960545138972,0.278124137746,0.));
#1873 = ORIENTED_EDGE('',*,*,#1874,.T.);
#1874 = EDGE_CURVE('',#1867,#1875,#1877,.T.);
#1875 = VERTEX_POINT('',#1876);
#1876 = CARTESIAN_POINT('',(205.657878,27.487103,0.));
#1877 = LINE('',#1878,#1879);
#1878 = CARTESIAN_POINT('',(191.798495,24.893382,0.));
#1879 = VECTOR('',#1880,1.);
#1880 = DIRECTION('',(0.98293524693,0.18395189682,0.));
#1881 = ORIENTED_EDGE('',*,*,#1882,.T.);
#1882 = EDGE_CURVE('',#1875,#1673,#1883,.T.);
#1883 = LINE('',#1884,#1885);
#1884 = CARTESIAN_POINT('',(205.657878,27.487103,0.));
#1885 = VECTOR('',#1886,1.);
#1886 = DIRECTION('',(0.996266560616,8.633041293537E-02,0.));
#1887 = FACE_BOUND('',#1888,.F.);
#1888 = EDGE_LOOP('',(#1889,#1899,#1907,#1915,#1923,#1931,#1939,#1947,
    #1955,#1963,#1971,#1979,#1987,#1995,#2003,#2011));
#1889 = ORIENTED_EDGE('',*,*,#1890,.T.);
#1890 = EDGE_CURVE('',#1891,#1893,#1895,.T.);
#1891 = VERTEX_POINT('',#1892);
#1892 = CARTESIAN_POINT('',(188.575896,46.759937,0.));
#1893 = VERTEX_POINT('',#1894);
#1894 = CARTESIAN_POINT('',(188.589434,46.746399,0.));
#1895 = LINE('',#1896,#1897);
#1896 = CARTESIAN_POINT('',(188.575896,46.759937,0.));
#1897 = VECTOR('',#1898,1.);
#1898 = DIRECTION('',(0.707106781187,-0.707106781186,0.));
#1899 = ORIENTED_EDGE('',*,*,#1900,.T.);
#1900 = EDGE_CURVE('',#1893,#1901,#1903,.T.);
#1901 = VERTEX_POINT('',#1902);
#1902 = CARTESIAN_POINT('',(188.591339,46.736849,0.));
#1903 = LINE('',#1904,#1905);
#1904 = CARTESIAN_POINT('',(188.589434,46.746399,0.));
#1905 = VECTOR('',#1906,1.);
#1906 = DIRECTION('',(0.195622413498,-0.980679290766,0.));
#1907 = ORIENTED_EDGE('',*,*,#1908,.T.);
#1908 = EDGE_CURVE('',#1901,#1909,#1911,.T.);
#1909 = VERTEX_POINT('',#1910);
#1910 = CARTESIAN_POINT('',(188.591339,31.736828,0.));
#1911 = LINE('',#1912,#1913);
#1912 = CARTESIAN_POINT('',(188.591339,46.736849,0.));
#1913 = VECTOR('',#1914,1.);
#1914 = DIRECTION('',(0.,-1.,0.));
#1915 = ORIENTED_EDGE('',*,*,#1916,.T.);
#1916 = EDGE_CURVE('',#1909,#1917,#1919,.T.);
#1917 = VERTEX_POINT('',#1918);
#1918 = CARTESIAN_POINT('',(188.589434,31.727277,0.));
#1919 = LINE('',#1920,#1921);
#1920 = CARTESIAN_POINT('',(188.591339,31.736828,0.));
#1921 = VECTOR('',#1922,1.);
#1922 = DIRECTION('',(-0.195602715305,-0.980683219886,0.));
#1923 = ORIENTED_EDGE('',*,*,#1924,.T.);
#1924 = EDGE_CURVE('',#1917,#1925,#1927,.T.);
#1925 = VERTEX_POINT('',#1926);
#1926 = CARTESIAN_POINT('',(188.575896,31.713739,0.));
#1927 = LINE('',#1928,#1929);
#1928 = CARTESIAN_POINT('',(188.589434,31.727277,0.));
#1929 = VECTOR('',#1930,1.);
#1930 = DIRECTION('',(-0.707106781187,-0.707106781186,0.));
#1931 = ORIENTED_EDGE('',*,*,#1932,.T.);
#1932 = EDGE_CURVE('',#1925,#1933,#1935,.T.);
#1933 = VERTEX_POINT('',#1934);
#1934 = CARTESIAN_POINT('',(188.566345,31.711834,0.));
#1935 = LINE('',#1936,#1937);
#1936 = CARTESIAN_POINT('',(188.575896,31.713739,0.));
#1937 = VECTOR('',#1938,1.);
#1938 = DIRECTION('',(-0.980683219886,-0.195602715306,0.));
#1939 = ORIENTED_EDGE('',*,*,#1940,.T.);
#1940 = EDGE_CURVE('',#1933,#1941,#1943,.T.);
#1941 = VERTEX_POINT('',#1942);
#1942 = CARTESIAN_POINT('',(172.766326,31.711834,0.));
#1943 = LINE('',#1944,#1945);
#1944 = CARTESIAN_POINT('',(188.566345,31.711834,0.));
#1945 = VECTOR('',#1946,1.);
#1946 = DIRECTION('',(-1.,0.,0.));
#1947 = ORIENTED_EDGE('',*,*,#1948,.T.);
#1948 = EDGE_CURVE('',#1941,#1949,#1951,.T.);
#1949 = VERTEX_POINT('',#1950);
#1950 = CARTESIAN_POINT('',(172.756776,31.713739,0.));
#1951 = LINE('',#1952,#1953);
#1952 = CARTESIAN_POINT('',(172.766326,31.711834,0.));
#1953 = VECTOR('',#1954,1.);
#1954 = DIRECTION('',(-0.980679290766,0.195622413499,0.));
#1955 = ORIENTED_EDGE('',*,*,#1956,.T.);
#1956 = EDGE_CURVE('',#1949,#1957,#1959,.T.);
#1957 = VERTEX_POINT('',#1958);
#1958 = CARTESIAN_POINT('',(172.743237,31.727277,0.));
#1959 = LINE('',#1960,#1961);
#1960 = CARTESIAN_POINT('',(172.756776,31.713739,0.));
#1961 = VECTOR('',#1962,1.);
#1962 = DIRECTION('',(-0.707132895369,0.707080666039,0.));
#1963 = ORIENTED_EDGE('',*,*,#1964,.T.);
#1964 = EDGE_CURVE('',#1957,#1965,#1967,.T.);
#1965 = VERTEX_POINT('',#1966);
#1966 = CARTESIAN_POINT('',(172.741332,31.736828,0.));
#1967 = LINE('',#1968,#1969);
#1968 = CARTESIAN_POINT('',(172.743237,31.727277,0.));
#1969 = VECTOR('',#1970,1.);
#1970 = DIRECTION('',(-0.195602715305,0.980683219886,0.));
#1971 = ORIENTED_EDGE('',*,*,#1972,.T.);
#1972 = EDGE_CURVE('',#1965,#1973,#1975,.T.);
#1973 = VERTEX_POINT('',#1974);
#1974 = CARTESIAN_POINT('',(172.741332,46.736849,0.));
#1975 = LINE('',#1976,#1977);
#1976 = CARTESIAN_POINT('',(172.741332,31.736828,0.));
#1977 = VECTOR('',#1978,1.);
#1978 = DIRECTION('',(0.,1.,0.));
#1979 = ORIENTED_EDGE('',*,*,#1980,.T.);
#1980 = EDGE_CURVE('',#1973,#1981,#1983,.T.);
#1981 = VERTEX_POINT('',#1982);
#1982 = CARTESIAN_POINT('',(172.743237,46.746399,0.));
#1983 = LINE('',#1984,#1985);
#1984 = CARTESIAN_POINT('',(172.741332,46.736849,0.));
#1985 = VECTOR('',#1986,1.);
#1986 = DIRECTION('',(0.195622413498,0.980679290766,0.));
#1987 = ORIENTED_EDGE('',*,*,#1988,.T.);
#1988 = EDGE_CURVE('',#1981,#1989,#1991,.T.);
#1989 = VERTEX_POINT('',#1990);
#1990 = CARTESIAN_POINT('',(172.756776,46.759937,0.));
#1991 = LINE('',#1992,#1993);
#1992 = CARTESIAN_POINT('',(172.743237,46.746399,0.));
#1993 = VECTOR('',#1994,1.);
#1994 = DIRECTION('',(0.707132895369,0.707080666039,0.));
#1995 = ORIENTED_EDGE('',*,*,#1996,.T.);
#1996 = EDGE_CURVE('',#1989,#1997,#1999,.T.);
#1997 = VERTEX_POINT('',#1998);
#1998 = CARTESIAN_POINT('',(172.766326,46.761842,0.));
#1999 = LINE('',#2000,#2001);
#2000 = CARTESIAN_POINT('',(172.756776,46.759937,0.));
#2001 = VECTOR('',#2002,1.);
#2002 = DIRECTION('',(0.980679290766,0.195622413499,0.));
#2003 = ORIENTED_EDGE('',*,*,#2004,.T.);
#2004 = EDGE_CURVE('',#1997,#2005,#2007,.T.);
#2005 = VERTEX_POINT('',#2006);
#2006 = CARTESIAN_POINT('',(188.566345,46.761842,0.));
#2007 = LINE('',#2008,#2009);
#2008 = CARTESIAN_POINT('',(172.766326,46.761842,0.));
#2009 = VECTOR('',#2010,1.);
#2010 = DIRECTION('',(1.,0.,0.));
#2011 = ORIENTED_EDGE('',*,*,#2012,.T.);
#2012 = EDGE_CURVE('',#2005,#1891,#2013,.T.);
#2013 = LINE('',#2014,#2015);
#2014 = CARTESIAN_POINT('',(188.566345,46.761842,0.));
#2015 = VECTOR('',#2016,1.);
#2016 = DIRECTION('',(0.980683219886,-0.195602715306,0.));
#2017 = FACE_BOUND('',#2018,.F.);
#2018 = EDGE_LOOP('',(#2019,#2029,#2037,#2045,#2053,#2061,#2069,#2077,
    #2085,#2093,#2101,#2109,#2117,#2125,#2133,#2141,#2149,#2157,#2165,
    #2173,#2181,#2189,#2197,#2205));
#2019 = ORIENTED_EDGE('',*,*,#2020,.T.);
#2020 = EDGE_CURVE('',#2021,#2023,#2025,.T.);
#2021 = VERTEX_POINT('',#2022);
#2022 = CARTESIAN_POINT('',(301.830965,52.122893,0.));
#2023 = VERTEX_POINT('',#2024);
#2024 = CARTESIAN_POINT('',(301.858016,52.111692,0.));
#2025 = LINE('',#2026,#2027);
#2026 = CARTESIAN_POINT('',(301.830965,52.122893,0.));
#2027 = VECTOR('',#2028,1.);
#2028 = DIRECTION('',(0.923926512664,-0.382569992545,0.));
#2029 = ORIENTED_EDGE('',*,*,#2030,.T.);
#2030 = EDGE_CURVE('',#2023,#2031,#2033,.T.);
#2031 = VERTEX_POINT('',#2032);
#2032 = CARTESIAN_POINT('',(301.878692,52.091016,0.));
#2033 = LINE('',#2034,#2035);
#2034 = CARTESIAN_POINT('',(301.858016,52.111692,0.));
#2035 = VECTOR('',#2036,1.);
#2036 = DIRECTION('',(0.707106781186,-0.707106781187,0.));
#2037 = ORIENTED_EDGE('',*,*,#2038,.T.);
#2038 = EDGE_CURVE('',#2031,#2039,#2041,.T.);
#2039 = VERTEX_POINT('',#2040);
#2040 = CARTESIAN_POINT('',(301.889893,52.063965,0.));
#2041 = LINE('',#2042,#2043);
#2042 = CARTESIAN_POINT('',(301.878692,52.091016,0.));
#2043 = VECTOR('',#2044,1.);
#2044 = DIRECTION('',(0.382569992545,-0.923926512664,0.));
#2045 = ORIENTED_EDGE('',*,*,#2046,.T.);
#2046 = EDGE_CURVE('',#2039,#2047,#2049,.T.);
#2047 = VERTEX_POINT('',#2048);
#2048 = CARTESIAN_POINT('',(301.891341,52.049335,0.));
#2049 = LINE('',#2050,#2051);
#2050 = CARTESIAN_POINT('',(301.889893,52.063965,0.));
#2051 = VECTOR('',#2052,1.);
#2052 = DIRECTION('',(9.849346454886E-02,-0.995137697729,0.));
#2053 = ORIENTED_EDGE('',*,*,#2054,.T.);
#2054 = EDGE_CURVE('',#2047,#2055,#2057,.T.);
#2055 = VERTEX_POINT('',#2056);
#2056 = CARTESIAN_POINT('',(301.891341,37.949338,0.));
#2057 = LINE('',#2058,#2059);
#2058 = CARTESIAN_POINT('',(301.891341,52.049335,0.));
#2059 = VECTOR('',#2060,1.);
#2060 = DIRECTION('',(0.,-1.,0.));
#2061 = ORIENTED_EDGE('',*,*,#2062,.T.);
#2062 = EDGE_CURVE('',#2055,#2063,#2065,.T.);
#2063 = VERTEX_POINT('',#2064);
#2064 = CARTESIAN_POINT('',(301.889893,37.934707,0.));
#2065 = LINE('',#2066,#2067);
#2066 = CARTESIAN_POINT('',(301.891341,37.949338,0.));
#2067 = VECTOR('',#2068,1.);
#2068 = DIRECTION('',(-9.848679801348E-02,-0.995138357525,0.));
#2069 = ORIENTED_EDGE('',*,*,#2070,.T.);
#2070 = EDGE_CURVE('',#2063,#2071,#2073,.T.);
#2071 = VERTEX_POINT('',#2072);
#2072 = CARTESIAN_POINT('',(301.878692,37.907656,0.));
#2073 = LINE('',#2074,#2075);
#2074 = CARTESIAN_POINT('',(301.889893,37.934707,0.));
#2075 = VECTOR('',#2076,1.);
#2076 = DIRECTION('',(-0.382569992545,-0.923926512664,0.));
#2077 = ORIENTED_EDGE('',*,*,#2078,.T.);
#2078 = EDGE_CURVE('',#2071,#2079,#2081,.T.);
#2079 = VERTEX_POINT('',#2080);
#2080 = CARTESIAN_POINT('',(301.858016,37.886981,0.));
#2081 = LINE('',#2082,#2083);
#2082 = CARTESIAN_POINT('',(301.878692,37.907656,0.));
#2083 = VECTOR('',#2084,1.);
#2084 = DIRECTION('',(-0.707123881093,-0.707089680867,0.));
#2085 = ORIENTED_EDGE('',*,*,#2086,.T.);
#2086 = EDGE_CURVE('',#2079,#2087,#2089,.T.);
#2087 = VERTEX_POINT('',#2088);
#2088 = CARTESIAN_POINT('',(301.830965,37.875779,0.));
#2089 = LINE('',#2090,#2091);
#2090 = CARTESIAN_POINT('',(301.858016,37.886981,0.));
#2091 = VECTOR('',#2092,1.);
#2092 = DIRECTION('',(-0.923914439717,-0.382599148042,0.));
#2093 = ORIENTED_EDGE('',*,*,#2094,.T.);
#2094 = EDGE_CURVE('',#2087,#2095,#2097,.T.);
#2095 = VERTEX_POINT('',#2096);
#2096 = CARTESIAN_POINT('',(301.816335,37.874331,0.));
#2097 = LINE('',#2098,#2099);
#2098 = CARTESIAN_POINT('',(301.830965,37.875779,0.));
#2099 = VECTOR('',#2100,1.);
#2100 = DIRECTION('',(-0.995137697729,-9.849346454642E-02,0.));
#2101 = ORIENTED_EDGE('',*,*,#2102,.T.);
#2102 = EDGE_CURVE('',#2095,#2103,#2105,.T.);
#2103 = VERTEX_POINT('',#2104);
#2104 = CARTESIAN_POINT('',(287.716337,37.874331,0.));
#2105 = LINE('',#2106,#2107);
#2106 = CARTESIAN_POINT('',(301.816335,37.874331,0.));
#2107 = VECTOR('',#2108,1.);
#2108 = DIRECTION('',(-1.,0.,0.));
#2109 = ORIENTED_EDGE('',*,*,#2110,.T.);
#2110 = EDGE_CURVE('',#2103,#2111,#2113,.T.);
#2111 = VERTEX_POINT('',#2112);
#2112 = CARTESIAN_POINT('',(287.701707,37.875779,0.));
#2113 = LINE('',#2114,#2115);
#2114 = CARTESIAN_POINT('',(287.716337,37.874331,0.));
#2115 = VECTOR('',#2116,1.);
#2116 = DIRECTION('',(-0.995137697729,9.849346454642E-02,0.));
#2117 = ORIENTED_EDGE('',*,*,#2118,.T.);
#2118 = EDGE_CURVE('',#2111,#2119,#2121,.T.);
#2119 = VERTEX_POINT('',#2120);
#2120 = CARTESIAN_POINT('',(287.674656,37.886981,0.));
#2121 = LINE('',#2122,#2123);
#2122 = CARTESIAN_POINT('',(287.701707,37.875779,0.));
#2123 = VECTOR('',#2124,1.);
#2124 = DIRECTION('',(-0.923914439717,0.382599148043,0.));
#2125 = ORIENTED_EDGE('',*,*,#2126,.T.);
#2126 = EDGE_CURVE('',#2119,#2127,#2129,.T.);
#2127 = VERTEX_POINT('',#2128);
#2128 = CARTESIAN_POINT('',(287.65398,37.907656,0.));
#2129 = LINE('',#2130,#2131);
#2130 = CARTESIAN_POINT('',(287.674656,37.886981,0.));
#2131 = VECTOR('',#2132,1.);
#2132 = DIRECTION('',(-0.707123881094,0.707089680866,0.));
#2133 = ORIENTED_EDGE('',*,*,#2134,.T.);
#2134 = EDGE_CURVE('',#2127,#2135,#2137,.T.);
#2135 = VERTEX_POINT('',#2136);
#2136 = CARTESIAN_POINT('',(287.642779,37.934707,0.));
#2137 = LINE('',#2138,#2139);
#2138 = CARTESIAN_POINT('',(287.65398,37.907656,0.));
#2139 = VECTOR('',#2140,1.);
#2140 = DIRECTION('',(-0.382569992545,0.923926512664,0.));
#2141 = ORIENTED_EDGE('',*,*,#2142,.T.);
#2142 = EDGE_CURVE('',#2135,#2143,#2145,.T.);
#2143 = VERTEX_POINT('',#2144);
#2144 = CARTESIAN_POINT('',(287.641331,37.949338,0.));
#2145 = LINE('',#2146,#2147);
#2146 = CARTESIAN_POINT('',(287.642779,37.934707,0.));
#2147 = VECTOR('',#2148,1.);
#2148 = DIRECTION('',(-9.848679801348E-02,0.995138357525,0.));
#2149 = ORIENTED_EDGE('',*,*,#2150,.T.);
#2150 = EDGE_CURVE('',#2143,#2151,#2153,.T.);
#2151 = VERTEX_POINT('',#2152);
#2152 = CARTESIAN_POINT('',(287.641331,52.049335,0.));
#2153 = LINE('',#2154,#2155);
#2154 = CARTESIAN_POINT('',(287.641331,37.949338,0.));
#2155 = VECTOR('',#2156,1.);
#2156 = DIRECTION('',(0.,1.,0.));
#2157 = ORIENTED_EDGE('',*,*,#2158,.T.);
#2158 = EDGE_CURVE('',#2151,#2159,#2161,.T.);
#2159 = VERTEX_POINT('',#2160);
#2160 = CARTESIAN_POINT('',(287.642779,52.063965,0.));
#2161 = LINE('',#2162,#2163);
#2162 = CARTESIAN_POINT('',(287.641331,52.049335,0.));
#2163 = VECTOR('',#2164,1.);
#2164 = DIRECTION('',(9.849346454886E-02,0.995137697729,0.));
#2165 = ORIENTED_EDGE('',*,*,#2166,.T.);
#2166 = EDGE_CURVE('',#2159,#2167,#2169,.T.);
#2167 = VERTEX_POINT('',#2168);
#2168 = CARTESIAN_POINT('',(287.65398,52.091016,0.));
#2169 = LINE('',#2170,#2171);
#2170 = CARTESIAN_POINT('',(287.642779,52.063965,0.));
#2171 = VECTOR('',#2172,1.);
#2172 = DIRECTION('',(0.382569992545,0.923926512664,0.));
#2173 = ORIENTED_EDGE('',*,*,#2174,.T.);
#2174 = EDGE_CURVE('',#2167,#2175,#2177,.T.);
#2175 = VERTEX_POINT('',#2176);
#2176 = CARTESIAN_POINT('',(287.674656,52.111692,0.));
#2177 = LINE('',#2178,#2179);
#2178 = CARTESIAN_POINT('',(287.65398,52.091016,0.));
#2179 = VECTOR('',#2180,1.);
#2180 = DIRECTION('',(0.707106781187,0.707106781186,0.));
#2181 = ORIENTED_EDGE('',*,*,#2182,.T.);
#2182 = EDGE_CURVE('',#2175,#2183,#2185,.T.);
#2183 = VERTEX_POINT('',#2184);
#2184 = CARTESIAN_POINT('',(287.701707,52.122893,0.));
#2185 = LINE('',#2186,#2187);
#2186 = CARTESIAN_POINT('',(287.674656,52.111692,0.));
#2187 = VECTOR('',#2188,1.);
#2188 = DIRECTION('',(0.923926512664,0.382569992546,0.));
#2189 = ORIENTED_EDGE('',*,*,#2190,.T.);
#2190 = EDGE_CURVE('',#2183,#2191,#2193,.T.);
#2191 = VERTEX_POINT('',#2192);
#2192 = CARTESIAN_POINT('',(287.716337,52.124341,0.));
#2193 = LINE('',#2194,#2195);
#2194 = CARTESIAN_POINT('',(287.701707,52.122893,0.));
#2195 = VECTOR('',#2196,1.);
#2196 = DIRECTION('',(0.995137697729,9.849346454642E-02,0.));
#2197 = ORIENTED_EDGE('',*,*,#2198,.T.);
#2198 = EDGE_CURVE('',#2191,#2199,#2201,.T.);
#2199 = VERTEX_POINT('',#2200);
#2200 = CARTESIAN_POINT('',(301.816335,52.124341,0.));
#2201 = LINE('',#2202,#2203);
#2202 = CARTESIAN_POINT('',(287.716337,52.124341,0.));
#2203 = VECTOR('',#2204,1.);
#2204 = DIRECTION('',(1.,0.,0.));
#2205 = ORIENTED_EDGE('',*,*,#2206,.T.);
#2206 = EDGE_CURVE('',#2199,#2021,#2207,.T.);
#2207 = LINE('',#2208,#2209);
#2208 = CARTESIAN_POINT('',(301.816335,52.124341,0.));
#2209 = VECTOR('',#2210,1.);
#2210 = DIRECTION('',(0.995137697729,-9.849346454642E-02,0.));
#2211 = FACE_BOUND('',#2212,.F.);
#2212 = EDGE_LOOP('',(#2213,#2223,#2231,#2239,#2247,#2255,#2263,#2271,
    #2279,#2287,#2295,#2303,#2311,#2319,#2327,#2335,#2343,#2351,#2359,
    #2367,#2375,#2383,#2391,#2399));
#2213 = ORIENTED_EDGE('',*,*,#2214,.T.);
#2214 = EDGE_CURVE('',#2215,#2217,#2219,.T.);
#2215 = VERTEX_POINT('',#2216);
#2216 = CARTESIAN_POINT('',(301.830965,71.172893,0.));
#2217 = VERTEX_POINT('',#2218);
#2218 = CARTESIAN_POINT('',(301.858016,71.161692,0.));
#2219 = LINE('',#2220,#2221);
#2220 = CARTESIAN_POINT('',(301.830965,71.172893,0.));
#2221 = VECTOR('',#2222,1.);
#2222 = DIRECTION('',(0.923926512664,-0.382569992545,0.));
#2223 = ORIENTED_EDGE('',*,*,#2224,.T.);
#2224 = EDGE_CURVE('',#2217,#2225,#2227,.T.);
#2225 = VERTEX_POINT('',#2226);
#2226 = CARTESIAN_POINT('',(301.878692,71.141016,0.));
#2227 = LINE('',#2228,#2229);
#2228 = CARTESIAN_POINT('',(301.858016,71.161692,0.));
#2229 = VECTOR('',#2230,1.);
#2230 = DIRECTION('',(0.707106781186,-0.707106781187,0.));
#2231 = ORIENTED_EDGE('',*,*,#2232,.T.);
#2232 = EDGE_CURVE('',#2225,#2233,#2235,.T.);
#2233 = VERTEX_POINT('',#2234);
#2234 = CARTESIAN_POINT('',(301.889893,71.113965,0.));
#2235 = LINE('',#2236,#2237);
#2236 = CARTESIAN_POINT('',(301.878692,71.141016,0.));
#2237 = VECTOR('',#2238,1.);
#2238 = DIRECTION('',(0.382569992545,-0.923926512664,0.));
#2239 = ORIENTED_EDGE('',*,*,#2240,.T.);
#2240 = EDGE_CURVE('',#2233,#2241,#2243,.T.);
#2241 = VERTEX_POINT('',#2242);
#2242 = CARTESIAN_POINT('',(301.891341,71.099335,0.));
#2243 = LINE('',#2244,#2245);
#2244 = CARTESIAN_POINT('',(301.889893,71.113965,0.));
#2245 = VECTOR('',#2246,1.);
#2246 = DIRECTION('',(9.849346454891E-02,-0.995137697729,0.));
#2247 = ORIENTED_EDGE('',*,*,#2248,.T.);
#2248 = EDGE_CURVE('',#2241,#2249,#2251,.T.);
#2249 = VERTEX_POINT('',#2250);
#2250 = CARTESIAN_POINT('',(301.891341,56.999338,0.));
#2251 = LINE('',#2252,#2253);
#2252 = CARTESIAN_POINT('',(301.891341,71.099335,0.));
#2253 = VECTOR('',#2254,1.);
#2254 = DIRECTION('',(0.,-1.,0.));
#2255 = ORIENTED_EDGE('',*,*,#2256,.T.);
#2256 = EDGE_CURVE('',#2249,#2257,#2259,.T.);
#2257 = VERTEX_POINT('',#2258);
#2258 = CARTESIAN_POINT('',(301.889893,56.984707,0.));
#2259 = LINE('',#2260,#2261);
#2260 = CARTESIAN_POINT('',(301.891341,56.999338,0.));
#2261 = VECTOR('',#2262,1.);
#2262 = DIRECTION('',(-9.848679801343E-02,-0.995138357525,0.));
#2263 = ORIENTED_EDGE('',*,*,#2264,.T.);
#2264 = EDGE_CURVE('',#2257,#2265,#2267,.T.);
#2265 = VERTEX_POINT('',#2266);
#2266 = CARTESIAN_POINT('',(301.878692,56.957656,0.));
#2267 = LINE('',#2268,#2269);
#2268 = CARTESIAN_POINT('',(301.889893,56.984707,0.));
#2269 = VECTOR('',#2270,1.);
#2270 = DIRECTION('',(-0.382569992545,-0.923926512664,0.));
#2271 = ORIENTED_EDGE('',*,*,#2272,.T.);
#2272 = EDGE_CURVE('',#2265,#2273,#2275,.T.);
#2273 = VERTEX_POINT('',#2274);
#2274 = CARTESIAN_POINT('',(301.858016,56.936981,0.));
#2275 = LINE('',#2276,#2277);
#2276 = CARTESIAN_POINT('',(301.878692,56.957656,0.));
#2277 = VECTOR('',#2278,1.);
#2278 = DIRECTION('',(-0.707123881093,-0.707089680867,0.));
#2279 = ORIENTED_EDGE('',*,*,#2280,.T.);
#2280 = EDGE_CURVE('',#2273,#2281,#2283,.T.);
#2281 = VERTEX_POINT('',#2282);
#2282 = CARTESIAN_POINT('',(301.830965,56.925779,0.));
#2283 = LINE('',#2284,#2285);
#2284 = CARTESIAN_POINT('',(301.858016,56.936981,0.));
#2285 = VECTOR('',#2286,1.);
#2286 = DIRECTION('',(-0.923914439717,-0.382599148043,0.));
#2287 = ORIENTED_EDGE('',*,*,#2288,.T.);
#2288 = EDGE_CURVE('',#2281,#2289,#2291,.T.);
#2289 = VERTEX_POINT('',#2290);
#2290 = CARTESIAN_POINT('',(301.816335,56.924331,0.));
#2291 = LINE('',#2292,#2293);
#2292 = CARTESIAN_POINT('',(301.830965,56.925779,0.));
#2293 = VECTOR('',#2294,1.);
#2294 = DIRECTION('',(-0.995137697729,-9.849346454594E-02,0.));
#2295 = ORIENTED_EDGE('',*,*,#2296,.T.);
#2296 = EDGE_CURVE('',#2289,#2297,#2299,.T.);
#2297 = VERTEX_POINT('',#2298);
#2298 = CARTESIAN_POINT('',(287.716337,56.924331,0.));
#2299 = LINE('',#2300,#2301);
#2300 = CARTESIAN_POINT('',(301.816335,56.924331,0.));
#2301 = VECTOR('',#2302,1.);
#2302 = DIRECTION('',(-1.,0.,0.));
#2303 = ORIENTED_EDGE('',*,*,#2304,.T.);
#2304 = EDGE_CURVE('',#2297,#2305,#2307,.T.);
#2305 = VERTEX_POINT('',#2306);
#2306 = CARTESIAN_POINT('',(287.701707,56.925779,0.));
#2307 = LINE('',#2308,#2309);
#2308 = CARTESIAN_POINT('',(287.716337,56.924331,0.));
#2309 = VECTOR('',#2310,1.);
#2310 = DIRECTION('',(-0.995137697729,9.849346454594E-02,0.));
#2311 = ORIENTED_EDGE('',*,*,#2312,.T.);
#2312 = EDGE_CURVE('',#2305,#2313,#2315,.T.);
#2313 = VERTEX_POINT('',#2314);
#2314 = CARTESIAN_POINT('',(287.674656,56.936981,0.));
#2315 = LINE('',#2316,#2317);
#2316 = CARTESIAN_POINT('',(287.701707,56.925779,0.));
#2317 = VECTOR('',#2318,1.);
#2318 = DIRECTION('',(-0.923914439716,0.382599148043,0.));
#2319 = ORIENTED_EDGE('',*,*,#2320,.T.);
#2320 = EDGE_CURVE('',#2313,#2321,#2323,.T.);
#2321 = VERTEX_POINT('',#2322);
#2322 = CARTESIAN_POINT('',(287.65398,56.957656,0.));
#2323 = LINE('',#2324,#2325);
#2324 = CARTESIAN_POINT('',(287.674656,56.936981,0.));
#2325 = VECTOR('',#2326,1.);
#2326 = DIRECTION('',(-0.707123881094,0.707089680866,0.));
#2327 = ORIENTED_EDGE('',*,*,#2328,.T.);
#2328 = EDGE_CURVE('',#2321,#2329,#2331,.T.);
#2329 = VERTEX_POINT('',#2330);
#2330 = CARTESIAN_POINT('',(287.642779,56.984707,0.));
#2331 = LINE('',#2332,#2333);
#2332 = CARTESIAN_POINT('',(287.65398,56.957656,0.));
#2333 = VECTOR('',#2334,1.);
#2334 = DIRECTION('',(-0.382569992545,0.923926512664,0.));
#2335 = ORIENTED_EDGE('',*,*,#2336,.T.);
#2336 = EDGE_CURVE('',#2329,#2337,#2339,.T.);
#2337 = VERTEX_POINT('',#2338);
#2338 = CARTESIAN_POINT('',(287.641331,56.999338,0.));
#2339 = LINE('',#2340,#2341);
#2340 = CARTESIAN_POINT('',(287.642779,56.984707,0.));
#2341 = VECTOR('',#2342,1.);
#2342 = DIRECTION('',(-9.848679801343E-02,0.995138357525,0.));
#2343 = ORIENTED_EDGE('',*,*,#2344,.T.);
#2344 = EDGE_CURVE('',#2337,#2345,#2347,.T.);
#2345 = VERTEX_POINT('',#2346);
#2346 = CARTESIAN_POINT('',(287.641331,71.099335,0.));
#2347 = LINE('',#2348,#2349);
#2348 = CARTESIAN_POINT('',(287.641331,56.999338,0.));
#2349 = VECTOR('',#2350,1.);
#2350 = DIRECTION('',(0.,1.,0.));
#2351 = ORIENTED_EDGE('',*,*,#2352,.T.);
#2352 = EDGE_CURVE('',#2345,#2353,#2355,.T.);
#2353 = VERTEX_POINT('',#2354);
#2354 = CARTESIAN_POINT('',(287.642779,71.113965,0.));
#2355 = LINE('',#2356,#2357);
#2356 = CARTESIAN_POINT('',(287.641331,71.099335,0.));
#2357 = VECTOR('',#2358,1.);
#2358 = DIRECTION('',(9.849346454891E-02,0.995137697729,0.));
#2359 = ORIENTED_EDGE('',*,*,#2360,.T.);
#2360 = EDGE_CURVE('',#2353,#2361,#2363,.T.);
#2361 = VERTEX_POINT('',#2362);
#2362 = CARTESIAN_POINT('',(287.65398,71.141016,0.));
#2363 = LINE('',#2364,#2365);
#2364 = CARTESIAN_POINT('',(287.642779,71.113965,0.));
#2365 = VECTOR('',#2366,1.);
#2366 = DIRECTION('',(0.382569992545,0.923926512664,0.));
#2367 = ORIENTED_EDGE('',*,*,#2368,.T.);
#2368 = EDGE_CURVE('',#2361,#2369,#2371,.T.);
#2369 = VERTEX_POINT('',#2370);
#2370 = CARTESIAN_POINT('',(287.674656,71.161692,0.));
#2371 = LINE('',#2372,#2373);
#2372 = CARTESIAN_POINT('',(287.65398,71.141016,0.));
#2373 = VECTOR('',#2374,1.);
#2374 = DIRECTION('',(0.707106781187,0.707106781186,0.));
#2375 = ORIENTED_EDGE('',*,*,#2376,.T.);
#2376 = EDGE_CURVE('',#2369,#2377,#2379,.T.);
#2377 = VERTEX_POINT('',#2378);
#2378 = CARTESIAN_POINT('',(287.701707,71.172893,0.));
#2379 = LINE('',#2380,#2381);
#2380 = CARTESIAN_POINT('',(287.674656,71.161692,0.));
#2381 = VECTOR('',#2382,1.);
#2382 = DIRECTION('',(0.923926512664,0.382569992546,0.));
#2383 = ORIENTED_EDGE('',*,*,#2384,.T.);
#2384 = EDGE_CURVE('',#2377,#2385,#2387,.T.);
#2385 = VERTEX_POINT('',#2386);
#2386 = CARTESIAN_POINT('',(287.716337,71.174341,0.));
#2387 = LINE('',#2388,#2389);
#2388 = CARTESIAN_POINT('',(287.701707,71.172893,0.));
#2389 = VECTOR('',#2390,1.);
#2390 = DIRECTION('',(0.995137697729,9.849346454594E-02,0.));
#2391 = ORIENTED_EDGE('',*,*,#2392,.T.);
#2392 = EDGE_CURVE('',#2385,#2393,#2395,.T.);
#2393 = VERTEX_POINT('',#2394);
#2394 = CARTESIAN_POINT('',(301.816335,71.174341,0.));
#2395 = LINE('',#2396,#2397);
#2396 = CARTESIAN_POINT('',(287.716337,71.174341,0.));
#2397 = VECTOR('',#2398,1.);
#2398 = DIRECTION('',(1.,0.,0.));
#2399 = ORIENTED_EDGE('',*,*,#2400,.T.);
#2400 = EDGE_CURVE('',#2393,#2215,#2401,.T.);
#2401 = LINE('',#2402,#2403);
#2402 = CARTESIAN_POINT('',(301.816335,71.174341,0.));
#2403 = VECTOR('',#2404,1.);
#2404 = DIRECTION('',(0.995137697729,-9.849346454594E-02,0.));
#2405 = FACE_BOUND('',#2406,.F.);
#2406 = EDGE_LOOP('',(#2407,#2417,#2425,#2433,#2441,#2449,#2457,#2465,
    #2473,#2481,#2489,#2497,#2505,#2513,#2521,#2529,#2537,#2545,#2553,
    #2561,#2569,#2577,#2585,#2593));
#2407 = ORIENTED_EDGE('',*,*,#2408,.T.);
#2408 = EDGE_CURVE('',#2409,#2411,#2413,.T.);
#2409 = VERTEX_POINT('',#2410);
#2410 = CARTESIAN_POINT('',(301.830965,33.072893,0.));
#2411 = VERTEX_POINT('',#2412);
#2412 = CARTESIAN_POINT('',(301.858016,33.061692,0.));
#2413 = LINE('',#2414,#2415);
#2414 = CARTESIAN_POINT('',(301.830965,33.072893,0.));
#2415 = VECTOR('',#2416,1.);
#2416 = DIRECTION('',(0.923926512664,-0.382569992545,0.));
#2417 = ORIENTED_EDGE('',*,*,#2418,.T.);
#2418 = EDGE_CURVE('',#2411,#2419,#2421,.T.);
#2419 = VERTEX_POINT('',#2420);
#2420 = CARTESIAN_POINT('',(301.878692,33.041016,0.));
#2421 = LINE('',#2422,#2423);
#2422 = CARTESIAN_POINT('',(301.858016,33.061692,0.));
#2423 = VECTOR('',#2424,1.);
#2424 = DIRECTION('',(0.707106781186,-0.707106781187,0.));
#2425 = ORIENTED_EDGE('',*,*,#2426,.T.);
#2426 = EDGE_CURVE('',#2419,#2427,#2429,.T.);
#2427 = VERTEX_POINT('',#2428);
#2428 = CARTESIAN_POINT('',(301.889893,33.013965,0.));
#2429 = LINE('',#2430,#2431);
#2430 = CARTESIAN_POINT('',(301.878692,33.041016,0.));
#2431 = VECTOR('',#2432,1.);
#2432 = DIRECTION('',(0.382569992545,-0.923926512664,0.));
#2433 = ORIENTED_EDGE('',*,*,#2434,.T.);
#2434 = EDGE_CURVE('',#2427,#2435,#2437,.T.);
#2435 = VERTEX_POINT('',#2436);
#2436 = CARTESIAN_POINT('',(301.891341,32.999335,0.));
#2437 = LINE('',#2438,#2439);
#2438 = CARTESIAN_POINT('',(301.889893,33.013965,0.));
#2439 = VECTOR('',#2440,1.);
#2440 = DIRECTION('',(9.849346454891E-02,-0.995137697729,0.));
#2441 = ORIENTED_EDGE('',*,*,#2442,.T.);
#2442 = EDGE_CURVE('',#2435,#2443,#2445,.T.);
#2443 = VERTEX_POINT('',#2444);
#2444 = CARTESIAN_POINT('',(301.891341,18.899338,0.));
#2445 = LINE('',#2446,#2447);
#2446 = CARTESIAN_POINT('',(301.891341,32.999335,0.));
#2447 = VECTOR('',#2448,1.);
#2448 = DIRECTION('',(0.,-1.,0.));
#2449 = ORIENTED_EDGE('',*,*,#2450,.T.);
#2450 = EDGE_CURVE('',#2443,#2451,#2453,.T.);
#2451 = VERTEX_POINT('',#2452);
#2452 = CARTESIAN_POINT('',(301.889893,18.884707,0.));
#2453 = LINE('',#2454,#2455);
#2454 = CARTESIAN_POINT('',(301.891341,18.899338,0.));
#2455 = VECTOR('',#2456,1.);
#2456 = DIRECTION('',(-9.848679801343E-02,-0.995138357525,0.));
#2457 = ORIENTED_EDGE('',*,*,#2458,.T.);
#2458 = EDGE_CURVE('',#2451,#2459,#2461,.T.);
#2459 = VERTEX_POINT('',#2460);
#2460 = CARTESIAN_POINT('',(301.878692,18.857656,0.));
#2461 = LINE('',#2462,#2463);
#2462 = CARTESIAN_POINT('',(301.889893,18.884707,0.));
#2463 = VECTOR('',#2464,1.);
#2464 = DIRECTION('',(-0.382569992545,-0.923926512664,0.));
#2465 = ORIENTED_EDGE('',*,*,#2466,.T.);
#2466 = EDGE_CURVE('',#2459,#2467,#2469,.T.);
#2467 = VERTEX_POINT('',#2468);
#2468 = CARTESIAN_POINT('',(301.858016,18.836981,0.));
#2469 = LINE('',#2470,#2471);
#2470 = CARTESIAN_POINT('',(301.878692,18.857656,0.));
#2471 = VECTOR('',#2472,1.);
#2472 = DIRECTION('',(-0.707123881093,-0.707089680867,0.));
#2473 = ORIENTED_EDGE('',*,*,#2474,.T.);
#2474 = EDGE_CURVE('',#2467,#2475,#2477,.T.);
#2475 = VERTEX_POINT('',#2476);
#2476 = CARTESIAN_POINT('',(301.830965,18.825779,0.));
#2477 = LINE('',#2478,#2479);
#2478 = CARTESIAN_POINT('',(301.858016,18.836981,0.));
#2479 = VECTOR('',#2480,1.);
#2480 = DIRECTION('',(-0.923914439717,-0.382599148042,0.));
#2481 = ORIENTED_EDGE('',*,*,#2482,.T.);
#2482 = EDGE_CURVE('',#2475,#2483,#2485,.T.);
#2483 = VERTEX_POINT('',#2484);
#2484 = CARTESIAN_POINT('',(301.816335,18.824331,0.));
#2485 = LINE('',#2486,#2487);
#2486 = CARTESIAN_POINT('',(301.830965,18.825779,0.));
#2487 = VECTOR('',#2488,1.);
#2488 = DIRECTION('',(-0.995137697729,-9.849346454618E-02,0.));
#2489 = ORIENTED_EDGE('',*,*,#2490,.T.);
#2490 = EDGE_CURVE('',#2483,#2491,#2493,.T.);
#2491 = VERTEX_POINT('',#2492);
#2492 = CARTESIAN_POINT('',(287.716337,18.824331,0.));
#2493 = LINE('',#2494,#2495);
#2494 = CARTESIAN_POINT('',(301.816335,18.824331,0.));
#2495 = VECTOR('',#2496,1.);
#2496 = DIRECTION('',(-1.,0.,0.));
#2497 = ORIENTED_EDGE('',*,*,#2498,.T.);
#2498 = EDGE_CURVE('',#2491,#2499,#2501,.T.);
#2499 = VERTEX_POINT('',#2500);
#2500 = CARTESIAN_POINT('',(287.701707,18.825779,0.));
#2501 = LINE('',#2502,#2503);
#2502 = CARTESIAN_POINT('',(287.716337,18.824331,0.));
#2503 = VECTOR('',#2504,1.);
#2504 = DIRECTION('',(-0.995137697729,9.849346454618E-02,0.));
#2505 = ORIENTED_EDGE('',*,*,#2506,.T.);
#2506 = EDGE_CURVE('',#2499,#2507,#2509,.T.);
#2507 = VERTEX_POINT('',#2508);
#2508 = CARTESIAN_POINT('',(287.674656,18.836981,0.));
#2509 = LINE('',#2510,#2511);
#2510 = CARTESIAN_POINT('',(287.701707,18.825779,0.));
#2511 = VECTOR('',#2512,1.);
#2512 = DIRECTION('',(-0.923914439716,0.382599148043,0.));
#2513 = ORIENTED_EDGE('',*,*,#2514,.T.);
#2514 = EDGE_CURVE('',#2507,#2515,#2517,.T.);
#2515 = VERTEX_POINT('',#2516);
#2516 = CARTESIAN_POINT('',(287.65398,18.857656,0.));
#2517 = LINE('',#2518,#2519);
#2518 = CARTESIAN_POINT('',(287.674656,18.836981,0.));
#2519 = VECTOR('',#2520,1.);
#2520 = DIRECTION('',(-0.707123881094,0.707089680866,0.));
#2521 = ORIENTED_EDGE('',*,*,#2522,.T.);
#2522 = EDGE_CURVE('',#2515,#2523,#2525,.T.);
#2523 = VERTEX_POINT('',#2524);
#2524 = CARTESIAN_POINT('',(287.642779,18.884707,0.));
#2525 = LINE('',#2526,#2527);
#2526 = CARTESIAN_POINT('',(287.65398,18.857656,0.));
#2527 = VECTOR('',#2528,1.);
#2528 = DIRECTION('',(-0.382569992545,0.923926512664,0.));
#2529 = ORIENTED_EDGE('',*,*,#2530,.T.);
#2530 = EDGE_CURVE('',#2523,#2531,#2533,.T.);
#2531 = VERTEX_POINT('',#2532);
#2532 = CARTESIAN_POINT('',(287.641331,18.899338,0.));
#2533 = LINE('',#2534,#2535);
#2534 = CARTESIAN_POINT('',(287.642779,18.884707,0.));
#2535 = VECTOR('',#2536,1.);
#2536 = DIRECTION('',(-9.848679801343E-02,0.995138357525,0.));
#2537 = ORIENTED_EDGE('',*,*,#2538,.T.);
#2538 = EDGE_CURVE('',#2531,#2539,#2541,.T.);
#2539 = VERTEX_POINT('',#2540);
#2540 = CARTESIAN_POINT('',(287.641331,32.999335,0.));
#2541 = LINE('',#2542,#2543);
#2542 = CARTESIAN_POINT('',(287.641331,18.899338,0.));
#2543 = VECTOR('',#2544,1.);
#2544 = DIRECTION('',(0.,1.,0.));
#2545 = ORIENTED_EDGE('',*,*,#2546,.T.);
#2546 = EDGE_CURVE('',#2539,#2547,#2549,.T.);
#2547 = VERTEX_POINT('',#2548);
#2548 = CARTESIAN_POINT('',(287.642779,33.013965,0.));
#2549 = LINE('',#2550,#2551);
#2550 = CARTESIAN_POINT('',(287.641331,32.999335,0.));
#2551 = VECTOR('',#2552,1.);
#2552 = DIRECTION('',(9.849346454891E-02,0.995137697729,0.));
#2553 = ORIENTED_EDGE('',*,*,#2554,.T.);
#2554 = EDGE_CURVE('',#2547,#2555,#2557,.T.);
#2555 = VERTEX_POINT('',#2556);
#2556 = CARTESIAN_POINT('',(287.65398,33.041016,0.));
#2557 = LINE('',#2558,#2559);
#2558 = CARTESIAN_POINT('',(287.642779,33.013965,0.));
#2559 = VECTOR('',#2560,1.);
#2560 = DIRECTION('',(0.382569992545,0.923926512664,0.));
#2561 = ORIENTED_EDGE('',*,*,#2562,.T.);
#2562 = EDGE_CURVE('',#2555,#2563,#2565,.T.);
#2563 = VERTEX_POINT('',#2564);
#2564 = CARTESIAN_POINT('',(287.674656,33.061692,0.));
#2565 = LINE('',#2566,#2567);
#2566 = CARTESIAN_POINT('',(287.65398,33.041016,0.));
#2567 = VECTOR('',#2568,1.);
#2568 = DIRECTION('',(0.707106781187,0.707106781186,0.));
#2569 = ORIENTED_EDGE('',*,*,#2570,.T.);
#2570 = EDGE_CURVE('',#2563,#2571,#2573,.T.);
#2571 = VERTEX_POINT('',#2572);
#2572 = CARTESIAN_POINT('',(287.701707,33.072893,0.));
#2573 = LINE('',#2574,#2575);
#2574 = CARTESIAN_POINT('',(287.674656,33.061692,0.));
#2575 = VECTOR('',#2576,1.);
#2576 = DIRECTION('',(0.923926512664,0.382569992546,0.));
#2577 = ORIENTED_EDGE('',*,*,#2578,.T.);
#2578 = EDGE_CURVE('',#2571,#2579,#2581,.T.);
#2579 = VERTEX_POINT('',#2580);
#2580 = CARTESIAN_POINT('',(287.716337,33.074341,0.));
#2581 = LINE('',#2582,#2583);
#2582 = CARTESIAN_POINT('',(287.701707,33.072893,0.));
#2583 = VECTOR('',#2584,1.);
#2584 = DIRECTION('',(0.995137697729,9.849346454594E-02,0.));
#2585 = ORIENTED_EDGE('',*,*,#2586,.T.);
#2586 = EDGE_CURVE('',#2579,#2587,#2589,.T.);
#2587 = VERTEX_POINT('',#2588);
#2588 = CARTESIAN_POINT('',(301.816335,33.074341,0.));
#2589 = LINE('',#2590,#2591);
#2590 = CARTESIAN_POINT('',(287.716337,33.074341,0.));
#2591 = VECTOR('',#2592,1.);
#2592 = DIRECTION('',(1.,0.,0.));
#2593 = ORIENTED_EDGE('',*,*,#2594,.T.);
#2594 = EDGE_CURVE('',#2587,#2409,#2595,.T.);
#2595 = LINE('',#2596,#2597);
#2596 = CARTESIAN_POINT('',(301.816335,33.074341,0.));
#2597 = VECTOR('',#2598,1.);
#2598 = DIRECTION('',(0.995137697729,-9.849346454594E-02,0.));
#2599 = FACE_BOUND('',#2600,.F.);
#2600 = EDGE_LOOP('',(#2601,#2611,#2619,#2627,#2635,#2643,#2651,#2659,
    #2667,#2675,#2683,#2691,#2699,#2707,#2715,#2723,#2731,#2739,#2747,
    #2755,#2763,#2771,#2779,#2787));
#2601 = ORIENTED_EDGE('',*,*,#2602,.T.);
#2602 = EDGE_CURVE('',#2603,#2605,#2607,.T.);
#2603 = VERTEX_POINT('',#2604);
#2604 = CARTESIAN_POINT('',(301.830965,90.222893,0.));
#2605 = VERTEX_POINT('',#2606);
#2606 = CARTESIAN_POINT('',(301.858016,90.211692,0.));
#2607 = LINE('',#2608,#2609);
#2608 = CARTESIAN_POINT('',(301.830965,90.222893,0.));
#2609 = VECTOR('',#2610,1.);
#2610 = DIRECTION('',(0.923926512664,-0.382569992545,0.));
#2611 = ORIENTED_EDGE('',*,*,#2612,.T.);
#2612 = EDGE_CURVE('',#2605,#2613,#2615,.T.);
#2613 = VERTEX_POINT('',#2614);
#2614 = CARTESIAN_POINT('',(301.878692,90.191016,0.));
#2615 = LINE('',#2616,#2617);
#2616 = CARTESIAN_POINT('',(301.858016,90.211692,0.));
#2617 = VECTOR('',#2618,1.);
#2618 = DIRECTION('',(0.707106781186,-0.707106781187,0.));
#2619 = ORIENTED_EDGE('',*,*,#2620,.T.);
#2620 = EDGE_CURVE('',#2613,#2621,#2623,.T.);
#2621 = VERTEX_POINT('',#2622);
#2622 = CARTESIAN_POINT('',(301.889893,90.163965,0.));
#2623 = LINE('',#2624,#2625);
#2624 = CARTESIAN_POINT('',(301.878692,90.191016,0.));
#2625 = VECTOR('',#2626,1.);
#2626 = DIRECTION('',(0.382569992545,-0.923926512664,0.));
#2627 = ORIENTED_EDGE('',*,*,#2628,.T.);
#2628 = EDGE_CURVE('',#2621,#2629,#2631,.T.);
#2629 = VERTEX_POINT('',#2630);
#2630 = CARTESIAN_POINT('',(301.891341,90.149335,0.));
#2631 = LINE('',#2632,#2633);
#2632 = CARTESIAN_POINT('',(301.889893,90.163965,0.));
#2633 = VECTOR('',#2634,1.);
#2634 = DIRECTION('',(9.849346454881E-02,-0.995137697729,0.));
#2635 = ORIENTED_EDGE('',*,*,#2636,.T.);
#2636 = EDGE_CURVE('',#2629,#2637,#2639,.T.);
#2637 = VERTEX_POINT('',#2638);
#2638 = CARTESIAN_POINT('',(301.891341,76.049338,0.));
#2639 = LINE('',#2640,#2641);
#2640 = CARTESIAN_POINT('',(301.891341,90.149335,0.));
#2641 = VECTOR('',#2642,1.);
#2642 = DIRECTION('',(0.,-1.,0.));
#2643 = ORIENTED_EDGE('',*,*,#2644,.T.);
#2644 = EDGE_CURVE('',#2637,#2645,#2647,.T.);
#2645 = VERTEX_POINT('',#2646);
#2646 = CARTESIAN_POINT('',(301.889893,76.034707,0.));
#2647 = LINE('',#2648,#2649);
#2648 = CARTESIAN_POINT('',(301.891341,76.049338,0.));
#2649 = VECTOR('',#2650,1.);
#2650 = DIRECTION('',(-9.848679801338E-02,-0.995138357525,0.));
#2651 = ORIENTED_EDGE('',*,*,#2652,.T.);
#2652 = EDGE_CURVE('',#2645,#2653,#2655,.T.);
#2653 = VERTEX_POINT('',#2654);
#2654 = CARTESIAN_POINT('',(301.878692,76.007656,0.));
#2655 = LINE('',#2656,#2657);
#2656 = CARTESIAN_POINT('',(301.889893,76.034707,0.));
#2657 = VECTOR('',#2658,1.);
#2658 = DIRECTION('',(-0.382569992545,-0.923926512664,0.));
#2659 = ORIENTED_EDGE('',*,*,#2660,.T.);
#2660 = EDGE_CURVE('',#2653,#2661,#2663,.T.);
#2661 = VERTEX_POINT('',#2662);
#2662 = CARTESIAN_POINT('',(301.858016,75.986981,0.));
#2663 = LINE('',#2664,#2665);
#2664 = CARTESIAN_POINT('',(301.878692,76.007656,0.));
#2665 = VECTOR('',#2666,1.);
#2666 = DIRECTION('',(-0.707123881093,-0.707089680867,0.));
#2667 = ORIENTED_EDGE('',*,*,#2668,.T.);
#2668 = EDGE_CURVE('',#2661,#2669,#2671,.T.);
#2669 = VERTEX_POINT('',#2670);
#2670 = CARTESIAN_POINT('',(301.830965,75.975779,0.));
#2671 = LINE('',#2672,#2673);
#2672 = CARTESIAN_POINT('',(301.858016,75.986981,0.));
#2673 = VECTOR('',#2674,1.);
#2674 = DIRECTION('',(-0.923914439717,-0.382599148042,0.));
#2675 = ORIENTED_EDGE('',*,*,#2676,.T.);
#2676 = EDGE_CURVE('',#2669,#2677,#2679,.T.);
#2677 = VERTEX_POINT('',#2678);
#2678 = CARTESIAN_POINT('',(301.816335,75.974331,0.));
#2679 = LINE('',#2680,#2681);
#2680 = CARTESIAN_POINT('',(301.830965,75.975779,0.));
#2681 = VECTOR('',#2682,1.);
#2682 = DIRECTION('',(-0.995137697729,-9.849346454594E-02,0.));
#2683 = ORIENTED_EDGE('',*,*,#2684,.T.);
#2684 = EDGE_CURVE('',#2677,#2685,#2687,.T.);
#2685 = VERTEX_POINT('',#2686);
#2686 = CARTESIAN_POINT('',(287.716337,75.974331,0.));
#2687 = LINE('',#2688,#2689);
#2688 = CARTESIAN_POINT('',(301.816335,75.974331,0.));
#2689 = VECTOR('',#2690,1.);
#2690 = DIRECTION('',(-1.,0.,0.));
#2691 = ORIENTED_EDGE('',*,*,#2692,.T.);
#2692 = EDGE_CURVE('',#2685,#2693,#2695,.T.);
#2693 = VERTEX_POINT('',#2694);
#2694 = CARTESIAN_POINT('',(287.701707,75.975779,0.));
#2695 = LINE('',#2696,#2697);
#2696 = CARTESIAN_POINT('',(287.716337,75.974331,0.));
#2697 = VECTOR('',#2698,1.);
#2698 = DIRECTION('',(-0.995137697729,9.849346454594E-02,0.));
#2699 = ORIENTED_EDGE('',*,*,#2700,.T.);
#2700 = EDGE_CURVE('',#2693,#2701,#2703,.T.);
#2701 = VERTEX_POINT('',#2702);
#2702 = CARTESIAN_POINT('',(287.674656,75.986981,0.));
#2703 = LINE('',#2704,#2705);
#2704 = CARTESIAN_POINT('',(287.701707,75.975779,0.));
#2705 = VECTOR('',#2706,1.);
#2706 = DIRECTION('',(-0.923914439717,0.382599148043,0.));
#2707 = ORIENTED_EDGE('',*,*,#2708,.T.);
#2708 = EDGE_CURVE('',#2701,#2709,#2711,.T.);
#2709 = VERTEX_POINT('',#2710);
#2710 = CARTESIAN_POINT('',(287.65398,76.007656,0.));
#2711 = LINE('',#2712,#2713);
#2712 = CARTESIAN_POINT('',(287.674656,75.986981,0.));
#2713 = VECTOR('',#2714,1.);
#2714 = DIRECTION('',(-0.707123881094,0.707089680866,0.));
#2715 = ORIENTED_EDGE('',*,*,#2716,.T.);
#2716 = EDGE_CURVE('',#2709,#2717,#2719,.T.);
#2717 = VERTEX_POINT('',#2718);
#2718 = CARTESIAN_POINT('',(287.642779,76.034707,0.));
#2719 = LINE('',#2720,#2721);
#2720 = CARTESIAN_POINT('',(287.65398,76.007656,0.));
#2721 = VECTOR('',#2722,1.);
#2722 = DIRECTION('',(-0.382569992545,0.923926512664,0.));
#2723 = ORIENTED_EDGE('',*,*,#2724,.T.);
#2724 = EDGE_CURVE('',#2717,#2725,#2727,.T.);
#2725 = VERTEX_POINT('',#2726);
#2726 = CARTESIAN_POINT('',(287.641331,76.049338,0.));
#2727 = LINE('',#2728,#2729);
#2728 = CARTESIAN_POINT('',(287.642779,76.034707,0.));
#2729 = VECTOR('',#2730,1.);
#2730 = DIRECTION('',(-9.848679801338E-02,0.995138357525,0.));
#2731 = ORIENTED_EDGE('',*,*,#2732,.T.);
#2732 = EDGE_CURVE('',#2725,#2733,#2735,.T.);
#2733 = VERTEX_POINT('',#2734);
#2734 = CARTESIAN_POINT('',(287.641331,90.149335,0.));
#2735 = LINE('',#2736,#2737);
#2736 = CARTESIAN_POINT('',(287.641331,76.049338,0.));
#2737 = VECTOR('',#2738,1.);
#2738 = DIRECTION('',(0.,1.,0.));
#2739 = ORIENTED_EDGE('',*,*,#2740,.T.);
#2740 = EDGE_CURVE('',#2733,#2741,#2743,.T.);
#2741 = VERTEX_POINT('',#2742);
#2742 = CARTESIAN_POINT('',(287.642779,90.163965,0.));
#2743 = LINE('',#2744,#2745);
#2744 = CARTESIAN_POINT('',(287.641331,90.149335,0.));
#2745 = VECTOR('',#2746,1.);
#2746 = DIRECTION('',(9.849346454881E-02,0.995137697729,0.));
#2747 = ORIENTED_EDGE('',*,*,#2748,.T.);
#2748 = EDGE_CURVE('',#2741,#2749,#2751,.T.);
#2749 = VERTEX_POINT('',#2750);
#2750 = CARTESIAN_POINT('',(287.65398,90.191016,0.));
#2751 = LINE('',#2752,#2753);
#2752 = CARTESIAN_POINT('',(287.642779,90.163965,0.));
#2753 = VECTOR('',#2754,1.);
#2754 = DIRECTION('',(0.382569992545,0.923926512664,0.));
#2755 = ORIENTED_EDGE('',*,*,#2756,.T.);
#2756 = EDGE_CURVE('',#2749,#2757,#2759,.T.);
#2757 = VERTEX_POINT('',#2758);
#2758 = CARTESIAN_POINT('',(287.674656,90.211692,0.));
#2759 = LINE('',#2760,#2761);
#2760 = CARTESIAN_POINT('',(287.65398,90.191016,0.));
#2761 = VECTOR('',#2762,1.);
#2762 = DIRECTION('',(0.707106781187,0.707106781186,0.));
#2763 = ORIENTED_EDGE('',*,*,#2764,.T.);
#2764 = EDGE_CURVE('',#2757,#2765,#2767,.T.);
#2765 = VERTEX_POINT('',#2766);
#2766 = CARTESIAN_POINT('',(287.701707,90.222893,0.));
#2767 = LINE('',#2768,#2769);
#2768 = CARTESIAN_POINT('',(287.674656,90.211692,0.));
#2769 = VECTOR('',#2770,1.);
#2770 = DIRECTION('',(0.923926512664,0.382569992546,0.));
#2771 = ORIENTED_EDGE('',*,*,#2772,.T.);
#2772 = EDGE_CURVE('',#2765,#2773,#2775,.T.);
#2773 = VERTEX_POINT('',#2774);
#2774 = CARTESIAN_POINT('',(287.716337,90.224341,0.));
#2775 = LINE('',#2776,#2777);
#2776 = CARTESIAN_POINT('',(287.701707,90.222893,0.));
#2777 = VECTOR('',#2778,1.);
#2778 = DIRECTION('',(0.995137697729,9.849346454594E-02,0.));
#2779 = ORIENTED_EDGE('',*,*,#2780,.T.);
#2780 = EDGE_CURVE('',#2773,#2781,#2783,.T.);
#2781 = VERTEX_POINT('',#2782);
#2782 = CARTESIAN_POINT('',(301.816335,90.224341,0.));
#2783 = LINE('',#2784,#2785);
#2784 = CARTESIAN_POINT('',(287.716337,90.224341,0.));
#2785 = VECTOR('',#2786,1.);
#2786 = DIRECTION('',(1.,0.,0.));
#2787 = ORIENTED_EDGE('',*,*,#2788,.T.);
#2788 = EDGE_CURVE('',#2781,#2603,#2789,.T.);
#2789 = LINE('',#2790,#2791);
#2790 = CARTESIAN_POINT('',(301.816335,90.224341,0.));
#2791 = VECTOR('',#2792,1.);
#2792 = DIRECTION('',(0.995137697729,-9.849346454594E-02,0.));
#2793 = FACE_BOUND('',#2794,.F.);
#2794 = EDGE_LOOP('',(#2795,#2805,#2813,#2821,#2829,#2837,#2845,#2853,
    #2861,#2869,#2877,#2885,#2893,#2901,#2909,#2917,#2925,#2933,#2941,
    #2949,#2957,#2965,#2973,#2981));
#2795 = ORIENTED_EDGE('',*,*,#2796,.T.);
#2796 = EDGE_CURVE('',#2797,#2799,#2801,.T.);
#2797 = VERTEX_POINT('',#2798);
#2798 = CARTESIAN_POINT('',(244.680965,52.122893,0.));
#2799 = VERTEX_POINT('',#2800);
#2800 = CARTESIAN_POINT('',(244.708016,52.111692,0.));
#2801 = LINE('',#2802,#2803);
#2802 = CARTESIAN_POINT('',(244.680965,52.122893,0.));
#2803 = VECTOR('',#2804,1.);
#2804 = DIRECTION('',(0.923926512664,-0.382569992546,0.));
#2805 = ORIENTED_EDGE('',*,*,#2806,.T.);
#2806 = EDGE_CURVE('',#2799,#2807,#2809,.T.);
#2807 = VERTEX_POINT('',#2808);
#2808 = CARTESIAN_POINT('',(244.728692,52.091016,0.));
#2809 = LINE('',#2810,#2811);
#2810 = CARTESIAN_POINT('',(244.708016,52.111692,0.));
#2811 = VECTOR('',#2812,1.);
#2812 = DIRECTION('',(0.707106781187,-0.707106781186,0.));
#2813 = ORIENTED_EDGE('',*,*,#2814,.T.);
#2814 = EDGE_CURVE('',#2807,#2815,#2817,.T.);
#2815 = VERTEX_POINT('',#2816);
#2816 = CARTESIAN_POINT('',(244.739893,52.063965,0.));
#2817 = LINE('',#2818,#2819);
#2818 = CARTESIAN_POINT('',(244.728692,52.091016,0.));
#2819 = VECTOR('',#2820,1.);
#2820 = DIRECTION('',(0.382569992546,-0.923926512664,0.));
#2821 = ORIENTED_EDGE('',*,*,#2822,.T.);
#2822 = EDGE_CURVE('',#2815,#2823,#2825,.T.);
#2823 = VERTEX_POINT('',#2824);
#2824 = CARTESIAN_POINT('',(244.741341,52.049335,0.));
#2825 = LINE('',#2826,#2827);
#2826 = CARTESIAN_POINT('',(244.739893,52.063965,0.));
#2827 = VECTOR('',#2828,1.);
#2828 = DIRECTION('',(9.849346454695E-02,-0.995137697729,0.));
#2829 = ORIENTED_EDGE('',*,*,#2830,.T.);
#2830 = EDGE_CURVE('',#2823,#2831,#2833,.T.);
#2831 = VERTEX_POINT('',#2832);
#2832 = CARTESIAN_POINT('',(244.741341,37.949338,0.));
#2833 = LINE('',#2834,#2835);
#2834 = CARTESIAN_POINT('',(244.741341,52.049335,0.));
#2835 = VECTOR('',#2836,1.);
#2836 = DIRECTION('',(0.,-1.,0.));
#2837 = ORIENTED_EDGE('',*,*,#2838,.T.);
#2838 = EDGE_CURVE('',#2831,#2839,#2841,.T.);
#2839 = VERTEX_POINT('',#2840);
#2840 = CARTESIAN_POINT('',(244.739893,37.934707,0.));
#2841 = LINE('',#2842,#2843);
#2842 = CARTESIAN_POINT('',(244.741341,37.949338,0.));
#2843 = VECTOR('',#2844,1.);
#2844 = DIRECTION('',(-9.848679801156E-02,-0.995138357525,0.));
#2845 = ORIENTED_EDGE('',*,*,#2846,.T.);
#2846 = EDGE_CURVE('',#2839,#2847,#2849,.T.);
#2847 = VERTEX_POINT('',#2848);
#2848 = CARTESIAN_POINT('',(244.728692,37.907656,0.));
#2849 = LINE('',#2850,#2851);
#2850 = CARTESIAN_POINT('',(244.739893,37.934707,0.));
#2851 = VECTOR('',#2852,1.);
#2852 = DIRECTION('',(-0.382569992546,-0.923926512664,0.));
#2853 = ORIENTED_EDGE('',*,*,#2854,.T.);
#2854 = EDGE_CURVE('',#2847,#2855,#2857,.T.);
#2855 = VERTEX_POINT('',#2856);
#2856 = CARTESIAN_POINT('',(244.708016,37.886981,0.));
#2857 = LINE('',#2858,#2859);
#2858 = CARTESIAN_POINT('',(244.728692,37.907656,0.));
#2859 = VECTOR('',#2860,1.);
#2860 = DIRECTION('',(-0.707123881093,-0.707089680867,0.));
#2861 = ORIENTED_EDGE('',*,*,#2862,.T.);
#2862 = EDGE_CURVE('',#2855,#2863,#2865,.T.);
#2863 = VERTEX_POINT('',#2864);
#2864 = CARTESIAN_POINT('',(244.680965,37.875779,0.));
#2865 = LINE('',#2866,#2867);
#2866 = CARTESIAN_POINT('',(244.708016,37.886981,0.));
#2867 = VECTOR('',#2868,1.);
#2868 = DIRECTION('',(-0.923914439717,-0.382599148043,0.));
#2869 = ORIENTED_EDGE('',*,*,#2870,.T.);
#2870 = EDGE_CURVE('',#2863,#2871,#2873,.T.);
#2871 = VERTEX_POINT('',#2872);
#2872 = CARTESIAN_POINT('',(244.666335,37.874331,0.));
#2873 = LINE('',#2874,#2875);
#2874 = CARTESIAN_POINT('',(244.680965,37.875779,0.));
#2875 = VECTOR('',#2876,1.);
#2876 = DIRECTION('',(-0.995137697729,-9.849346454661E-02,0.));
#2877 = ORIENTED_EDGE('',*,*,#2878,.T.);
#2878 = EDGE_CURVE('',#2871,#2879,#2881,.T.);
#2879 = VERTEX_POINT('',#2880);
#2880 = CARTESIAN_POINT('',(230.566337,37.874331,0.));
#2881 = LINE('',#2882,#2883);
#2882 = CARTESIAN_POINT('',(244.666335,37.874331,0.));
#2883 = VECTOR('',#2884,1.);
#2884 = DIRECTION('',(-1.,0.,0.));
#2885 = ORIENTED_EDGE('',*,*,#2886,.T.);
#2886 = EDGE_CURVE('',#2879,#2887,#2889,.T.);
#2887 = VERTEX_POINT('',#2888);
#2888 = CARTESIAN_POINT('',(230.551707,37.875779,0.));
#2889 = LINE('',#2890,#2891);
#2890 = CARTESIAN_POINT('',(230.566337,37.874331,0.));
#2891 = VECTOR('',#2892,1.);
#2892 = DIRECTION('',(-0.995137697729,9.849346454642E-02,0.));
#2893 = ORIENTED_EDGE('',*,*,#2894,.T.);
#2894 = EDGE_CURVE('',#2887,#2895,#2897,.T.);
#2895 = VERTEX_POINT('',#2896);
#2896 = CARTESIAN_POINT('',(230.524656,37.886981,0.));
#2897 = LINE('',#2898,#2899);
#2898 = CARTESIAN_POINT('',(230.551707,37.875779,0.));
#2899 = VECTOR('',#2900,1.);
#2900 = DIRECTION('',(-0.923914439717,0.382599148043,0.));
#2901 = ORIENTED_EDGE('',*,*,#2902,.T.);
#2902 = EDGE_CURVE('',#2895,#2903,#2905,.T.);
#2903 = VERTEX_POINT('',#2904);
#2904 = CARTESIAN_POINT('',(230.50398,37.907656,0.));
#2905 = LINE('',#2906,#2907);
#2906 = CARTESIAN_POINT('',(230.524656,37.886981,0.));
#2907 = VECTOR('',#2908,1.);
#2908 = DIRECTION('',(-0.707123881093,0.707089680867,0.));
#2909 = ORIENTED_EDGE('',*,*,#2910,.T.);
#2910 = EDGE_CURVE('',#2903,#2911,#2913,.T.);
#2911 = VERTEX_POINT('',#2912);
#2912 = CARTESIAN_POINT('',(230.492779,37.934707,0.));
#2913 = LINE('',#2914,#2915);
#2914 = CARTESIAN_POINT('',(230.50398,37.907656,0.));
#2915 = VECTOR('',#2916,1.);
#2916 = DIRECTION('',(-0.382569992546,0.923926512664,0.));
#2917 = ORIENTED_EDGE('',*,*,#2918,.T.);
#2918 = EDGE_CURVE('',#2911,#2919,#2921,.T.);
#2919 = VERTEX_POINT('',#2920);
#2920 = CARTESIAN_POINT('',(230.491331,37.949338,0.));
#2921 = LINE('',#2922,#2923);
#2922 = CARTESIAN_POINT('',(230.492779,37.934707,0.));
#2923 = VECTOR('',#2924,1.);
#2924 = DIRECTION('',(-9.848679801156E-02,0.995138357525,0.));
#2925 = ORIENTED_EDGE('',*,*,#2926,.T.);
#2926 = EDGE_CURVE('',#2919,#2927,#2929,.T.);
#2927 = VERTEX_POINT('',#2928);
#2928 = CARTESIAN_POINT('',(230.491331,52.049335,0.));
#2929 = LINE('',#2930,#2931);
#2930 = CARTESIAN_POINT('',(230.491331,37.949338,0.));
#2931 = VECTOR('',#2932,1.);
#2932 = DIRECTION('',(0.,1.,0.));
#2933 = ORIENTED_EDGE('',*,*,#2934,.T.);
#2934 = EDGE_CURVE('',#2927,#2935,#2937,.T.);
#2935 = VERTEX_POINT('',#2936);
#2936 = CARTESIAN_POINT('',(230.492779,52.063965,0.));
#2937 = LINE('',#2938,#2939);
#2938 = CARTESIAN_POINT('',(230.491331,52.049335,0.));
#2939 = VECTOR('',#2940,1.);
#2940 = DIRECTION('',(9.849346454695E-02,0.995137697729,0.));
#2941 = ORIENTED_EDGE('',*,*,#2942,.T.);
#2942 = EDGE_CURVE('',#2935,#2943,#2945,.T.);
#2943 = VERTEX_POINT('',#2944);
#2944 = CARTESIAN_POINT('',(230.50398,52.091016,0.));
#2945 = LINE('',#2946,#2947);
#2946 = CARTESIAN_POINT('',(230.492779,52.063965,0.));
#2947 = VECTOR('',#2948,1.);
#2948 = DIRECTION('',(0.382569992546,0.923926512664,0.));
#2949 = ORIENTED_EDGE('',*,*,#2950,.T.);
#2950 = EDGE_CURVE('',#2943,#2951,#2953,.T.);
#2951 = VERTEX_POINT('',#2952);
#2952 = CARTESIAN_POINT('',(230.524656,52.111692,0.));
#2953 = LINE('',#2954,#2955);
#2954 = CARTESIAN_POINT('',(230.50398,52.091016,0.));
#2955 = VECTOR('',#2956,1.);
#2956 = DIRECTION('',(0.707106781186,0.707106781187,0.));
#2957 = ORIENTED_EDGE('',*,*,#2958,.T.);
#2958 = EDGE_CURVE('',#2951,#2959,#2961,.T.);
#2959 = VERTEX_POINT('',#2960);
#2960 = CARTESIAN_POINT('',(230.551707,52.122893,0.));
#2961 = LINE('',#2962,#2963);
#2962 = CARTESIAN_POINT('',(230.524656,52.111692,0.));
#2963 = VECTOR('',#2964,1.);
#2964 = DIRECTION('',(0.923926512664,0.382569992546,0.));
#2965 = ORIENTED_EDGE('',*,*,#2966,.T.);
#2966 = EDGE_CURVE('',#2959,#2967,#2969,.T.);
#2967 = VERTEX_POINT('',#2968);
#2968 = CARTESIAN_POINT('',(230.566337,52.124341,0.));
#2969 = LINE('',#2970,#2971);
#2970 = CARTESIAN_POINT('',(230.551707,52.122893,0.));
#2971 = VECTOR('',#2972,1.);
#2972 = DIRECTION('',(0.995137697729,9.849346454642E-02,0.));
#2973 = ORIENTED_EDGE('',*,*,#2974,.T.);
#2974 = EDGE_CURVE('',#2967,#2975,#2977,.T.);
#2975 = VERTEX_POINT('',#2976);
#2976 = CARTESIAN_POINT('',(244.666335,52.124341,0.));
#2977 = LINE('',#2978,#2979);
#2978 = CARTESIAN_POINT('',(230.566337,52.124341,0.));
#2979 = VECTOR('',#2980,1.);
#2980 = DIRECTION('',(1.,0.,0.));
#2981 = ORIENTED_EDGE('',*,*,#2982,.T.);
#2982 = EDGE_CURVE('',#2975,#2797,#2983,.T.);
#2983 = LINE('',#2984,#2985);
#2984 = CARTESIAN_POINT('',(244.666335,52.124341,0.));
#2985 = VECTOR('',#2986,1.);
#2986 = DIRECTION('',(0.995137697729,-9.849346454661E-02,0.));
#2987 = FACE_BOUND('',#2988,.F.);
#2988 = EDGE_LOOP('',(#2989,#2999,#3007,#3015,#3023,#3031,#3039,#3047,
    #3055,#3063,#3071,#3079,#3087,#3095,#3103,#3111,#3119,#3127,#3135,
    #3143,#3151,#3159,#3167,#3175));
#2989 = ORIENTED_EDGE('',*,*,#2990,.T.);
#2990 = EDGE_CURVE('',#2991,#2993,#2995,.T.);
#2991 = VERTEX_POINT('',#2992);
#2992 = CARTESIAN_POINT('',(225.630965,52.122893,0.));
#2993 = VERTEX_POINT('',#2994);
#2994 = CARTESIAN_POINT('',(225.658016,52.111692,0.));
#2995 = LINE('',#2996,#2997);
#2996 = CARTESIAN_POINT('',(225.630965,52.122893,0.));
#2997 = VECTOR('',#2998,1.);
#2998 = DIRECTION('',(0.923926512664,-0.382569992546,0.));
#2999 = ORIENTED_EDGE('',*,*,#3000,.T.);
#3000 = EDGE_CURVE('',#2993,#3001,#3003,.T.);
#3001 = VERTEX_POINT('',#3002);
#3002 = CARTESIAN_POINT('',(225.678692,52.091016,0.));
#3003 = LINE('',#3004,#3005);
#3004 = CARTESIAN_POINT('',(225.658016,52.111692,0.));
#3005 = VECTOR('',#3006,1.);
#3006 = DIRECTION('',(0.707106781187,-0.707106781186,0.));
#3007 = ORIENTED_EDGE('',*,*,#3008,.T.);
#3008 = EDGE_CURVE('',#3001,#3009,#3011,.T.);
#3009 = VERTEX_POINT('',#3010);
#3010 = CARTESIAN_POINT('',(225.689893,52.063965,0.));
#3011 = LINE('',#3012,#3013);
#3012 = CARTESIAN_POINT('',(225.678692,52.091016,0.));
#3013 = VECTOR('',#3014,1.);
#3014 = DIRECTION('',(0.382569992546,-0.923926512664,0.));
#3015 = ORIENTED_EDGE('',*,*,#3016,.T.);
#3016 = EDGE_CURVE('',#3009,#3017,#3019,.T.);
#3017 = VERTEX_POINT('',#3018);
#3018 = CARTESIAN_POINT('',(225.691341,52.049335,0.));
#3019 = LINE('',#3020,#3021);
#3020 = CARTESIAN_POINT('',(225.689893,52.063965,0.));
#3021 = VECTOR('',#3022,1.);
#3022 = DIRECTION('',(9.849346454503E-02,-0.995137697729,0.));
#3023 = ORIENTED_EDGE('',*,*,#3024,.T.);
#3024 = EDGE_CURVE('',#3017,#3025,#3027,.T.);
#3025 = VERTEX_POINT('',#3026);
#3026 = CARTESIAN_POINT('',(225.691341,37.949338,0.));
#3027 = LINE('',#3028,#3029);
#3028 = CARTESIAN_POINT('',(225.691341,52.049335,0.));
#3029 = VECTOR('',#3030,1.);
#3030 = DIRECTION('',(0.,-1.,0.));
#3031 = ORIENTED_EDGE('',*,*,#3032,.T.);
#3032 = EDGE_CURVE('',#3025,#3033,#3035,.T.);
#3033 = VERTEX_POINT('',#3034);
#3034 = CARTESIAN_POINT('',(225.689893,37.934707,0.));
#3035 = LINE('',#3036,#3037);
#3036 = CARTESIAN_POINT('',(225.691341,37.949338,0.));
#3037 = VECTOR('',#3038,1.);
#3038 = DIRECTION('',(-9.848679800965E-02,-0.995138357525,0.));
#3039 = ORIENTED_EDGE('',*,*,#3040,.T.);
#3040 = EDGE_CURVE('',#3033,#3041,#3043,.T.);
#3041 = VERTEX_POINT('',#3042);
#3042 = CARTESIAN_POINT('',(225.678692,37.907656,0.));
#3043 = LINE('',#3044,#3045);
#3044 = CARTESIAN_POINT('',(225.689893,37.934707,0.));
#3045 = VECTOR('',#3046,1.);
#3046 = DIRECTION('',(-0.382569992546,-0.923926512664,0.));
#3047 = ORIENTED_EDGE('',*,*,#3048,.T.);
#3048 = EDGE_CURVE('',#3041,#3049,#3051,.T.);
#3049 = VERTEX_POINT('',#3050);
#3050 = CARTESIAN_POINT('',(225.658016,37.886981,0.));
#3051 = LINE('',#3052,#3053);
#3052 = CARTESIAN_POINT('',(225.678692,37.907656,0.));
#3053 = VECTOR('',#3054,1.);
#3054 = DIRECTION('',(-0.707123881093,-0.707089680867,0.));
#3055 = ORIENTED_EDGE('',*,*,#3056,.T.);
#3056 = EDGE_CURVE('',#3049,#3057,#3059,.T.);
#3057 = VERTEX_POINT('',#3058);
#3058 = CARTESIAN_POINT('',(225.630965,37.875779,0.));
#3059 = LINE('',#3060,#3061);
#3060 = CARTESIAN_POINT('',(225.658016,37.886981,0.));
#3061 = VECTOR('',#3062,1.);
#3062 = DIRECTION('',(-0.923914439717,-0.382599148043,0.));
#3063 = ORIENTED_EDGE('',*,*,#3064,.T.);
#3064 = EDGE_CURVE('',#3057,#3065,#3067,.T.);
#3065 = VERTEX_POINT('',#3066);
#3066 = CARTESIAN_POINT('',(225.616335,37.874331,0.));
#3067 = LINE('',#3068,#3069);
#3068 = CARTESIAN_POINT('',(225.630965,37.875779,0.));
#3069 = VECTOR('',#3070,1.);
#3070 = DIRECTION('',(-0.995137697729,-9.849346454642E-02,0.));
#3071 = ORIENTED_EDGE('',*,*,#3072,.T.);
#3072 = EDGE_CURVE('',#3065,#3073,#3075,.T.);
#3073 = VERTEX_POINT('',#3074);
#3074 = CARTESIAN_POINT('',(211.516337,37.874331,0.));
#3075 = LINE('',#3076,#3077);
#3076 = CARTESIAN_POINT('',(225.616335,37.874331,0.));
#3077 = VECTOR('',#3078,1.);
#3078 = DIRECTION('',(-1.,0.,0.));
#3079 = ORIENTED_EDGE('',*,*,#3080,.T.);
#3080 = EDGE_CURVE('',#3073,#3081,#3083,.T.);
#3081 = VERTEX_POINT('',#3082);
#3082 = CARTESIAN_POINT('',(211.501707,37.875779,0.));
#3083 = LINE('',#3084,#3085);
#3084 = CARTESIAN_POINT('',(211.516337,37.874331,0.));
#3085 = VECTOR('',#3086,1.);
#3086 = DIRECTION('',(-0.995137697729,9.849346454661E-02,0.));
#3087 = ORIENTED_EDGE('',*,*,#3088,.T.);
#3088 = EDGE_CURVE('',#3081,#3089,#3091,.T.);
#3089 = VERTEX_POINT('',#3090);
#3090 = CARTESIAN_POINT('',(211.474656,37.886981,0.));
#3091 = LINE('',#3092,#3093);
#3092 = CARTESIAN_POINT('',(211.501707,37.875779,0.));
#3093 = VECTOR('',#3094,1.);
#3094 = DIRECTION('',(-0.923914439717,0.382599148043,0.));
#3095 = ORIENTED_EDGE('',*,*,#3096,.T.);
#3096 = EDGE_CURVE('',#3089,#3097,#3099,.T.);
#3097 = VERTEX_POINT('',#3098);
#3098 = CARTESIAN_POINT('',(211.45398,37.907656,0.));
#3099 = LINE('',#3100,#3101);
#3100 = CARTESIAN_POINT('',(211.474656,37.886981,0.));
#3101 = VECTOR('',#3102,1.);
#3102 = DIRECTION('',(-0.707123881093,0.707089680867,0.));
#3103 = ORIENTED_EDGE('',*,*,#3104,.T.);
#3104 = EDGE_CURVE('',#3097,#3105,#3107,.T.);
#3105 = VERTEX_POINT('',#3106);
#3106 = CARTESIAN_POINT('',(211.442779,37.934707,0.));
#3107 = LINE('',#3108,#3109);
#3108 = CARTESIAN_POINT('',(211.45398,37.907656,0.));
#3109 = VECTOR('',#3110,1.);
#3110 = DIRECTION('',(-0.382569992546,0.923926512664,0.));
#3111 = ORIENTED_EDGE('',*,*,#3112,.T.);
#3112 = EDGE_CURVE('',#3105,#3113,#3115,.T.);
#3113 = VERTEX_POINT('',#3114);
#3114 = CARTESIAN_POINT('',(211.441331,37.949338,0.));
#3115 = LINE('',#3116,#3117);
#3116 = CARTESIAN_POINT('',(211.442779,37.934707,0.));
#3117 = VECTOR('',#3118,1.);
#3118 = DIRECTION('',(-9.848679801156E-02,0.995138357525,0.));
#3119 = ORIENTED_EDGE('',*,*,#3120,.T.);
#3120 = EDGE_CURVE('',#3113,#3121,#3123,.T.);
#3121 = VERTEX_POINT('',#3122);
#3122 = CARTESIAN_POINT('',(211.441331,52.049335,0.));
#3123 = LINE('',#3124,#3125);
#3124 = CARTESIAN_POINT('',(211.441331,37.949338,0.));
#3125 = VECTOR('',#3126,1.);
#3126 = DIRECTION('',(0.,1.,0.));
#3127 = ORIENTED_EDGE('',*,*,#3128,.T.);
#3128 = EDGE_CURVE('',#3121,#3129,#3131,.T.);
#3129 = VERTEX_POINT('',#3130);
#3130 = CARTESIAN_POINT('',(211.442779,52.063965,0.));
#3131 = LINE('',#3132,#3133);
#3132 = CARTESIAN_POINT('',(211.441331,52.049335,0.));
#3133 = VECTOR('',#3134,1.);
#3134 = DIRECTION('',(9.849346454695E-02,0.995137697729,0.));
#3135 = ORIENTED_EDGE('',*,*,#3136,.T.);
#3136 = EDGE_CURVE('',#3129,#3137,#3139,.T.);
#3137 = VERTEX_POINT('',#3138);
#3138 = CARTESIAN_POINT('',(211.45398,52.091016,0.));
#3139 = LINE('',#3140,#3141);
#3140 = CARTESIAN_POINT('',(211.442779,52.063965,0.));
#3141 = VECTOR('',#3142,1.);
#3142 = DIRECTION('',(0.382569992546,0.923926512664,0.));
#3143 = ORIENTED_EDGE('',*,*,#3144,.T.);
#3144 = EDGE_CURVE('',#3137,#3145,#3147,.T.);
#3145 = VERTEX_POINT('',#3146);
#3146 = CARTESIAN_POINT('',(211.474656,52.111692,0.));
#3147 = LINE('',#3148,#3149);
#3148 = CARTESIAN_POINT('',(211.45398,52.091016,0.));
#3149 = VECTOR('',#3150,1.);
#3150 = DIRECTION('',(0.707106781187,0.707106781186,0.));
#3151 = ORIENTED_EDGE('',*,*,#3152,.T.);
#3152 = EDGE_CURVE('',#3145,#3153,#3155,.T.);
#3153 = VERTEX_POINT('',#3154);
#3154 = CARTESIAN_POINT('',(211.501707,52.122893,0.));
#3155 = LINE('',#3156,#3157);
#3156 = CARTESIAN_POINT('',(211.474656,52.111692,0.));
#3157 = VECTOR('',#3158,1.);
#3158 = DIRECTION('',(0.923926512664,0.382569992546,0.));
#3159 = ORIENTED_EDGE('',*,*,#3160,.T.);
#3160 = EDGE_CURVE('',#3153,#3161,#3163,.T.);
#3161 = VERTEX_POINT('',#3162);
#3162 = CARTESIAN_POINT('',(211.516337,52.124341,0.));
#3163 = LINE('',#3164,#3165);
#3164 = CARTESIAN_POINT('',(211.501707,52.122893,0.));
#3165 = VECTOR('',#3166,1.);
#3166 = DIRECTION('',(0.995137697729,9.849346454661E-02,0.));
#3167 = ORIENTED_EDGE('',*,*,#3168,.T.);
#3168 = EDGE_CURVE('',#3161,#3169,#3171,.T.);
#3169 = VERTEX_POINT('',#3170);
#3170 = CARTESIAN_POINT('',(225.616335,52.124341,0.));
#3171 = LINE('',#3172,#3173);
#3172 = CARTESIAN_POINT('',(211.516337,52.124341,0.));
#3173 = VECTOR('',#3174,1.);
#3174 = DIRECTION('',(1.,0.,0.));
#3175 = ORIENTED_EDGE('',*,*,#3176,.T.);
#3176 = EDGE_CURVE('',#3169,#2991,#3177,.T.);
#3177 = LINE('',#3178,#3179);
#3178 = CARTESIAN_POINT('',(225.616335,52.124341,0.));
#3179 = VECTOR('',#3180,1.);
#3180 = DIRECTION('',(0.995137697729,-9.849346454642E-02,0.));
#3181 = FACE_BOUND('',#3182,.F.);
#3182 = EDGE_LOOP('',(#3183,#3193,#3201,#3209,#3217,#3225,#3233,#3241,
    #3249,#3257,#3265,#3273,#3281,#3289,#3297,#3305,#3313,#3321,#3329,
    #3337,#3345,#3353,#3361,#3369));
#3183 = ORIENTED_EDGE('',*,*,#3184,.T.);
#3184 = EDGE_CURVE('',#3185,#3187,#3189,.T.);
#3185 = VERTEX_POINT('',#3186);
#3186 = CARTESIAN_POINT('',(206.580965,52.122893,0.));
#3187 = VERTEX_POINT('',#3188);
#3188 = CARTESIAN_POINT('',(206.608016,52.111692,0.));
#3189 = LINE('',#3190,#3191);
#3190 = CARTESIAN_POINT('',(206.580965,52.122893,0.));
#3191 = VECTOR('',#3192,1.);
#3192 = DIRECTION('',(0.923926512664,-0.382569992546,0.));
#3193 = ORIENTED_EDGE('',*,*,#3194,.T.);
#3194 = EDGE_CURVE('',#3187,#3195,#3197,.T.);
#3195 = VERTEX_POINT('',#3196);
#3196 = CARTESIAN_POINT('',(206.628692,52.091016,0.));
#3197 = LINE('',#3198,#3199);
#3198 = CARTESIAN_POINT('',(206.608016,52.111692,0.));
#3199 = VECTOR('',#3200,1.);
#3200 = DIRECTION('',(0.707106781187,-0.707106781186,0.));
#3201 = ORIENTED_EDGE('',*,*,#3202,.T.);
#3202 = EDGE_CURVE('',#3195,#3203,#3205,.T.);
#3203 = VERTEX_POINT('',#3204);
#3204 = CARTESIAN_POINT('',(206.639893,52.063965,0.));
#3205 = LINE('',#3206,#3207);
#3206 = CARTESIAN_POINT('',(206.628692,52.091016,0.));
#3207 = VECTOR('',#3208,1.);
#3208 = DIRECTION('',(0.382569992546,-0.923926512664,0.));
#3209 = ORIENTED_EDGE('',*,*,#3210,.T.);
#3210 = EDGE_CURVE('',#3203,#3211,#3213,.T.);
#3211 = VERTEX_POINT('',#3212);
#3212 = CARTESIAN_POINT('',(206.641341,52.049335,0.));
#3213 = LINE('',#3214,#3215);
#3214 = CARTESIAN_POINT('',(206.639893,52.063965,0.));
#3215 = VECTOR('',#3216,1.);
#3216 = DIRECTION('',(9.849346454695E-02,-0.995137697729,0.));
#3217 = ORIENTED_EDGE('',*,*,#3218,.T.);
#3218 = EDGE_CURVE('',#3211,#3219,#3221,.T.);
#3219 = VERTEX_POINT('',#3220);
#3220 = CARTESIAN_POINT('',(206.641341,37.949338,0.));
#3221 = LINE('',#3222,#3223);
#3222 = CARTESIAN_POINT('',(206.641341,52.049335,0.));
#3223 = VECTOR('',#3224,1.);
#3224 = DIRECTION('',(0.,-1.,0.));
#3225 = ORIENTED_EDGE('',*,*,#3226,.T.);
#3226 = EDGE_CURVE('',#3219,#3227,#3229,.T.);
#3227 = VERTEX_POINT('',#3228);
#3228 = CARTESIAN_POINT('',(206.639893,37.934707,0.));
#3229 = LINE('',#3230,#3231);
#3230 = CARTESIAN_POINT('',(206.641341,37.949338,0.));
#3231 = VECTOR('',#3232,1.);
#3232 = DIRECTION('',(-9.848679801156E-02,-0.995138357525,0.));
#3233 = ORIENTED_EDGE('',*,*,#3234,.T.);
#3234 = EDGE_CURVE('',#3227,#3235,#3237,.T.);
#3235 = VERTEX_POINT('',#3236);
#3236 = CARTESIAN_POINT('',(206.628692,37.907656,0.));
#3237 = LINE('',#3238,#3239);
#3238 = CARTESIAN_POINT('',(206.639893,37.934707,0.));
#3239 = VECTOR('',#3240,1.);
#3240 = DIRECTION('',(-0.382569992546,-0.923926512664,0.));
#3241 = ORIENTED_EDGE('',*,*,#3242,.T.);
#3242 = EDGE_CURVE('',#3235,#3243,#3245,.T.);
#3243 = VERTEX_POINT('',#3244);
#3244 = CARTESIAN_POINT('',(206.608016,37.886981,0.));
#3245 = LINE('',#3246,#3247);
#3246 = CARTESIAN_POINT('',(206.628692,37.907656,0.));
#3247 = VECTOR('',#3248,1.);
#3248 = DIRECTION('',(-0.707123881093,-0.707089680867,0.));
#3249 = ORIENTED_EDGE('',*,*,#3250,.T.);
#3250 = EDGE_CURVE('',#3243,#3251,#3253,.T.);
#3251 = VERTEX_POINT('',#3252);
#3252 = CARTESIAN_POINT('',(206.580965,37.875779,0.));
#3253 = LINE('',#3254,#3255);
#3254 = CARTESIAN_POINT('',(206.608016,37.886981,0.));
#3255 = VECTOR('',#3256,1.);
#3256 = DIRECTION('',(-0.923914439717,-0.382599148043,0.));
#3257 = ORIENTED_EDGE('',*,*,#3258,.T.);
#3258 = EDGE_CURVE('',#3251,#3259,#3261,.T.);
#3259 = VERTEX_POINT('',#3260);
#3260 = CARTESIAN_POINT('',(206.566335,37.874331,0.));
#3261 = LINE('',#3262,#3263);
#3262 = CARTESIAN_POINT('',(206.580965,37.875779,0.));
#3263 = VECTOR('',#3264,1.);
#3264 = DIRECTION('',(-0.995137697729,-9.849346454661E-02,0.));
#3265 = ORIENTED_EDGE('',*,*,#3266,.T.);
#3266 = EDGE_CURVE('',#3259,#3267,#3269,.T.);
#3267 = VERTEX_POINT('',#3268);
#3268 = CARTESIAN_POINT('',(192.466337,37.874331,0.));
#3269 = LINE('',#3270,#3271);
#3270 = CARTESIAN_POINT('',(206.566335,37.874331,0.));
#3271 = VECTOR('',#3272,1.);
#3272 = DIRECTION('',(-1.,0.,0.));
#3273 = ORIENTED_EDGE('',*,*,#3274,.T.);
#3274 = EDGE_CURVE('',#3267,#3275,#3277,.T.);
#3275 = VERTEX_POINT('',#3276);
#3276 = CARTESIAN_POINT('',(192.451707,37.875779,0.));
#3277 = LINE('',#3278,#3279);
#3278 = CARTESIAN_POINT('',(192.466337,37.874331,0.));
#3279 = VECTOR('',#3280,1.);
#3280 = DIRECTION('',(-0.995137697729,9.849346454642E-02,0.));
#3281 = ORIENTED_EDGE('',*,*,#3282,.T.);
#3282 = EDGE_CURVE('',#3275,#3283,#3285,.T.);
#3283 = VERTEX_POINT('',#3284);
#3284 = CARTESIAN_POINT('',(192.424656,37.886981,0.));
#3285 = LINE('',#3286,#3287);
#3286 = CARTESIAN_POINT('',(192.451707,37.875779,0.));
#3287 = VECTOR('',#3288,1.);
#3288 = DIRECTION('',(-0.923914439717,0.382599148043,0.));
#3289 = ORIENTED_EDGE('',*,*,#3290,.T.);
#3290 = EDGE_CURVE('',#3283,#3291,#3293,.T.);
#3291 = VERTEX_POINT('',#3292);
#3292 = CARTESIAN_POINT('',(192.40398,37.907656,0.));
#3293 = LINE('',#3294,#3295);
#3294 = CARTESIAN_POINT('',(192.424656,37.886981,0.));
#3295 = VECTOR('',#3296,1.);
#3296 = DIRECTION('',(-0.707123881093,0.707089680867,0.));
#3297 = ORIENTED_EDGE('',*,*,#3298,.T.);
#3298 = EDGE_CURVE('',#3291,#3299,#3301,.T.);
#3299 = VERTEX_POINT('',#3300);
#3300 = CARTESIAN_POINT('',(192.392779,37.934707,0.));
#3301 = LINE('',#3302,#3303);
#3302 = CARTESIAN_POINT('',(192.40398,37.907656,0.));
#3303 = VECTOR('',#3304,1.);
#3304 = DIRECTION('',(-0.382569992546,0.923926512664,0.));
#3305 = ORIENTED_EDGE('',*,*,#3306,.T.);
#3306 = EDGE_CURVE('',#3299,#3307,#3309,.T.);
#3307 = VERTEX_POINT('',#3308);
#3308 = CARTESIAN_POINT('',(192.391331,37.949338,0.));
#3309 = LINE('',#3310,#3311);
#3310 = CARTESIAN_POINT('',(192.392779,37.934707,0.));
#3311 = VECTOR('',#3312,1.);
#3312 = DIRECTION('',(-9.848679800965E-02,0.995138357525,0.));
#3313 = ORIENTED_EDGE('',*,*,#3314,.T.);
#3314 = EDGE_CURVE('',#3307,#3315,#3317,.T.);
#3315 = VERTEX_POINT('',#3316);
#3316 = CARTESIAN_POINT('',(192.391331,52.049335,0.));
#3317 = LINE('',#3318,#3319);
#3318 = CARTESIAN_POINT('',(192.391331,37.949338,0.));
#3319 = VECTOR('',#3320,1.);
#3320 = DIRECTION('',(0.,1.,0.));
#3321 = ORIENTED_EDGE('',*,*,#3322,.T.);
#3322 = EDGE_CURVE('',#3315,#3323,#3325,.T.);
#3323 = VERTEX_POINT('',#3324);
#3324 = CARTESIAN_POINT('',(192.392779,52.063965,0.));
#3325 = LINE('',#3326,#3327);
#3326 = CARTESIAN_POINT('',(192.391331,52.049335,0.));
#3327 = VECTOR('',#3328,1.);
#3328 = DIRECTION('',(9.849346454503E-02,0.995137697729,0.));
#3329 = ORIENTED_EDGE('',*,*,#3330,.T.);
#3330 = EDGE_CURVE('',#3323,#3331,#3333,.T.);
#3331 = VERTEX_POINT('',#3332);
#3332 = CARTESIAN_POINT('',(192.40398,52.091016,0.));
#3333 = LINE('',#3334,#3335);
#3334 = CARTESIAN_POINT('',(192.392779,52.063965,0.));
#3335 = VECTOR('',#3336,1.);
#3336 = DIRECTION('',(0.382569992546,0.923926512664,0.));
#3337 = ORIENTED_EDGE('',*,*,#3338,.T.);
#3338 = EDGE_CURVE('',#3331,#3339,#3341,.T.);
#3339 = VERTEX_POINT('',#3340);
#3340 = CARTESIAN_POINT('',(192.424656,52.111692,0.));
#3341 = LINE('',#3342,#3343);
#3342 = CARTESIAN_POINT('',(192.40398,52.091016,0.));
#3343 = VECTOR('',#3344,1.);
#3344 = DIRECTION('',(0.707106781187,0.707106781186,0.));
#3345 = ORIENTED_EDGE('',*,*,#3346,.T.);
#3346 = EDGE_CURVE('',#3339,#3347,#3349,.T.);
#3347 = VERTEX_POINT('',#3348);
#3348 = CARTESIAN_POINT('',(192.451707,52.122893,0.));
#3349 = LINE('',#3350,#3351);
#3350 = CARTESIAN_POINT('',(192.424656,52.111692,0.));
#3351 = VECTOR('',#3352,1.);
#3352 = DIRECTION('',(0.923926512664,0.382569992546,0.));
#3353 = ORIENTED_EDGE('',*,*,#3354,.T.);
#3354 = EDGE_CURVE('',#3347,#3355,#3357,.T.);
#3355 = VERTEX_POINT('',#3356);
#3356 = CARTESIAN_POINT('',(192.466337,52.124341,0.));
#3357 = LINE('',#3358,#3359);
#3358 = CARTESIAN_POINT('',(192.451707,52.122893,0.));
#3359 = VECTOR('',#3360,1.);
#3360 = DIRECTION('',(0.995137697729,9.849346454642E-02,0.));
#3361 = ORIENTED_EDGE('',*,*,#3362,.T.);
#3362 = EDGE_CURVE('',#3355,#3363,#3365,.T.);
#3363 = VERTEX_POINT('',#3364);
#3364 = CARTESIAN_POINT('',(206.566335,52.124341,0.));
#3365 = LINE('',#3366,#3367);
#3366 = CARTESIAN_POINT('',(192.466337,52.124341,0.));
#3367 = VECTOR('',#3368,1.);
#3368 = DIRECTION('',(1.,0.,0.));
#3369 = ORIENTED_EDGE('',*,*,#3370,.T.);
#3370 = EDGE_CURVE('',#3363,#3185,#3371,.T.);
#3371 = LINE('',#3372,#3373);
#3372 = CARTESIAN_POINT('',(206.566335,52.124341,0.));
#3373 = VECTOR('',#3374,1.);
#3374 = DIRECTION('',(0.995137697729,-9.849346454661E-02,0.));
#3375 = FACE_BOUND('',#3376,.F.);
#3376 = EDGE_LOOP('',(#3377,#3387,#3395,#3403,#3411,#3419,#3427,#3435,
    #3443,#3451,#3459,#3467,#3475,#3483,#3491,#3499,#3507,#3515,#3523,
    #3531,#3539,#3547,#3555,#3563));
#3377 = ORIENTED_EDGE('',*,*,#3378,.T.);
#3378 = EDGE_CURVE('',#3379,#3381,#3383,.T.);
#3379 = VERTEX_POINT('',#3380);
#3380 = CARTESIAN_POINT('',(244.680965,71.172893,0.));
#3381 = VERTEX_POINT('',#3382);
#3382 = CARTESIAN_POINT('',(244.708016,71.161692,0.));
#3383 = LINE('',#3384,#3385);
#3384 = CARTESIAN_POINT('',(244.680965,71.172893,0.));
#3385 = VECTOR('',#3386,1.);
#3386 = DIRECTION('',(0.923926512664,-0.382569992546,0.));
#3387 = ORIENTED_EDGE('',*,*,#3388,.T.);
#3388 = EDGE_CURVE('',#3381,#3389,#3391,.T.);
#3389 = VERTEX_POINT('',#3390);
#3390 = CARTESIAN_POINT('',(244.728692,71.141016,0.));
#3391 = LINE('',#3392,#3393);
#3392 = CARTESIAN_POINT('',(244.708016,71.161692,0.));
#3393 = VECTOR('',#3394,1.);
#3394 = DIRECTION('',(0.707106781187,-0.707106781187,0.));
#3395 = ORIENTED_EDGE('',*,*,#3396,.T.);
#3396 = EDGE_CURVE('',#3389,#3397,#3399,.T.);
#3397 = VERTEX_POINT('',#3398);
#3398 = CARTESIAN_POINT('',(244.739893,71.113965,0.));
#3399 = LINE('',#3400,#3401);
#3400 = CARTESIAN_POINT('',(244.728692,71.141016,0.));
#3401 = VECTOR('',#3402,1.);
#3402 = DIRECTION('',(0.382569992546,-0.923926512664,0.));
#3403 = ORIENTED_EDGE('',*,*,#3404,.T.);
#3404 = EDGE_CURVE('',#3397,#3405,#3407,.T.);
#3405 = VERTEX_POINT('',#3406);
#3406 = CARTESIAN_POINT('',(244.741341,71.099335,0.));
#3407 = LINE('',#3408,#3409);
#3408 = CARTESIAN_POINT('',(244.739893,71.113965,0.));
#3409 = VECTOR('',#3410,1.);
#3410 = DIRECTION('',(9.849346454699E-02,-0.995137697729,0.));
#3411 = ORIENTED_EDGE('',*,*,#3412,.T.);
#3412 = EDGE_CURVE('',#3405,#3413,#3415,.T.);
#3413 = VERTEX_POINT('',#3414);
#3414 = CARTESIAN_POINT('',(244.741341,56.999338,0.));
#3415 = LINE('',#3416,#3417);
#3416 = CARTESIAN_POINT('',(244.741341,71.099335,0.));
#3417 = VECTOR('',#3418,1.);
#3418 = DIRECTION('',(0.,-1.,0.));
#3419 = ORIENTED_EDGE('',*,*,#3420,.T.);
#3420 = EDGE_CURVE('',#3413,#3421,#3423,.T.);
#3421 = VERTEX_POINT('',#3422);
#3422 = CARTESIAN_POINT('',(244.739893,56.984707,0.));
#3423 = LINE('',#3424,#3425);
#3424 = CARTESIAN_POINT('',(244.741341,56.999338,0.));
#3425 = VECTOR('',#3426,1.);
#3426 = DIRECTION('',(-9.848679801152E-02,-0.995138357525,0.));
#3427 = ORIENTED_EDGE('',*,*,#3428,.T.);
#3428 = EDGE_CURVE('',#3421,#3429,#3431,.T.);
#3429 = VERTEX_POINT('',#3430);
#3430 = CARTESIAN_POINT('',(244.728692,56.957656,0.));
#3431 = LINE('',#3432,#3433);
#3432 = CARTESIAN_POINT('',(244.739893,56.984707,0.));
#3433 = VECTOR('',#3434,1.);
#3434 = DIRECTION('',(-0.382569992546,-0.923926512664,0.));
#3435 = ORIENTED_EDGE('',*,*,#3436,.T.);
#3436 = EDGE_CURVE('',#3429,#3437,#3439,.T.);
#3437 = VERTEX_POINT('',#3438);
#3438 = CARTESIAN_POINT('',(244.708016,56.936981,0.));
#3439 = LINE('',#3440,#3441);
#3440 = CARTESIAN_POINT('',(244.728692,56.957656,0.));
#3441 = VECTOR('',#3442,1.);
#3442 = DIRECTION('',(-0.707123881093,-0.707089680866,0.));
#3443 = ORIENTED_EDGE('',*,*,#3444,.T.);
#3444 = EDGE_CURVE('',#3437,#3445,#3447,.T.);
#3445 = VERTEX_POINT('',#3446);
#3446 = CARTESIAN_POINT('',(244.680965,56.925779,0.));
#3447 = LINE('',#3448,#3449);
#3448 = CARTESIAN_POINT('',(244.708016,56.936981,0.));
#3449 = VECTOR('',#3450,1.);
#3450 = DIRECTION('',(-0.923914439717,-0.382599148043,0.));
#3451 = ORIENTED_EDGE('',*,*,#3452,.T.);
#3452 = EDGE_CURVE('',#3445,#3453,#3455,.T.);
#3453 = VERTEX_POINT('',#3454);
#3454 = CARTESIAN_POINT('',(244.666335,56.924331,0.));
#3455 = LINE('',#3456,#3457);
#3456 = CARTESIAN_POINT('',(244.680965,56.925779,0.));
#3457 = VECTOR('',#3458,1.);
#3458 = DIRECTION('',(-0.995137697729,-9.849346454613E-02,0.));
#3459 = ORIENTED_EDGE('',*,*,#3460,.T.);
#3460 = EDGE_CURVE('',#3453,#3461,#3463,.T.);
#3461 = VERTEX_POINT('',#3462);
#3462 = CARTESIAN_POINT('',(230.566337,56.924331,0.));
#3463 = LINE('',#3464,#3465);
#3464 = CARTESIAN_POINT('',(244.666335,56.924331,0.));
#3465 = VECTOR('',#3466,1.);
#3466 = DIRECTION('',(-1.,0.,0.));
#3467 = ORIENTED_EDGE('',*,*,#3468,.T.);
#3468 = EDGE_CURVE('',#3461,#3469,#3471,.T.);
#3469 = VERTEX_POINT('',#3470);
#3470 = CARTESIAN_POINT('',(230.551707,56.925779,0.));
#3471 = LINE('',#3472,#3473);
#3472 = CARTESIAN_POINT('',(230.566337,56.924331,0.));
#3473 = VECTOR('',#3474,1.);
#3474 = DIRECTION('',(-0.995137697729,9.849346454594E-02,0.));
#3475 = ORIENTED_EDGE('',*,*,#3476,.T.);
#3476 = EDGE_CURVE('',#3469,#3477,#3479,.T.);
#3477 = VERTEX_POINT('',#3478);
#3478 = CARTESIAN_POINT('',(230.524656,56.936981,0.));
#3479 = LINE('',#3480,#3481);
#3480 = CARTESIAN_POINT('',(230.551707,56.925779,0.));
#3481 = VECTOR('',#3482,1.);
#3482 = DIRECTION('',(-0.923914439717,0.382599148043,0.));
#3483 = ORIENTED_EDGE('',*,*,#3484,.T.);
#3484 = EDGE_CURVE('',#3477,#3485,#3487,.T.);
#3485 = VERTEX_POINT('',#3486);
#3486 = CARTESIAN_POINT('',(230.50398,56.957656,0.));
#3487 = LINE('',#3488,#3489);
#3488 = CARTESIAN_POINT('',(230.524656,56.936981,0.));
#3489 = VECTOR('',#3490,1.);
#3490 = DIRECTION('',(-0.707123881093,0.707089680867,0.));
#3491 = ORIENTED_EDGE('',*,*,#3492,.T.);
#3492 = EDGE_CURVE('',#3485,#3493,#3495,.T.);
#3493 = VERTEX_POINT('',#3494);
#3494 = CARTESIAN_POINT('',(230.492779,56.984707,0.));
#3495 = LINE('',#3496,#3497);
#3496 = CARTESIAN_POINT('',(230.50398,56.957656,0.));
#3497 = VECTOR('',#3498,1.);
#3498 = DIRECTION('',(-0.382569992546,0.923926512664,0.));
#3499 = ORIENTED_EDGE('',*,*,#3500,.T.);
#3500 = EDGE_CURVE('',#3493,#3501,#3503,.T.);
#3501 = VERTEX_POINT('',#3502);
#3502 = CARTESIAN_POINT('',(230.491331,56.999338,0.));
#3503 = LINE('',#3504,#3505);
#3504 = CARTESIAN_POINT('',(230.492779,56.984707,0.));
#3505 = VECTOR('',#3506,1.);
#3506 = DIRECTION('',(-9.848679801152E-02,0.995138357525,0.));
#3507 = ORIENTED_EDGE('',*,*,#3508,.T.);
#3508 = EDGE_CURVE('',#3501,#3509,#3511,.T.);
#3509 = VERTEX_POINT('',#3510);
#3510 = CARTESIAN_POINT('',(230.491331,71.099335,0.));
#3511 = LINE('',#3512,#3513);
#3512 = CARTESIAN_POINT('',(230.491331,56.999338,0.));
#3513 = VECTOR('',#3514,1.);
#3514 = DIRECTION('',(0.,1.,0.));
#3515 = ORIENTED_EDGE('',*,*,#3516,.T.);
#3516 = EDGE_CURVE('',#3509,#3517,#3519,.T.);
#3517 = VERTEX_POINT('',#3518);
#3518 = CARTESIAN_POINT('',(230.492779,71.113965,0.));
#3519 = LINE('',#3520,#3521);
#3520 = CARTESIAN_POINT('',(230.491331,71.099335,0.));
#3521 = VECTOR('',#3522,1.);
#3522 = DIRECTION('',(9.849346454699E-02,0.995137697729,0.));
#3523 = ORIENTED_EDGE('',*,*,#3524,.T.);
#3524 = EDGE_CURVE('',#3517,#3525,#3527,.T.);
#3525 = VERTEX_POINT('',#3526);
#3526 = CARTESIAN_POINT('',(230.50398,71.141016,0.));
#3527 = LINE('',#3528,#3529);
#3528 = CARTESIAN_POINT('',(230.492779,71.113965,0.));
#3529 = VECTOR('',#3530,1.);
#3530 = DIRECTION('',(0.382569992546,0.923926512664,0.));
#3531 = ORIENTED_EDGE('',*,*,#3532,.T.);
#3532 = EDGE_CURVE('',#3525,#3533,#3535,.T.);
#3533 = VERTEX_POINT('',#3534);
#3534 = CARTESIAN_POINT('',(230.524656,71.161692,0.));
#3535 = LINE('',#3536,#3537);
#3536 = CARTESIAN_POINT('',(230.50398,71.141016,0.));
#3537 = VECTOR('',#3538,1.);
#3538 = DIRECTION('',(0.707106781186,0.707106781187,0.));
#3539 = ORIENTED_EDGE('',*,*,#3540,.T.);
#3540 = EDGE_CURVE('',#3533,#3541,#3543,.T.);
#3541 = VERTEX_POINT('',#3542);
#3542 = CARTESIAN_POINT('',(230.551707,71.172893,0.));
#3543 = LINE('',#3544,#3545);
#3544 = CARTESIAN_POINT('',(230.524656,71.161692,0.));
#3545 = VECTOR('',#3546,1.);
#3546 = DIRECTION('',(0.923926512664,0.382569992546,0.));
#3547 = ORIENTED_EDGE('',*,*,#3548,.T.);
#3548 = EDGE_CURVE('',#3541,#3549,#3551,.T.);
#3549 = VERTEX_POINT('',#3550);
#3550 = CARTESIAN_POINT('',(230.566337,71.174341,0.));
#3551 = LINE('',#3552,#3553);
#3552 = CARTESIAN_POINT('',(230.551707,71.172893,0.));
#3553 = VECTOR('',#3554,1.);
#3554 = DIRECTION('',(0.995137697729,9.849346454594E-02,0.));
#3555 = ORIENTED_EDGE('',*,*,#3556,.T.);
#3556 = EDGE_CURVE('',#3549,#3557,#3559,.T.);
#3557 = VERTEX_POINT('',#3558);
#3558 = CARTESIAN_POINT('',(244.666335,71.174341,0.));
#3559 = LINE('',#3560,#3561);
#3560 = CARTESIAN_POINT('',(230.566337,71.174341,0.));
#3561 = VECTOR('',#3562,1.);
#3562 = DIRECTION('',(1.,0.,0.));
#3563 = ORIENTED_EDGE('',*,*,#3564,.T.);
#3564 = EDGE_CURVE('',#3557,#3379,#3565,.T.);
#3565 = LINE('',#3566,#3567);
#3566 = CARTESIAN_POINT('',(244.666335,71.174341,0.));
#3567 = VECTOR('',#3568,1.);
#3568 = DIRECTION('',(0.995137697729,-9.849346454613E-02,0.));
#3569 = FACE_BOUND('',#3570,.F.);
#3570 = EDGE_LOOP('',(#3571,#3581,#3589,#3597,#3605,#3613,#3621,#3629,
    #3637,#3645,#3653,#3661,#3669,#3677,#3685,#3693,#3701,#3709,#3717,
    #3725,#3733,#3741,#3749,#3757));
#3571 = ORIENTED_EDGE('',*,*,#3572,.T.);
#3572 = EDGE_CURVE('',#3573,#3575,#3577,.T.);
#3573 = VERTEX_POINT('',#3574);
#3574 = CARTESIAN_POINT('',(225.630965,71.172893,0.));
#3575 = VERTEX_POINT('',#3576);
#3576 = CARTESIAN_POINT('',(225.658016,71.161692,0.));
#3577 = LINE('',#3578,#3579);
#3578 = CARTESIAN_POINT('',(225.630965,71.172893,0.));
#3579 = VECTOR('',#3580,1.);
#3580 = DIRECTION('',(0.923926512664,-0.382569992546,0.));
#3581 = ORIENTED_EDGE('',*,*,#3582,.T.);
#3582 = EDGE_CURVE('',#3575,#3583,#3585,.T.);
#3583 = VERTEX_POINT('',#3584);
#3584 = CARTESIAN_POINT('',(225.678692,71.141016,0.));
#3585 = LINE('',#3586,#3587);
#3586 = CARTESIAN_POINT('',(225.658016,71.161692,0.));
#3587 = VECTOR('',#3588,1.);
#3588 = DIRECTION('',(0.707106781187,-0.707106781187,0.));
#3589 = ORIENTED_EDGE('',*,*,#3590,.T.);
#3590 = EDGE_CURVE('',#3583,#3591,#3593,.T.);
#3591 = VERTEX_POINT('',#3592);
#3592 = CARTESIAN_POINT('',(225.689893,71.113965,0.));
#3593 = LINE('',#3594,#3595);
#3594 = CARTESIAN_POINT('',(225.678692,71.141016,0.));
#3595 = VECTOR('',#3596,1.);
#3596 = DIRECTION('',(0.382569992546,-0.923926512664,0.));
#3597 = ORIENTED_EDGE('',*,*,#3598,.T.);
#3598 = EDGE_CURVE('',#3591,#3599,#3601,.T.);
#3599 = VERTEX_POINT('',#3600);
#3600 = CARTESIAN_POINT('',(225.691341,71.099335,0.));
#3601 = LINE('',#3602,#3603);
#3602 = CARTESIAN_POINT('',(225.689893,71.113965,0.));
#3603 = VECTOR('',#3604,1.);
#3604 = DIRECTION('',(9.849346454508E-02,-0.995137697729,0.));
#3605 = ORIENTED_EDGE('',*,*,#3606,.T.);
#3606 = EDGE_CURVE('',#3599,#3607,#3609,.T.);
#3607 = VERTEX_POINT('',#3608);
#3608 = CARTESIAN_POINT('',(225.691341,56.999338,0.));
#3609 = LINE('',#3610,#3611);
#3610 = CARTESIAN_POINT('',(225.691341,71.099335,0.));
#3611 = VECTOR('',#3612,1.);
#3612 = DIRECTION('',(0.,-1.,0.));
#3613 = ORIENTED_EDGE('',*,*,#3614,.T.);
#3614 = EDGE_CURVE('',#3607,#3615,#3617,.T.);
#3615 = VERTEX_POINT('',#3616);
#3616 = CARTESIAN_POINT('',(225.689893,56.984707,0.));
#3617 = LINE('',#3618,#3619);
#3618 = CARTESIAN_POINT('',(225.691341,56.999338,0.));
#3619 = VECTOR('',#3620,1.);
#3620 = DIRECTION('',(-9.84867980096E-02,-0.995138357525,0.));
#3621 = ORIENTED_EDGE('',*,*,#3622,.T.);
#3622 = EDGE_CURVE('',#3615,#3623,#3625,.T.);
#3623 = VERTEX_POINT('',#3624);
#3624 = CARTESIAN_POINT('',(225.678692,56.957656,0.));
#3625 = LINE('',#3626,#3627);
#3626 = CARTESIAN_POINT('',(225.689893,56.984707,0.));
#3627 = VECTOR('',#3628,1.);
#3628 = DIRECTION('',(-0.382569992546,-0.923926512664,0.));
#3629 = ORIENTED_EDGE('',*,*,#3630,.T.);
#3630 = EDGE_CURVE('',#3623,#3631,#3633,.T.);
#3631 = VERTEX_POINT('',#3632);
#3632 = CARTESIAN_POINT('',(225.658016,56.936981,0.));
#3633 = LINE('',#3634,#3635);
#3634 = CARTESIAN_POINT('',(225.678692,56.957656,0.));
#3635 = VECTOR('',#3636,1.);
#3636 = DIRECTION('',(-0.707123881093,-0.707089680866,0.));
#3637 = ORIENTED_EDGE('',*,*,#3638,.T.);
#3638 = EDGE_CURVE('',#3631,#3639,#3641,.T.);
#3639 = VERTEX_POINT('',#3640);
#3640 = CARTESIAN_POINT('',(225.630965,56.925779,0.));
#3641 = LINE('',#3642,#3643);
#3642 = CARTESIAN_POINT('',(225.658016,56.936981,0.));
#3643 = VECTOR('',#3644,1.);
#3644 = DIRECTION('',(-0.923914439717,-0.382599148043,0.));
#3645 = ORIENTED_EDGE('',*,*,#3646,.T.);
#3646 = EDGE_CURVE('',#3639,#3647,#3649,.T.);
#3647 = VERTEX_POINT('',#3648);
#3648 = CARTESIAN_POINT('',(225.616335,56.924331,0.));
#3649 = LINE('',#3650,#3651);
#3650 = CARTESIAN_POINT('',(225.630965,56.925779,0.));
#3651 = VECTOR('',#3652,1.);
#3652 = DIRECTION('',(-0.995137697729,-9.849346454594E-02,0.));
#3653 = ORIENTED_EDGE('',*,*,#3654,.T.);
#3654 = EDGE_CURVE('',#3647,#3655,#3657,.T.);
#3655 = VERTEX_POINT('',#3656);
#3656 = CARTESIAN_POINT('',(211.516337,56.924331,0.));
#3657 = LINE('',#3658,#3659);
#3658 = CARTESIAN_POINT('',(225.616335,56.924331,0.));
#3659 = VECTOR('',#3660,1.);
#3660 = DIRECTION('',(-1.,0.,0.));
#3661 = ORIENTED_EDGE('',*,*,#3662,.T.);
#3662 = EDGE_CURVE('',#3655,#3663,#3665,.T.);
#3663 = VERTEX_POINT('',#3664);
#3664 = CARTESIAN_POINT('',(211.501707,56.925779,0.));
#3665 = LINE('',#3666,#3667);
#3666 = CARTESIAN_POINT('',(211.516337,56.924331,0.));
#3667 = VECTOR('',#3668,1.);
#3668 = DIRECTION('',(-0.995137697729,9.849346454613E-02,0.));
#3669 = ORIENTED_EDGE('',*,*,#3670,.T.);
#3670 = EDGE_CURVE('',#3663,#3671,#3673,.T.);
#3671 = VERTEX_POINT('',#3672);
#3672 = CARTESIAN_POINT('',(211.474656,56.936981,0.));
#3673 = LINE('',#3674,#3675);
#3674 = CARTESIAN_POINT('',(211.501707,56.925779,0.));
#3675 = VECTOR('',#3676,1.);
#3676 = DIRECTION('',(-0.923914439717,0.382599148043,0.));
#3677 = ORIENTED_EDGE('',*,*,#3678,.T.);
#3678 = EDGE_CURVE('',#3671,#3679,#3681,.T.);
#3679 = VERTEX_POINT('',#3680);
#3680 = CARTESIAN_POINT('',(211.45398,56.957656,0.));
#3681 = LINE('',#3682,#3683);
#3682 = CARTESIAN_POINT('',(211.474656,56.936981,0.));
#3683 = VECTOR('',#3684,1.);
#3684 = DIRECTION('',(-0.707123881093,0.707089680866,0.));
#3685 = ORIENTED_EDGE('',*,*,#3686,.T.);
#3686 = EDGE_CURVE('',#3679,#3687,#3689,.T.);
#3687 = VERTEX_POINT('',#3688);
#3688 = CARTESIAN_POINT('',(211.442779,56.984707,0.));
#3689 = LINE('',#3690,#3691);
#3690 = CARTESIAN_POINT('',(211.45398,56.957656,0.));
#3691 = VECTOR('',#3692,1.);
#3692 = DIRECTION('',(-0.382569992546,0.923926512664,0.));
#3693 = ORIENTED_EDGE('',*,*,#3694,.T.);
#3694 = EDGE_CURVE('',#3687,#3695,#3697,.T.);
#3695 = VERTEX_POINT('',#3696);
#3696 = CARTESIAN_POINT('',(211.441331,56.999338,0.));
#3697 = LINE('',#3698,#3699);
#3698 = CARTESIAN_POINT('',(211.442779,56.984707,0.));
#3699 = VECTOR('',#3700,1.);
#3700 = DIRECTION('',(-9.848679801152E-02,0.995138357525,0.));
#3701 = ORIENTED_EDGE('',*,*,#3702,.T.);
#3702 = EDGE_CURVE('',#3695,#3703,#3705,.T.);
#3703 = VERTEX_POINT('',#3704);
#3704 = CARTESIAN_POINT('',(211.441331,71.099335,0.));
#3705 = LINE('',#3706,#3707);
#3706 = CARTESIAN_POINT('',(211.441331,56.999338,0.));
#3707 = VECTOR('',#3708,1.);
#3708 = DIRECTION('',(0.,1.,0.));
#3709 = ORIENTED_EDGE('',*,*,#3710,.T.);
#3710 = EDGE_CURVE('',#3703,#3711,#3713,.T.);
#3711 = VERTEX_POINT('',#3712);
#3712 = CARTESIAN_POINT('',(211.442779,71.113965,0.));
#3713 = LINE('',#3714,#3715);
#3714 = CARTESIAN_POINT('',(211.441331,71.099335,0.));
#3715 = VECTOR('',#3716,1.);
#3716 = DIRECTION('',(9.849346454699E-02,0.995137697729,0.));
#3717 = ORIENTED_EDGE('',*,*,#3718,.T.);
#3718 = EDGE_CURVE('',#3711,#3719,#3721,.T.);
#3719 = VERTEX_POINT('',#3720);
#3720 = CARTESIAN_POINT('',(211.45398,71.141016,0.));
#3721 = LINE('',#3722,#3723);
#3722 = CARTESIAN_POINT('',(211.442779,71.113965,0.));
#3723 = VECTOR('',#3724,1.);
#3724 = DIRECTION('',(0.382569992546,0.923926512664,0.));
#3725 = ORIENTED_EDGE('',*,*,#3726,.T.);
#3726 = EDGE_CURVE('',#3719,#3727,#3729,.T.);
#3727 = VERTEX_POINT('',#3728);
#3728 = CARTESIAN_POINT('',(211.474656,71.161692,0.));
#3729 = LINE('',#3730,#3731);
#3730 = CARTESIAN_POINT('',(211.45398,71.141016,0.));
#3731 = VECTOR('',#3732,1.);
#3732 = DIRECTION('',(0.707106781187,0.707106781187,0.));
#3733 = ORIENTED_EDGE('',*,*,#3734,.T.);
#3734 = EDGE_CURVE('',#3727,#3735,#3737,.T.);
#3735 = VERTEX_POINT('',#3736);
#3736 = CARTESIAN_POINT('',(211.501707,71.172893,0.));
#3737 = LINE('',#3738,#3739);
#3738 = CARTESIAN_POINT('',(211.474656,71.161692,0.));
#3739 = VECTOR('',#3740,1.);
#3740 = DIRECTION('',(0.923926512664,0.382569992546,0.));
#3741 = ORIENTED_EDGE('',*,*,#3742,.T.);
#3742 = EDGE_CURVE('',#3735,#3743,#3745,.T.);
#3743 = VERTEX_POINT('',#3744);
#3744 = CARTESIAN_POINT('',(211.516337,71.174341,0.));
#3745 = LINE('',#3746,#3747);
#3746 = CARTESIAN_POINT('',(211.501707,71.172893,0.));
#3747 = VECTOR('',#3748,1.);
#3748 = DIRECTION('',(0.995137697729,9.849346454613E-02,0.));
#3749 = ORIENTED_EDGE('',*,*,#3750,.T.);
#3750 = EDGE_CURVE('',#3743,#3751,#3753,.T.);
#3751 = VERTEX_POINT('',#3752);
#3752 = CARTESIAN_POINT('',(225.616335,71.174341,0.));
#3753 = LINE('',#3754,#3755);
#3754 = CARTESIAN_POINT('',(211.516337,71.174341,0.));
#3755 = VECTOR('',#3756,1.);
#3756 = DIRECTION('',(1.,0.,0.));
#3757 = ORIENTED_EDGE('',*,*,#3758,.T.);
#3758 = EDGE_CURVE('',#3751,#3573,#3759,.T.);
#3759 = LINE('',#3760,#3761);
#3760 = CARTESIAN_POINT('',(225.616335,71.174341,0.));
#3761 = VECTOR('',#3762,1.);
#3762 = DIRECTION('',(0.995137697729,-9.849346454594E-02,0.));
#3763 = FACE_BOUND('',#3764,.F.);
#3764 = EDGE_LOOP('',(#3765,#3775,#3783,#3791,#3799,#3807,#3815,#3823,
    #3831,#3839,#3847,#3855,#3863,#3871,#3879,#3887,#3895,#3903,#3911,
    #3919,#3927,#3935,#3943,#3951));
#3765 = ORIENTED_EDGE('',*,*,#3766,.T.);
#3766 = EDGE_CURVE('',#3767,#3769,#3771,.T.);
#3767 = VERTEX_POINT('',#3768);
#3768 = CARTESIAN_POINT('',(206.580965,71.172893,0.));
#3769 = VERTEX_POINT('',#3770);
#3770 = CARTESIAN_POINT('',(206.608016,71.161692,0.));
#3771 = LINE('',#3772,#3773);
#3772 = CARTESIAN_POINT('',(206.580965,71.172893,0.));
#3773 = VECTOR('',#3774,1.);
#3774 = DIRECTION('',(0.923926512664,-0.382569992546,0.));
#3775 = ORIENTED_EDGE('',*,*,#3776,.T.);
#3776 = EDGE_CURVE('',#3769,#3777,#3779,.T.);
#3777 = VERTEX_POINT('',#3778);
#3778 = CARTESIAN_POINT('',(206.628692,71.141016,0.));
#3779 = LINE('',#3780,#3781);
#3780 = CARTESIAN_POINT('',(206.608016,71.161692,0.));
#3781 = VECTOR('',#3782,1.);
#3782 = DIRECTION('',(0.707106781187,-0.707106781187,0.));
#3783 = ORIENTED_EDGE('',*,*,#3784,.T.);
#3784 = EDGE_CURVE('',#3777,#3785,#3787,.T.);
#3785 = VERTEX_POINT('',#3786);
#3786 = CARTESIAN_POINT('',(206.639893,71.113965,0.));
#3787 = LINE('',#3788,#3789);
#3788 = CARTESIAN_POINT('',(206.628692,71.141016,0.));
#3789 = VECTOR('',#3790,1.);
#3790 = DIRECTION('',(0.382569992546,-0.923926512664,0.));
#3791 = ORIENTED_EDGE('',*,*,#3792,.T.);
#3792 = EDGE_CURVE('',#3785,#3793,#3795,.T.);
#3793 = VERTEX_POINT('',#3794);
#3794 = CARTESIAN_POINT('',(206.641341,71.099335,0.));
#3795 = LINE('',#3796,#3797);
#3796 = CARTESIAN_POINT('',(206.639893,71.113965,0.));
#3797 = VECTOR('',#3798,1.);
#3798 = DIRECTION('',(9.849346454699E-02,-0.995137697729,0.));
#3799 = ORIENTED_EDGE('',*,*,#3800,.T.);
#3800 = EDGE_CURVE('',#3793,#3801,#3803,.T.);
#3801 = VERTEX_POINT('',#3802);
#3802 = CARTESIAN_POINT('',(206.641341,56.999338,0.));
#3803 = LINE('',#3804,#3805);
#3804 = CARTESIAN_POINT('',(206.641341,71.099335,0.));
#3805 = VECTOR('',#3806,1.);
#3806 = DIRECTION('',(0.,-1.,0.));
#3807 = ORIENTED_EDGE('',*,*,#3808,.T.);
#3808 = EDGE_CURVE('',#3801,#3809,#3811,.T.);
#3809 = VERTEX_POINT('',#3810);
#3810 = CARTESIAN_POINT('',(206.639893,56.984707,0.));
#3811 = LINE('',#3812,#3813);
#3812 = CARTESIAN_POINT('',(206.641341,56.999338,0.));
#3813 = VECTOR('',#3814,1.);
#3814 = DIRECTION('',(-9.848679801152E-02,-0.995138357525,0.));
#3815 = ORIENTED_EDGE('',*,*,#3816,.T.);
#3816 = EDGE_CURVE('',#3809,#3817,#3819,.T.);
#3817 = VERTEX_POINT('',#3818);
#3818 = CARTESIAN_POINT('',(206.628692,56.957656,0.));
#3819 = LINE('',#3820,#3821);
#3820 = CARTESIAN_POINT('',(206.639893,56.984707,0.));
#3821 = VECTOR('',#3822,1.);
#3822 = DIRECTION('',(-0.382569992546,-0.923926512664,0.));
#3823 = ORIENTED_EDGE('',*,*,#3824,.T.);
#3824 = EDGE_CURVE('',#3817,#3825,#3827,.T.);
#3825 = VERTEX_POINT('',#3826);
#3826 = CARTESIAN_POINT('',(206.608016,56.936981,0.));
#3827 = LINE('',#3828,#3829);
#3828 = CARTESIAN_POINT('',(206.628692,56.957656,0.));
#3829 = VECTOR('',#3830,1.);
#3830 = DIRECTION('',(-0.707123881093,-0.707089680866,0.));
#3831 = ORIENTED_EDGE('',*,*,#3832,.T.);
#3832 = EDGE_CURVE('',#3825,#3833,#3835,.T.);
#3833 = VERTEX_POINT('',#3834);
#3834 = CARTESIAN_POINT('',(206.580965,56.925779,0.));
#3835 = LINE('',#3836,#3837);
#3836 = CARTESIAN_POINT('',(206.608016,56.936981,0.));
#3837 = VECTOR('',#3838,1.);
#3838 = DIRECTION('',(-0.923914439717,-0.382599148043,0.));
#3839 = ORIENTED_EDGE('',*,*,#3840,.T.);
#3840 = EDGE_CURVE('',#3833,#3841,#3843,.T.);
#3841 = VERTEX_POINT('',#3842);
#3842 = CARTESIAN_POINT('',(206.566335,56.924331,0.));
#3843 = LINE('',#3844,#3845);
#3844 = CARTESIAN_POINT('',(206.580965,56.925779,0.));
#3845 = VECTOR('',#3846,1.);
#3846 = DIRECTION('',(-0.995137697729,-9.849346454613E-02,0.));
#3847 = ORIENTED_EDGE('',*,*,#3848,.T.);
#3848 = EDGE_CURVE('',#3841,#3849,#3851,.T.);
#3849 = VERTEX_POINT('',#3850);
#3850 = CARTESIAN_POINT('',(192.466337,56.924331,0.));
#3851 = LINE('',#3852,#3853);
#3852 = CARTESIAN_POINT('',(206.566335,56.924331,0.));
#3853 = VECTOR('',#3854,1.);
#3854 = DIRECTION('',(-1.,0.,0.));
#3855 = ORIENTED_EDGE('',*,*,#3856,.T.);
#3856 = EDGE_CURVE('',#3849,#3857,#3859,.T.);
#3857 = VERTEX_POINT('',#3858);
#3858 = CARTESIAN_POINT('',(192.451707,56.925779,0.));
#3859 = LINE('',#3860,#3861);
#3860 = CARTESIAN_POINT('',(192.466337,56.924331,0.));
#3861 = VECTOR('',#3862,1.);
#3862 = DIRECTION('',(-0.995137697729,9.849346454594E-02,0.));
#3863 = ORIENTED_EDGE('',*,*,#3864,.T.);
#3864 = EDGE_CURVE('',#3857,#3865,#3867,.T.);
#3865 = VERTEX_POINT('',#3866);
#3866 = CARTESIAN_POINT('',(192.424656,56.936981,0.));
#3867 = LINE('',#3868,#3869);
#3868 = CARTESIAN_POINT('',(192.451707,56.925779,0.));
#3869 = VECTOR('',#3870,1.);
#3870 = DIRECTION('',(-0.923914439717,0.382599148043,0.));
#3871 = ORIENTED_EDGE('',*,*,#3872,.T.);
#3872 = EDGE_CURVE('',#3865,#3873,#3875,.T.);
#3873 = VERTEX_POINT('',#3874);
#3874 = CARTESIAN_POINT('',(192.40398,56.957656,0.));
#3875 = LINE('',#3876,#3877);
#3876 = CARTESIAN_POINT('',(192.424656,56.936981,0.));
#3877 = VECTOR('',#3878,1.);
#3878 = DIRECTION('',(-0.707123881093,0.707089680866,0.));
#3879 = ORIENTED_EDGE('',*,*,#3880,.T.);
#3880 = EDGE_CURVE('',#3873,#3881,#3883,.T.);
#3881 = VERTEX_POINT('',#3882);
#3882 = CARTESIAN_POINT('',(192.392779,56.984707,0.));
#3883 = LINE('',#3884,#3885);
#3884 = CARTESIAN_POINT('',(192.40398,56.957656,0.));
#3885 = VECTOR('',#3886,1.);
#3886 = DIRECTION('',(-0.382569992546,0.923926512664,0.));
#3887 = ORIENTED_EDGE('',*,*,#3888,.T.);
#3888 = EDGE_CURVE('',#3881,#3889,#3891,.T.);
#3889 = VERTEX_POINT('',#3890);
#3890 = CARTESIAN_POINT('',(192.391331,56.999338,0.));
#3891 = LINE('',#3892,#3893);
#3892 = CARTESIAN_POINT('',(192.392779,56.984707,0.));
#3893 = VECTOR('',#3894,1.);
#3894 = DIRECTION('',(-9.84867980096E-02,0.995138357525,0.));
#3895 = ORIENTED_EDGE('',*,*,#3896,.T.);
#3896 = EDGE_CURVE('',#3889,#3897,#3899,.T.);
#3897 = VERTEX_POINT('',#3898);
#3898 = CARTESIAN_POINT('',(192.391331,71.099335,0.));
#3899 = LINE('',#3900,#3901);
#3900 = CARTESIAN_POINT('',(192.391331,56.999338,0.));
#3901 = VECTOR('',#3902,1.);
#3902 = DIRECTION('',(0.,1.,0.));
#3903 = ORIENTED_EDGE('',*,*,#3904,.T.);
#3904 = EDGE_CURVE('',#3897,#3905,#3907,.T.);
#3905 = VERTEX_POINT('',#3906);
#3906 = CARTESIAN_POINT('',(192.392779,71.113965,0.));
#3907 = LINE('',#3908,#3909);
#3908 = CARTESIAN_POINT('',(192.391331,71.099335,0.));
#3909 = VECTOR('',#3910,1.);
#3910 = DIRECTION('',(9.849346454508E-02,0.995137697729,0.));
#3911 = ORIENTED_EDGE('',*,*,#3912,.T.);
#3912 = EDGE_CURVE('',#3905,#3913,#3915,.T.);
#3913 = VERTEX_POINT('',#3914);
#3914 = CARTESIAN_POINT('',(192.40398,71.141016,0.));
#3915 = LINE('',#3916,#3917);
#3916 = CARTESIAN_POINT('',(192.392779,71.113965,0.));
#3917 = VECTOR('',#3918,1.);
#3918 = DIRECTION('',(0.382569992546,0.923926512664,0.));
#3919 = ORIENTED_EDGE('',*,*,#3920,.T.);
#3920 = EDGE_CURVE('',#3913,#3921,#3923,.T.);
#3921 = VERTEX_POINT('',#3922);
#3922 = CARTESIAN_POINT('',(192.424656,71.161692,0.));
#3923 = LINE('',#3924,#3925);
#3924 = CARTESIAN_POINT('',(192.40398,71.141016,0.));
#3925 = VECTOR('',#3926,1.);
#3926 = DIRECTION('',(0.707106781187,0.707106781187,0.));
#3927 = ORIENTED_EDGE('',*,*,#3928,.T.);
#3928 = EDGE_CURVE('',#3921,#3929,#3931,.T.);
#3929 = VERTEX_POINT('',#3930);
#3930 = CARTESIAN_POINT('',(192.451707,71.172893,0.));
#3931 = LINE('',#3932,#3933);
#3932 = CARTESIAN_POINT('',(192.424656,71.161692,0.));
#3933 = VECTOR('',#3934,1.);
#3934 = DIRECTION('',(0.923926512664,0.382569992546,0.));
#3935 = ORIENTED_EDGE('',*,*,#3936,.T.);
#3936 = EDGE_CURVE('',#3929,#3937,#3939,.T.);
#3937 = VERTEX_POINT('',#3938);
#3938 = CARTESIAN_POINT('',(192.466337,71.174341,0.));
#3939 = LINE('',#3940,#3941);
#3940 = CARTESIAN_POINT('',(192.451707,71.172893,0.));
#3941 = VECTOR('',#3942,1.);
#3942 = DIRECTION('',(0.995137697729,9.849346454594E-02,0.));
#3943 = ORIENTED_EDGE('',*,*,#3944,.T.);
#3944 = EDGE_CURVE('',#3937,#3945,#3947,.T.);
#3945 = VERTEX_POINT('',#3946);
#3946 = CARTESIAN_POINT('',(206.566335,71.174341,0.));
#3947 = LINE('',#3948,#3949);
#3948 = CARTESIAN_POINT('',(192.466337,71.174341,0.));
#3949 = VECTOR('',#3950,1.);
#3950 = DIRECTION('',(1.,0.,0.));
#3951 = ORIENTED_EDGE('',*,*,#3952,.T.);
#3952 = EDGE_CURVE('',#3945,#3767,#3953,.T.);
#3953 = LINE('',#3954,#3955);
#3954 = CARTESIAN_POINT('',(206.566335,71.174341,0.));
#3955 = VECTOR('',#3956,1.);
#3956 = DIRECTION('',(0.995137697729,-9.849346454613E-02,0.));
#3957 = FACE_BOUND('',#3958,.F.);
#3958 = EDGE_LOOP('',(#3959,#3969,#3977,#3985,#3993,#4001,#4009,#4017,
    #4025,#4033,#4041,#4049,#4057,#4065,#4073,#4081,#4089,#4097,#4105,
    #4113,#4121,#4129,#4137,#4145));
#3959 = ORIENTED_EDGE('',*,*,#3960,.T.);
#3960 = EDGE_CURVE('',#3961,#3963,#3965,.T.);
#3961 = VERTEX_POINT('',#3962);
#3962 = CARTESIAN_POINT('',(244.680965,90.222893,0.));
#3963 = VERTEX_POINT('',#3964);
#3964 = CARTESIAN_POINT('',(244.708016,90.211692,0.));
#3965 = LINE('',#3966,#3967);
#3966 = CARTESIAN_POINT('',(244.680965,90.222893,0.));
#3967 = VECTOR('',#3968,1.);
#3968 = DIRECTION('',(0.923926512664,-0.382569992546,0.));
#3969 = ORIENTED_EDGE('',*,*,#3970,.T.);
#3970 = EDGE_CURVE('',#3963,#3971,#3973,.T.);
#3971 = VERTEX_POINT('',#3972);
#3972 = CARTESIAN_POINT('',(244.728692,90.191016,0.));
#3973 = LINE('',#3974,#3975);
#3974 = CARTESIAN_POINT('',(244.708016,90.211692,0.));
#3975 = VECTOR('',#3976,1.);
#3976 = DIRECTION('',(0.707106781187,-0.707106781186,0.));
#3977 = ORIENTED_EDGE('',*,*,#3978,.T.);
#3978 = EDGE_CURVE('',#3971,#3979,#3981,.T.);
#3979 = VERTEX_POINT('',#3980);
#3980 = CARTESIAN_POINT('',(244.739893,90.163965,0.));
#3981 = LINE('',#3982,#3983);
#3982 = CARTESIAN_POINT('',(244.728692,90.191016,0.));
#3983 = VECTOR('',#3984,1.);
#3984 = DIRECTION('',(0.382569992546,-0.923926512664,0.));
#3985 = ORIENTED_EDGE('',*,*,#3986,.T.);
#3986 = EDGE_CURVE('',#3979,#3987,#3989,.T.);
#3987 = VERTEX_POINT('',#3988);
#3988 = CARTESIAN_POINT('',(244.741341,90.149335,0.));
#3989 = LINE('',#3990,#3991);
#3990 = CARTESIAN_POINT('',(244.739893,90.163965,0.));
#3991 = VECTOR('',#3992,1.);
#3992 = DIRECTION('',(9.84934645469E-02,-0.995137697729,0.));
#3993 = ORIENTED_EDGE('',*,*,#3994,.T.);
#3994 = EDGE_CURVE('',#3987,#3995,#3997,.T.);
#3995 = VERTEX_POINT('',#3996);
#3996 = CARTESIAN_POINT('',(244.741341,76.049338,0.));
#3997 = LINE('',#3998,#3999);
#3998 = CARTESIAN_POINT('',(244.741341,90.149335,0.));
#3999 = VECTOR('',#4000,1.);
#4000 = DIRECTION('',(0.,-1.,0.));
#4001 = ORIENTED_EDGE('',*,*,#4002,.T.);
#4002 = EDGE_CURVE('',#3995,#4003,#4005,.T.);
#4003 = VERTEX_POINT('',#4004);
#4004 = CARTESIAN_POINT('',(244.739893,76.034707,0.));
#4005 = LINE('',#4006,#4007);
#4006 = CARTESIAN_POINT('',(244.741341,76.049338,0.));
#4007 = VECTOR('',#4008,1.);
#4008 = DIRECTION('',(-9.848679801147E-02,-0.995138357525,0.));
#4009 = ORIENTED_EDGE('',*,*,#4010,.T.);
#4010 = EDGE_CURVE('',#4003,#4011,#4013,.T.);
#4011 = VERTEX_POINT('',#4012);
#4012 = CARTESIAN_POINT('',(244.728692,76.007656,0.));
#4013 = LINE('',#4014,#4015);
#4014 = CARTESIAN_POINT('',(244.739893,76.034707,0.));
#4015 = VECTOR('',#4016,1.);
#4016 = DIRECTION('',(-0.382569992546,-0.923926512664,0.));
#4017 = ORIENTED_EDGE('',*,*,#4018,.T.);
#4018 = EDGE_CURVE('',#4011,#4019,#4021,.T.);
#4019 = VERTEX_POINT('',#4020);
#4020 = CARTESIAN_POINT('',(244.708016,75.986981,0.));
#4021 = LINE('',#4022,#4023);
#4022 = CARTESIAN_POINT('',(244.728692,76.007656,0.));
#4023 = VECTOR('',#4024,1.);
#4024 = DIRECTION('',(-0.707123881093,-0.707089680866,0.));
#4025 = ORIENTED_EDGE('',*,*,#4026,.T.);
#4026 = EDGE_CURVE('',#4019,#4027,#4029,.T.);
#4027 = VERTEX_POINT('',#4028);
#4028 = CARTESIAN_POINT('',(244.680965,75.975779,0.));
#4029 = LINE('',#4030,#4031);
#4030 = CARTESIAN_POINT('',(244.708016,75.986981,0.));
#4031 = VECTOR('',#4032,1.);
#4032 = DIRECTION('',(-0.923914439717,-0.382599148043,0.));
#4033 = ORIENTED_EDGE('',*,*,#4034,.T.);
#4034 = EDGE_CURVE('',#4027,#4035,#4037,.T.);
#4035 = VERTEX_POINT('',#4036);
#4036 = CARTESIAN_POINT('',(244.666335,75.974331,0.));
#4037 = LINE('',#4038,#4039);
#4038 = CARTESIAN_POINT('',(244.680965,75.975779,0.));
#4039 = VECTOR('',#4040,1.);
#4040 = DIRECTION('',(-0.995137697729,-9.849346454613E-02,0.));
#4041 = ORIENTED_EDGE('',*,*,#4042,.T.);
#4042 = EDGE_CURVE('',#4035,#4043,#4045,.T.);
#4043 = VERTEX_POINT('',#4044);
#4044 = CARTESIAN_POINT('',(230.566337,75.974331,0.));
#4045 = LINE('',#4046,#4047);
#4046 = CARTESIAN_POINT('',(244.666335,75.974331,0.));
#4047 = VECTOR('',#4048,1.);
#4048 = DIRECTION('',(-1.,0.,0.));
#4049 = ORIENTED_EDGE('',*,*,#4050,.T.);
#4050 = EDGE_CURVE('',#4043,#4051,#4053,.T.);
#4051 = VERTEX_POINT('',#4052);
#4052 = CARTESIAN_POINT('',(230.551707,75.975779,0.));
#4053 = LINE('',#4054,#4055);
#4054 = CARTESIAN_POINT('',(230.566337,75.974331,0.));
#4055 = VECTOR('',#4056,1.);
#4056 = DIRECTION('',(-0.995137697729,9.849346454594E-02,0.));
#4057 = ORIENTED_EDGE('',*,*,#4058,.T.);
#4058 = EDGE_CURVE('',#4051,#4059,#4061,.T.);
#4059 = VERTEX_POINT('',#4060);
#4060 = CARTESIAN_POINT('',(230.524656,75.986981,0.));
#4061 = LINE('',#4062,#4063);
#4062 = CARTESIAN_POINT('',(230.551707,75.975779,0.));
#4063 = VECTOR('',#4064,1.);
#4064 = DIRECTION('',(-0.923914439717,0.382599148043,0.));
#4065 = ORIENTED_EDGE('',*,*,#4066,.T.);
#4066 = EDGE_CURVE('',#4059,#4067,#4069,.T.);
#4067 = VERTEX_POINT('',#4068);
#4068 = CARTESIAN_POINT('',(230.50398,76.007656,0.));
#4069 = LINE('',#4070,#4071);
#4070 = CARTESIAN_POINT('',(230.524656,75.986981,0.));
#4071 = VECTOR('',#4072,1.);
#4072 = DIRECTION('',(-0.707123881093,0.707089680867,0.));
#4073 = ORIENTED_EDGE('',*,*,#4074,.T.);
#4074 = EDGE_CURVE('',#4067,#4075,#4077,.T.);
#4075 = VERTEX_POINT('',#4076);
#4076 = CARTESIAN_POINT('',(230.492779,76.034707,0.));
#4077 = LINE('',#4078,#4079);
#4078 = CARTESIAN_POINT('',(230.50398,76.007656,0.));
#4079 = VECTOR('',#4080,1.);
#4080 = DIRECTION('',(-0.382569992546,0.923926512664,0.));
#4081 = ORIENTED_EDGE('',*,*,#4082,.T.);
#4082 = EDGE_CURVE('',#4075,#4083,#4085,.T.);
#4083 = VERTEX_POINT('',#4084);
#4084 = CARTESIAN_POINT('',(230.491331,76.049338,0.));
#4085 = LINE('',#4086,#4087);
#4086 = CARTESIAN_POINT('',(230.492779,76.034707,0.));
#4087 = VECTOR('',#4088,1.);
#4088 = DIRECTION('',(-9.848679801147E-02,0.995138357525,0.));
#4089 = ORIENTED_EDGE('',*,*,#4090,.T.);
#4090 = EDGE_CURVE('',#4083,#4091,#4093,.T.);
#4091 = VERTEX_POINT('',#4092);
#4092 = CARTESIAN_POINT('',(230.491331,90.149335,0.));
#4093 = LINE('',#4094,#4095);
#4094 = CARTESIAN_POINT('',(230.491331,76.049338,0.));
#4095 = VECTOR('',#4096,1.);
#4096 = DIRECTION('',(0.,1.,0.));
#4097 = ORIENTED_EDGE('',*,*,#4098,.T.);
#4098 = EDGE_CURVE('',#4091,#4099,#4101,.T.);
#4099 = VERTEX_POINT('',#4100);
#4100 = CARTESIAN_POINT('',(230.492779,90.163965,0.));
#4101 = LINE('',#4102,#4103);
#4102 = CARTESIAN_POINT('',(230.491331,90.149335,0.));
#4103 = VECTOR('',#4104,1.);
#4104 = DIRECTION('',(9.84934645469E-02,0.995137697729,0.));
#4105 = ORIENTED_EDGE('',*,*,#4106,.T.);
#4106 = EDGE_CURVE('',#4099,#4107,#4109,.T.);
#4107 = VERTEX_POINT('',#4108);
#4108 = CARTESIAN_POINT('',(230.50398,90.191016,0.));
#4109 = LINE('',#4110,#4111);
#4110 = CARTESIAN_POINT('',(230.492779,90.163965,0.));
#4111 = VECTOR('',#4112,1.);
#4112 = DIRECTION('',(0.382569992546,0.923926512664,0.));
#4113 = ORIENTED_EDGE('',*,*,#4114,.T.);
#4114 = EDGE_CURVE('',#4107,#4115,#4117,.T.);
#4115 = VERTEX_POINT('',#4116);
#4116 = CARTESIAN_POINT('',(230.524656,90.211692,0.));
#4117 = LINE('',#4118,#4119);
#4118 = CARTESIAN_POINT('',(230.50398,90.191016,0.));
#4119 = VECTOR('',#4120,1.);
#4120 = DIRECTION('',(0.707106781186,0.707106781187,0.));
#4121 = ORIENTED_EDGE('',*,*,#4122,.T.);
#4122 = EDGE_CURVE('',#4115,#4123,#4125,.T.);
#4123 = VERTEX_POINT('',#4124);
#4124 = CARTESIAN_POINT('',(230.551707,90.222893,0.));
#4125 = LINE('',#4126,#4127);
#4126 = CARTESIAN_POINT('',(230.524656,90.211692,0.));
#4127 = VECTOR('',#4128,1.);
#4128 = DIRECTION('',(0.923926512664,0.382569992546,0.));
#4129 = ORIENTED_EDGE('',*,*,#4130,.T.);
#4130 = EDGE_CURVE('',#4123,#4131,#4133,.T.);
#4131 = VERTEX_POINT('',#4132);
#4132 = CARTESIAN_POINT('',(230.566337,90.224341,0.));
#4133 = LINE('',#4134,#4135);
#4134 = CARTESIAN_POINT('',(230.551707,90.222893,0.));
#4135 = VECTOR('',#4136,1.);
#4136 = DIRECTION('',(0.995137697729,9.849346454594E-02,0.));
#4137 = ORIENTED_EDGE('',*,*,#4138,.T.);
#4138 = EDGE_CURVE('',#4131,#4139,#4141,.T.);
#4139 = VERTEX_POINT('',#4140);
#4140 = CARTESIAN_POINT('',(244.666335,90.224341,0.));
#4141 = LINE('',#4142,#4143);
#4142 = CARTESIAN_POINT('',(230.566337,90.224341,0.));
#4143 = VECTOR('',#4144,1.);
#4144 = DIRECTION('',(1.,0.,0.));
#4145 = ORIENTED_EDGE('',*,*,#4146,.T.);
#4146 = EDGE_CURVE('',#4139,#3961,#4147,.T.);
#4147 = LINE('',#4148,#4149);
#4148 = CARTESIAN_POINT('',(244.666335,90.224341,0.));
#4149 = VECTOR('',#4150,1.);
#4150 = DIRECTION('',(0.995137697729,-9.849346454613E-02,0.));
#4151 = FACE_BOUND('',#4152,.F.);
#4152 = EDGE_LOOP('',(#4153,#4163,#4171,#4179,#4187,#4195,#4203,#4211,
    #4219,#4227,#4235,#4243,#4251,#4259,#4267,#4275,#4283,#4291,#4299,
    #4307,#4315,#4323,#4331,#4339));
#4153 = ORIENTED_EDGE('',*,*,#4154,.T.);
#4154 = EDGE_CURVE('',#4155,#4157,#4159,.T.);
#4155 = VERTEX_POINT('',#4156);
#4156 = CARTESIAN_POINT('',(225.630965,90.222893,0.));
#4157 = VERTEX_POINT('',#4158);
#4158 = CARTESIAN_POINT('',(225.658016,90.211692,0.));
#4159 = LINE('',#4160,#4161);
#4160 = CARTESIAN_POINT('',(225.630965,90.222893,0.));
#4161 = VECTOR('',#4162,1.);
#4162 = DIRECTION('',(0.923926512664,-0.382569992546,0.));
#4163 = ORIENTED_EDGE('',*,*,#4164,.T.);
#4164 = EDGE_CURVE('',#4157,#4165,#4167,.T.);
#4165 = VERTEX_POINT('',#4166);
#4166 = CARTESIAN_POINT('',(225.678692,90.191016,0.));
#4167 = LINE('',#4168,#4169);
#4168 = CARTESIAN_POINT('',(225.658016,90.211692,0.));
#4169 = VECTOR('',#4170,1.);
#4170 = DIRECTION('',(0.707106781187,-0.707106781186,0.));
#4171 = ORIENTED_EDGE('',*,*,#4172,.T.);
#4172 = EDGE_CURVE('',#4165,#4173,#4175,.T.);
#4173 = VERTEX_POINT('',#4174);
#4174 = CARTESIAN_POINT('',(225.689893,90.163965,0.));
#4175 = LINE('',#4176,#4177);
#4176 = CARTESIAN_POINT('',(225.678692,90.191016,0.));
#4177 = VECTOR('',#4178,1.);
#4178 = DIRECTION('',(0.382569992546,-0.923926512664,0.));
#4179 = ORIENTED_EDGE('',*,*,#4180,.T.);
#4180 = EDGE_CURVE('',#4173,#4181,#4183,.T.);
#4181 = VERTEX_POINT('',#4182);
#4182 = CARTESIAN_POINT('',(225.691341,90.149335,0.));
#4183 = LINE('',#4184,#4185);
#4184 = CARTESIAN_POINT('',(225.689893,90.163965,0.));
#4185 = VECTOR('',#4186,1.);
#4186 = DIRECTION('',(9.849346454498E-02,-0.995137697729,0.));
#4187 = ORIENTED_EDGE('',*,*,#4188,.T.);
#4188 = EDGE_CURVE('',#4181,#4189,#4191,.T.);
#4189 = VERTEX_POINT('',#4190);
#4190 = CARTESIAN_POINT('',(225.691341,76.049338,0.));
#4191 = LINE('',#4192,#4193);
#4192 = CARTESIAN_POINT('',(225.691341,90.149335,0.));
#4193 = VECTOR('',#4194,1.);
#4194 = DIRECTION('',(0.,-1.,0.));
#4195 = ORIENTED_EDGE('',*,*,#4196,.T.);
#4196 = EDGE_CURVE('',#4189,#4197,#4199,.T.);
#4197 = VERTEX_POINT('',#4198);
#4198 = CARTESIAN_POINT('',(225.689893,76.034707,0.));
#4199 = LINE('',#4200,#4201);
#4200 = CARTESIAN_POINT('',(225.691341,76.049338,0.));
#4201 = VECTOR('',#4202,1.);
#4202 = DIRECTION('',(-9.848679800955E-02,-0.995138357525,0.));
#4203 = ORIENTED_EDGE('',*,*,#4204,.T.);
#4204 = EDGE_CURVE('',#4197,#4205,#4207,.T.);
#4205 = VERTEX_POINT('',#4206);
#4206 = CARTESIAN_POINT('',(225.678692,76.007656,0.));
#4207 = LINE('',#4208,#4209);
#4208 = CARTESIAN_POINT('',(225.689893,76.034707,0.));
#4209 = VECTOR('',#4210,1.);
#4210 = DIRECTION('',(-0.382569992546,-0.923926512664,0.));
#4211 = ORIENTED_EDGE('',*,*,#4212,.T.);
#4212 = EDGE_CURVE('',#4205,#4213,#4215,.T.);
#4213 = VERTEX_POINT('',#4214);
#4214 = CARTESIAN_POINT('',(225.658016,75.986981,0.));
#4215 = LINE('',#4216,#4217);
#4216 = CARTESIAN_POINT('',(225.678692,76.007656,0.));
#4217 = VECTOR('',#4218,1.);
#4218 = DIRECTION('',(-0.707123881093,-0.707089680866,0.));
#4219 = ORIENTED_EDGE('',*,*,#4220,.T.);
#4220 = EDGE_CURVE('',#4213,#4221,#4223,.T.);
#4221 = VERTEX_POINT('',#4222);
#4222 = CARTESIAN_POINT('',(225.630965,75.975779,0.));
#4223 = LINE('',#4224,#4225);
#4224 = CARTESIAN_POINT('',(225.658016,75.986981,0.));
#4225 = VECTOR('',#4226,1.);
#4226 = DIRECTION('',(-0.923914439717,-0.382599148043,0.));
#4227 = ORIENTED_EDGE('',*,*,#4228,.T.);
#4228 = EDGE_CURVE('',#4221,#4229,#4231,.T.);
#4229 = VERTEX_POINT('',#4230);
#4230 = CARTESIAN_POINT('',(225.616335,75.974331,0.));
#4231 = LINE('',#4232,#4233);
#4232 = CARTESIAN_POINT('',(225.630965,75.975779,0.));
#4233 = VECTOR('',#4234,1.);
#4234 = DIRECTION('',(-0.995137697729,-9.849346454594E-02,0.));
#4235 = ORIENTED_EDGE('',*,*,#4236,.T.);
#4236 = EDGE_CURVE('',#4229,#4237,#4239,.T.);
#4237 = VERTEX_POINT('',#4238);
#4238 = CARTESIAN_POINT('',(211.516337,75.974331,0.));
#4239 = LINE('',#4240,#4241);
#4240 = CARTESIAN_POINT('',(225.616335,75.974331,0.));
#4241 = VECTOR('',#4242,1.);
#4242 = DIRECTION('',(-1.,0.,0.));
#4243 = ORIENTED_EDGE('',*,*,#4244,.T.);
#4244 = EDGE_CURVE('',#4237,#4245,#4247,.T.);
#4245 = VERTEX_POINT('',#4246);
#4246 = CARTESIAN_POINT('',(211.501707,75.975779,0.));
#4247 = LINE('',#4248,#4249);
#4248 = CARTESIAN_POINT('',(211.516337,75.974331,0.));
#4249 = VECTOR('',#4250,1.);
#4250 = DIRECTION('',(-0.995137697729,9.849346454613E-02,0.));
#4251 = ORIENTED_EDGE('',*,*,#4252,.T.);
#4252 = EDGE_CURVE('',#4245,#4253,#4255,.T.);
#4253 = VERTEX_POINT('',#4254);
#4254 = CARTESIAN_POINT('',(211.474656,75.986981,0.));
#4255 = LINE('',#4256,#4257);
#4256 = CARTESIAN_POINT('',(211.501707,75.975779,0.));
#4257 = VECTOR('',#4258,1.);
#4258 = DIRECTION('',(-0.923914439717,0.382599148043,0.));
#4259 = ORIENTED_EDGE('',*,*,#4260,.T.);
#4260 = EDGE_CURVE('',#4253,#4261,#4263,.T.);
#4261 = VERTEX_POINT('',#4262);
#4262 = CARTESIAN_POINT('',(211.45398,76.007656,0.));
#4263 = LINE('',#4264,#4265);
#4264 = CARTESIAN_POINT('',(211.474656,75.986981,0.));
#4265 = VECTOR('',#4266,1.);
#4266 = DIRECTION('',(-0.707123881093,0.707089680866,0.));
#4267 = ORIENTED_EDGE('',*,*,#4268,.T.);
#4268 = EDGE_CURVE('',#4261,#4269,#4271,.T.);
#4269 = VERTEX_POINT('',#4270);
#4270 = CARTESIAN_POINT('',(211.442779,76.034707,0.));
#4271 = LINE('',#4272,#4273);
#4272 = CARTESIAN_POINT('',(211.45398,76.007656,0.));
#4273 = VECTOR('',#4274,1.);
#4274 = DIRECTION('',(-0.382569992546,0.923926512664,0.));
#4275 = ORIENTED_EDGE('',*,*,#4276,.T.);
#4276 = EDGE_CURVE('',#4269,#4277,#4279,.T.);
#4277 = VERTEX_POINT('',#4278);
#4278 = CARTESIAN_POINT('',(211.441331,76.049338,0.));
#4279 = LINE('',#4280,#4281);
#4280 = CARTESIAN_POINT('',(211.442779,76.034707,0.));
#4281 = VECTOR('',#4282,1.);
#4282 = DIRECTION('',(-9.848679801147E-02,0.995138357525,0.));
#4283 = ORIENTED_EDGE('',*,*,#4284,.T.);
#4284 = EDGE_CURVE('',#4277,#4285,#4287,.T.);
#4285 = VERTEX_POINT('',#4286);
#4286 = CARTESIAN_POINT('',(211.441331,90.149335,0.));
#4287 = LINE('',#4288,#4289);
#4288 = CARTESIAN_POINT('',(211.441331,76.049338,0.));
#4289 = VECTOR('',#4290,1.);
#4290 = DIRECTION('',(0.,1.,0.));
#4291 = ORIENTED_EDGE('',*,*,#4292,.T.);
#4292 = EDGE_CURVE('',#4285,#4293,#4295,.T.);
#4293 = VERTEX_POINT('',#4294);
#4294 = CARTESIAN_POINT('',(211.442779,90.163965,0.));
#4295 = LINE('',#4296,#4297);
#4296 = CARTESIAN_POINT('',(211.441331,90.149335,0.));
#4297 = VECTOR('',#4298,1.);
#4298 = DIRECTION('',(9.84934645469E-02,0.995137697729,0.));
#4299 = ORIENTED_EDGE('',*,*,#4300,.T.);
#4300 = EDGE_CURVE('',#4293,#4301,#4303,.T.);
#4301 = VERTEX_POINT('',#4302);
#4302 = CARTESIAN_POINT('',(211.45398,90.191016,0.));
#4303 = LINE('',#4304,#4305);
#4304 = CARTESIAN_POINT('',(211.442779,90.163965,0.));
#4305 = VECTOR('',#4306,1.);
#4306 = DIRECTION('',(0.382569992546,0.923926512664,0.));
#4307 = ORIENTED_EDGE('',*,*,#4308,.T.);
#4308 = EDGE_CURVE('',#4301,#4309,#4311,.T.);
#4309 = VERTEX_POINT('',#4310);
#4310 = CARTESIAN_POINT('',(211.474656,90.211692,0.));
#4311 = LINE('',#4312,#4313);
#4312 = CARTESIAN_POINT('',(211.45398,90.191016,0.));
#4313 = VECTOR('',#4314,1.);
#4314 = DIRECTION('',(0.707106781187,0.707106781186,0.));
#4315 = ORIENTED_EDGE('',*,*,#4316,.T.);
#4316 = EDGE_CURVE('',#4309,#4317,#4319,.T.);
#4317 = VERTEX_POINT('',#4318);
#4318 = CARTESIAN_POINT('',(211.501707,90.222893,0.));
#4319 = LINE('',#4320,#4321);
#4320 = CARTESIAN_POINT('',(211.474656,90.211692,0.));
#4321 = VECTOR('',#4322,1.);
#4322 = DIRECTION('',(0.923926512664,0.382569992546,0.));
#4323 = ORIENTED_EDGE('',*,*,#4324,.T.);
#4324 = EDGE_CURVE('',#4317,#4325,#4327,.T.);
#4325 = VERTEX_POINT('',#4326);
#4326 = CARTESIAN_POINT('',(211.516337,90.224341,0.));
#4327 = LINE('',#4328,#4329);
#4328 = CARTESIAN_POINT('',(211.501707,90.222893,0.));
#4329 = VECTOR('',#4330,1.);
#4330 = DIRECTION('',(0.995137697729,9.849346454613E-02,0.));
#4331 = ORIENTED_EDGE('',*,*,#4332,.T.);
#4332 = EDGE_CURVE('',#4325,#4333,#4335,.T.);
#4333 = VERTEX_POINT('',#4334);
#4334 = CARTESIAN_POINT('',(225.616335,90.224341,0.));
#4335 = LINE('',#4336,#4337);
#4336 = CARTESIAN_POINT('',(211.516337,90.224341,0.));
#4337 = VECTOR('',#4338,1.);
#4338 = DIRECTION('',(1.,0.,0.));
#4339 = ORIENTED_EDGE('',*,*,#4340,.T.);
#4340 = EDGE_CURVE('',#4333,#4155,#4341,.T.);
#4341 = LINE('',#4342,#4343);
#4342 = CARTESIAN_POINT('',(225.616335,90.224341,0.));
#4343 = VECTOR('',#4344,1.);
#4344 = DIRECTION('',(0.995137697729,-9.849346454594E-02,0.));
#4345 = FACE_BOUND('',#4346,.F.);
#4346 = EDGE_LOOP('',(#4347,#4357,#4365,#4373,#4381,#4389,#4397,#4405,
    #4413,#4421,#4429,#4437,#4445,#4453,#4461,#4469,#4477,#4485,#4493,
    #4501,#4509,#4517,#4525,#4533));
#4347 = ORIENTED_EDGE('',*,*,#4348,.T.);
#4348 = EDGE_CURVE('',#4349,#4351,#4353,.T.);
#4349 = VERTEX_POINT('',#4350);
#4350 = CARTESIAN_POINT('',(206.580965,90.222893,0.));
#4351 = VERTEX_POINT('',#4352);
#4352 = CARTESIAN_POINT('',(206.608016,90.211692,0.));
#4353 = LINE('',#4354,#4355);
#4354 = CARTESIAN_POINT('',(206.580965,90.222893,0.));
#4355 = VECTOR('',#4356,1.);
#4356 = DIRECTION('',(0.923926512664,-0.382569992546,0.));
#4357 = ORIENTED_EDGE('',*,*,#4358,.T.);
#4358 = EDGE_CURVE('',#4351,#4359,#4361,.T.);
#4359 = VERTEX_POINT('',#4360);
#4360 = CARTESIAN_POINT('',(206.628692,90.191016,0.));
#4361 = LINE('',#4362,#4363);
#4362 = CARTESIAN_POINT('',(206.608016,90.211692,0.));
#4363 = VECTOR('',#4364,1.);
#4364 = DIRECTION('',(0.707106781187,-0.707106781186,0.));
#4365 = ORIENTED_EDGE('',*,*,#4366,.T.);
#4366 = EDGE_CURVE('',#4359,#4367,#4369,.T.);
#4367 = VERTEX_POINT('',#4368);
#4368 = CARTESIAN_POINT('',(206.639893,90.163965,0.));
#4369 = LINE('',#4370,#4371);
#4370 = CARTESIAN_POINT('',(206.628692,90.191016,0.));
#4371 = VECTOR('',#4372,1.);
#4372 = DIRECTION('',(0.382569992546,-0.923926512664,0.));
#4373 = ORIENTED_EDGE('',*,*,#4374,.T.);
#4374 = EDGE_CURVE('',#4367,#4375,#4377,.T.);
#4375 = VERTEX_POINT('',#4376);
#4376 = CARTESIAN_POINT('',(206.641341,90.149335,0.));
#4377 = LINE('',#4378,#4379);
#4378 = CARTESIAN_POINT('',(206.639893,90.163965,0.));
#4379 = VECTOR('',#4380,1.);
#4380 = DIRECTION('',(9.84934645469E-02,-0.995137697729,0.));
#4381 = ORIENTED_EDGE('',*,*,#4382,.T.);
#4382 = EDGE_CURVE('',#4375,#4383,#4385,.T.);
#4383 = VERTEX_POINT('',#4384);
#4384 = CARTESIAN_POINT('',(206.641341,76.049338,0.));
#4385 = LINE('',#4386,#4387);
#4386 = CARTESIAN_POINT('',(206.641341,90.149335,0.));
#4387 = VECTOR('',#4388,1.);
#4388 = DIRECTION('',(0.,-1.,0.));
#4389 = ORIENTED_EDGE('',*,*,#4390,.T.);
#4390 = EDGE_CURVE('',#4383,#4391,#4393,.T.);
#4391 = VERTEX_POINT('',#4392);
#4392 = CARTESIAN_POINT('',(206.639893,76.034707,0.));
#4393 = LINE('',#4394,#4395);
#4394 = CARTESIAN_POINT('',(206.641341,76.049338,0.));
#4395 = VECTOR('',#4396,1.);
#4396 = DIRECTION('',(-9.848679801147E-02,-0.995138357525,0.));
#4397 = ORIENTED_EDGE('',*,*,#4398,.T.);
#4398 = EDGE_CURVE('',#4391,#4399,#4401,.T.);
#4399 = VERTEX_POINT('',#4400);
#4400 = CARTESIAN_POINT('',(206.628692,76.007656,0.));
#4401 = LINE('',#4402,#4403);
#4402 = CARTESIAN_POINT('',(206.639893,76.034707,0.));
#4403 = VECTOR('',#4404,1.);
#4404 = DIRECTION('',(-0.382569992546,-0.923926512664,0.));
#4405 = ORIENTED_EDGE('',*,*,#4406,.T.);
#4406 = EDGE_CURVE('',#4399,#4407,#4409,.T.);
#4407 = VERTEX_POINT('',#4408);
#4408 = CARTESIAN_POINT('',(206.608016,75.986981,0.));
#4409 = LINE('',#4410,#4411);
#4410 = CARTESIAN_POINT('',(206.628692,76.007656,0.));
#4411 = VECTOR('',#4412,1.);
#4412 = DIRECTION('',(-0.707123881093,-0.707089680866,0.));
#4413 = ORIENTED_EDGE('',*,*,#4414,.T.);
#4414 = EDGE_CURVE('',#4407,#4415,#4417,.T.);
#4415 = VERTEX_POINT('',#4416);
#4416 = CARTESIAN_POINT('',(206.580965,75.975779,0.));
#4417 = LINE('',#4418,#4419);
#4418 = CARTESIAN_POINT('',(206.608016,75.986981,0.));
#4419 = VECTOR('',#4420,1.);
#4420 = DIRECTION('',(-0.923914439717,-0.382599148043,0.));
#4421 = ORIENTED_EDGE('',*,*,#4422,.T.);
#4422 = EDGE_CURVE('',#4415,#4423,#4425,.T.);
#4423 = VERTEX_POINT('',#4424);
#4424 = CARTESIAN_POINT('',(206.566335,75.974331,0.));
#4425 = LINE('',#4426,#4427);
#4426 = CARTESIAN_POINT('',(206.580965,75.975779,0.));
#4427 = VECTOR('',#4428,1.);
#4428 = DIRECTION('',(-0.995137697729,-9.849346454613E-02,0.));
#4429 = ORIENTED_EDGE('',*,*,#4430,.T.);
#4430 = EDGE_CURVE('',#4423,#4431,#4433,.T.);
#4431 = VERTEX_POINT('',#4432);
#4432 = CARTESIAN_POINT('',(192.466337,75.974331,0.));
#4433 = LINE('',#4434,#4435);
#4434 = CARTESIAN_POINT('',(206.566335,75.974331,0.));
#4435 = VECTOR('',#4436,1.);
#4436 = DIRECTION('',(-1.,0.,0.));
#4437 = ORIENTED_EDGE('',*,*,#4438,.T.);
#4438 = EDGE_CURVE('',#4431,#4439,#4441,.T.);
#4439 = VERTEX_POINT('',#4440);
#4440 = CARTESIAN_POINT('',(192.451707,75.975779,0.));
#4441 = LINE('',#4442,#4443);
#4442 = CARTESIAN_POINT('',(192.466337,75.974331,0.));
#4443 = VECTOR('',#4444,1.);
#4444 = DIRECTION('',(-0.995137697729,9.849346454594E-02,0.));
#4445 = ORIENTED_EDGE('',*,*,#4446,.T.);
#4446 = EDGE_CURVE('',#4439,#4447,#4449,.T.);
#4447 = VERTEX_POINT('',#4448);
#4448 = CARTESIAN_POINT('',(192.424656,75.986981,0.));
#4449 = LINE('',#4450,#4451);
#4450 = CARTESIAN_POINT('',(192.451707,75.975779,0.));
#4451 = VECTOR('',#4452,1.);
#4452 = DIRECTION('',(-0.923914439717,0.382599148043,0.));
#4453 = ORIENTED_EDGE('',*,*,#4454,.T.);
#4454 = EDGE_CURVE('',#4447,#4455,#4457,.T.);
#4455 = VERTEX_POINT('',#4456);
#4456 = CARTESIAN_POINT('',(192.40398,76.007656,0.));
#4457 = LINE('',#4458,#4459);
#4458 = CARTESIAN_POINT('',(192.424656,75.986981,0.));
#4459 = VECTOR('',#4460,1.);
#4460 = DIRECTION('',(-0.707123881093,0.707089680866,0.));
#4461 = ORIENTED_EDGE('',*,*,#4462,.T.);
#4462 = EDGE_CURVE('',#4455,#4463,#4465,.T.);
#4463 = VERTEX_POINT('',#4464);
#4464 = CARTESIAN_POINT('',(192.392779,76.034707,0.));
#4465 = LINE('',#4466,#4467);
#4466 = CARTESIAN_POINT('',(192.40398,76.007656,0.));
#4467 = VECTOR('',#4468,1.);
#4468 = DIRECTION('',(-0.382569992546,0.923926512664,0.));
#4469 = ORIENTED_EDGE('',*,*,#4470,.T.);
#4470 = EDGE_CURVE('',#4463,#4471,#4473,.T.);
#4471 = VERTEX_POINT('',#4472);
#4472 = CARTESIAN_POINT('',(192.391331,76.049338,0.));
#4473 = LINE('',#4474,#4475);
#4474 = CARTESIAN_POINT('',(192.392779,76.034707,0.));
#4475 = VECTOR('',#4476,1.);
#4476 = DIRECTION('',(-9.848679800955E-02,0.995138357525,0.));
#4477 = ORIENTED_EDGE('',*,*,#4478,.T.);
#4478 = EDGE_CURVE('',#4471,#4479,#4481,.T.);
#4479 = VERTEX_POINT('',#4480);
#4480 = CARTESIAN_POINT('',(192.391331,90.149335,0.));
#4481 = LINE('',#4482,#4483);
#4482 = CARTESIAN_POINT('',(192.391331,76.049338,0.));
#4483 = VECTOR('',#4484,1.);
#4484 = DIRECTION('',(0.,1.,0.));
#4485 = ORIENTED_EDGE('',*,*,#4486,.T.);
#4486 = EDGE_CURVE('',#4479,#4487,#4489,.T.);
#4487 = VERTEX_POINT('',#4488);
#4488 = CARTESIAN_POINT('',(192.392779,90.163965,0.));
#4489 = LINE('',#4490,#4491);
#4490 = CARTESIAN_POINT('',(192.391331,90.149335,0.));
#4491 = VECTOR('',#4492,1.);
#4492 = DIRECTION('',(9.849346454498E-02,0.995137697729,0.));
#4493 = ORIENTED_EDGE('',*,*,#4494,.T.);
#4494 = EDGE_CURVE('',#4487,#4495,#4497,.T.);
#4495 = VERTEX_POINT('',#4496);
#4496 = CARTESIAN_POINT('',(192.40398,90.191016,0.));
#4497 = LINE('',#4498,#4499);
#4498 = CARTESIAN_POINT('',(192.392779,90.163965,0.));
#4499 = VECTOR('',#4500,1.);
#4500 = DIRECTION('',(0.382569992546,0.923926512664,0.));
#4501 = ORIENTED_EDGE('',*,*,#4502,.T.);
#4502 = EDGE_CURVE('',#4495,#4503,#4505,.T.);
#4503 = VERTEX_POINT('',#4504);
#4504 = CARTESIAN_POINT('',(192.424656,90.211692,0.));
#4505 = LINE('',#4506,#4507);
#4506 = CARTESIAN_POINT('',(192.40398,90.191016,0.));
#4507 = VECTOR('',#4508,1.);
#4508 = DIRECTION('',(0.707106781187,0.707106781186,0.));
#4509 = ORIENTED_EDGE('',*,*,#4510,.T.);
#4510 = EDGE_CURVE('',#4503,#4511,#4513,.T.);
#4511 = VERTEX_POINT('',#4512);
#4512 = CARTESIAN_POINT('',(192.451707,90.222893,0.));
#4513 = LINE('',#4514,#4515);
#4514 = CARTESIAN_POINT('',(192.424656,90.211692,0.));
#4515 = VECTOR('',#4516,1.);
#4516 = DIRECTION('',(0.923926512664,0.382569992546,0.));
#4517 = ORIENTED_EDGE('',*,*,#4518,.T.);
#4518 = EDGE_CURVE('',#4511,#4519,#4521,.T.);
#4519 = VERTEX_POINT('',#4520);
#4520 = CARTESIAN_POINT('',(192.466337,90.224341,0.));
#4521 = LINE('',#4522,#4523);
#4522 = CARTESIAN_POINT('',(192.451707,90.222893,0.));
#4523 = VECTOR('',#4524,1.);
#4524 = DIRECTION('',(0.995137697729,9.849346454594E-02,0.));
#4525 = ORIENTED_EDGE('',*,*,#4526,.T.);
#4526 = EDGE_CURVE('',#4519,#4527,#4529,.T.);
#4527 = VERTEX_POINT('',#4528);
#4528 = CARTESIAN_POINT('',(206.566335,90.224341,0.));
#4529 = LINE('',#4530,#4531);
#4530 = CARTESIAN_POINT('',(192.466337,90.224341,0.));
#4531 = VECTOR('',#4532,1.);
#4532 = DIRECTION('',(1.,0.,0.));
#4533 = ORIENTED_EDGE('',*,*,#4534,.T.);
#4534 = EDGE_CURVE('',#4527,#4349,#4535,.T.);
#4535 = LINE('',#4536,#4537);
#4536 = CARTESIAN_POINT('',(206.566335,90.224341,0.));
#4537 = VECTOR('',#4538,1.);
#4538 = DIRECTION('',(0.995137697729,-9.849346454613E-02,0.));
#4539 = FACE_BOUND('',#4540,.F.);
#4540 = EDGE_LOOP('',(#4541,#4551,#4559,#4567,#4575,#4583,#4591,#4599,
    #4607,#4615,#4623,#4631,#4639,#4647,#4655,#4663,#4671,#4679,#4687,
    #4695,#4703,#4711,#4719,#4727));
#4541 = ORIENTED_EDGE('',*,*,#4542,.T.);
#4542 = EDGE_CURVE('',#4543,#4545,#4547,.T.);
#4543 = VERTEX_POINT('',#4544);
#4544 = CARTESIAN_POINT('',(282.780965,52.122893,0.));
#4545 = VERTEX_POINT('',#4546);
#4546 = CARTESIAN_POINT('',(282.808016,52.111692,0.));
#4547 = LINE('',#4548,#4549);
#4548 = CARTESIAN_POINT('',(282.780965,52.122893,0.));
#4549 = VECTOR('',#4550,1.);
#4550 = DIRECTION('',(0.923926512664,-0.382569992545,0.));
#4551 = ORIENTED_EDGE('',*,*,#4552,.T.);
#4552 = EDGE_CURVE('',#4545,#4553,#4555,.T.);
#4553 = VERTEX_POINT('',#4554);
#4554 = CARTESIAN_POINT('',(282.828692,52.091016,0.));
#4555 = LINE('',#4556,#4557);
#4556 = CARTESIAN_POINT('',(282.808016,52.111692,0.));
#4557 = VECTOR('',#4558,1.);
#4558 = DIRECTION('',(0.707106781186,-0.707106781187,0.));
#4559 = ORIENTED_EDGE('',*,*,#4560,.T.);
#4560 = EDGE_CURVE('',#4553,#4561,#4563,.T.);
#4561 = VERTEX_POINT('',#4562);
#4562 = CARTESIAN_POINT('',(282.839893,52.063965,0.));
#4563 = LINE('',#4564,#4565);
#4564 = CARTESIAN_POINT('',(282.828692,52.091016,0.));
#4565 = VECTOR('',#4566,1.);
#4566 = DIRECTION('',(0.382569992546,-0.923926512664,0.));
#4567 = ORIENTED_EDGE('',*,*,#4568,.T.);
#4568 = EDGE_CURVE('',#4561,#4569,#4571,.T.);
#4569 = VERTEX_POINT('',#4570);
#4570 = CARTESIAN_POINT('',(282.841341,52.049335,0.));
#4571 = LINE('',#4572,#4573);
#4572 = CARTESIAN_POINT('',(282.839893,52.063965,0.));
#4573 = VECTOR('',#4574,1.);
#4574 = DIRECTION('',(9.849346454503E-02,-0.995137697729,0.));
#4575 = ORIENTED_EDGE('',*,*,#4576,.T.);
#4576 = EDGE_CURVE('',#4569,#4577,#4579,.T.);
#4577 = VERTEX_POINT('',#4578);
#4578 = CARTESIAN_POINT('',(282.841341,37.949338,0.));
#4579 = LINE('',#4580,#4581);
#4580 = CARTESIAN_POINT('',(282.841341,52.049335,0.));
#4581 = VECTOR('',#4582,1.);
#4582 = DIRECTION('',(0.,-1.,0.));
#4583 = ORIENTED_EDGE('',*,*,#4584,.T.);
#4584 = EDGE_CURVE('',#4577,#4585,#4587,.T.);
#4585 = VERTEX_POINT('',#4586);
#4586 = CARTESIAN_POINT('',(282.839893,37.934707,0.));
#4587 = LINE('',#4588,#4589);
#4588 = CARTESIAN_POINT('',(282.841341,37.949338,0.));
#4589 = VECTOR('',#4590,1.);
#4590 = DIRECTION('',(-9.848679800965E-02,-0.995138357525,0.));
#4591 = ORIENTED_EDGE('',*,*,#4592,.T.);
#4592 = EDGE_CURVE('',#4585,#4593,#4595,.T.);
#4593 = VERTEX_POINT('',#4594);
#4594 = CARTESIAN_POINT('',(282.828692,37.907656,0.));
#4595 = LINE('',#4596,#4597);
#4596 = CARTESIAN_POINT('',(282.839893,37.934707,0.));
#4597 = VECTOR('',#4598,1.);
#4598 = DIRECTION('',(-0.382569992546,-0.923926512664,0.));
#4599 = ORIENTED_EDGE('',*,*,#4600,.T.);
#4600 = EDGE_CURVE('',#4593,#4601,#4603,.T.);
#4601 = VERTEX_POINT('',#4602);
#4602 = CARTESIAN_POINT('',(282.808016,37.886981,0.));
#4603 = LINE('',#4604,#4605);
#4604 = CARTESIAN_POINT('',(282.828692,37.907656,0.));
#4605 = VECTOR('',#4606,1.);
#4606 = DIRECTION('',(-0.707123881093,-0.707089680867,0.));
#4607 = ORIENTED_EDGE('',*,*,#4608,.T.);
#4608 = EDGE_CURVE('',#4601,#4609,#4611,.T.);
#4609 = VERTEX_POINT('',#4610);
#4610 = CARTESIAN_POINT('',(282.780965,37.875779,0.));
#4611 = LINE('',#4612,#4613);
#4612 = CARTESIAN_POINT('',(282.808016,37.886981,0.));
#4613 = VECTOR('',#4614,1.);
#4614 = DIRECTION('',(-0.923914439717,-0.382599148042,0.));
#4615 = ORIENTED_EDGE('',*,*,#4616,.T.);
#4616 = EDGE_CURVE('',#4609,#4617,#4619,.T.);
#4617 = VERTEX_POINT('',#4618);
#4618 = CARTESIAN_POINT('',(282.766335,37.874331,0.));
#4619 = LINE('',#4620,#4621);
#4620 = CARTESIAN_POINT('',(282.780965,37.875779,0.));
#4621 = VECTOR('',#4622,1.);
#4622 = DIRECTION('',(-0.995137697729,-9.84934645468E-02,0.));
#4623 = ORIENTED_EDGE('',*,*,#4624,.T.);
#4624 = EDGE_CURVE('',#4617,#4625,#4627,.T.);
#4625 = VERTEX_POINT('',#4626);
#4626 = CARTESIAN_POINT('',(268.666337,37.874331,0.));
#4627 = LINE('',#4628,#4629);
#4628 = CARTESIAN_POINT('',(282.766335,37.874331,0.));
#4629 = VECTOR('',#4630,1.);
#4630 = DIRECTION('',(-1.,0.,0.));
#4631 = ORIENTED_EDGE('',*,*,#4632,.T.);
#4632 = EDGE_CURVE('',#4625,#4633,#4635,.T.);
#4633 = VERTEX_POINT('',#4634);
#4634 = CARTESIAN_POINT('',(268.651707,37.875779,0.));
#4635 = LINE('',#4636,#4637);
#4636 = CARTESIAN_POINT('',(268.666337,37.874331,0.));
#4637 = VECTOR('',#4638,1.);
#4638 = DIRECTION('',(-0.995137697729,9.849346454642E-02,0.));
#4639 = ORIENTED_EDGE('',*,*,#4640,.T.);
#4640 = EDGE_CURVE('',#4633,#4641,#4643,.T.);
#4641 = VERTEX_POINT('',#4642);
#4642 = CARTESIAN_POINT('',(268.624656,37.886981,0.));
#4643 = LINE('',#4644,#4645);
#4644 = CARTESIAN_POINT('',(268.651707,37.875779,0.));
#4645 = VECTOR('',#4646,1.);
#4646 = DIRECTION('',(-0.923914439717,0.382599148043,0.));
#4647 = ORIENTED_EDGE('',*,*,#4648,.T.);
#4648 = EDGE_CURVE('',#4641,#4649,#4651,.T.);
#4649 = VERTEX_POINT('',#4650);
#4650 = CARTESIAN_POINT('',(268.60398,37.907656,0.));
#4651 = LINE('',#4652,#4653);
#4652 = CARTESIAN_POINT('',(268.624656,37.886981,0.));
#4653 = VECTOR('',#4654,1.);
#4654 = DIRECTION('',(-0.707123881094,0.707089680866,0.));
#4655 = ORIENTED_EDGE('',*,*,#4656,.T.);
#4656 = EDGE_CURVE('',#4649,#4657,#4659,.T.);
#4657 = VERTEX_POINT('',#4658);
#4658 = CARTESIAN_POINT('',(268.592779,37.934707,0.));
#4659 = LINE('',#4660,#4661);
#4660 = CARTESIAN_POINT('',(268.60398,37.907656,0.));
#4661 = VECTOR('',#4662,1.);
#4662 = DIRECTION('',(-0.382569992545,0.923926512664,0.));
#4663 = ORIENTED_EDGE('',*,*,#4664,.T.);
#4664 = EDGE_CURVE('',#4657,#4665,#4667,.T.);
#4665 = VERTEX_POINT('',#4666);
#4666 = CARTESIAN_POINT('',(268.591331,37.949338,0.));
#4667 = LINE('',#4668,#4669);
#4668 = CARTESIAN_POINT('',(268.592779,37.934707,0.));
#4669 = VECTOR('',#4670,1.);
#4670 = DIRECTION('',(-9.848679800965E-02,0.995138357525,0.));
#4671 = ORIENTED_EDGE('',*,*,#4672,.T.);
#4672 = EDGE_CURVE('',#4665,#4673,#4675,.T.);
#4673 = VERTEX_POINT('',#4674);
#4674 = CARTESIAN_POINT('',(268.591331,52.049335,0.));
#4675 = LINE('',#4676,#4677);
#4676 = CARTESIAN_POINT('',(268.591331,37.949338,0.));
#4677 = VECTOR('',#4678,1.);
#4678 = DIRECTION('',(0.,1.,0.));
#4679 = ORIENTED_EDGE('',*,*,#4680,.T.);
#4680 = EDGE_CURVE('',#4673,#4681,#4683,.T.);
#4681 = VERTEX_POINT('',#4682);
#4682 = CARTESIAN_POINT('',(268.592779,52.063965,0.));
#4683 = LINE('',#4684,#4685);
#4684 = CARTESIAN_POINT('',(268.591331,52.049335,0.));
#4685 = VECTOR('',#4686,1.);
#4686 = DIRECTION('',(9.849346454503E-02,0.995137697729,0.));
#4687 = ORIENTED_EDGE('',*,*,#4688,.T.);
#4688 = EDGE_CURVE('',#4681,#4689,#4691,.T.);
#4689 = VERTEX_POINT('',#4690);
#4690 = CARTESIAN_POINT('',(268.60398,52.091016,0.));
#4691 = LINE('',#4692,#4693);
#4692 = CARTESIAN_POINT('',(268.592779,52.063965,0.));
#4693 = VECTOR('',#4694,1.);
#4694 = DIRECTION('',(0.382569992545,0.923926512664,0.));
#4695 = ORIENTED_EDGE('',*,*,#4696,.T.);
#4696 = EDGE_CURVE('',#4689,#4697,#4699,.T.);
#4697 = VERTEX_POINT('',#4698);
#4698 = CARTESIAN_POINT('',(268.624656,52.111692,0.));
#4699 = LINE('',#4700,#4701);
#4700 = CARTESIAN_POINT('',(268.60398,52.091016,0.));
#4701 = VECTOR('',#4702,1.);
#4702 = DIRECTION('',(0.707106781187,0.707106781186,0.));
#4703 = ORIENTED_EDGE('',*,*,#4704,.T.);
#4704 = EDGE_CURVE('',#4697,#4705,#4707,.T.);
#4705 = VERTEX_POINT('',#4706);
#4706 = CARTESIAN_POINT('',(268.651707,52.122893,0.));
#4707 = LINE('',#4708,#4709);
#4708 = CARTESIAN_POINT('',(268.624656,52.111692,0.));
#4709 = VECTOR('',#4710,1.);
#4710 = DIRECTION('',(0.923926512664,0.382569992546,0.));
#4711 = ORIENTED_EDGE('',*,*,#4712,.T.);
#4712 = EDGE_CURVE('',#4705,#4713,#4715,.T.);
#4713 = VERTEX_POINT('',#4714);
#4714 = CARTESIAN_POINT('',(268.666337,52.124341,0.));
#4715 = LINE('',#4716,#4717);
#4716 = CARTESIAN_POINT('',(268.651707,52.122893,0.));
#4717 = VECTOR('',#4718,1.);
#4718 = DIRECTION('',(0.995137697729,9.849346454642E-02,0.));
#4719 = ORIENTED_EDGE('',*,*,#4720,.T.);
#4720 = EDGE_CURVE('',#4713,#4721,#4723,.T.);
#4721 = VERTEX_POINT('',#4722);
#4722 = CARTESIAN_POINT('',(282.766335,52.124341,0.));
#4723 = LINE('',#4724,#4725);
#4724 = CARTESIAN_POINT('',(268.666337,52.124341,0.));
#4725 = VECTOR('',#4726,1.);
#4726 = DIRECTION('',(1.,0.,0.));
#4727 = ORIENTED_EDGE('',*,*,#4728,.T.);
#4728 = EDGE_CURVE('',#4721,#4543,#4729,.T.);
#4729 = LINE('',#4730,#4731);
#4730 = CARTESIAN_POINT('',(282.766335,52.124341,0.));
#4731 = VECTOR('',#4732,1.);
#4732 = DIRECTION('',(0.995137697729,-9.84934645468E-02,0.));
#4733 = FACE_BOUND('',#4734,.F.);
#4734 = EDGE_LOOP('',(#4735,#4745,#4753,#4761,#4769,#4777,#4785,#4793,
    #4801,#4809,#4817,#4825,#4833,#4841,#4849,#4857,#4865,#4873,#4881,
    #4889,#4897,#4905,#4913,#4921));
#4735 = ORIENTED_EDGE('',*,*,#4736,.T.);
#4736 = EDGE_CURVE('',#4737,#4739,#4741,.T.);
#4737 = VERTEX_POINT('',#4738);
#4738 = CARTESIAN_POINT('',(263.730965,52.122893,0.));
#4739 = VERTEX_POINT('',#4740);
#4740 = CARTESIAN_POINT('',(263.758016,52.111692,0.));
#4741 = LINE('',#4742,#4743);
#4742 = CARTESIAN_POINT('',(263.730965,52.122893,0.));
#4743 = VECTOR('',#4744,1.);
#4744 = DIRECTION('',(0.923926512664,-0.382569992546,0.));
#4745 = ORIENTED_EDGE('',*,*,#4746,.T.);
#4746 = EDGE_CURVE('',#4739,#4747,#4749,.T.);
#4747 = VERTEX_POINT('',#4748);
#4748 = CARTESIAN_POINT('',(263.778692,52.091016,0.));
#4749 = LINE('',#4750,#4751);
#4750 = CARTESIAN_POINT('',(263.758016,52.111692,0.));
#4751 = VECTOR('',#4752,1.);
#4752 = DIRECTION('',(0.707106781186,-0.707106781187,0.));
#4753 = ORIENTED_EDGE('',*,*,#4754,.T.);
#4754 = EDGE_CURVE('',#4747,#4755,#4757,.T.);
#4755 = VERTEX_POINT('',#4756);
#4756 = CARTESIAN_POINT('',(263.789893,52.063965,0.));
#4757 = LINE('',#4758,#4759);
#4758 = CARTESIAN_POINT('',(263.778692,52.091016,0.));
#4759 = VECTOR('',#4760,1.);
#4760 = DIRECTION('',(0.382569992546,-0.923926512664,0.));
#4761 = ORIENTED_EDGE('',*,*,#4762,.T.);
#4762 = EDGE_CURVE('',#4755,#4763,#4765,.T.);
#4763 = VERTEX_POINT('',#4764);
#4764 = CARTESIAN_POINT('',(263.791341,52.049335,0.));
#4765 = LINE('',#4766,#4767);
#4766 = CARTESIAN_POINT('',(263.789893,52.063965,0.));
#4767 = VECTOR('',#4768,1.);
#4768 = DIRECTION('',(9.849346454503E-02,-0.995137697729,0.));
#4769 = ORIENTED_EDGE('',*,*,#4770,.T.);
#4770 = EDGE_CURVE('',#4763,#4771,#4773,.T.);
#4771 = VERTEX_POINT('',#4772);
#4772 = CARTESIAN_POINT('',(263.791341,37.949338,0.));
#4773 = LINE('',#4774,#4775);
#4774 = CARTESIAN_POINT('',(263.791341,52.049335,0.));
#4775 = VECTOR('',#4776,1.);
#4776 = DIRECTION('',(0.,-1.,0.));
#4777 = ORIENTED_EDGE('',*,*,#4778,.T.);
#4778 = EDGE_CURVE('',#4771,#4779,#4781,.T.);
#4779 = VERTEX_POINT('',#4780);
#4780 = CARTESIAN_POINT('',(263.789893,37.934707,0.));
#4781 = LINE('',#4782,#4783);
#4782 = CARTESIAN_POINT('',(263.791341,37.949338,0.));
#4783 = VECTOR('',#4784,1.);
#4784 = DIRECTION('',(-9.848679800965E-02,-0.995138357525,0.));
#4785 = ORIENTED_EDGE('',*,*,#4786,.T.);
#4786 = EDGE_CURVE('',#4779,#4787,#4789,.T.);
#4787 = VERTEX_POINT('',#4788);
#4788 = CARTESIAN_POINT('',(263.778692,37.907656,0.));
#4789 = LINE('',#4790,#4791);
#4790 = CARTESIAN_POINT('',(263.789893,37.934707,0.));
#4791 = VECTOR('',#4792,1.);
#4792 = DIRECTION('',(-0.382569992546,-0.923926512664,0.));
#4793 = ORIENTED_EDGE('',*,*,#4794,.T.);
#4794 = EDGE_CURVE('',#4787,#4795,#4797,.T.);
#4795 = VERTEX_POINT('',#4796);
#4796 = CARTESIAN_POINT('',(263.758016,37.886981,0.));
#4797 = LINE('',#4798,#4799);
#4798 = CARTESIAN_POINT('',(263.778692,37.907656,0.));
#4799 = VECTOR('',#4800,1.);
#4800 = DIRECTION('',(-0.707123881093,-0.707089680867,0.));
#4801 = ORIENTED_EDGE('',*,*,#4802,.T.);
#4802 = EDGE_CURVE('',#4795,#4803,#4805,.T.);
#4803 = VERTEX_POINT('',#4804);
#4804 = CARTESIAN_POINT('',(263.730965,37.875779,0.));
#4805 = LINE('',#4806,#4807);
#4806 = CARTESIAN_POINT('',(263.758016,37.886981,0.));
#4807 = VECTOR('',#4808,1.);
#4808 = DIRECTION('',(-0.923914439717,-0.382599148043,0.));
#4809 = ORIENTED_EDGE('',*,*,#4810,.T.);
#4810 = EDGE_CURVE('',#4803,#4811,#4813,.T.);
#4811 = VERTEX_POINT('',#4812);
#4812 = CARTESIAN_POINT('',(263.716335,37.874331,0.));
#4813 = LINE('',#4814,#4815);
#4814 = CARTESIAN_POINT('',(263.730965,37.875779,0.));
#4815 = VECTOR('',#4816,1.);
#4816 = DIRECTION('',(-0.995137697729,-9.849346454642E-02,0.));
#4817 = ORIENTED_EDGE('',*,*,#4818,.T.);
#4818 = EDGE_CURVE('',#4811,#4819,#4821,.T.);
#4819 = VERTEX_POINT('',#4820);
#4820 = CARTESIAN_POINT('',(249.616337,37.874331,0.));
#4821 = LINE('',#4822,#4823);
#4822 = CARTESIAN_POINT('',(263.716335,37.874331,0.));
#4823 = VECTOR('',#4824,1.);
#4824 = DIRECTION('',(-1.,0.,0.));
#4825 = ORIENTED_EDGE('',*,*,#4826,.T.);
#4826 = EDGE_CURVE('',#4819,#4827,#4829,.T.);
#4827 = VERTEX_POINT('',#4828);
#4828 = CARTESIAN_POINT('',(249.601707,37.875779,0.));
#4829 = LINE('',#4830,#4831);
#4830 = CARTESIAN_POINT('',(249.616337,37.874331,0.));
#4831 = VECTOR('',#4832,1.);
#4832 = DIRECTION('',(-0.995137697729,9.849346454661E-02,0.));
#4833 = ORIENTED_EDGE('',*,*,#4834,.T.);
#4834 = EDGE_CURVE('',#4827,#4835,#4837,.T.);
#4835 = VERTEX_POINT('',#4836);
#4836 = CARTESIAN_POINT('',(249.574656,37.886981,0.));
#4837 = LINE('',#4838,#4839);
#4838 = CARTESIAN_POINT('',(249.601707,37.875779,0.));
#4839 = VECTOR('',#4840,1.);
#4840 = DIRECTION('',(-0.923914439717,0.382599148043,0.));
#4841 = ORIENTED_EDGE('',*,*,#4842,.T.);
#4842 = EDGE_CURVE('',#4835,#4843,#4845,.T.);
#4843 = VERTEX_POINT('',#4844);
#4844 = CARTESIAN_POINT('',(249.55398,37.907656,0.));
#4845 = LINE('',#4846,#4847);
#4846 = CARTESIAN_POINT('',(249.574656,37.886981,0.));
#4847 = VECTOR('',#4848,1.);
#4848 = DIRECTION('',(-0.707123881093,0.707089680867,0.));
#4849 = ORIENTED_EDGE('',*,*,#4850,.T.);
#4850 = EDGE_CURVE('',#4843,#4851,#4853,.T.);
#4851 = VERTEX_POINT('',#4852);
#4852 = CARTESIAN_POINT('',(249.542779,37.934707,0.));
#4853 = LINE('',#4854,#4855);
#4854 = CARTESIAN_POINT('',(249.55398,37.907656,0.));
#4855 = VECTOR('',#4856,1.);
#4856 = DIRECTION('',(-0.382569992546,0.923926512664,0.));
#4857 = ORIENTED_EDGE('',*,*,#4858,.T.);
#4858 = EDGE_CURVE('',#4851,#4859,#4861,.T.);
#4859 = VERTEX_POINT('',#4860);
#4860 = CARTESIAN_POINT('',(249.541331,37.949338,0.));
#4861 = LINE('',#4862,#4863);
#4862 = CARTESIAN_POINT('',(249.542779,37.934707,0.));
#4863 = VECTOR('',#4864,1.);
#4864 = DIRECTION('',(-9.848679800965E-02,0.995138357525,0.));
#4865 = ORIENTED_EDGE('',*,*,#4866,.T.);
#4866 = EDGE_CURVE('',#4859,#4867,#4869,.T.);
#4867 = VERTEX_POINT('',#4868);
#4868 = CARTESIAN_POINT('',(249.541331,52.049335,0.));
#4869 = LINE('',#4870,#4871);
#4870 = CARTESIAN_POINT('',(249.541331,37.949338,0.));
#4871 = VECTOR('',#4872,1.);
#4872 = DIRECTION('',(0.,1.,0.));
#4873 = ORIENTED_EDGE('',*,*,#4874,.T.);
#4874 = EDGE_CURVE('',#4867,#4875,#4877,.T.);
#4875 = VERTEX_POINT('',#4876);
#4876 = CARTESIAN_POINT('',(249.542779,52.063965,0.));
#4877 = LINE('',#4878,#4879);
#4878 = CARTESIAN_POINT('',(249.541331,52.049335,0.));
#4879 = VECTOR('',#4880,1.);
#4880 = DIRECTION('',(9.849346454503E-02,0.995137697729,0.));
#4881 = ORIENTED_EDGE('',*,*,#4882,.T.);
#4882 = EDGE_CURVE('',#4875,#4883,#4885,.T.);
#4883 = VERTEX_POINT('',#4884);
#4884 = CARTESIAN_POINT('',(249.55398,52.091016,0.));
#4885 = LINE('',#4886,#4887);
#4886 = CARTESIAN_POINT('',(249.542779,52.063965,0.));
#4887 = VECTOR('',#4888,1.);
#4888 = DIRECTION('',(0.382569992546,0.923926512664,0.));
#4889 = ORIENTED_EDGE('',*,*,#4890,.T.);
#4890 = EDGE_CURVE('',#4883,#4891,#4893,.T.);
#4891 = VERTEX_POINT('',#4892);
#4892 = CARTESIAN_POINT('',(249.574656,52.111692,0.));
#4893 = LINE('',#4894,#4895);
#4894 = CARTESIAN_POINT('',(249.55398,52.091016,0.));
#4895 = VECTOR('',#4896,1.);
#4896 = DIRECTION('',(0.707106781187,0.707106781186,0.));
#4897 = ORIENTED_EDGE('',*,*,#4898,.T.);
#4898 = EDGE_CURVE('',#4891,#4899,#4901,.T.);
#4899 = VERTEX_POINT('',#4900);
#4900 = CARTESIAN_POINT('',(249.601707,52.122893,0.));
#4901 = LINE('',#4902,#4903);
#4902 = CARTESIAN_POINT('',(249.574656,52.111692,0.));
#4903 = VECTOR('',#4904,1.);
#4904 = DIRECTION('',(0.923926512664,0.382569992546,0.));
#4905 = ORIENTED_EDGE('',*,*,#4906,.T.);
#4906 = EDGE_CURVE('',#4899,#4907,#4909,.T.);
#4907 = VERTEX_POINT('',#4908);
#4908 = CARTESIAN_POINT('',(249.616337,52.124341,0.));
#4909 = LINE('',#4910,#4911);
#4910 = CARTESIAN_POINT('',(249.601707,52.122893,0.));
#4911 = VECTOR('',#4912,1.);
#4912 = DIRECTION('',(0.995137697729,9.849346454661E-02,0.));
#4913 = ORIENTED_EDGE('',*,*,#4914,.T.);
#4914 = EDGE_CURVE('',#4907,#4915,#4917,.T.);
#4915 = VERTEX_POINT('',#4916);
#4916 = CARTESIAN_POINT('',(263.716335,52.124341,0.));
#4917 = LINE('',#4918,#4919);
#4918 = CARTESIAN_POINT('',(249.616337,52.124341,0.));
#4919 = VECTOR('',#4920,1.);
#4920 = DIRECTION('',(1.,0.,0.));
#4921 = ORIENTED_EDGE('',*,*,#4922,.T.);
#4922 = EDGE_CURVE('',#4915,#4737,#4923,.T.);
#4923 = LINE('',#4924,#4925);
#4924 = CARTESIAN_POINT('',(263.716335,52.124341,0.));
#4925 = VECTOR('',#4926,1.);
#4926 = DIRECTION('',(0.995137697729,-9.849346454642E-02,0.));
#4927 = FACE_BOUND('',#4928,.F.);
#4928 = EDGE_LOOP('',(#4929,#4939,#4947,#4955,#4963,#4971,#4979,#4987,
    #4995,#5003,#5011,#5019,#5027,#5035,#5043,#5051,#5059,#5067,#5075,
    #5083,#5091,#5099,#5107,#5115));
#4929 = ORIENTED_EDGE('',*,*,#4930,.T.);
#4930 = EDGE_CURVE('',#4931,#4933,#4935,.T.);
#4931 = VERTEX_POINT('',#4932);
#4932 = CARTESIAN_POINT('',(228.012215,28.310393,0.));
#4933 = VERTEX_POINT('',#4934);
#4934 = CARTESIAN_POINT('',(228.039266,28.299192,0.));
#4935 = LINE('',#4936,#4937);
#4936 = CARTESIAN_POINT('',(228.012215,28.310393,0.));
#4937 = VECTOR('',#4938,1.);
#4938 = DIRECTION('',(0.923926512664,-0.382569992546,0.));
#4939 = ORIENTED_EDGE('',*,*,#4940,.T.);
#4940 = EDGE_CURVE('',#4933,#4941,#4943,.T.);
#4941 = VERTEX_POINT('',#4942);
#4942 = CARTESIAN_POINT('',(228.059942,28.278516,0.));
#4943 = LINE('',#4944,#4945);
#4944 = CARTESIAN_POINT('',(228.039266,28.299192,0.));
#4945 = VECTOR('',#4946,1.);
#4946 = DIRECTION('',(0.707106781187,-0.707106781186,0.));
#4947 = ORIENTED_EDGE('',*,*,#4948,.T.);
#4948 = EDGE_CURVE('',#4941,#4949,#4951,.T.);
#4949 = VERTEX_POINT('',#4950);
#4950 = CARTESIAN_POINT('',(228.071143,28.251465,0.));
#4951 = LINE('',#4952,#4953);
#4952 = CARTESIAN_POINT('',(228.059942,28.278516,0.));
#4953 = VECTOR('',#4954,1.);
#4954 = DIRECTION('',(0.382569992546,-0.923926512664,0.));
#4955 = ORIENTED_EDGE('',*,*,#4956,.T.);
#4956 = EDGE_CURVE('',#4949,#4957,#4959,.T.);
#4957 = VERTEX_POINT('',#4958);
#4958 = CARTESIAN_POINT('',(228.072591,28.236835,0.));
#4959 = LINE('',#4960,#4961);
#4960 = CARTESIAN_POINT('',(228.071143,28.251465,0.));
#4961 = VECTOR('',#4962,1.);
#4962 = DIRECTION('',(9.849346454506E-02,-0.995137697729,0.));
#4963 = ORIENTED_EDGE('',*,*,#4964,.T.);
#4964 = EDGE_CURVE('',#4957,#4965,#4967,.T.);
#4965 = VERTEX_POINT('',#4966);
#4966 = CARTESIAN_POINT('',(228.072591,14.136838,0.));
#4967 = LINE('',#4968,#4969);
#4968 = CARTESIAN_POINT('',(228.072591,28.236835,0.));
#4969 = VECTOR('',#4970,1.);
#4970 = DIRECTION('',(0.,-1.,0.));
#4971 = ORIENTED_EDGE('',*,*,#4972,.T.);
#4972 = EDGE_CURVE('',#4965,#4973,#4975,.T.);
#4973 = VERTEX_POINT('',#4974);
#4974 = CARTESIAN_POINT('',(228.071143,14.122207,0.));
#4975 = LINE('',#4976,#4977);
#4976 = CARTESIAN_POINT('',(228.072591,14.136838,0.));
#4977 = VECTOR('',#4978,1.);
#4978 = DIRECTION('',(-9.848679800961E-02,-0.995138357525,0.));
#4979 = ORIENTED_EDGE('',*,*,#4980,.T.);
#4980 = EDGE_CURVE('',#4973,#4981,#4983,.T.);
#4981 = VERTEX_POINT('',#4982);
#4982 = CARTESIAN_POINT('',(228.059942,14.095156,0.));
#4983 = LINE('',#4984,#4985);
#4984 = CARTESIAN_POINT('',(228.071143,14.122207,0.));
#4985 = VECTOR('',#4986,1.);
#4986 = DIRECTION('',(-0.382569992546,-0.923926512664,0.));
#4987 = ORIENTED_EDGE('',*,*,#4988,.T.);
#4988 = EDGE_CURVE('',#4981,#4989,#4991,.T.);
#4989 = VERTEX_POINT('',#4990);
#4990 = CARTESIAN_POINT('',(228.039266,14.074481,0.));
#4991 = LINE('',#4992,#4993);
#4992 = CARTESIAN_POINT('',(228.059942,14.095156,0.));
#4993 = VECTOR('',#4994,1.);
#4994 = DIRECTION('',(-0.707123881093,-0.707089680866,0.));
#4995 = ORIENTED_EDGE('',*,*,#4996,.T.);
#4996 = EDGE_CURVE('',#4989,#4997,#4999,.T.);
#4997 = VERTEX_POINT('',#4998);
#4998 = CARTESIAN_POINT('',(228.012215,14.063279,0.));
#4999 = LINE('',#5000,#5001);
#5000 = CARTESIAN_POINT('',(228.039266,14.074481,0.));
#5001 = VECTOR('',#5002,1.);
#5002 = DIRECTION('',(-0.923914439717,-0.382599148043,0.));
#5003 = ORIENTED_EDGE('',*,*,#5004,.T.);
#5004 = EDGE_CURVE('',#4997,#5005,#5007,.T.);
#5005 = VERTEX_POINT('',#5006);
#5006 = CARTESIAN_POINT('',(227.997585,14.061831,0.));
#5007 = LINE('',#5008,#5009);
#5008 = CARTESIAN_POINT('',(228.012215,14.063279,0.));
#5009 = VECTOR('',#5010,1.);
#5010 = DIRECTION('',(-0.995137697729,-9.849346454618E-02,0.));
#5011 = ORIENTED_EDGE('',*,*,#5012,.T.);
#5012 = EDGE_CURVE('',#5005,#5013,#5015,.T.);
#5013 = VERTEX_POINT('',#5014);
#5014 = CARTESIAN_POINT('',(213.897587,14.061831,0.));
#5015 = LINE('',#5016,#5017);
#5016 = CARTESIAN_POINT('',(227.997585,14.061831,0.));
#5017 = VECTOR('',#5018,1.);
#5018 = DIRECTION('',(-1.,0.,0.));
#5019 = ORIENTED_EDGE('',*,*,#5020,.T.);
#5020 = EDGE_CURVE('',#5013,#5021,#5023,.T.);
#5021 = VERTEX_POINT('',#5022);
#5022 = CARTESIAN_POINT('',(213.882957,14.063279,0.));
#5023 = LINE('',#5024,#5025);
#5024 = CARTESIAN_POINT('',(213.897587,14.061831,0.));
#5025 = VECTOR('',#5026,1.);
#5026 = DIRECTION('',(-0.995137697729,9.849346454637E-02,0.));
#5027 = ORIENTED_EDGE('',*,*,#5028,.T.);
#5028 = EDGE_CURVE('',#5021,#5029,#5031,.T.);
#5029 = VERTEX_POINT('',#5030);
#5030 = CARTESIAN_POINT('',(213.855906,14.074481,0.));
#5031 = LINE('',#5032,#5033);
#5032 = CARTESIAN_POINT('',(213.882957,14.063279,0.));
#5033 = VECTOR('',#5034,1.);
#5034 = DIRECTION('',(-0.923914439717,0.382599148043,0.));
#5035 = ORIENTED_EDGE('',*,*,#5036,.T.);
#5036 = EDGE_CURVE('',#5029,#5037,#5039,.T.);
#5037 = VERTEX_POINT('',#5038);
#5038 = CARTESIAN_POINT('',(213.83523,14.095156,0.));
#5039 = LINE('',#5040,#5041);
#5040 = CARTESIAN_POINT('',(213.855906,14.074481,0.));
#5041 = VECTOR('',#5042,1.);
#5042 = DIRECTION('',(-0.707123881093,0.707089680866,0.));
#5043 = ORIENTED_EDGE('',*,*,#5044,.T.);
#5044 = EDGE_CURVE('',#5037,#5045,#5047,.T.);
#5045 = VERTEX_POINT('',#5046);
#5046 = CARTESIAN_POINT('',(213.824029,14.122207,0.));
#5047 = LINE('',#5048,#5049);
#5048 = CARTESIAN_POINT('',(213.83523,14.095156,0.));
#5049 = VECTOR('',#5050,1.);
#5050 = DIRECTION('',(-0.382569992546,0.923926512664,0.));
#5051 = ORIENTED_EDGE('',*,*,#5052,.T.);
#5052 = EDGE_CURVE('',#5045,#5053,#5055,.T.);
#5053 = VERTEX_POINT('',#5054);
#5054 = CARTESIAN_POINT('',(213.822581,14.136838,0.));
#5055 = LINE('',#5056,#5057);
#5056 = CARTESIAN_POINT('',(213.824029,14.122207,0.));
#5057 = VECTOR('',#5058,1.);
#5058 = DIRECTION('',(-9.848679800961E-02,0.995138357525,0.));
#5059 = ORIENTED_EDGE('',*,*,#5060,.T.);
#5060 = EDGE_CURVE('',#5053,#5061,#5063,.T.);
#5061 = VERTEX_POINT('',#5062);
#5062 = CARTESIAN_POINT('',(213.822581,28.236835,0.));
#5063 = LINE('',#5064,#5065);
#5064 = CARTESIAN_POINT('',(213.822581,14.136838,0.));
#5065 = VECTOR('',#5066,1.);
#5066 = DIRECTION('',(0.,1.,0.));
#5067 = ORIENTED_EDGE('',*,*,#5068,.T.);
#5068 = EDGE_CURVE('',#5061,#5069,#5071,.T.);
#5069 = VERTEX_POINT('',#5070);
#5070 = CARTESIAN_POINT('',(213.824029,28.251465,0.));
#5071 = LINE('',#5072,#5073);
#5072 = CARTESIAN_POINT('',(213.822581,28.236835,0.));
#5073 = VECTOR('',#5074,1.);
#5074 = DIRECTION('',(9.849346454506E-02,0.995137697729,0.));
#5075 = ORIENTED_EDGE('',*,*,#5076,.T.);
#5076 = EDGE_CURVE('',#5069,#5077,#5079,.T.);
#5077 = VERTEX_POINT('',#5078);
#5078 = CARTESIAN_POINT('',(213.83523,28.278516,0.));
#5079 = LINE('',#5080,#5081);
#5080 = CARTESIAN_POINT('',(213.824029,28.251465,0.));
#5081 = VECTOR('',#5082,1.);
#5082 = DIRECTION('',(0.382569992546,0.923926512664,0.));
#5083 = ORIENTED_EDGE('',*,*,#5084,.T.);
#5084 = EDGE_CURVE('',#5077,#5085,#5087,.T.);
#5085 = VERTEX_POINT('',#5086);
#5086 = CARTESIAN_POINT('',(213.855906,28.299192,0.));
#5087 = LINE('',#5088,#5089);
#5088 = CARTESIAN_POINT('',(213.83523,28.278516,0.));
#5089 = VECTOR('',#5090,1.);
#5090 = DIRECTION('',(0.707106781187,0.707106781186,0.));
#5091 = ORIENTED_EDGE('',*,*,#5092,.T.);
#5092 = EDGE_CURVE('',#5085,#5093,#5095,.T.);
#5093 = VERTEX_POINT('',#5094);
#5094 = CARTESIAN_POINT('',(213.882957,28.310393,0.));
#5095 = LINE('',#5096,#5097);
#5096 = CARTESIAN_POINT('',(213.855906,28.299192,0.));
#5097 = VECTOR('',#5098,1.);
#5098 = DIRECTION('',(0.923926512664,0.382569992546,0.));
#5099 = ORIENTED_EDGE('',*,*,#5100,.T.);
#5100 = EDGE_CURVE('',#5093,#5101,#5103,.T.);
#5101 = VERTEX_POINT('',#5102);
#5102 = CARTESIAN_POINT('',(213.897587,28.311841,0.));
#5103 = LINE('',#5104,#5105);
#5104 = CARTESIAN_POINT('',(213.882957,28.310393,0.));
#5105 = VECTOR('',#5106,1.);
#5106 = DIRECTION('',(0.995137697729,9.849346454637E-02,0.));
#5107 = ORIENTED_EDGE('',*,*,#5108,.T.);
#5108 = EDGE_CURVE('',#5101,#5109,#5111,.T.);
#5109 = VERTEX_POINT('',#5110);
#5110 = CARTESIAN_POINT('',(227.997585,28.311841,0.));
#5111 = LINE('',#5112,#5113);
#5112 = CARTESIAN_POINT('',(213.897587,28.311841,0.));
#5113 = VECTOR('',#5114,1.);
#5114 = DIRECTION('',(1.,0.,0.));
#5115 = ORIENTED_EDGE('',*,*,#5116,.T.);
#5116 = EDGE_CURVE('',#5109,#4931,#5117,.T.);
#5117 = LINE('',#5118,#5119);
#5118 = CARTESIAN_POINT('',(227.997585,28.311841,0.));
#5119 = VECTOR('',#5120,1.);
#5120 = DIRECTION('',(0.995137697729,-9.849346454618E-02,0.));
#5121 = FACE_BOUND('',#5122,.F.);
#5122 = EDGE_LOOP('',(#5123,#5133,#5141,#5149,#5157,#5165,#5173,#5181,
    #5189,#5197,#5205,#5213,#5221,#5229,#5237,#5245,#5253,#5261,#5269,
    #5277,#5285,#5293,#5301,#5309));
#5123 = ORIENTED_EDGE('',*,*,#5124,.T.);
#5124 = EDGE_CURVE('',#5125,#5127,#5129,.T.);
#5125 = VERTEX_POINT('',#5126);
#5126 = CARTESIAN_POINT('',(282.780965,71.172893,0.));
#5127 = VERTEX_POINT('',#5128);
#5128 = CARTESIAN_POINT('',(282.808016,71.161692,0.));
#5129 = LINE('',#5130,#5131);
#5130 = CARTESIAN_POINT('',(282.780965,71.172893,0.));
#5131 = VECTOR('',#5132,1.);
#5132 = DIRECTION('',(0.923926512664,-0.382569992545,0.));
#5133 = ORIENTED_EDGE('',*,*,#5134,.T.);
#5134 = EDGE_CURVE('',#5127,#5135,#5137,.T.);
#5135 = VERTEX_POINT('',#5136);
#5136 = CARTESIAN_POINT('',(282.828692,71.141016,0.));
#5137 = LINE('',#5138,#5139);
#5138 = CARTESIAN_POINT('',(282.808016,71.161692,0.));
#5139 = VECTOR('',#5140,1.);
#5140 = DIRECTION('',(0.707106781186,-0.707106781187,0.));
#5141 = ORIENTED_EDGE('',*,*,#5142,.T.);
#5142 = EDGE_CURVE('',#5135,#5143,#5145,.T.);
#5143 = VERTEX_POINT('',#5144);
#5144 = CARTESIAN_POINT('',(282.839893,71.113965,0.));
#5145 = LINE('',#5146,#5147);
#5146 = CARTESIAN_POINT('',(282.828692,71.141016,0.));
#5147 = VECTOR('',#5148,1.);
#5148 = DIRECTION('',(0.382569992546,-0.923926512664,0.));
#5149 = ORIENTED_EDGE('',*,*,#5150,.T.);
#5150 = EDGE_CURVE('',#5143,#5151,#5153,.T.);
#5151 = VERTEX_POINT('',#5152);
#5152 = CARTESIAN_POINT('',(282.841341,71.099335,0.));
#5153 = LINE('',#5154,#5155);
#5154 = CARTESIAN_POINT('',(282.839893,71.113965,0.));
#5155 = VECTOR('',#5156,1.);
#5156 = DIRECTION('',(9.849346454508E-02,-0.995137697729,0.));
#5157 = ORIENTED_EDGE('',*,*,#5158,.T.);
#5158 = EDGE_CURVE('',#5151,#5159,#5161,.T.);
#5159 = VERTEX_POINT('',#5160);
#5160 = CARTESIAN_POINT('',(282.841341,56.999338,0.));
#5161 = LINE('',#5162,#5163);
#5162 = CARTESIAN_POINT('',(282.841341,71.099335,0.));
#5163 = VECTOR('',#5164,1.);
#5164 = DIRECTION('',(0.,-1.,0.));
#5165 = ORIENTED_EDGE('',*,*,#5166,.T.);
#5166 = EDGE_CURVE('',#5159,#5167,#5169,.T.);
#5167 = VERTEX_POINT('',#5168);
#5168 = CARTESIAN_POINT('',(282.839893,56.984707,0.));
#5169 = LINE('',#5170,#5171);
#5170 = CARTESIAN_POINT('',(282.841341,56.999338,0.));
#5171 = VECTOR('',#5172,1.);
#5172 = DIRECTION('',(-9.84867980096E-02,-0.995138357525,0.));
#5173 = ORIENTED_EDGE('',*,*,#5174,.T.);
#5174 = EDGE_CURVE('',#5167,#5175,#5177,.T.);
#5175 = VERTEX_POINT('',#5176);
#5176 = CARTESIAN_POINT('',(282.828692,56.957656,0.));
#5177 = LINE('',#5178,#5179);
#5178 = CARTESIAN_POINT('',(282.839893,56.984707,0.));
#5179 = VECTOR('',#5180,1.);
#5180 = DIRECTION('',(-0.382569992546,-0.923926512664,0.));
#5181 = ORIENTED_EDGE('',*,*,#5182,.T.);
#5182 = EDGE_CURVE('',#5175,#5183,#5185,.T.);
#5183 = VERTEX_POINT('',#5184);
#5184 = CARTESIAN_POINT('',(282.808016,56.936981,0.));
#5185 = LINE('',#5186,#5187);
#5186 = CARTESIAN_POINT('',(282.828692,56.957656,0.));
#5187 = VECTOR('',#5188,1.);
#5188 = DIRECTION('',(-0.707123881093,-0.707089680867,0.));
#5189 = ORIENTED_EDGE('',*,*,#5190,.T.);
#5190 = EDGE_CURVE('',#5183,#5191,#5193,.T.);
#5191 = VERTEX_POINT('',#5192);
#5192 = CARTESIAN_POINT('',(282.780965,56.925779,0.));
#5193 = LINE('',#5194,#5195);
#5194 = CARTESIAN_POINT('',(282.808016,56.936981,0.));
#5195 = VECTOR('',#5196,1.);
#5196 = DIRECTION('',(-0.923914439717,-0.382599148043,0.));
#5197 = ORIENTED_EDGE('',*,*,#5198,.T.);
#5198 = EDGE_CURVE('',#5191,#5199,#5201,.T.);
#5199 = VERTEX_POINT('',#5200);
#5200 = CARTESIAN_POINT('',(282.766335,56.924331,0.));
#5201 = LINE('',#5202,#5203);
#5202 = CARTESIAN_POINT('',(282.780965,56.925779,0.));
#5203 = VECTOR('',#5204,1.);
#5204 = DIRECTION('',(-0.995137697729,-9.849346454632E-02,0.));
#5205 = ORIENTED_EDGE('',*,*,#5206,.T.);
#5206 = EDGE_CURVE('',#5199,#5207,#5209,.T.);
#5207 = VERTEX_POINT('',#5208);
#5208 = CARTESIAN_POINT('',(268.666337,56.924331,0.));
#5209 = LINE('',#5210,#5211);
#5210 = CARTESIAN_POINT('',(282.766335,56.924331,0.));
#5211 = VECTOR('',#5212,1.);
#5212 = DIRECTION('',(-1.,0.,0.));
#5213 = ORIENTED_EDGE('',*,*,#5214,.T.);
#5214 = EDGE_CURVE('',#5207,#5215,#5217,.T.);
#5215 = VERTEX_POINT('',#5216);
#5216 = CARTESIAN_POINT('',(268.651707,56.925779,0.));
#5217 = LINE('',#5218,#5219);
#5218 = CARTESIAN_POINT('',(268.666337,56.924331,0.));
#5219 = VECTOR('',#5220,1.);
#5220 = DIRECTION('',(-0.995137697729,9.849346454594E-02,0.));
#5221 = ORIENTED_EDGE('',*,*,#5222,.T.);
#5222 = EDGE_CURVE('',#5215,#5223,#5225,.T.);
#5223 = VERTEX_POINT('',#5224);
#5224 = CARTESIAN_POINT('',(268.624656,56.936981,0.));
#5225 = LINE('',#5226,#5227);
#5226 = CARTESIAN_POINT('',(268.651707,56.925779,0.));
#5227 = VECTOR('',#5228,1.);
#5228 = DIRECTION('',(-0.923914439716,0.382599148043,0.));
#5229 = ORIENTED_EDGE('',*,*,#5230,.T.);
#5230 = EDGE_CURVE('',#5223,#5231,#5233,.T.);
#5231 = VERTEX_POINT('',#5232);
#5232 = CARTESIAN_POINT('',(268.60398,56.957656,0.));
#5233 = LINE('',#5234,#5235);
#5234 = CARTESIAN_POINT('',(268.624656,56.936981,0.));
#5235 = VECTOR('',#5236,1.);
#5236 = DIRECTION('',(-0.707123881094,0.707089680866,0.));
#5237 = ORIENTED_EDGE('',*,*,#5238,.T.);
#5238 = EDGE_CURVE('',#5231,#5239,#5241,.T.);
#5239 = VERTEX_POINT('',#5240);
#5240 = CARTESIAN_POINT('',(268.592779,56.984707,0.));
#5241 = LINE('',#5242,#5243);
#5242 = CARTESIAN_POINT('',(268.60398,56.957656,0.));
#5243 = VECTOR('',#5244,1.);
#5244 = DIRECTION('',(-0.382569992545,0.923926512664,0.));
#5245 = ORIENTED_EDGE('',*,*,#5246,.T.);
#5246 = EDGE_CURVE('',#5239,#5247,#5249,.T.);
#5247 = VERTEX_POINT('',#5248);
#5248 = CARTESIAN_POINT('',(268.591331,56.999338,0.));
#5249 = LINE('',#5250,#5251);
#5250 = CARTESIAN_POINT('',(268.592779,56.984707,0.));
#5251 = VECTOR('',#5252,1.);
#5252 = DIRECTION('',(-9.84867980096E-02,0.995138357525,0.));
#5253 = ORIENTED_EDGE('',*,*,#5254,.T.);
#5254 = EDGE_CURVE('',#5247,#5255,#5257,.T.);
#5255 = VERTEX_POINT('',#5256);
#5256 = CARTESIAN_POINT('',(268.591331,71.099335,0.));
#5257 = LINE('',#5258,#5259);
#5258 = CARTESIAN_POINT('',(268.591331,56.999338,0.));
#5259 = VECTOR('',#5260,1.);
#5260 = DIRECTION('',(0.,1.,0.));
#5261 = ORIENTED_EDGE('',*,*,#5262,.T.);
#5262 = EDGE_CURVE('',#5255,#5263,#5265,.T.);
#5263 = VERTEX_POINT('',#5264);
#5264 = CARTESIAN_POINT('',(268.592779,71.113965,0.));
#5265 = LINE('',#5266,#5267);
#5266 = CARTESIAN_POINT('',(268.591331,71.099335,0.));
#5267 = VECTOR('',#5268,1.);
#5268 = DIRECTION('',(9.849346454508E-02,0.995137697729,0.));
#5269 = ORIENTED_EDGE('',*,*,#5270,.T.);
#5270 = EDGE_CURVE('',#5263,#5271,#5273,.T.);
#5271 = VERTEX_POINT('',#5272);
#5272 = CARTESIAN_POINT('',(268.60398,71.141016,0.));
#5273 = LINE('',#5274,#5275);
#5274 = CARTESIAN_POINT('',(268.592779,71.113965,0.));
#5275 = VECTOR('',#5276,1.);
#5276 = DIRECTION('',(0.382569992545,0.923926512664,0.));
#5277 = ORIENTED_EDGE('',*,*,#5278,.T.);
#5278 = EDGE_CURVE('',#5271,#5279,#5281,.T.);
#5279 = VERTEX_POINT('',#5280);
#5280 = CARTESIAN_POINT('',(268.624656,71.161692,0.));
#5281 = LINE('',#5282,#5283);
#5282 = CARTESIAN_POINT('',(268.60398,71.141016,0.));
#5283 = VECTOR('',#5284,1.);
#5284 = DIRECTION('',(0.707106781187,0.707106781186,0.));
#5285 = ORIENTED_EDGE('',*,*,#5286,.T.);
#5286 = EDGE_CURVE('',#5279,#5287,#5289,.T.);
#5287 = VERTEX_POINT('',#5288);
#5288 = CARTESIAN_POINT('',(268.651707,71.172893,0.));
#5289 = LINE('',#5290,#5291);
#5290 = CARTESIAN_POINT('',(268.624656,71.161692,0.));
#5291 = VECTOR('',#5292,1.);
#5292 = DIRECTION('',(0.923926512664,0.382569992546,0.));
#5293 = ORIENTED_EDGE('',*,*,#5294,.T.);
#5294 = EDGE_CURVE('',#5287,#5295,#5297,.T.);
#5295 = VERTEX_POINT('',#5296);
#5296 = CARTESIAN_POINT('',(268.666337,71.174341,0.));
#5297 = LINE('',#5298,#5299);
#5298 = CARTESIAN_POINT('',(268.651707,71.172893,0.));
#5299 = VECTOR('',#5300,1.);
#5300 = DIRECTION('',(0.995137697729,9.849346454594E-02,0.));
#5301 = ORIENTED_EDGE('',*,*,#5302,.T.);
#5302 = EDGE_CURVE('',#5295,#5303,#5305,.T.);
#5303 = VERTEX_POINT('',#5304);
#5304 = CARTESIAN_POINT('',(282.766335,71.174341,0.));
#5305 = LINE('',#5306,#5307);
#5306 = CARTESIAN_POINT('',(268.666337,71.174341,0.));
#5307 = VECTOR('',#5308,1.);
#5308 = DIRECTION('',(1.,0.,0.));
#5309 = ORIENTED_EDGE('',*,*,#5310,.T.);
#5310 = EDGE_CURVE('',#5303,#5125,#5311,.T.);
#5311 = LINE('',#5312,#5313);
#5312 = CARTESIAN_POINT('',(282.766335,71.174341,0.));
#5313 = VECTOR('',#5314,1.);
#5314 = DIRECTION('',(0.995137697729,-9.849346454632E-02,0.));
#5315 = FACE_BOUND('',#5316,.F.);
#5316 = EDGE_LOOP('',(#5317,#5327,#5335,#5343,#5351,#5359,#5367,#5375,
    #5383,#5391,#5399,#5407,#5415,#5423,#5431,#5439,#5447,#5455,#5463,
    #5471,#5479,#5487,#5495,#5503));
#5317 = ORIENTED_EDGE('',*,*,#5318,.T.);
#5318 = EDGE_CURVE('',#5319,#5321,#5323,.T.);
#5319 = VERTEX_POINT('',#5320);
#5320 = CARTESIAN_POINT('',(263.730965,71.172893,0.));
#5321 = VERTEX_POINT('',#5322);
#5322 = CARTESIAN_POINT('',(263.758016,71.161692,0.));
#5323 = LINE('',#5324,#5325);
#5324 = CARTESIAN_POINT('',(263.730965,71.172893,0.));
#5325 = VECTOR('',#5326,1.);
#5326 = DIRECTION('',(0.923926512664,-0.382569992546,0.));
#5327 = ORIENTED_EDGE('',*,*,#5328,.T.);
#5328 = EDGE_CURVE('',#5321,#5329,#5331,.T.);
#5329 = VERTEX_POINT('',#5330);
#5330 = CARTESIAN_POINT('',(263.778692,71.141016,0.));
#5331 = LINE('',#5332,#5333);
#5332 = CARTESIAN_POINT('',(263.758016,71.161692,0.));
#5333 = VECTOR('',#5334,1.);
#5334 = DIRECTION('',(0.707106781186,-0.707106781187,0.));
#5335 = ORIENTED_EDGE('',*,*,#5336,.T.);
#5336 = EDGE_CURVE('',#5329,#5337,#5339,.T.);
#5337 = VERTEX_POINT('',#5338);
#5338 = CARTESIAN_POINT('',(263.789893,71.113965,0.));
#5339 = LINE('',#5340,#5341);
#5340 = CARTESIAN_POINT('',(263.778692,71.141016,0.));
#5341 = VECTOR('',#5342,1.);
#5342 = DIRECTION('',(0.382569992546,-0.923926512664,0.));
#5343 = ORIENTED_EDGE('',*,*,#5344,.T.);
#5344 = EDGE_CURVE('',#5337,#5345,#5347,.T.);
#5345 = VERTEX_POINT('',#5346);
#5346 = CARTESIAN_POINT('',(263.791341,71.099335,0.));
#5347 = LINE('',#5348,#5349);
#5348 = CARTESIAN_POINT('',(263.789893,71.113965,0.));
#5349 = VECTOR('',#5350,1.);
#5350 = DIRECTION('',(9.849346454508E-02,-0.995137697729,0.));
#5351 = ORIENTED_EDGE('',*,*,#5352,.T.);
#5352 = EDGE_CURVE('',#5345,#5353,#5355,.T.);
#5353 = VERTEX_POINT('',#5354);
#5354 = CARTESIAN_POINT('',(263.791341,56.999338,0.));
#5355 = LINE('',#5356,#5357);
#5356 = CARTESIAN_POINT('',(263.791341,71.099335,0.));
#5357 = VECTOR('',#5358,1.);
#5358 = DIRECTION('',(0.,-1.,0.));
#5359 = ORIENTED_EDGE('',*,*,#5360,.T.);
#5360 = EDGE_CURVE('',#5353,#5361,#5363,.T.);
#5361 = VERTEX_POINT('',#5362);
#5362 = CARTESIAN_POINT('',(263.789893,56.984707,0.));
#5363 = LINE('',#5364,#5365);
#5364 = CARTESIAN_POINT('',(263.791341,56.999338,0.));
#5365 = VECTOR('',#5366,1.);
#5366 = DIRECTION('',(-9.84867980096E-02,-0.995138357525,0.));
#5367 = ORIENTED_EDGE('',*,*,#5368,.T.);
#5368 = EDGE_CURVE('',#5361,#5369,#5371,.T.);
#5369 = VERTEX_POINT('',#5370);
#5370 = CARTESIAN_POINT('',(263.778692,56.957656,0.));
#5371 = LINE('',#5372,#5373);
#5372 = CARTESIAN_POINT('',(263.789893,56.984707,0.));
#5373 = VECTOR('',#5374,1.);
#5374 = DIRECTION('',(-0.382569992546,-0.923926512664,0.));
#5375 = ORIENTED_EDGE('',*,*,#5376,.T.);
#5376 = EDGE_CURVE('',#5369,#5377,#5379,.T.);
#5377 = VERTEX_POINT('',#5378);
#5378 = CARTESIAN_POINT('',(263.758016,56.936981,0.));
#5379 = LINE('',#5380,#5381);
#5380 = CARTESIAN_POINT('',(263.778692,56.957656,0.));
#5381 = VECTOR('',#5382,1.);
#5382 = DIRECTION('',(-0.707123881093,-0.707089680867,0.));
#5383 = ORIENTED_EDGE('',*,*,#5384,.T.);
#5384 = EDGE_CURVE('',#5377,#5385,#5387,.T.);
#5385 = VERTEX_POINT('',#5386);
#5386 = CARTESIAN_POINT('',(263.730965,56.925779,0.));
#5387 = LINE('',#5388,#5389);
#5388 = CARTESIAN_POINT('',(263.758016,56.936981,0.));
#5389 = VECTOR('',#5390,1.);
#5390 = DIRECTION('',(-0.923914439716,-0.382599148043,0.));
#5391 = ORIENTED_EDGE('',*,*,#5392,.T.);
#5392 = EDGE_CURVE('',#5385,#5393,#5395,.T.);
#5393 = VERTEX_POINT('',#5394);
#5394 = CARTESIAN_POINT('',(263.716335,56.924331,0.));
#5395 = LINE('',#5396,#5397);
#5396 = CARTESIAN_POINT('',(263.730965,56.925779,0.));
#5397 = VECTOR('',#5398,1.);
#5398 = DIRECTION('',(-0.995137697729,-9.849346454594E-02,0.));
#5399 = ORIENTED_EDGE('',*,*,#5400,.T.);
#5400 = EDGE_CURVE('',#5393,#5401,#5403,.T.);
#5401 = VERTEX_POINT('',#5402);
#5402 = CARTESIAN_POINT('',(249.616337,56.924331,0.));
#5403 = LINE('',#5404,#5405);
#5404 = CARTESIAN_POINT('',(263.716335,56.924331,0.));
#5405 = VECTOR('',#5406,1.);
#5406 = DIRECTION('',(-1.,0.,0.));
#5407 = ORIENTED_EDGE('',*,*,#5408,.T.);
#5408 = EDGE_CURVE('',#5401,#5409,#5411,.T.);
#5409 = VERTEX_POINT('',#5410);
#5410 = CARTESIAN_POINT('',(249.601707,56.925779,0.));
#5411 = LINE('',#5412,#5413);
#5412 = CARTESIAN_POINT('',(249.616337,56.924331,0.));
#5413 = VECTOR('',#5414,1.);
#5414 = DIRECTION('',(-0.995137697729,9.849346454613E-02,0.));
#5415 = ORIENTED_EDGE('',*,*,#5416,.T.);
#5416 = EDGE_CURVE('',#5409,#5417,#5419,.T.);
#5417 = VERTEX_POINT('',#5418);
#5418 = CARTESIAN_POINT('',(249.574656,56.936981,0.));
#5419 = LINE('',#5420,#5421);
#5420 = CARTESIAN_POINT('',(249.601707,56.925779,0.));
#5421 = VECTOR('',#5422,1.);
#5422 = DIRECTION('',(-0.923914439717,0.382599148043,0.));
#5423 = ORIENTED_EDGE('',*,*,#5424,.T.);
#5424 = EDGE_CURVE('',#5417,#5425,#5427,.T.);
#5425 = VERTEX_POINT('',#5426);
#5426 = CARTESIAN_POINT('',(249.55398,56.957656,0.));
#5427 = LINE('',#5428,#5429);
#5428 = CARTESIAN_POINT('',(249.574656,56.936981,0.));
#5429 = VECTOR('',#5430,1.);
#5430 = DIRECTION('',(-0.707123881093,0.707089680866,0.));
#5431 = ORIENTED_EDGE('',*,*,#5432,.T.);
#5432 = EDGE_CURVE('',#5425,#5433,#5435,.T.);
#5433 = VERTEX_POINT('',#5434);
#5434 = CARTESIAN_POINT('',(249.542779,56.984707,0.));
#5435 = LINE('',#5436,#5437);
#5436 = CARTESIAN_POINT('',(249.55398,56.957656,0.));
#5437 = VECTOR('',#5438,1.);
#5438 = DIRECTION('',(-0.382569992546,0.923926512664,0.));
#5439 = ORIENTED_EDGE('',*,*,#5440,.T.);
#5440 = EDGE_CURVE('',#5433,#5441,#5443,.T.);
#5441 = VERTEX_POINT('',#5442);
#5442 = CARTESIAN_POINT('',(249.541331,56.999338,0.));
#5443 = LINE('',#5444,#5445);
#5444 = CARTESIAN_POINT('',(249.542779,56.984707,0.));
#5445 = VECTOR('',#5446,1.);
#5446 = DIRECTION('',(-9.84867980096E-02,0.995138357525,0.));
#5447 = ORIENTED_EDGE('',*,*,#5448,.T.);
#5448 = EDGE_CURVE('',#5441,#5449,#5451,.T.);
#5449 = VERTEX_POINT('',#5450);
#5450 = CARTESIAN_POINT('',(249.541331,71.099335,0.));
#5451 = LINE('',#5452,#5453);
#5452 = CARTESIAN_POINT('',(249.541331,56.999338,0.));
#5453 = VECTOR('',#5454,1.);
#5454 = DIRECTION('',(0.,1.,0.));
#5455 = ORIENTED_EDGE('',*,*,#5456,.T.);
#5456 = EDGE_CURVE('',#5449,#5457,#5459,.T.);
#5457 = VERTEX_POINT('',#5458);
#5458 = CARTESIAN_POINT('',(249.542779,71.113965,0.));
#5459 = LINE('',#5460,#5461);
#5460 = CARTESIAN_POINT('',(249.541331,71.099335,0.));
#5461 = VECTOR('',#5462,1.);
#5462 = DIRECTION('',(9.849346454508E-02,0.995137697729,0.));
#5463 = ORIENTED_EDGE('',*,*,#5464,.T.);
#5464 = EDGE_CURVE('',#5457,#5465,#5467,.T.);
#5465 = VERTEX_POINT('',#5466);
#5466 = CARTESIAN_POINT('',(249.55398,71.141016,0.));
#5467 = LINE('',#5468,#5469);
#5468 = CARTESIAN_POINT('',(249.542779,71.113965,0.));
#5469 = VECTOR('',#5470,1.);
#5470 = DIRECTION('',(0.382569992546,0.923926512664,0.));
#5471 = ORIENTED_EDGE('',*,*,#5472,.T.);
#5472 = EDGE_CURVE('',#5465,#5473,#5475,.T.);
#5473 = VERTEX_POINT('',#5474);
#5474 = CARTESIAN_POINT('',(249.574656,71.161692,0.));
#5475 = LINE('',#5476,#5477);
#5476 = CARTESIAN_POINT('',(249.55398,71.141016,0.));
#5477 = VECTOR('',#5478,1.);
#5478 = DIRECTION('',(0.707106781187,0.707106781187,0.));
#5479 = ORIENTED_EDGE('',*,*,#5480,.T.);
#5480 = EDGE_CURVE('',#5473,#5481,#5483,.T.);
#5481 = VERTEX_POINT('',#5482);
#5482 = CARTESIAN_POINT('',(249.601707,71.172893,0.));
#5483 = LINE('',#5484,#5485);
#5484 = CARTESIAN_POINT('',(249.574656,71.161692,0.));
#5485 = VECTOR('',#5486,1.);
#5486 = DIRECTION('',(0.923926512664,0.382569992546,0.));
#5487 = ORIENTED_EDGE('',*,*,#5488,.T.);
#5488 = EDGE_CURVE('',#5481,#5489,#5491,.T.);
#5489 = VERTEX_POINT('',#5490);
#5490 = CARTESIAN_POINT('',(249.616337,71.174341,0.));
#5491 = LINE('',#5492,#5493);
#5492 = CARTESIAN_POINT('',(249.601707,71.172893,0.));
#5493 = VECTOR('',#5494,1.);
#5494 = DIRECTION('',(0.995137697729,9.849346454613E-02,0.));
#5495 = ORIENTED_EDGE('',*,*,#5496,.T.);
#5496 = EDGE_CURVE('',#5489,#5497,#5499,.T.);
#5497 = VERTEX_POINT('',#5498);
#5498 = CARTESIAN_POINT('',(263.716335,71.174341,0.));
#5499 = LINE('',#5500,#5501);
#5500 = CARTESIAN_POINT('',(249.616337,71.174341,0.));
#5501 = VECTOR('',#5502,1.);
#5502 = DIRECTION('',(1.,0.,0.));
#5503 = ORIENTED_EDGE('',*,*,#5504,.T.);
#5504 = EDGE_CURVE('',#5497,#5319,#5505,.T.);
#5505 = LINE('',#5506,#5507);
#5506 = CARTESIAN_POINT('',(263.716335,71.174341,0.));
#5507 = VECTOR('',#5508,1.);
#5508 = DIRECTION('',(0.995137697729,-9.849346454594E-02,0.));
#5509 = FACE_BOUND('',#5510,.F.);
#5510 = EDGE_LOOP('',(#5511,#5521,#5529,#5537,#5545,#5553,#5561,#5569,
    #5577,#5585,#5593,#5601,#5609,#5617,#5625,#5633,#5641,#5649,#5657,
    #5665,#5673,#5681,#5689,#5697));
#5511 = ORIENTED_EDGE('',*,*,#5512,.T.);
#5512 = EDGE_CURVE('',#5513,#5515,#5517,.T.);
#5513 = VERTEX_POINT('',#5514);
#5514 = CARTESIAN_POINT('',(282.780965,33.072893,0.));
#5515 = VERTEX_POINT('',#5516);
#5516 = CARTESIAN_POINT('',(282.808016,33.061692,0.));
#5517 = LINE('',#5518,#5519);
#5518 = CARTESIAN_POINT('',(282.780965,33.072893,0.));
#5519 = VECTOR('',#5520,1.);
#5520 = DIRECTION('',(0.923926512664,-0.382569992545,0.));
#5521 = ORIENTED_EDGE('',*,*,#5522,.T.);
#5522 = EDGE_CURVE('',#5515,#5523,#5525,.T.);
#5523 = VERTEX_POINT('',#5524);
#5524 = CARTESIAN_POINT('',(282.828692,33.041016,0.));
#5525 = LINE('',#5526,#5527);
#5526 = CARTESIAN_POINT('',(282.808016,33.061692,0.));
#5527 = VECTOR('',#5528,1.);
#5528 = DIRECTION('',(0.707106781186,-0.707106781187,0.));
#5529 = ORIENTED_EDGE('',*,*,#5530,.T.);
#5530 = EDGE_CURVE('',#5523,#5531,#5533,.T.);
#5531 = VERTEX_POINT('',#5532);
#5532 = CARTESIAN_POINT('',(282.839893,33.013965,0.));
#5533 = LINE('',#5534,#5535);
#5534 = CARTESIAN_POINT('',(282.828692,33.041016,0.));
#5535 = VECTOR('',#5536,1.);
#5536 = DIRECTION('',(0.382569992546,-0.923926512664,0.));
#5537 = ORIENTED_EDGE('',*,*,#5538,.T.);
#5538 = EDGE_CURVE('',#5531,#5539,#5541,.T.);
#5539 = VERTEX_POINT('',#5540);
#5540 = CARTESIAN_POINT('',(282.841341,32.999335,0.));
#5541 = LINE('',#5542,#5543);
#5542 = CARTESIAN_POINT('',(282.839893,33.013965,0.));
#5543 = VECTOR('',#5544,1.);
#5544 = DIRECTION('',(9.849346454508E-02,-0.995137697729,0.));
#5545 = ORIENTED_EDGE('',*,*,#5546,.T.);
#5546 = EDGE_CURVE('',#5539,#5547,#5549,.T.);
#5547 = VERTEX_POINT('',#5548);
#5548 = CARTESIAN_POINT('',(282.841341,18.899338,0.));
#5549 = LINE('',#5550,#5551);
#5550 = CARTESIAN_POINT('',(282.841341,32.999335,0.));
#5551 = VECTOR('',#5552,1.);
#5552 = DIRECTION('',(0.,-1.,0.));
#5553 = ORIENTED_EDGE('',*,*,#5554,.T.);
#5554 = EDGE_CURVE('',#5547,#5555,#5557,.T.);
#5555 = VERTEX_POINT('',#5556);
#5556 = CARTESIAN_POINT('',(282.839893,18.884707,0.));
#5557 = LINE('',#5558,#5559);
#5558 = CARTESIAN_POINT('',(282.841341,18.899338,0.));
#5559 = VECTOR('',#5560,1.);
#5560 = DIRECTION('',(-9.84867980096E-02,-0.995138357525,0.));
#5561 = ORIENTED_EDGE('',*,*,#5562,.T.);
#5562 = EDGE_CURVE('',#5555,#5563,#5565,.T.);
#5563 = VERTEX_POINT('',#5564);
#5564 = CARTESIAN_POINT('',(282.828692,18.857656,0.));
#5565 = LINE('',#5566,#5567);
#5566 = CARTESIAN_POINT('',(282.839893,18.884707,0.));
#5567 = VECTOR('',#5568,1.);
#5568 = DIRECTION('',(-0.382569992546,-0.923926512664,0.));
#5569 = ORIENTED_EDGE('',*,*,#5570,.T.);
#5570 = EDGE_CURVE('',#5563,#5571,#5573,.T.);
#5571 = VERTEX_POINT('',#5572);
#5572 = CARTESIAN_POINT('',(282.808016,18.836981,0.));
#5573 = LINE('',#5574,#5575);
#5574 = CARTESIAN_POINT('',(282.828692,18.857656,0.));
#5575 = VECTOR('',#5576,1.);
#5576 = DIRECTION('',(-0.707123881093,-0.707089680867,0.));
#5577 = ORIENTED_EDGE('',*,*,#5578,.T.);
#5578 = EDGE_CURVE('',#5571,#5579,#5581,.T.);
#5579 = VERTEX_POINT('',#5580);
#5580 = CARTESIAN_POINT('',(282.780965,18.825779,0.));
#5581 = LINE('',#5582,#5583);
#5582 = CARTESIAN_POINT('',(282.808016,18.836981,0.));
#5583 = VECTOR('',#5584,1.);
#5584 = DIRECTION('',(-0.923914439717,-0.382599148042,0.));
#5585 = ORIENTED_EDGE('',*,*,#5586,.T.);
#5586 = EDGE_CURVE('',#5579,#5587,#5589,.T.);
#5587 = VERTEX_POINT('',#5588);
#5588 = CARTESIAN_POINT('',(282.766335,18.824331,0.));
#5589 = LINE('',#5590,#5591);
#5590 = CARTESIAN_POINT('',(282.780965,18.825779,0.));
#5591 = VECTOR('',#5592,1.);
#5592 = DIRECTION('',(-0.995137697729,-9.849346454656E-02,0.));
#5593 = ORIENTED_EDGE('',*,*,#5594,.T.);
#5594 = EDGE_CURVE('',#5587,#5595,#5597,.T.);
#5595 = VERTEX_POINT('',#5596);
#5596 = CARTESIAN_POINT('',(268.666337,18.824331,0.));
#5597 = LINE('',#5598,#5599);
#5598 = CARTESIAN_POINT('',(282.766335,18.824331,0.));
#5599 = VECTOR('',#5600,1.);
#5600 = DIRECTION('',(-1.,0.,0.));
#5601 = ORIENTED_EDGE('',*,*,#5602,.T.);
#5602 = EDGE_CURVE('',#5595,#5603,#5605,.T.);
#5603 = VERTEX_POINT('',#5604);
#5604 = CARTESIAN_POINT('',(268.651707,18.825779,0.));
#5605 = LINE('',#5606,#5607);
#5606 = CARTESIAN_POINT('',(268.666337,18.824331,0.));
#5607 = VECTOR('',#5608,1.);
#5608 = DIRECTION('',(-0.995137697729,9.849346454618E-02,0.));
#5609 = ORIENTED_EDGE('',*,*,#5610,.T.);
#5610 = EDGE_CURVE('',#5603,#5611,#5613,.T.);
#5611 = VERTEX_POINT('',#5612);
#5612 = CARTESIAN_POINT('',(268.624656,18.836981,0.));
#5613 = LINE('',#5614,#5615);
#5614 = CARTESIAN_POINT('',(268.651707,18.825779,0.));
#5615 = VECTOR('',#5616,1.);
#5616 = DIRECTION('',(-0.923914439716,0.382599148043,0.));
#5617 = ORIENTED_EDGE('',*,*,#5618,.T.);
#5618 = EDGE_CURVE('',#5611,#5619,#5621,.T.);
#5619 = VERTEX_POINT('',#5620);
#5620 = CARTESIAN_POINT('',(268.60398,18.857656,0.));
#5621 = LINE('',#5622,#5623);
#5622 = CARTESIAN_POINT('',(268.624656,18.836981,0.));
#5623 = VECTOR('',#5624,1.);
#5624 = DIRECTION('',(-0.707123881094,0.707089680866,0.));
#5625 = ORIENTED_EDGE('',*,*,#5626,.T.);
#5626 = EDGE_CURVE('',#5619,#5627,#5629,.T.);
#5627 = VERTEX_POINT('',#5628);
#5628 = CARTESIAN_POINT('',(268.592779,18.884707,0.));
#5629 = LINE('',#5630,#5631);
#5630 = CARTESIAN_POINT('',(268.60398,18.857656,0.));
#5631 = VECTOR('',#5632,1.);
#5632 = DIRECTION('',(-0.382569992545,0.923926512664,0.));
#5633 = ORIENTED_EDGE('',*,*,#5634,.T.);
#5634 = EDGE_CURVE('',#5627,#5635,#5637,.T.);
#5635 = VERTEX_POINT('',#5636);
#5636 = CARTESIAN_POINT('',(268.591331,18.899338,0.));
#5637 = LINE('',#5638,#5639);
#5638 = CARTESIAN_POINT('',(268.592779,18.884707,0.));
#5639 = VECTOR('',#5640,1.);
#5640 = DIRECTION('',(-9.84867980096E-02,0.995138357525,0.));
#5641 = ORIENTED_EDGE('',*,*,#5642,.T.);
#5642 = EDGE_CURVE('',#5635,#5643,#5645,.T.);
#5643 = VERTEX_POINT('',#5644);
#5644 = CARTESIAN_POINT('',(268.591331,32.999335,0.));
#5645 = LINE('',#5646,#5647);
#5646 = CARTESIAN_POINT('',(268.591331,18.899338,0.));
#5647 = VECTOR('',#5648,1.);
#5648 = DIRECTION('',(0.,1.,0.));
#5649 = ORIENTED_EDGE('',*,*,#5650,.T.);
#5650 = EDGE_CURVE('',#5643,#5651,#5653,.T.);
#5651 = VERTEX_POINT('',#5652);
#5652 = CARTESIAN_POINT('',(268.592779,33.013965,0.));
#5653 = LINE('',#5654,#5655);
#5654 = CARTESIAN_POINT('',(268.591331,32.999335,0.));
#5655 = VECTOR('',#5656,1.);
#5656 = DIRECTION('',(9.849346454508E-02,0.995137697729,0.));
#5657 = ORIENTED_EDGE('',*,*,#5658,.T.);
#5658 = EDGE_CURVE('',#5651,#5659,#5661,.T.);
#5659 = VERTEX_POINT('',#5660);
#5660 = CARTESIAN_POINT('',(268.60398,33.041016,0.));
#5661 = LINE('',#5662,#5663);
#5662 = CARTESIAN_POINT('',(268.592779,33.013965,0.));
#5663 = VECTOR('',#5664,1.);
#5664 = DIRECTION('',(0.382569992545,0.923926512664,0.));
#5665 = ORIENTED_EDGE('',*,*,#5666,.T.);
#5666 = EDGE_CURVE('',#5659,#5667,#5669,.T.);
#5667 = VERTEX_POINT('',#5668);
#5668 = CARTESIAN_POINT('',(268.624656,33.061692,0.));
#5669 = LINE('',#5670,#5671);
#5670 = CARTESIAN_POINT('',(268.60398,33.041016,0.));
#5671 = VECTOR('',#5672,1.);
#5672 = DIRECTION('',(0.707106781187,0.707106781186,0.));
#5673 = ORIENTED_EDGE('',*,*,#5674,.T.);
#5674 = EDGE_CURVE('',#5667,#5675,#5677,.T.);
#5675 = VERTEX_POINT('',#5676);
#5676 = CARTESIAN_POINT('',(268.651707,33.072893,0.));
#5677 = LINE('',#5678,#5679);
#5678 = CARTESIAN_POINT('',(268.624656,33.061692,0.));
#5679 = VECTOR('',#5680,1.);
#5680 = DIRECTION('',(0.923926512664,0.382569992546,0.));
#5681 = ORIENTED_EDGE('',*,*,#5682,.T.);
#5682 = EDGE_CURVE('',#5675,#5683,#5685,.T.);
#5683 = VERTEX_POINT('',#5684);
#5684 = CARTESIAN_POINT('',(268.666337,33.074341,0.));
#5685 = LINE('',#5686,#5687);
#5686 = CARTESIAN_POINT('',(268.651707,33.072893,0.));
#5687 = VECTOR('',#5688,1.);
#5688 = DIRECTION('',(0.995137697729,9.849346454594E-02,0.));
#5689 = ORIENTED_EDGE('',*,*,#5690,.T.);
#5690 = EDGE_CURVE('',#5683,#5691,#5693,.T.);
#5691 = VERTEX_POINT('',#5692);
#5692 = CARTESIAN_POINT('',(282.766335,33.074341,0.));
#5693 = LINE('',#5694,#5695);
#5694 = CARTESIAN_POINT('',(268.666337,33.074341,0.));
#5695 = VECTOR('',#5696,1.);
#5696 = DIRECTION('',(1.,0.,0.));
#5697 = ORIENTED_EDGE('',*,*,#5698,.T.);
#5698 = EDGE_CURVE('',#5691,#5513,#5699,.T.);
#5699 = LINE('',#5700,#5701);
#5700 = CARTESIAN_POINT('',(282.766335,33.074341,0.));
#5701 = VECTOR('',#5702,1.);
#5702 = DIRECTION('',(0.995137697729,-9.849346454632E-02,0.));
#5703 = FACE_BOUND('',#5704,.F.);
#5704 = EDGE_LOOP('',(#5705,#5715,#5723,#5731,#5739,#5747,#5755,#5763,
    #5771,#5779,#5787,#5795,#5803,#5811,#5819,#5827,#5835,#5843,#5851,
    #5859,#5867,#5875,#5883,#5891));
#5705 = ORIENTED_EDGE('',*,*,#5706,.T.);
#5706 = EDGE_CURVE('',#5707,#5709,#5711,.T.);
#5707 = VERTEX_POINT('',#5708);
#5708 = CARTESIAN_POINT('',(263.730965,33.072893,0.));
#5709 = VERTEX_POINT('',#5710);
#5710 = CARTESIAN_POINT('',(263.758016,33.061692,0.));
#5711 = LINE('',#5712,#5713);
#5712 = CARTESIAN_POINT('',(263.730965,33.072893,0.));
#5713 = VECTOR('',#5714,1.);
#5714 = DIRECTION('',(0.923926512664,-0.382569992546,0.));
#5715 = ORIENTED_EDGE('',*,*,#5716,.T.);
#5716 = EDGE_CURVE('',#5709,#5717,#5719,.T.);
#5717 = VERTEX_POINT('',#5718);
#5718 = CARTESIAN_POINT('',(263.778692,33.041016,0.));
#5719 = LINE('',#5720,#5721);
#5720 = CARTESIAN_POINT('',(263.758016,33.061692,0.));
#5721 = VECTOR('',#5722,1.);
#5722 = DIRECTION('',(0.707106781186,-0.707106781187,0.));
#5723 = ORIENTED_EDGE('',*,*,#5724,.T.);
#5724 = EDGE_CURVE('',#5717,#5725,#5727,.T.);
#5725 = VERTEX_POINT('',#5726);
#5726 = CARTESIAN_POINT('',(263.789893,33.013965,0.));
#5727 = LINE('',#5728,#5729);
#5728 = CARTESIAN_POINT('',(263.778692,33.041016,0.));
#5729 = VECTOR('',#5730,1.);
#5730 = DIRECTION('',(0.382569992546,-0.923926512664,0.));
#5731 = ORIENTED_EDGE('',*,*,#5732,.T.);
#5732 = EDGE_CURVE('',#5725,#5733,#5735,.T.);
#5733 = VERTEX_POINT('',#5734);
#5734 = CARTESIAN_POINT('',(263.791341,32.999335,0.));
#5735 = LINE('',#5736,#5737);
#5736 = CARTESIAN_POINT('',(263.789893,33.013965,0.));
#5737 = VECTOR('',#5738,1.);
#5738 = DIRECTION('',(9.849346454508E-02,-0.995137697729,0.));
#5739 = ORIENTED_EDGE('',*,*,#5740,.T.);
#5740 = EDGE_CURVE('',#5733,#5741,#5743,.T.);
#5741 = VERTEX_POINT('',#5742);
#5742 = CARTESIAN_POINT('',(263.791341,18.899338,0.));
#5743 = LINE('',#5744,#5745);
#5744 = CARTESIAN_POINT('',(263.791341,32.999335,0.));
#5745 = VECTOR('',#5746,1.);
#5746 = DIRECTION('',(0.,-1.,0.));
#5747 = ORIENTED_EDGE('',*,*,#5748,.T.);
#5748 = EDGE_CURVE('',#5741,#5749,#5751,.T.);
#5749 = VERTEX_POINT('',#5750);
#5750 = CARTESIAN_POINT('',(263.789893,18.884707,0.));
#5751 = LINE('',#5752,#5753);
#5752 = CARTESIAN_POINT('',(263.791341,18.899338,0.));
#5753 = VECTOR('',#5754,1.);
#5754 = DIRECTION('',(-9.84867980096E-02,-0.995138357525,0.));
#5755 = ORIENTED_EDGE('',*,*,#5756,.T.);
#5756 = EDGE_CURVE('',#5749,#5757,#5759,.T.);
#5757 = VERTEX_POINT('',#5758);
#5758 = CARTESIAN_POINT('',(263.778692,18.857656,0.));
#5759 = LINE('',#5760,#5761);
#5760 = CARTESIAN_POINT('',(263.789893,18.884707,0.));
#5761 = VECTOR('',#5762,1.);
#5762 = DIRECTION('',(-0.382569992546,-0.923926512664,0.));
#5763 = ORIENTED_EDGE('',*,*,#5764,.T.);
#5764 = EDGE_CURVE('',#5757,#5765,#5767,.T.);
#5765 = VERTEX_POINT('',#5766);
#5766 = CARTESIAN_POINT('',(263.758016,18.836981,0.));
#5767 = LINE('',#5768,#5769);
#5768 = CARTESIAN_POINT('',(263.778692,18.857656,0.));
#5769 = VECTOR('',#5770,1.);
#5770 = DIRECTION('',(-0.707123881093,-0.707089680867,0.));
#5771 = ORIENTED_EDGE('',*,*,#5772,.T.);
#5772 = EDGE_CURVE('',#5765,#5773,#5775,.T.);
#5773 = VERTEX_POINT('',#5774);
#5774 = CARTESIAN_POINT('',(263.730965,18.825779,0.));
#5775 = LINE('',#5776,#5777);
#5776 = CARTESIAN_POINT('',(263.758016,18.836981,0.));
#5777 = VECTOR('',#5778,1.);
#5778 = DIRECTION('',(-0.923914439716,-0.382599148043,0.));
#5779 = ORIENTED_EDGE('',*,*,#5780,.T.);
#5780 = EDGE_CURVE('',#5773,#5781,#5783,.T.);
#5781 = VERTEX_POINT('',#5782);
#5782 = CARTESIAN_POINT('',(263.716335,18.824331,0.));
#5783 = LINE('',#5784,#5785);
#5784 = CARTESIAN_POINT('',(263.730965,18.825779,0.));
#5785 = VECTOR('',#5786,1.);
#5786 = DIRECTION('',(-0.995137697729,-9.849346454618E-02,0.));
#5787 = ORIENTED_EDGE('',*,*,#5788,.T.);
#5788 = EDGE_CURVE('',#5781,#5789,#5791,.T.);
#5789 = VERTEX_POINT('',#5790);
#5790 = CARTESIAN_POINT('',(249.616337,18.824331,0.));
#5791 = LINE('',#5792,#5793);
#5792 = CARTESIAN_POINT('',(263.716335,18.824331,0.));
#5793 = VECTOR('',#5794,1.);
#5794 = DIRECTION('',(-1.,0.,0.));
#5795 = ORIENTED_EDGE('',*,*,#5796,.T.);
#5796 = EDGE_CURVE('',#5789,#5797,#5799,.T.);
#5797 = VERTEX_POINT('',#5798);
#5798 = CARTESIAN_POINT('',(249.601707,18.825779,0.));
#5799 = LINE('',#5800,#5801);
#5800 = CARTESIAN_POINT('',(249.616337,18.824331,0.));
#5801 = VECTOR('',#5802,1.);
#5802 = DIRECTION('',(-0.995137697729,9.849346454637E-02,0.));
#5803 = ORIENTED_EDGE('',*,*,#5804,.T.);
#5804 = EDGE_CURVE('',#5797,#5805,#5807,.T.);
#5805 = VERTEX_POINT('',#5806);
#5806 = CARTESIAN_POINT('',(249.574656,18.836981,0.));
#5807 = LINE('',#5808,#5809);
#5808 = CARTESIAN_POINT('',(249.601707,18.825779,0.));
#5809 = VECTOR('',#5810,1.);
#5810 = DIRECTION('',(-0.923914439717,0.382599148043,0.));
#5811 = ORIENTED_EDGE('',*,*,#5812,.T.);
#5812 = EDGE_CURVE('',#5805,#5813,#5815,.T.);
#5813 = VERTEX_POINT('',#5814);
#5814 = CARTESIAN_POINT('',(249.55398,18.857656,0.));
#5815 = LINE('',#5816,#5817);
#5816 = CARTESIAN_POINT('',(249.574656,18.836981,0.));
#5817 = VECTOR('',#5818,1.);
#5818 = DIRECTION('',(-0.707123881093,0.707089680866,0.));
#5819 = ORIENTED_EDGE('',*,*,#5820,.T.);
#5820 = EDGE_CURVE('',#5813,#5821,#5823,.T.);
#5821 = VERTEX_POINT('',#5822);
#5822 = CARTESIAN_POINT('',(249.542779,18.884707,0.));
#5823 = LINE('',#5824,#5825);
#5824 = CARTESIAN_POINT('',(249.55398,18.857656,0.));
#5825 = VECTOR('',#5826,1.);
#5826 = DIRECTION('',(-0.382569992546,0.923926512664,0.));
#5827 = ORIENTED_EDGE('',*,*,#5828,.T.);
#5828 = EDGE_CURVE('',#5821,#5829,#5831,.T.);
#5829 = VERTEX_POINT('',#5830);
#5830 = CARTESIAN_POINT('',(249.541331,18.899338,0.));
#5831 = LINE('',#5832,#5833);
#5832 = CARTESIAN_POINT('',(249.542779,18.884707,0.));
#5833 = VECTOR('',#5834,1.);
#5834 = DIRECTION('',(-9.84867980096E-02,0.995138357525,0.));
#5835 = ORIENTED_EDGE('',*,*,#5836,.T.);
#5836 = EDGE_CURVE('',#5829,#5837,#5839,.T.);
#5837 = VERTEX_POINT('',#5838);
#5838 = CARTESIAN_POINT('',(249.541331,32.999335,0.));
#5839 = LINE('',#5840,#5841);
#5840 = CARTESIAN_POINT('',(249.541331,18.899338,0.));
#5841 = VECTOR('',#5842,1.);
#5842 = DIRECTION('',(0.,1.,0.));
#5843 = ORIENTED_EDGE('',*,*,#5844,.T.);
#5844 = EDGE_CURVE('',#5837,#5845,#5847,.T.);
#5845 = VERTEX_POINT('',#5846);
#5846 = CARTESIAN_POINT('',(249.542779,33.013965,0.));
#5847 = LINE('',#5848,#5849);
#5848 = CARTESIAN_POINT('',(249.541331,32.999335,0.));
#5849 = VECTOR('',#5850,1.);
#5850 = DIRECTION('',(9.849346454508E-02,0.995137697729,0.));
#5851 = ORIENTED_EDGE('',*,*,#5852,.T.);
#5852 = EDGE_CURVE('',#5845,#5853,#5855,.T.);
#5853 = VERTEX_POINT('',#5854);
#5854 = CARTESIAN_POINT('',(249.55398,33.041016,0.));
#5855 = LINE('',#5856,#5857);
#5856 = CARTESIAN_POINT('',(249.542779,33.013965,0.));
#5857 = VECTOR('',#5858,1.);
#5858 = DIRECTION('',(0.382569992546,0.923926512664,0.));
#5859 = ORIENTED_EDGE('',*,*,#5860,.T.);
#5860 = EDGE_CURVE('',#5853,#5861,#5863,.T.);
#5861 = VERTEX_POINT('',#5862);
#5862 = CARTESIAN_POINT('',(249.574656,33.061692,0.));
#5863 = LINE('',#5864,#5865);
#5864 = CARTESIAN_POINT('',(249.55398,33.041016,0.));
#5865 = VECTOR('',#5866,1.);
#5866 = DIRECTION('',(0.707106781187,0.707106781186,0.));
#5867 = ORIENTED_EDGE('',*,*,#5868,.T.);
#5868 = EDGE_CURVE('',#5861,#5869,#5871,.T.);
#5869 = VERTEX_POINT('',#5870);
#5870 = CARTESIAN_POINT('',(249.601707,33.072893,0.));
#5871 = LINE('',#5872,#5873);
#5872 = CARTESIAN_POINT('',(249.574656,33.061692,0.));
#5873 = VECTOR('',#5874,1.);
#5874 = DIRECTION('',(0.923926512664,0.382569992546,0.));
#5875 = ORIENTED_EDGE('',*,*,#5876,.T.);
#5876 = EDGE_CURVE('',#5869,#5877,#5879,.T.);
#5877 = VERTEX_POINT('',#5878);
#5878 = CARTESIAN_POINT('',(249.616337,33.074341,0.));
#5879 = LINE('',#5880,#5881);
#5880 = CARTESIAN_POINT('',(249.601707,33.072893,0.));
#5881 = VECTOR('',#5882,1.);
#5882 = DIRECTION('',(0.995137697729,9.849346454613E-02,0.));
#5883 = ORIENTED_EDGE('',*,*,#5884,.T.);
#5884 = EDGE_CURVE('',#5877,#5885,#5887,.T.);
#5885 = VERTEX_POINT('',#5886);
#5886 = CARTESIAN_POINT('',(263.716335,33.074341,0.));
#5887 = LINE('',#5888,#5889);
#5888 = CARTESIAN_POINT('',(249.616337,33.074341,0.));
#5889 = VECTOR('',#5890,1.);
#5890 = DIRECTION('',(1.,0.,0.));
#5891 = ORIENTED_EDGE('',*,*,#5892,.T.);
#5892 = EDGE_CURVE('',#5885,#5707,#5893,.T.);
#5893 = LINE('',#5894,#5895);
#5894 = CARTESIAN_POINT('',(263.716335,33.074341,0.));
#5895 = VECTOR('',#5896,1.);
#5896 = DIRECTION('',(0.995137697729,-9.849346454594E-02,0.));
#5897 = FACE_BOUND('',#5898,.F.);
#5898 = EDGE_LOOP('',(#5899,#5909,#5917,#5925,#5933,#5941,#5949,#5957,
    #5965,#5973,#5981,#5989,#5997,#6005,#6013,#6021,#6029,#6037,#6045,
    #6053,#6061,#6069,#6077,#6085));
#5899 = ORIENTED_EDGE('',*,*,#5900,.T.);
#5900 = EDGE_CURVE('',#5901,#5903,#5905,.T.);
#5901 = VERTEX_POINT('',#5902);
#5902 = CARTESIAN_POINT('',(282.780965,90.222893,0.));
#5903 = VERTEX_POINT('',#5904);
#5904 = CARTESIAN_POINT('',(282.808016,90.211692,0.));
#5905 = LINE('',#5906,#5907);
#5906 = CARTESIAN_POINT('',(282.780965,90.222893,0.));
#5907 = VECTOR('',#5908,1.);
#5908 = DIRECTION('',(0.923926512664,-0.382569992545,0.));
#5909 = ORIENTED_EDGE('',*,*,#5910,.T.);
#5910 = EDGE_CURVE('',#5903,#5911,#5913,.T.);
#5911 = VERTEX_POINT('',#5912);
#5912 = CARTESIAN_POINT('',(282.828692,90.191016,0.));
#5913 = LINE('',#5914,#5915);
#5914 = CARTESIAN_POINT('',(282.808016,90.211692,0.));
#5915 = VECTOR('',#5916,1.);
#5916 = DIRECTION('',(0.707106781186,-0.707106781187,0.));
#5917 = ORIENTED_EDGE('',*,*,#5918,.T.);
#5918 = EDGE_CURVE('',#5911,#5919,#5921,.T.);
#5919 = VERTEX_POINT('',#5920);
#5920 = CARTESIAN_POINT('',(282.839893,90.163965,0.));
#5921 = LINE('',#5922,#5923);
#5922 = CARTESIAN_POINT('',(282.828692,90.191016,0.));
#5923 = VECTOR('',#5924,1.);
#5924 = DIRECTION('',(0.382569992546,-0.923926512664,0.));
#5925 = ORIENTED_EDGE('',*,*,#5926,.T.);
#5926 = EDGE_CURVE('',#5919,#5927,#5929,.T.);
#5927 = VERTEX_POINT('',#5928);
#5928 = CARTESIAN_POINT('',(282.841341,90.149335,0.));
#5929 = LINE('',#5930,#5931);
#5930 = CARTESIAN_POINT('',(282.839893,90.163965,0.));
#5931 = VECTOR('',#5932,1.);
#5932 = DIRECTION('',(9.849346454498E-02,-0.995137697729,0.));
#5933 = ORIENTED_EDGE('',*,*,#5934,.T.);
#5934 = EDGE_CURVE('',#5927,#5935,#5937,.T.);
#5935 = VERTEX_POINT('',#5936);
#5936 = CARTESIAN_POINT('',(282.841341,76.049338,0.));
#5937 = LINE('',#5938,#5939);
#5938 = CARTESIAN_POINT('',(282.841341,90.149335,0.));
#5939 = VECTOR('',#5940,1.);
#5940 = DIRECTION('',(0.,-1.,0.));
#5941 = ORIENTED_EDGE('',*,*,#5942,.T.);
#5942 = EDGE_CURVE('',#5935,#5943,#5945,.T.);
#5943 = VERTEX_POINT('',#5944);
#5944 = CARTESIAN_POINT('',(282.839893,76.034707,0.));
#5945 = LINE('',#5946,#5947);
#5946 = CARTESIAN_POINT('',(282.841341,76.049338,0.));
#5947 = VECTOR('',#5948,1.);
#5948 = DIRECTION('',(-9.848679800955E-02,-0.995138357525,0.));
#5949 = ORIENTED_EDGE('',*,*,#5950,.T.);
#5950 = EDGE_CURVE('',#5943,#5951,#5953,.T.);
#5951 = VERTEX_POINT('',#5952);
#5952 = CARTESIAN_POINT('',(282.828692,76.007656,0.));
#5953 = LINE('',#5954,#5955);
#5954 = CARTESIAN_POINT('',(282.839893,76.034707,0.));
#5955 = VECTOR('',#5956,1.);
#5956 = DIRECTION('',(-0.382569992546,-0.923926512664,0.));
#5957 = ORIENTED_EDGE('',*,*,#5958,.T.);
#5958 = EDGE_CURVE('',#5951,#5959,#5961,.T.);
#5959 = VERTEX_POINT('',#5960);
#5960 = CARTESIAN_POINT('',(282.808016,75.986981,0.));
#5961 = LINE('',#5962,#5963);
#5962 = CARTESIAN_POINT('',(282.828692,76.007656,0.));
#5963 = VECTOR('',#5964,1.);
#5964 = DIRECTION('',(-0.707123881093,-0.707089680867,0.));
#5965 = ORIENTED_EDGE('',*,*,#5966,.T.);
#5966 = EDGE_CURVE('',#5959,#5967,#5969,.T.);
#5967 = VERTEX_POINT('',#5968);
#5968 = CARTESIAN_POINT('',(282.780965,75.975779,0.));
#5969 = LINE('',#5970,#5971);
#5970 = CARTESIAN_POINT('',(282.808016,75.986981,0.));
#5971 = VECTOR('',#5972,1.);
#5972 = DIRECTION('',(-0.923914439717,-0.382599148042,0.));
#5973 = ORIENTED_EDGE('',*,*,#5974,.T.);
#5974 = EDGE_CURVE('',#5967,#5975,#5977,.T.);
#5975 = VERTEX_POINT('',#5976);
#5976 = CARTESIAN_POINT('',(282.766335,75.974331,0.));
#5977 = LINE('',#5978,#5979);
#5978 = CARTESIAN_POINT('',(282.780965,75.975779,0.));
#5979 = VECTOR('',#5980,1.);
#5980 = DIRECTION('',(-0.995137697729,-9.849346454632E-02,0.));
#5981 = ORIENTED_EDGE('',*,*,#5982,.T.);
#5982 = EDGE_CURVE('',#5975,#5983,#5985,.T.);
#5983 = VERTEX_POINT('',#5984);
#5984 = CARTESIAN_POINT('',(268.666337,75.974331,0.));
#5985 = LINE('',#5986,#5987);
#5986 = CARTESIAN_POINT('',(282.766335,75.974331,0.));
#5987 = VECTOR('',#5988,1.);
#5988 = DIRECTION('',(-1.,0.,0.));
#5989 = ORIENTED_EDGE('',*,*,#5990,.T.);
#5990 = EDGE_CURVE('',#5983,#5991,#5993,.T.);
#5991 = VERTEX_POINT('',#5992);
#5992 = CARTESIAN_POINT('',(268.651707,75.975779,0.));
#5993 = LINE('',#5994,#5995);
#5994 = CARTESIAN_POINT('',(268.666337,75.974331,0.));
#5995 = VECTOR('',#5996,1.);
#5996 = DIRECTION('',(-0.995137697729,9.849346454594E-02,0.));
#5997 = ORIENTED_EDGE('',*,*,#5998,.T.);
#5998 = EDGE_CURVE('',#5991,#5999,#6001,.T.);
#5999 = VERTEX_POINT('',#6000);
#6000 = CARTESIAN_POINT('',(268.624656,75.986981,0.));
#6001 = LINE('',#6002,#6003);
#6002 = CARTESIAN_POINT('',(268.651707,75.975779,0.));
#6003 = VECTOR('',#6004,1.);
#6004 = DIRECTION('',(-0.923914439717,0.382599148043,0.));
#6005 = ORIENTED_EDGE('',*,*,#6006,.T.);
#6006 = EDGE_CURVE('',#5999,#6007,#6009,.T.);
#6007 = VERTEX_POINT('',#6008);
#6008 = CARTESIAN_POINT('',(268.60398,76.007656,0.));
#6009 = LINE('',#6010,#6011);
#6010 = CARTESIAN_POINT('',(268.624656,75.986981,0.));
#6011 = VECTOR('',#6012,1.);
#6012 = DIRECTION('',(-0.707123881094,0.707089680866,0.));
#6013 = ORIENTED_EDGE('',*,*,#6014,.T.);
#6014 = EDGE_CURVE('',#6007,#6015,#6017,.T.);
#6015 = VERTEX_POINT('',#6016);
#6016 = CARTESIAN_POINT('',(268.592779,76.034707,0.));
#6017 = LINE('',#6018,#6019);
#6018 = CARTESIAN_POINT('',(268.60398,76.007656,0.));
#6019 = VECTOR('',#6020,1.);
#6020 = DIRECTION('',(-0.382569992545,0.923926512664,0.));
#6021 = ORIENTED_EDGE('',*,*,#6022,.T.);
#6022 = EDGE_CURVE('',#6015,#6023,#6025,.T.);
#6023 = VERTEX_POINT('',#6024);
#6024 = CARTESIAN_POINT('',(268.591331,76.049338,0.));
#6025 = LINE('',#6026,#6027);
#6026 = CARTESIAN_POINT('',(268.592779,76.034707,0.));
#6027 = VECTOR('',#6028,1.);
#6028 = DIRECTION('',(-9.848679800955E-02,0.995138357525,0.));
#6029 = ORIENTED_EDGE('',*,*,#6030,.T.);
#6030 = EDGE_CURVE('',#6023,#6031,#6033,.T.);
#6031 = VERTEX_POINT('',#6032);
#6032 = CARTESIAN_POINT('',(268.591331,90.149335,0.));
#6033 = LINE('',#6034,#6035);
#6034 = CARTESIAN_POINT('',(268.591331,76.049338,0.));
#6035 = VECTOR('',#6036,1.);
#6036 = DIRECTION('',(0.,1.,0.));
#6037 = ORIENTED_EDGE('',*,*,#6038,.T.);
#6038 = EDGE_CURVE('',#6031,#6039,#6041,.T.);
#6039 = VERTEX_POINT('',#6040);
#6040 = CARTESIAN_POINT('',(268.592779,90.163965,0.));
#6041 = LINE('',#6042,#6043);
#6042 = CARTESIAN_POINT('',(268.591331,90.149335,0.));
#6043 = VECTOR('',#6044,1.);
#6044 = DIRECTION('',(9.849346454498E-02,0.995137697729,0.));
#6045 = ORIENTED_EDGE('',*,*,#6046,.T.);
#6046 = EDGE_CURVE('',#6039,#6047,#6049,.T.);
#6047 = VERTEX_POINT('',#6048);
#6048 = CARTESIAN_POINT('',(268.60398,90.191016,0.));
#6049 = LINE('',#6050,#6051);
#6050 = CARTESIAN_POINT('',(268.592779,90.163965,0.));
#6051 = VECTOR('',#6052,1.);
#6052 = DIRECTION('',(0.382569992545,0.923926512664,0.));
#6053 = ORIENTED_EDGE('',*,*,#6054,.T.);
#6054 = EDGE_CURVE('',#6047,#6055,#6057,.T.);
#6055 = VERTEX_POINT('',#6056);
#6056 = CARTESIAN_POINT('',(268.624656,90.211692,0.));
#6057 = LINE('',#6058,#6059);
#6058 = CARTESIAN_POINT('',(268.60398,90.191016,0.));
#6059 = VECTOR('',#6060,1.);
#6060 = DIRECTION('',(0.707106781187,0.707106781186,0.));
#6061 = ORIENTED_EDGE('',*,*,#6062,.T.);
#6062 = EDGE_CURVE('',#6055,#6063,#6065,.T.);
#6063 = VERTEX_POINT('',#6064);
#6064 = CARTESIAN_POINT('',(268.651707,90.222893,0.));
#6065 = LINE('',#6066,#6067);
#6066 = CARTESIAN_POINT('',(268.624656,90.211692,0.));
#6067 = VECTOR('',#6068,1.);
#6068 = DIRECTION('',(0.923926512664,0.382569992546,0.));
#6069 = ORIENTED_EDGE('',*,*,#6070,.T.);
#6070 = EDGE_CURVE('',#6063,#6071,#6073,.T.);
#6071 = VERTEX_POINT('',#6072);
#6072 = CARTESIAN_POINT('',(268.666337,90.224341,0.));
#6073 = LINE('',#6074,#6075);
#6074 = CARTESIAN_POINT('',(268.651707,90.222893,0.));
#6075 = VECTOR('',#6076,1.);
#6076 = DIRECTION('',(0.995137697729,9.849346454594E-02,0.));
#6077 = ORIENTED_EDGE('',*,*,#6078,.T.);
#6078 = EDGE_CURVE('',#6071,#6079,#6081,.T.);
#6079 = VERTEX_POINT('',#6080);
#6080 = CARTESIAN_POINT('',(282.766335,90.224341,0.));
#6081 = LINE('',#6082,#6083);
#6082 = CARTESIAN_POINT('',(268.666337,90.224341,0.));
#6083 = VECTOR('',#6084,1.);
#6084 = DIRECTION('',(1.,0.,0.));
#6085 = ORIENTED_EDGE('',*,*,#6086,.T.);
#6086 = EDGE_CURVE('',#6079,#5901,#6087,.T.);
#6087 = LINE('',#6088,#6089);
#6088 = CARTESIAN_POINT('',(282.766335,90.224341,0.));
#6089 = VECTOR('',#6090,1.);
#6090 = DIRECTION('',(0.995137697729,-9.849346454632E-02,0.));
#6091 = FACE_BOUND('',#6092,.F.);
#6092 = EDGE_LOOP('',(#6093,#6103,#6111,#6119,#6127,#6135,#6143,#6151,
    #6159,#6167,#6175,#6183,#6191,#6199,#6207,#6215,#6223,#6231,#6239,
    #6247,#6255,#6263,#6271,#6279));
#6093 = ORIENTED_EDGE('',*,*,#6094,.T.);
#6094 = EDGE_CURVE('',#6095,#6097,#6099,.T.);
#6095 = VERTEX_POINT('',#6096);
#6096 = CARTESIAN_POINT('',(263.730965,90.222893,0.));
#6097 = VERTEX_POINT('',#6098);
#6098 = CARTESIAN_POINT('',(263.758016,90.211692,0.));
#6099 = LINE('',#6100,#6101);
#6100 = CARTESIAN_POINT('',(263.730965,90.222893,0.));
#6101 = VECTOR('',#6102,1.);
#6102 = DIRECTION('',(0.923926512664,-0.382569992546,0.));
#6103 = ORIENTED_EDGE('',*,*,#6104,.T.);
#6104 = EDGE_CURVE('',#6097,#6105,#6107,.T.);
#6105 = VERTEX_POINT('',#6106);
#6106 = CARTESIAN_POINT('',(263.778692,90.191016,0.));
#6107 = LINE('',#6108,#6109);
#6108 = CARTESIAN_POINT('',(263.758016,90.211692,0.));
#6109 = VECTOR('',#6110,1.);
#6110 = DIRECTION('',(0.707106781186,-0.707106781187,0.));
#6111 = ORIENTED_EDGE('',*,*,#6112,.T.);
#6112 = EDGE_CURVE('',#6105,#6113,#6115,.T.);
#6113 = VERTEX_POINT('',#6114);
#6114 = CARTESIAN_POINT('',(263.789893,90.163965,0.));
#6115 = LINE('',#6116,#6117);
#6116 = CARTESIAN_POINT('',(263.778692,90.191016,0.));
#6117 = VECTOR('',#6118,1.);
#6118 = DIRECTION('',(0.382569992546,-0.923926512664,0.));
#6119 = ORIENTED_EDGE('',*,*,#6120,.T.);
#6120 = EDGE_CURVE('',#6113,#6121,#6123,.T.);
#6121 = VERTEX_POINT('',#6122);
#6122 = CARTESIAN_POINT('',(263.791341,90.149335,0.));
#6123 = LINE('',#6124,#6125);
#6124 = CARTESIAN_POINT('',(263.789893,90.163965,0.));
#6125 = VECTOR('',#6126,1.);
#6126 = DIRECTION('',(9.849346454498E-02,-0.995137697729,0.));
#6127 = ORIENTED_EDGE('',*,*,#6128,.T.);
#6128 = EDGE_CURVE('',#6121,#6129,#6131,.T.);
#6129 = VERTEX_POINT('',#6130);
#6130 = CARTESIAN_POINT('',(263.791341,76.049338,0.));
#6131 = LINE('',#6132,#6133);
#6132 = CARTESIAN_POINT('',(263.791341,90.149335,0.));
#6133 = VECTOR('',#6134,1.);
#6134 = DIRECTION('',(0.,-1.,0.));
#6135 = ORIENTED_EDGE('',*,*,#6136,.T.);
#6136 = EDGE_CURVE('',#6129,#6137,#6139,.T.);
#6137 = VERTEX_POINT('',#6138);
#6138 = CARTESIAN_POINT('',(263.789893,76.034707,0.));
#6139 = LINE('',#6140,#6141);
#6140 = CARTESIAN_POINT('',(263.791341,76.049338,0.));
#6141 = VECTOR('',#6142,1.);
#6142 = DIRECTION('',(-9.848679800955E-02,-0.995138357525,0.));
#6143 = ORIENTED_EDGE('',*,*,#6144,.T.);
#6144 = EDGE_CURVE('',#6137,#6145,#6147,.T.);
#6145 = VERTEX_POINT('',#6146);
#6146 = CARTESIAN_POINT('',(263.778692,76.007656,0.));
#6147 = LINE('',#6148,#6149);
#6148 = CARTESIAN_POINT('',(263.789893,76.034707,0.));
#6149 = VECTOR('',#6150,1.);
#6150 = DIRECTION('',(-0.382569992546,-0.923926512664,0.));
#6151 = ORIENTED_EDGE('',*,*,#6152,.T.);
#6152 = EDGE_CURVE('',#6145,#6153,#6155,.T.);
#6153 = VERTEX_POINT('',#6154);
#6154 = CARTESIAN_POINT('',(263.758016,75.986981,0.));
#6155 = LINE('',#6156,#6157);
#6156 = CARTESIAN_POINT('',(263.778692,76.007656,0.));
#6157 = VECTOR('',#6158,1.);
#6158 = DIRECTION('',(-0.707123881093,-0.707089680867,0.));
#6159 = ORIENTED_EDGE('',*,*,#6160,.T.);
#6160 = EDGE_CURVE('',#6153,#6161,#6163,.T.);
#6161 = VERTEX_POINT('',#6162);
#6162 = CARTESIAN_POINT('',(263.730965,75.975779,0.));
#6163 = LINE('',#6164,#6165);
#6164 = CARTESIAN_POINT('',(263.758016,75.986981,0.));
#6165 = VECTOR('',#6166,1.);
#6166 = DIRECTION('',(-0.923914439717,-0.382599148043,0.));
#6167 = ORIENTED_EDGE('',*,*,#6168,.T.);
#6168 = EDGE_CURVE('',#6161,#6169,#6171,.T.);
#6169 = VERTEX_POINT('',#6170);
#6170 = CARTESIAN_POINT('',(263.716335,75.974331,0.));
#6171 = LINE('',#6172,#6173);
#6172 = CARTESIAN_POINT('',(263.730965,75.975779,0.));
#6173 = VECTOR('',#6174,1.);
#6174 = DIRECTION('',(-0.995137697729,-9.849346454594E-02,0.));
#6175 = ORIENTED_EDGE('',*,*,#6176,.T.);
#6176 = EDGE_CURVE('',#6169,#6177,#6179,.T.);
#6177 = VERTEX_POINT('',#6178);
#6178 = CARTESIAN_POINT('',(249.616337,75.974331,0.));
#6179 = LINE('',#6180,#6181);
#6180 = CARTESIAN_POINT('',(263.716335,75.974331,0.));
#6181 = VECTOR('',#6182,1.);
#6182 = DIRECTION('',(-1.,0.,0.));
#6183 = ORIENTED_EDGE('',*,*,#6184,.T.);
#6184 = EDGE_CURVE('',#6177,#6185,#6187,.T.);
#6185 = VERTEX_POINT('',#6186);
#6186 = CARTESIAN_POINT('',(249.601707,75.975779,0.));
#6187 = LINE('',#6188,#6189);
#6188 = CARTESIAN_POINT('',(249.616337,75.974331,0.));
#6189 = VECTOR('',#6190,1.);
#6190 = DIRECTION('',(-0.995137697729,9.849346454613E-02,0.));
#6191 = ORIENTED_EDGE('',*,*,#6192,.T.);
#6192 = EDGE_CURVE('',#6185,#6193,#6195,.T.);
#6193 = VERTEX_POINT('',#6194);
#6194 = CARTESIAN_POINT('',(249.574656,75.986981,0.));
#6195 = LINE('',#6196,#6197);
#6196 = CARTESIAN_POINT('',(249.601707,75.975779,0.));
#6197 = VECTOR('',#6198,1.);
#6198 = DIRECTION('',(-0.923914439717,0.382599148043,0.));
#6199 = ORIENTED_EDGE('',*,*,#6200,.T.);
#6200 = EDGE_CURVE('',#6193,#6201,#6203,.T.);
#6201 = VERTEX_POINT('',#6202);
#6202 = CARTESIAN_POINT('',(249.55398,76.007656,0.));
#6203 = LINE('',#6204,#6205);
#6204 = CARTESIAN_POINT('',(249.574656,75.986981,0.));
#6205 = VECTOR('',#6206,1.);
#6206 = DIRECTION('',(-0.707123881093,0.707089680866,0.));
#6207 = ORIENTED_EDGE('',*,*,#6208,.T.);
#6208 = EDGE_CURVE('',#6201,#6209,#6211,.T.);
#6209 = VERTEX_POINT('',#6210);
#6210 = CARTESIAN_POINT('',(249.542779,76.034707,0.));
#6211 = LINE('',#6212,#6213);
#6212 = CARTESIAN_POINT('',(249.55398,76.007656,0.));
#6213 = VECTOR('',#6214,1.);
#6214 = DIRECTION('',(-0.382569992546,0.923926512664,0.));
#6215 = ORIENTED_EDGE('',*,*,#6216,.T.);
#6216 = EDGE_CURVE('',#6209,#6217,#6219,.T.);
#6217 = VERTEX_POINT('',#6218);
#6218 = CARTESIAN_POINT('',(249.541331,76.049338,0.));
#6219 = LINE('',#6220,#6221);
#6220 = CARTESIAN_POINT('',(249.542779,76.034707,0.));
#6221 = VECTOR('',#6222,1.);
#6222 = DIRECTION('',(-9.848679800955E-02,0.995138357525,0.));
#6223 = ORIENTED_EDGE('',*,*,#6224,.T.);
#6224 = EDGE_CURVE('',#6217,#6225,#6227,.T.);
#6225 = VERTEX_POINT('',#6226);
#6226 = CARTESIAN_POINT('',(249.541331,90.149335,0.));
#6227 = LINE('',#6228,#6229);
#6228 = CARTESIAN_POINT('',(249.541331,76.049338,0.));
#6229 = VECTOR('',#6230,1.);
#6230 = DIRECTION('',(0.,1.,0.));
#6231 = ORIENTED_EDGE('',*,*,#6232,.T.);
#6232 = EDGE_CURVE('',#6225,#6233,#6235,.T.);
#6233 = VERTEX_POINT('',#6234);
#6234 = CARTESIAN_POINT('',(249.542779,90.163965,0.));
#6235 = LINE('',#6236,#6237);
#6236 = CARTESIAN_POINT('',(249.541331,90.149335,0.));
#6237 = VECTOR('',#6238,1.);
#6238 = DIRECTION('',(9.849346454498E-02,0.995137697729,0.));
#6239 = ORIENTED_EDGE('',*,*,#6240,.T.);
#6240 = EDGE_CURVE('',#6233,#6241,#6243,.T.);
#6241 = VERTEX_POINT('',#6242);
#6242 = CARTESIAN_POINT('',(249.55398,90.191016,0.));
#6243 = LINE('',#6244,#6245);
#6244 = CARTESIAN_POINT('',(249.542779,90.163965,0.));
#6245 = VECTOR('',#6246,1.);
#6246 = DIRECTION('',(0.382569992546,0.923926512664,0.));
#6247 = ORIENTED_EDGE('',*,*,#6248,.T.);
#6248 = EDGE_CURVE('',#6241,#6249,#6251,.T.);
#6249 = VERTEX_POINT('',#6250);
#6250 = CARTESIAN_POINT('',(249.574656,90.211692,0.));
#6251 = LINE('',#6252,#6253);
#6252 = CARTESIAN_POINT('',(249.55398,90.191016,0.));
#6253 = VECTOR('',#6254,1.);
#6254 = DIRECTION('',(0.707106781187,0.707106781186,0.));
#6255 = ORIENTED_EDGE('',*,*,#6256,.T.);
#6256 = EDGE_CURVE('',#6249,#6257,#6259,.T.);
#6257 = VERTEX_POINT('',#6258);
#6258 = CARTESIAN_POINT('',(249.601707,90.222893,0.));
#6259 = LINE('',#6260,#6261);
#6260 = CARTESIAN_POINT('',(249.574656,90.211692,0.));
#6261 = VECTOR('',#6262,1.);
#6262 = DIRECTION('',(0.923926512664,0.382569992546,0.));
#6263 = ORIENTED_EDGE('',*,*,#6264,.T.);
#6264 = EDGE_CURVE('',#6257,#6265,#6267,.T.);
#6265 = VERTEX_POINT('',#6266);
#6266 = CARTESIAN_POINT('',(249.616337,90.224341,0.));
#6267 = LINE('',#6268,#6269);
#6268 = CARTESIAN_POINT('',(249.601707,90.222893,0.));
#6269 = VECTOR('',#6270,1.);
#6270 = DIRECTION('',(0.995137697729,9.849346454613E-02,0.));
#6271 = ORIENTED_EDGE('',*,*,#6272,.T.);
#6272 = EDGE_CURVE('',#6265,#6273,#6275,.T.);
#6273 = VERTEX_POINT('',#6274);
#6274 = CARTESIAN_POINT('',(263.716335,90.224341,0.));
#6275 = LINE('',#6276,#6277);
#6276 = CARTESIAN_POINT('',(249.616337,90.224341,0.));
#6277 = VECTOR('',#6278,1.);
#6278 = DIRECTION('',(1.,0.,0.));
#6279 = ORIENTED_EDGE('',*,*,#6280,.T.);
#6280 = EDGE_CURVE('',#6273,#6095,#6281,.T.);
#6281 = LINE('',#6282,#6283);
#6282 = CARTESIAN_POINT('',(263.716335,90.224341,0.));
#6283 = VECTOR('',#6284,1.);
#6284 = DIRECTION('',(0.995137697729,-9.849346454594E-02,0.));
#6285 = FACE_BOUND('',#6286,.T.);
#6286 = EDGE_LOOP('',(#6287));
#6287 = ORIENTED_EDGE('',*,*,#6288,.T.);
#6288 = EDGE_CURVE('',#6289,#6289,#6291,.T.);
#6289 = VERTEX_POINT('',#6290);
#6290 = CARTESIAN_POINT('',(286.42,26.54,0.));
#6291 = CIRCLE('',#6292,1.2);
#6292 = AXIS2_PLACEMENT_3D('',#6293,#6294,#6295);
#6293 = CARTESIAN_POINT('',(285.22,26.54,0.));
#6294 = DIRECTION('',(0.,0.,1.));
#6295 = DIRECTION('',(1.,0.,0.));
#6296 = FACE_BOUND('',#6297,.T.);
#6297 = EDGE_LOOP('',(#6298));
#6298 = ORIENTED_EDGE('',*,*,#6299,.T.);
#6299 = EDGE_CURVE('',#6300,#6300,#6302,.T.);
#6300 = VERTEX_POINT('',#6301);
#6301 = CARTESIAN_POINT('',(210.31,32.74,0.));
#6302 = CIRCLE('',#6303,1.2);
#6303 = AXIS2_PLACEMENT_3D('',#6304,#6305,#6306);
#6304 = CARTESIAN_POINT('',(209.11,32.74,0.));
#6305 = DIRECTION('',(0.,0.,1.));
#6306 = DIRECTION('',(1.,0.,0.));
#6307 = FACE_BOUND('',#6308,.T.);
#6308 = EDGE_LOOP('',(#6309));
#6309 = ORIENTED_EDGE('',*,*,#6310,.T.);
#6310 = EDGE_CURVE('',#6311,#6311,#6313,.T.);
#6311 = VERTEX_POINT('',#6312);
#6312 = CARTESIAN_POINT('',(181.41,53.83,0.));
#6313 = CIRCLE('',#6314,1.2);
#6314 = AXIS2_PLACEMENT_3D('',#6315,#6316,#6317);
#6315 = CARTESIAN_POINT('',(180.21,53.83,0.));
#6316 = DIRECTION('',(0.,0.,1.));
#6317 = DIRECTION('',(1.,0.,0.));
#6318 = FACE_BOUND('',#6319,.T.);
#6319 = EDGE_LOOP('',(#6320));
#6320 = ORIENTED_EDGE('',*,*,#6321,.T.);
#6321 = EDGE_CURVE('',#6322,#6322,#6324,.T.);
#6322 = VERTEX_POINT('',#6323);
#6323 = CARTESIAN_POINT('',(190.81,17.24,0.));
#6324 = CIRCLE('',#6325,1.2);
#6325 = AXIS2_PLACEMENT_3D('',#6326,#6327,#6328);
#6326 = CARTESIAN_POINT('',(189.61,17.24,0.));
#6327 = DIRECTION('',(0.,0.,1.));
#6328 = DIRECTION('',(1.,0.,0.));
#6329 = FACE_BOUND('',#6330,.T.);
#6330 = EDGE_LOOP('',(#6331));
#6331 = ORIENTED_EDGE('',*,*,#6332,.T.);
#6332 = EDGE_CURVE('',#6333,#6333,#6335,.T.);
#6333 = VERTEX_POINT('',#6334);
#6334 = CARTESIAN_POINT('',(286.51,83.13,0.));
#6335 = CIRCLE('',#6336,1.2);
#6336 = AXIS2_PLACEMENT_3D('',#6337,#6338,#6339);
#6337 = CARTESIAN_POINT('',(285.31,83.13,0.));
#6338 = DIRECTION('',(0.,0.,1.));
#6339 = DIRECTION('',(1.,0.,0.));
#6340 = FACE_BOUND('',#6341,.T.);
#6341 = EDGE_LOOP('',(#6342));
#6342 = ORIENTED_EDGE('',*,*,#6343,.T.);
#6343 = EDGE_CURVE('',#6344,#6344,#6346,.T.);
#6344 = VERTEX_POINT('',#6345);
#6345 = CARTESIAN_POINT('',(210.32,83.33,0.));
#6346 = CIRCLE('',#6347,1.2);
#6347 = AXIS2_PLACEMENT_3D('',#6348,#6349,#6350);
#6348 = CARTESIAN_POINT('',(209.12,83.33,0.));
#6349 = DIRECTION('',(0.,0.,1.));
#6350 = DIRECTION('',(1.,0.,0.));
#6351 = PLANE('',#6352);
#6352 = AXIS2_PLACEMENT_3D('',#6353,#6354,#6355);
#6353 = CARTESIAN_POINT('',(240.45046056358,51.822445665196,0.));
#6354 = DIRECTION('',(0.,0.,1.));
#6355 = DIRECTION('',(1.,0.,0.));
#6356 = ADVANCED_FACE('',(#6357),#6382,.F.);
#6357 = FACE_BOUND('',#6358,.F.);
#6358 = EDGE_LOOP('',(#6359,#6367,#6375,#6381));
#6359 = ORIENTED_EDGE('',*,*,#6360,.T.);
#6360 = EDGE_CURVE('',#1479,#6361,#6363,.T.);
#6361 = VERTEX_POINT('',#6362);
#6362 = CARTESIAN_POINT('',(183.575271,22.404893,1.7));
#6363 = LINE('',#6364,#6365);
#6364 = CARTESIAN_POINT('',(183.575271,22.404893,0.));
#6365 = VECTOR('',#6366,1.);
#6366 = DIRECTION('',(0.,0.,1.));
#6367 = ORIENTED_EDGE('',*,*,#6368,.T.);
#6368 = EDGE_CURVE('',#6361,#6369,#6371,.T.);
#6369 = VERTEX_POINT('',#6370);
#6370 = CARTESIAN_POINT('',(183.602271,22.393641,1.7));
#6371 = LINE('',#6372,#6373);
#6372 = CARTESIAN_POINT('',(183.575271,22.404893,1.7));
#6373 = VECTOR('',#6374,1.);
#6374 = DIRECTION('',(0.92305264635,-0.384673643582,0.));
#6375 = ORIENTED_EDGE('',*,*,#6376,.F.);
#6376 = EDGE_CURVE('',#1481,#6369,#6377,.T.);
#6377 = LINE('',#6378,#6379);
#6378 = CARTESIAN_POINT('',(183.602271,22.393641,0.));
#6379 = VECTOR('',#6380,1.);
#6380 = DIRECTION('',(0.,0.,1.));
#6381 = ORIENTED_EDGE('',*,*,#1478,.F.);
#6382 = PLANE('',#6383);
#6383 = AXIS2_PLACEMENT_3D('',#6384,#6385,#6386);
#6384 = CARTESIAN_POINT('',(183.575271,22.404893,0.));
#6385 = DIRECTION('',(0.384673643582,0.92305264635,0.));
#6386 = DIRECTION('',(0.92305264635,-0.384673643582,0.));
#6387 = ADVANCED_FACE('',(#6388),#6406,.F.);
#6388 = FACE_BOUND('',#6389,.F.);
#6389 = EDGE_LOOP('',(#6390,#6391,#6399,#6405));
#6390 = ORIENTED_EDGE('',*,*,#6376,.T.);
#6391 = ORIENTED_EDGE('',*,*,#6392,.T.);
#6392 = EDGE_CURVE('',#6369,#6393,#6395,.T.);
#6393 = VERTEX_POINT('',#6394);
#6394 = CARTESIAN_POINT('',(183.622946,22.372915,1.7));
#6395 = LINE('',#6396,#6397);
#6396 = CARTESIAN_POINT('',(183.602271,22.393641,1.7));
#6397 = VECTOR('',#6398,1.);
#6398 = DIRECTION('',(0.706235192812,-0.707977296552,0.));
#6399 = ORIENTED_EDGE('',*,*,#6400,.F.);
#6400 = EDGE_CURVE('',#1489,#6393,#6401,.T.);
#6401 = LINE('',#6402,#6403);
#6402 = CARTESIAN_POINT('',(183.622946,22.372915,0.));
#6403 = VECTOR('',#6404,1.);
#6404 = DIRECTION('',(0.,0.,1.));
#6405 = ORIENTED_EDGE('',*,*,#1488,.F.);
#6406 = PLANE('',#6407);
#6407 = AXIS2_PLACEMENT_3D('',#6408,#6409,#6410);
#6408 = CARTESIAN_POINT('',(183.602271,22.393641,0.));
#6409 = DIRECTION('',(0.707977296552,0.706235192812,0.));
#6410 = DIRECTION('',(0.706235192812,-0.707977296552,0.));
#6411 = ADVANCED_FACE('',(#6412),#6430,.F.);
#6412 = FACE_BOUND('',#6413,.F.);
#6413 = EDGE_LOOP('',(#6414,#6415,#6423,#6429));
#6414 = ORIENTED_EDGE('',*,*,#6400,.T.);
#6415 = ORIENTED_EDGE('',*,*,#6416,.T.);
#6416 = EDGE_CURVE('',#6393,#6417,#6419,.T.);
#6417 = VERTEX_POINT('',#6418);
#6418 = CARTESIAN_POINT('',(183.62983,22.359935,1.7));
#6419 = LINE('',#6420,#6421);
#6420 = CARTESIAN_POINT('',(183.622946,22.372915,1.7));
#6421 = VECTOR('',#6422,1.);
#6422 = DIRECTION('',(0.468538044617,-0.883443320619,0.));
#6423 = ORIENTED_EDGE('',*,*,#6424,.F.);
#6424 = EDGE_CURVE('',#1497,#6417,#6425,.T.);
#6425 = LINE('',#6426,#6427);
#6426 = CARTESIAN_POINT('',(183.62983,22.359935,0.));
#6427 = VECTOR('',#6428,1.);
#6428 = DIRECTION('',(0.,0.,1.));
#6429 = ORIENTED_EDGE('',*,*,#1496,.F.);
#6430 = PLANE('',#6431);
#6431 = AXIS2_PLACEMENT_3D('',#6432,#6433,#6434);
#6432 = CARTESIAN_POINT('',(183.622946,22.372915,0.));
#6433 = DIRECTION('',(0.883443320619,0.468538044617,0.));
#6434 = DIRECTION('',(0.468538044617,-0.883443320619,0.));
#6435 = ADVANCED_FACE('',(#6436),#6454,.F.);
#6436 = FACE_BOUND('',#6437,.F.);
#6437 = EDGE_LOOP('',(#6438,#6439,#6447,#6453));
#6438 = ORIENTED_EDGE('',*,*,#6424,.T.);
#6439 = ORIENTED_EDGE('',*,*,#6440,.T.);
#6440 = EDGE_CURVE('',#6417,#6441,#6443,.T.);
#6441 = VERTEX_POINT('',#6442);
#6442 = CARTESIAN_POINT('',(189.002717,9.323741,1.7));
#6443 = LINE('',#6444,#6445);
#6444 = CARTESIAN_POINT('',(183.62983,22.359935,1.7));
#6445 = VECTOR('',#6446,1.);
#6446 = DIRECTION('',(0.381055558077,-0.924552141125,0.));
#6447 = ORIENTED_EDGE('',*,*,#6448,.F.);
#6448 = EDGE_CURVE('',#1505,#6441,#6449,.T.);
#6449 = LINE('',#6450,#6451);
#6450 = CARTESIAN_POINT('',(189.002717,9.323741,0.));
#6451 = VECTOR('',#6452,1.);
#6452 = DIRECTION('',(0.,0.,1.));
#6453 = ORIENTED_EDGE('',*,*,#1504,.F.);
#6454 = PLANE('',#6455);
#6455 = AXIS2_PLACEMENT_3D('',#6456,#6457,#6458);
#6456 = CARTESIAN_POINT('',(183.62983,22.359935,0.));
#6457 = DIRECTION('',(0.924552141125,0.381055558077,0.));
#6458 = DIRECTION('',(0.381055558077,-0.924552141125,0.));
#6459 = ADVANCED_FACE('',(#6460),#6478,.F.);
#6460 = FACE_BOUND('',#6461,.F.);
#6461 = EDGE_LOOP('',(#6462,#6463,#6471,#6477));
#6462 = ORIENTED_EDGE('',*,*,#6448,.T.);
#6463 = ORIENTED_EDGE('',*,*,#6464,.T.);
#6464 = EDGE_CURVE('',#6441,#6465,#6467,.T.);
#6465 = VERTEX_POINT('',#6466);
#6466 = CARTESIAN_POINT('',(189.006959,9.309669,1.7));
#6467 = LINE('',#6468,#6469);
#6468 = CARTESIAN_POINT('',(189.002717,9.323741,1.7));
#6469 = VECTOR('',#6470,1.);
#6470 = DIRECTION('',(0.288621020245,-0.957443422178,0.));
#6471 = ORIENTED_EDGE('',*,*,#6472,.F.);
#6472 = EDGE_CURVE('',#1513,#6465,#6473,.T.);
#6473 = LINE('',#6474,#6475);
#6474 = CARTESIAN_POINT('',(189.006959,9.309669,0.));
#6475 = VECTOR('',#6476,1.);
#6476 = DIRECTION('',(0.,0.,1.));
#6477 = ORIENTED_EDGE('',*,*,#1512,.F.);
#6478 = PLANE('',#6479);
#6479 = AXIS2_PLACEMENT_3D('',#6480,#6481,#6482);
#6480 = CARTESIAN_POINT('',(189.002717,9.323741,0.));
#6481 = DIRECTION('',(0.957443422178,0.288621020245,0.));
#6482 = DIRECTION('',(0.288621020245,-0.957443422178,0.));
#6483 = ADVANCED_FACE('',(#6484),#6502,.F.);
#6484 = FACE_BOUND('',#6485,.F.);
#6485 = EDGE_LOOP('',(#6486,#6487,#6495,#6501));
#6486 = ORIENTED_EDGE('',*,*,#6472,.T.);
#6487 = ORIENTED_EDGE('',*,*,#6488,.T.);
#6488 = EDGE_CURVE('',#6465,#6489,#6491,.T.);
#6489 = VERTEX_POINT('',#6490);
#6490 = CARTESIAN_POINT('',(189.006908,9.280408,1.7));
#6491 = LINE('',#6492,#6493);
#6492 = CARTESIAN_POINT('',(189.006959,9.309669,1.7));
#6493 = VECTOR('',#6494,1.);
#6494 = DIRECTION('',(-1.742931633256E-03,-0.999998481094,0.));
#6495 = ORIENTED_EDGE('',*,*,#6496,.F.);
#6496 = EDGE_CURVE('',#1521,#6489,#6497,.T.);
#6497 = LINE('',#6498,#6499);
#6498 = CARTESIAN_POINT('',(189.006908,9.280408,0.));
#6499 = VECTOR('',#6500,1.);
#6500 = DIRECTION('',(0.,0.,1.));
#6501 = ORIENTED_EDGE('',*,*,#1520,.F.);
#6502 = PLANE('',#6503);
#6503 = AXIS2_PLACEMENT_3D('',#6504,#6505,#6506);
#6504 = CARTESIAN_POINT('',(189.006959,9.309669,0.));
#6505 = DIRECTION('',(0.999998481094,-1.742931633256E-03,0.));
#6506 = DIRECTION('',(-1.742931633256E-03,-0.999998481094,0.));
#6507 = ADVANCED_FACE('',(#6508),#6526,.F.);
#6508 = FACE_BOUND('',#6509,.F.);
#6509 = EDGE_LOOP('',(#6510,#6511,#6519,#6525));
#6510 = ORIENTED_EDGE('',*,*,#6496,.T.);
#6511 = ORIENTED_EDGE('',*,*,#6512,.T.);
#6512 = EDGE_CURVE('',#6489,#6513,#6515,.T.);
#6513 = VERTEX_POINT('',#6514);
#6514 = CARTESIAN_POINT('',(188.995656,9.253383,1.7));
#6515 = LINE('',#6516,#6517);
#6516 = CARTESIAN_POINT('',(189.006908,9.280408,1.7));
#6517 = VECTOR('',#6518,1.);
#6518 = DIRECTION('',(-0.384370387977,-0.923178966857,0.));
#6519 = ORIENTED_EDGE('',*,*,#6520,.F.);
#6520 = EDGE_CURVE('',#1529,#6513,#6521,.T.);
#6521 = LINE('',#6522,#6523);
#6522 = CARTESIAN_POINT('',(188.995656,9.253383,0.));
#6523 = VECTOR('',#6524,1.);
#6524 = DIRECTION('',(0.,0.,1.));
#6525 = ORIENTED_EDGE('',*,*,#1528,.F.);
#6526 = PLANE('',#6527);
#6527 = AXIS2_PLACEMENT_3D('',#6528,#6529,#6530);
#6528 = CARTESIAN_POINT('',(189.006908,9.280408,0.));
#6529 = DIRECTION('',(0.923178966857,-0.384370387977,0.));
#6530 = DIRECTION('',(-0.384370387977,-0.923178966857,0.));
#6531 = ADVANCED_FACE('',(#6532),#6550,.F.);
#6532 = FACE_BOUND('',#6533,.F.);
#6533 = EDGE_LOOP('',(#6534,#6535,#6543,#6549));
#6534 = ORIENTED_EDGE('',*,*,#6520,.T.);
#6535 = ORIENTED_EDGE('',*,*,#6536,.T.);
#6536 = EDGE_CURVE('',#6513,#6537,#6539,.T.);
#6537 = VERTEX_POINT('',#6538);
#6538 = CARTESIAN_POINT('',(188.97493,9.232733,1.7));
#6539 = LINE('',#6540,#6541);
#6540 = CARTESIAN_POINT('',(188.995656,9.253383,1.7));
#6541 = VECTOR('',#6542,1.);
#6542 = DIRECTION('',(-0.708404409511,-0.705806767172,0.));
#6543 = ORIENTED_EDGE('',*,*,#6544,.F.);
#6544 = EDGE_CURVE('',#1537,#6537,#6545,.T.);
#6545 = LINE('',#6546,#6547);
#6546 = CARTESIAN_POINT('',(188.97493,9.232733,0.));
#6547 = VECTOR('',#6548,1.);
#6548 = DIRECTION('',(0.,0.,1.));
#6549 = ORIENTED_EDGE('',*,*,#1536,.F.);
#6550 = PLANE('',#6551);
#6551 = AXIS2_PLACEMENT_3D('',#6552,#6553,#6554);
#6552 = CARTESIAN_POINT('',(188.995656,9.253383,0.));
#6553 = DIRECTION('',(0.705806767172,-0.708404409511,0.));
#6554 = DIRECTION('',(-0.708404409511,-0.705806767172,0.));
#6555 = ADVANCED_FACE('',(#6556),#6574,.F.);
#6556 = FACE_BOUND('',#6557,.F.);
#6557 = EDGE_LOOP('',(#6558,#6559,#6567,#6573));
#6558 = ORIENTED_EDGE('',*,*,#6544,.T.);
#6559 = ORIENTED_EDGE('',*,*,#6560,.T.);
#6560 = EDGE_CURVE('',#6537,#6561,#6563,.T.);
#6561 = VERTEX_POINT('',#6562);
#6562 = CARTESIAN_POINT('',(188.96195,9.225824,1.7));
#6563 = LINE('',#6564,#6565);
#6564 = CARTESIAN_POINT('',(188.97493,9.232733,1.7));
#6565 = VECTOR('',#6566,1.);
#6566 = DIRECTION('',(-0.88273856991,-0.469864466834,0.));
#6567 = ORIENTED_EDGE('',*,*,#6568,.F.);
#6568 = EDGE_CURVE('',#1545,#6561,#6569,.T.);
#6569 = LINE('',#6570,#6571);
#6570 = CARTESIAN_POINT('',(188.96195,9.225824,0.));
#6571 = VECTOR('',#6572,1.);
#6572 = DIRECTION('',(0.,0.,1.));
#6573 = ORIENTED_EDGE('',*,*,#1544,.F.);
#6574 = PLANE('',#6575);
#6575 = AXIS2_PLACEMENT_3D('',#6576,#6577,#6578);
#6576 = CARTESIAN_POINT('',(188.97493,9.232733,0.));
#6577 = DIRECTION('',(0.469864466834,-0.88273856991,0.));
#6578 = DIRECTION('',(-0.88273856991,-0.469864466834,0.));
#6579 = ADVANCED_FACE('',(#6580),#6598,.F.);
#6580 = FACE_BOUND('',#6581,.F.);
#6581 = EDGE_LOOP('',(#6582,#6583,#6591,#6597));
#6582 = ORIENTED_EDGE('',*,*,#6568,.T.);
#6583 = ORIENTED_EDGE('',*,*,#6584,.T.);
#6584 = EDGE_CURVE('',#6561,#6585,#6587,.T.);
#6585 = VERTEX_POINT('',#6586);
#6586 = CARTESIAN_POINT('',(175.925756,3.852962,1.7));
#6587 = LINE('',#6588,#6589);
#6588 = CARTESIAN_POINT('',(188.96195,9.225824,1.7));
#6589 = VECTOR('',#6590,1.);
#6590 = DIRECTION('',(-0.924552765779,-0.38105404248,0.));
#6591 = ORIENTED_EDGE('',*,*,#6592,.F.);
#6592 = EDGE_CURVE('',#1553,#6585,#6593,.T.);
#6593 = LINE('',#6594,#6595);
#6594 = CARTESIAN_POINT('',(175.925756,3.852962,0.));
#6595 = VECTOR('',#6596,1.);
#6596 = DIRECTION('',(0.,0.,1.));
#6597 = ORIENTED_EDGE('',*,*,#1552,.F.);
#6598 = PLANE('',#6599);
#6599 = AXIS2_PLACEMENT_3D('',#6600,#6601,#6602);
#6600 = CARTESIAN_POINT('',(188.96195,9.225824,0.));
#6601 = DIRECTION('',(0.38105404248,-0.924552765779,0.));
#6602 = DIRECTION('',(-0.924552765779,-0.38105404248,0.));
#6603 = ADVANCED_FACE('',(#6604),#6622,.F.);
#6604 = FACE_BOUND('',#6605,.F.);
#6605 = EDGE_LOOP('',(#6606,#6607,#6615,#6621));
#6606 = ORIENTED_EDGE('',*,*,#6592,.T.);
#6607 = ORIENTED_EDGE('',*,*,#6608,.T.);
#6608 = EDGE_CURVE('',#6585,#6609,#6611,.T.);
#6609 = VERTEX_POINT('',#6610);
#6610 = CARTESIAN_POINT('',(175.911684,3.84872,1.7));
#6611 = LINE('',#6612,#6613);
#6612 = CARTESIAN_POINT('',(175.925756,3.852962,1.7));
#6613 = VECTOR('',#6614,1.);
#6614 = DIRECTION('',(-0.957443422179,-0.288621020245,0.));
#6615 = ORIENTED_EDGE('',*,*,#6616,.F.);
#6616 = EDGE_CURVE('',#1561,#6609,#6617,.T.);
#6617 = LINE('',#6618,#6619);
#6618 = CARTESIAN_POINT('',(175.911684,3.84872,0.));
#6619 = VECTOR('',#6620,1.);
#6620 = DIRECTION('',(0.,0.,1.));
#6621 = ORIENTED_EDGE('',*,*,#1560,.F.);
#6622 = PLANE('',#6623);
#6623 = AXIS2_PLACEMENT_3D('',#6624,#6625,#6626);
#6624 = CARTESIAN_POINT('',(175.925756,3.852962,0.));
#6625 = DIRECTION('',(0.288621020245,-0.957443422179,0.));
#6626 = DIRECTION('',(-0.957443422179,-0.288621020245,0.));
#6627 = ADVANCED_FACE('',(#6628),#6646,.F.);
#6628 = FACE_BOUND('',#6629,.F.);
#6629 = EDGE_LOOP('',(#6630,#6631,#6639,#6645));
#6630 = ORIENTED_EDGE('',*,*,#6616,.T.);
#6631 = ORIENTED_EDGE('',*,*,#6632,.T.);
#6632 = EDGE_CURVE('',#6609,#6633,#6635,.T.);
#6633 = VERTEX_POINT('',#6634);
#6634 = CARTESIAN_POINT('',(175.882398,3.848771,1.7));
#6635 = LINE('',#6636,#6637);
#6636 = CARTESIAN_POINT('',(175.911684,3.84872,1.7));
#6637 = VECTOR('',#6638,1.);
#6638 = DIRECTION('',(-0.999998483686,1.741443784333E-03,0.));
#6639 = ORIENTED_EDGE('',*,*,#6640,.F.);
#6640 = EDGE_CURVE('',#1569,#6633,#6641,.T.);
#6641 = LINE('',#6642,#6643);
#6642 = CARTESIAN_POINT('',(175.882398,3.848771,0.));
#6643 = VECTOR('',#6644,1.);
#6644 = DIRECTION('',(0.,0.,1.));
#6645 = ORIENTED_EDGE('',*,*,#1568,.F.);
#6646 = PLANE('',#6647);
#6647 = AXIS2_PLACEMENT_3D('',#6648,#6649,#6650);
#6648 = CARTESIAN_POINT('',(175.911684,3.84872,0.));
#6649 = DIRECTION('',(-1.741443784333E-03,-0.999998483686,0.));
#6650 = DIRECTION('',(-0.999998483686,1.741443784333E-03,0.));
#6651 = ADVANCED_FACE('',(#6652),#6670,.F.);
#6652 = FACE_BOUND('',#6653,.F.);
#6653 = EDGE_LOOP('',(#6654,#6655,#6663,#6669));
#6654 = ORIENTED_EDGE('',*,*,#6640,.T.);
#6655 = ORIENTED_EDGE('',*,*,#6656,.T.);
#6656 = EDGE_CURVE('',#6633,#6657,#6659,.T.);
#6657 = VERTEX_POINT('',#6658);
#6658 = CARTESIAN_POINT('',(175.855398,3.860023,1.7));
#6659 = LINE('',#6660,#6661);
#6660 = CARTESIAN_POINT('',(175.882398,3.848771,1.7));
#6661 = VECTOR('',#6662,1.);
#6662 = DIRECTION('',(-0.92305264635,0.384673643583,0.));
#6663 = ORIENTED_EDGE('',*,*,#6664,.F.);
#6664 = EDGE_CURVE('',#1577,#6657,#6665,.T.);
#6665 = LINE('',#6666,#6667);
#6666 = CARTESIAN_POINT('',(175.855398,3.860023,0.));
#6667 = VECTOR('',#6668,1.);
#6668 = DIRECTION('',(0.,0.,1.));
#6669 = ORIENTED_EDGE('',*,*,#1576,.F.);
#6670 = PLANE('',#6671);
#6671 = AXIS2_PLACEMENT_3D('',#6672,#6673,#6674);
#6672 = CARTESIAN_POINT('',(175.882398,3.848771,0.));
#6673 = DIRECTION('',(-0.384673643583,-0.92305264635,0.));
#6674 = DIRECTION('',(-0.92305264635,0.384673643583,0.));
#6675 = ADVANCED_FACE('',(#6676),#6694,.F.);
#6676 = FACE_BOUND('',#6677,.F.);
#6677 = EDGE_LOOP('',(#6678,#6679,#6687,#6693));
#6678 = ORIENTED_EDGE('',*,*,#6664,.T.);
#6679 = ORIENTED_EDGE('',*,*,#6680,.T.);
#6680 = EDGE_CURVE('',#6657,#6681,#6683,.T.);
#6681 = VERTEX_POINT('',#6682);
#6682 = CARTESIAN_POINT('',(175.834748,3.880749,1.7));
#6683 = LINE('',#6684,#6685);
#6684 = CARTESIAN_POINT('',(175.855398,3.860023,1.7));
#6685 = VECTOR('',#6686,1.);
#6686 = DIRECTION('',(-0.705806767172,0.708404409511,0.));
#6687 = ORIENTED_EDGE('',*,*,#6688,.F.);
#6688 = EDGE_CURVE('',#1585,#6681,#6689,.T.);
#6689 = LINE('',#6690,#6691);
#6690 = CARTESIAN_POINT('',(175.834748,3.880749,0.));
#6691 = VECTOR('',#6692,1.);
#6692 = DIRECTION('',(0.,0.,1.));
#6693 = ORIENTED_EDGE('',*,*,#1584,.F.);
#6694 = PLANE('',#6695);
#6695 = AXIS2_PLACEMENT_3D('',#6696,#6697,#6698);
#6696 = CARTESIAN_POINT('',(175.855398,3.860023,0.));
#6697 = DIRECTION('',(-0.708404409511,-0.705806767172,0.));
#6698 = DIRECTION('',(-0.705806767172,0.708404409511,0.));
#6699 = ADVANCED_FACE('',(#6700),#6718,.F.);
#6700 = FACE_BOUND('',#6701,.F.);
#6701 = EDGE_LOOP('',(#6702,#6703,#6711,#6717));
#6702 = ORIENTED_EDGE('',*,*,#6688,.T.);
#6703 = ORIENTED_EDGE('',*,*,#6704,.T.);
#6704 = EDGE_CURVE('',#6681,#6705,#6707,.T.);
#6705 = VERTEX_POINT('',#6706);
#6706 = CARTESIAN_POINT('',(175.827839,3.893729,1.7));
#6707 = LINE('',#6708,#6709);
#6708 = CARTESIAN_POINT('',(175.834748,3.880749,1.7));
#6709 = VECTOR('',#6710,1.);
#6710 = DIRECTION('',(-0.469864466833,0.882738569911,0.));
#6711 = ORIENTED_EDGE('',*,*,#6712,.F.);
#6712 = EDGE_CURVE('',#1593,#6705,#6713,.T.);
#6713 = LINE('',#6714,#6715);
#6714 = CARTESIAN_POINT('',(175.827839,3.893729,0.));
#6715 = VECTOR('',#6716,1.);
#6716 = DIRECTION('',(0.,0.,1.));
#6717 = ORIENTED_EDGE('',*,*,#1592,.F.);
#6718 = PLANE('',#6719);
#6719 = AXIS2_PLACEMENT_3D('',#6720,#6721,#6722);
#6720 = CARTESIAN_POINT('',(175.834748,3.880749,0.));
#6721 = DIRECTION('',(-0.882738569911,-0.469864466833,0.));
#6722 = DIRECTION('',(-0.469864466833,0.882738569911,0.));
#6723 = ADVANCED_FACE('',(#6724),#6742,.F.);
#6724 = FACE_BOUND('',#6725,.F.);
#6725 = EDGE_LOOP('',(#6726,#6727,#6735,#6741));
#6726 = ORIENTED_EDGE('',*,*,#6712,.T.);
#6727 = ORIENTED_EDGE('',*,*,#6728,.T.);
#6728 = EDGE_CURVE('',#6705,#6729,#6731,.T.);
#6729 = VERTEX_POINT('',#6730);
#6730 = CARTESIAN_POINT('',(170.454977,16.929923,1.7));
#6731 = LINE('',#6732,#6733);
#6732 = CARTESIAN_POINT('',(175.827839,3.893729,1.7));
#6733 = VECTOR('',#6734,1.);
#6734 = DIRECTION('',(-0.38105404248,0.924552765779,0.));
#6735 = ORIENTED_EDGE('',*,*,#6736,.F.);
#6736 = EDGE_CURVE('',#1601,#6729,#6737,.T.);
#6737 = LINE('',#6738,#6739);
#6738 = CARTESIAN_POINT('',(170.454977,16.929923,0.));
#6739 = VECTOR('',#6740,1.);
#6740 = DIRECTION('',(0.,0.,1.));
#6741 = ORIENTED_EDGE('',*,*,#1600,.F.);
#6742 = PLANE('',#6743);
#6743 = AXIS2_PLACEMENT_3D('',#6744,#6745,#6746);
#6744 = CARTESIAN_POINT('',(175.827839,3.893729,0.));
#6745 = DIRECTION('',(-0.924552765779,-0.38105404248,0.));
#6746 = DIRECTION('',(-0.38105404248,0.924552765779,0.));
#6747 = ADVANCED_FACE('',(#6748),#6766,.F.);
#6748 = FACE_BOUND('',#6749,.F.);
#6749 = EDGE_LOOP('',(#6750,#6751,#6759,#6765));
#6750 = ORIENTED_EDGE('',*,*,#6736,.T.);
#6751 = ORIENTED_EDGE('',*,*,#6752,.T.);
#6752 = EDGE_CURVE('',#6729,#6753,#6755,.T.);
#6753 = VERTEX_POINT('',#6754);
#6754 = CARTESIAN_POINT('',(170.45071,16.943995,1.7));
#6755 = LINE('',#6756,#6757);
#6756 = CARTESIAN_POINT('',(170.454977,16.929923,1.7));
#6757 = VECTOR('',#6758,1.);
#6758 = DIRECTION('',(-0.290179148639,0.956972341134,0.));
#6759 = ORIENTED_EDGE('',*,*,#6760,.F.);
#6760 = EDGE_CURVE('',#1609,#6753,#6761,.T.);
#6761 = LINE('',#6762,#6763);
#6762 = CARTESIAN_POINT('',(170.45071,16.943995,0.));
#6763 = VECTOR('',#6764,1.);
#6764 = DIRECTION('',(0.,0.,1.));
#6765 = ORIENTED_EDGE('',*,*,#1608,.F.);
#6766 = PLANE('',#6767);
#6767 = AXIS2_PLACEMENT_3D('',#6768,#6769,#6770);
#6768 = CARTESIAN_POINT('',(170.454977,16.929923,0.));
#6769 = DIRECTION('',(-0.956972341134,-0.290179148639,0.));
#6770 = DIRECTION('',(-0.290179148639,0.956972341134,0.));
#6771 = ADVANCED_FACE('',(#6772),#6790,.F.);
#6772 = FACE_BOUND('',#6773,.F.);
#6773 = EDGE_LOOP('',(#6774,#6775,#6783,#6789));
#6774 = ORIENTED_EDGE('',*,*,#6760,.T.);
#6775 = ORIENTED_EDGE('',*,*,#6776,.T.);
#6776 = EDGE_CURVE('',#6753,#6777,#6779,.T.);
#6777 = VERTEX_POINT('',#6778);
#6778 = CARTESIAN_POINT('',(170.450786,16.973256,1.7));
#6779 = LINE('',#6780,#6781);
#6780 = CARTESIAN_POINT('',(170.45071,16.943995,1.7));
#6781 = VECTOR('',#6782,1.);
#6782 = DIRECTION('',(2.597305070192E-03,0.999996626997,0.));
#6783 = ORIENTED_EDGE('',*,*,#6784,.F.);
#6784 = EDGE_CURVE('',#1617,#6777,#6785,.T.);
#6785 = LINE('',#6786,#6787);
#6786 = CARTESIAN_POINT('',(170.450786,16.973256,0.));
#6787 = VECTOR('',#6788,1.);
#6788 = DIRECTION('',(0.,0.,1.));
#6789 = ORIENTED_EDGE('',*,*,#1616,.F.);
#6790 = PLANE('',#6791);
#6791 = AXIS2_PLACEMENT_3D('',#6792,#6793,#6794);
#6792 = CARTESIAN_POINT('',(170.45071,16.943995,0.));
#6793 = DIRECTION('',(-0.999996626997,2.597305070192E-03,0.));
#6794 = DIRECTION('',(2.597305070192E-03,0.999996626997,0.));
#6795 = ADVANCED_FACE('',(#6796),#6814,.F.);
#6796 = FACE_BOUND('',#6797,.F.);
#6797 = EDGE_LOOP('',(#6798,#6799,#6807,#6813));
#6798 = ORIENTED_EDGE('',*,*,#6784,.T.);
#6799 = ORIENTED_EDGE('',*,*,#6800,.T.);
#6800 = EDGE_CURVE('',#6777,#6801,#6803,.T.);
#6801 = VERTEX_POINT('',#6802);
#6802 = CARTESIAN_POINT('',(170.462013,17.000281,1.7));
#6803 = LINE('',#6804,#6805);
#6804 = CARTESIAN_POINT('',(170.450786,16.973256,1.7));
#6805 = VECTOR('',#6806,1.);
#6806 = DIRECTION('',(0.383642196228,0.923481816428,0.));
#6807 = ORIENTED_EDGE('',*,*,#6808,.F.);
#6808 = EDGE_CURVE('',#1625,#6801,#6809,.T.);
#6809 = LINE('',#6810,#6811);
#6810 = CARTESIAN_POINT('',(170.462013,17.000281,0.));
#6811 = VECTOR('',#6812,1.);
#6812 = DIRECTION('',(0.,0.,1.));
#6813 = ORIENTED_EDGE('',*,*,#1624,.F.);
#6814 = PLANE('',#6815);
#6815 = AXIS2_PLACEMENT_3D('',#6816,#6817,#6818);
#6816 = CARTESIAN_POINT('',(170.450786,16.973256,0.));
#6817 = DIRECTION('',(-0.923481816428,0.383642196228,0.));
#6818 = DIRECTION('',(0.383642196228,0.923481816428,0.));
#6819 = ADVANCED_FACE('',(#6820),#6838,.F.);
#6820 = FACE_BOUND('',#6821,.F.);
#6821 = EDGE_LOOP('',(#6822,#6823,#6831,#6837));
#6822 = ORIENTED_EDGE('',*,*,#6808,.T.);
#6823 = ORIENTED_EDGE('',*,*,#6824,.T.);
#6824 = EDGE_CURVE('',#6801,#6825,#6827,.T.);
#6825 = VERTEX_POINT('',#6826);
#6826 = CARTESIAN_POINT('',(170.482739,17.020931,1.7));
#6827 = LINE('',#6828,#6829);
#6828 = CARTESIAN_POINT('',(170.462013,17.000281,1.7));
#6829 = VECTOR('',#6830,1.);
#6830 = DIRECTION('',(0.708404409511,0.705806767172,0.));
#6831 = ORIENTED_EDGE('',*,*,#6832,.F.);
#6832 = EDGE_CURVE('',#1633,#6825,#6833,.T.);
#6833 = LINE('',#6834,#6835);
#6834 = CARTESIAN_POINT('',(170.482739,17.020931,0.));
#6835 = VECTOR('',#6836,1.);
#6836 = DIRECTION('',(0.,0.,1.));
#6837 = ORIENTED_EDGE('',*,*,#1632,.F.);
#6838 = PLANE('',#6839);
#6839 = AXIS2_PLACEMENT_3D('',#6840,#6841,#6842);
#6840 = CARTESIAN_POINT('',(170.462013,17.000281,0.));
#6841 = DIRECTION('',(-0.705806767172,0.708404409511,0.));
#6842 = DIRECTION('',(0.708404409511,0.705806767172,0.));
#6843 = ADVANCED_FACE('',(#6844),#6862,.F.);
#6844 = FACE_BOUND('',#6845,.F.);
#6845 = EDGE_LOOP('',(#6846,#6847,#6855,#6861));
#6846 = ORIENTED_EDGE('',*,*,#6832,.T.);
#6847 = ORIENTED_EDGE('',*,*,#6848,.T.);
#6848 = EDGE_CURVE('',#6825,#6849,#6851,.T.);
#6849 = VERTEX_POINT('',#6850);
#6850 = CARTESIAN_POINT('',(170.495718,17.02784,1.7));
#6851 = LINE('',#6852,#6853);
#6852 = CARTESIAN_POINT('',(170.482739,17.020931,1.7));
#6853 = VECTOR('',#6854,1.);
#6854 = DIRECTION('',(0.882723554343,0.469892675627,0.));
#6855 = ORIENTED_EDGE('',*,*,#6856,.F.);
#6856 = EDGE_CURVE('',#1641,#6849,#6857,.T.);
#6857 = LINE('',#6858,#6859);
#6858 = CARTESIAN_POINT('',(170.495718,17.02784,0.));
#6859 = VECTOR('',#6860,1.);
#6860 = DIRECTION('',(0.,0.,1.));
#6861 = ORIENTED_EDGE('',*,*,#1640,.F.);
#6862 = PLANE('',#6863);
#6863 = AXIS2_PLACEMENT_3D('',#6864,#6865,#6866);
#6864 = CARTESIAN_POINT('',(170.482739,17.020931,0.));
#6865 = DIRECTION('',(-0.469892675627,0.882723554343,0.));
#6866 = DIRECTION('',(0.882723554343,0.469892675627,0.));
#6867 = ADVANCED_FACE('',(#6868),#6886,.F.);
#6868 = FACE_BOUND('',#6869,.F.);
#6869 = EDGE_LOOP('',(#6870,#6871,#6879,#6885));
#6870 = ORIENTED_EDGE('',*,*,#6856,.T.);
#6871 = ORIENTED_EDGE('',*,*,#6872,.T.);
#6872 = EDGE_CURVE('',#6849,#6873,#6875,.T.);
#6873 = VERTEX_POINT('',#6874);
#6874 = CARTESIAN_POINT('',(183.531913,22.400702,1.7));
#6875 = LINE('',#6876,#6877);
#6876 = CARTESIAN_POINT('',(170.495718,17.02784,1.7));
#6877 = VECTOR('',#6878,1.);
#6878 = DIRECTION('',(0.924552776077,0.381054017494,0.));
#6879 = ORIENTED_EDGE('',*,*,#6880,.F.);
#6880 = EDGE_CURVE('',#1649,#6873,#6881,.T.);
#6881 = LINE('',#6882,#6883);
#6882 = CARTESIAN_POINT('',(183.531913,22.400702,0.));
#6883 = VECTOR('',#6884,1.);
#6884 = DIRECTION('',(0.,0.,1.));
#6885 = ORIENTED_EDGE('',*,*,#1648,.F.);
#6886 = PLANE('',#6887);
#6887 = AXIS2_PLACEMENT_3D('',#6888,#6889,#6890);
#6888 = CARTESIAN_POINT('',(170.495718,17.02784,0.));
#6889 = DIRECTION('',(-0.381054017494,0.924552776077,0.));
#6890 = DIRECTION('',(0.924552776077,0.381054017494,0.));
#6891 = ADVANCED_FACE('',(#6892),#6910,.F.);
#6892 = FACE_BOUND('',#6893,.F.);
#6893 = EDGE_LOOP('',(#6894,#6895,#6903,#6909));
#6894 = ORIENTED_EDGE('',*,*,#6880,.T.);
#6895 = ORIENTED_EDGE('',*,*,#6896,.T.);
#6896 = EDGE_CURVE('',#6873,#6897,#6899,.T.);
#6897 = VERTEX_POINT('',#6898);
#6898 = CARTESIAN_POINT('',(183.54601,22.404944,1.7));
#6899 = LINE('',#6900,#6901);
#6900 = CARTESIAN_POINT('',(183.531913,22.400702,1.7));
#6901 = VECTOR('',#6902,1.);
#6902 = DIRECTION('',(0.957584771342,0.288151706039,0.));
#6903 = ORIENTED_EDGE('',*,*,#6904,.F.);
#6904 = EDGE_CURVE('',#1657,#6897,#6905,.T.);
#6905 = LINE('',#6906,#6907);
#6906 = CARTESIAN_POINT('',(183.54601,22.404944,0.));
#6907 = VECTOR('',#6908,1.);
#6908 = DIRECTION('',(0.,0.,1.));
#6909 = ORIENTED_EDGE('',*,*,#1656,.F.);
#6910 = PLANE('',#6911);
#6911 = AXIS2_PLACEMENT_3D('',#6912,#6913,#6914);
#6912 = CARTESIAN_POINT('',(183.531913,22.400702,0.));
#6913 = DIRECTION('',(-0.288151706039,0.957584771342,0.));
#6914 = DIRECTION('',(0.957584771342,0.288151706039,0.));
#6915 = ADVANCED_FACE('',(#6916),#6927,.F.);
#6916 = FACE_BOUND('',#6917,.F.);
#6917 = EDGE_LOOP('',(#6918,#6919,#6925,#6926));
#6918 = ORIENTED_EDGE('',*,*,#6904,.T.);
#6919 = ORIENTED_EDGE('',*,*,#6920,.T.);
#6920 = EDGE_CURVE('',#6897,#6361,#6921,.T.);
#6921 = LINE('',#6922,#6923);
#6922 = CARTESIAN_POINT('',(183.54601,22.404944,1.7));
#6923 = VECTOR('',#6924,1.);
#6924 = DIRECTION('',(0.999998481094,-1.742931633742E-03,0.));
#6925 = ORIENTED_EDGE('',*,*,#6360,.F.);
#6926 = ORIENTED_EDGE('',*,*,#1664,.F.);
#6927 = PLANE('',#6928);
#6928 = AXIS2_PLACEMENT_3D('',#6929,#6930,#6931);
#6929 = CARTESIAN_POINT('',(183.54601,22.404944,0.));
#6930 = DIRECTION('',(1.742931633742E-03,0.999998481094,0.));
#6931 = DIRECTION('',(0.999998481094,-1.742931633742E-03,0.));
#6932 = ADVANCED_FACE('',(#6933),#6958,.F.);
#6933 = FACE_BOUND('',#6934,.F.);
#6934 = EDGE_LOOP('',(#6935,#6943,#6951,#6957));
#6935 = ORIENTED_EDGE('',*,*,#6936,.T.);
#6936 = EDGE_CURVE('',#1673,#6937,#6939,.T.);
#6937 = VERTEX_POINT('',#6938);
#6938 = CARTESIAN_POINT('',(205.672534,27.488373,1.7));
#6939 = LINE('',#6940,#6941);
#6940 = CARTESIAN_POINT('',(205.672534,27.488373,0.));
#6941 = VECTOR('',#6942,1.);
#6942 = DIRECTION('',(0.,0.,1.));
#6943 = ORIENTED_EDGE('',*,*,#6944,.T.);
#6944 = EDGE_CURVE('',#6937,#6945,#6947,.T.);
#6945 = VERTEX_POINT('',#6946);
#6946 = CARTESIAN_POINT('',(205.70116,27.482353,1.7));
#6947 = LINE('',#6948,#6949);
#6948 = CARTESIAN_POINT('',(205.672534,27.488373,1.7));
#6949 = VECTOR('',#6950,1.);
#6950 = DIRECTION('',(0.978594737843,-0.205796839301,0.));
#6951 = ORIENTED_EDGE('',*,*,#6952,.F.);
#6952 = EDGE_CURVE('',#1675,#6945,#6953,.T.);
#6953 = LINE('',#6954,#6955);
#6954 = CARTESIAN_POINT('',(205.70116,27.482353,0.));
#6955 = VECTOR('',#6956,1.);
#6956 = DIRECTION('',(0.,0.,1.));
#6957 = ORIENTED_EDGE('',*,*,#1672,.F.);
#6958 = PLANE('',#6959);
#6959 = AXIS2_PLACEMENT_3D('',#6960,#6961,#6962);
#6960 = CARTESIAN_POINT('',(205.672534,27.488373,0.));
#6961 = DIRECTION('',(0.205796839301,0.978594737843,0.));
#6962 = DIRECTION('',(0.978594737843,-0.205796839301,0.));
#6963 = ADVANCED_FACE('',(#6964),#6982,.F.);
#6964 = FACE_BOUND('',#6965,.F.);
#6965 = EDGE_LOOP('',(#6966,#6967,#6975,#6981));
#6966 = ORIENTED_EDGE('',*,*,#6952,.T.);
#6967 = ORIENTED_EDGE('',*,*,#6968,.T.);
#6968 = EDGE_CURVE('',#6945,#6969,#6971,.T.);
#6969 = VERTEX_POINT('',#6970);
#6970 = CARTESIAN_POINT('',(205.725315,27.465818,1.7));
#6971 = LINE('',#6972,#6973);
#6972 = CARTESIAN_POINT('',(205.70116,27.482353,1.7));
#6973 = VECTOR('',#6974,1.);
#6974 = DIRECTION('',(0.825181550666,-0.564867602577,0.));
#6975 = ORIENTED_EDGE('',*,*,#6976,.F.);
#6976 = EDGE_CURVE('',#1683,#6969,#6977,.T.);
#6977 = LINE('',#6978,#6979);
#6978 = CARTESIAN_POINT('',(205.725315,27.465818,0.));
#6979 = VECTOR('',#6980,1.);
#6980 = DIRECTION('',(0.,0.,1.));
#6981 = ORIENTED_EDGE('',*,*,#1682,.F.);
#6982 = PLANE('',#6983);
#6983 = AXIS2_PLACEMENT_3D('',#6984,#6985,#6986);
#6984 = CARTESIAN_POINT('',(205.70116,27.482353,0.));
#6985 = DIRECTION('',(0.564867602577,0.825181550666,0.));
#6986 = DIRECTION('',(0.825181550666,-0.564867602577,0.));
#6987 = ADVANCED_FACE('',(#6988),#7006,.F.);
#6988 = FACE_BOUND('',#6989,.F.);
#6989 = EDGE_LOOP('',(#6990,#6991,#6999,#7005));
#6990 = ORIENTED_EDGE('',*,*,#6976,.T.);
#6991 = ORIENTED_EDGE('',*,*,#6992,.T.);
#6992 = EDGE_CURVE('',#6969,#6993,#6995,.T.);
#6993 = VERTEX_POINT('',#6994);
#6994 = CARTESIAN_POINT('',(205.741292,27.441307,1.7));
#6995 = LINE('',#6996,#6997);
#6996 = CARTESIAN_POINT('',(205.725315,27.465818,1.7));
#6997 = VECTOR('',#6998,1.);
#6998 = DIRECTION('',(0.54606550568,-0.837742480424,0.));
#6999 = ORIENTED_EDGE('',*,*,#7000,.F.);
#7000 = EDGE_CURVE('',#1691,#6993,#7001,.T.);
#7001 = LINE('',#7002,#7003);
#7002 = CARTESIAN_POINT('',(205.741292,27.441307,0.));
#7003 = VECTOR('',#7004,1.);
#7004 = DIRECTION('',(0.,0.,1.));
#7005 = ORIENTED_EDGE('',*,*,#1690,.F.);
#7006 = PLANE('',#7007);
#7007 = AXIS2_PLACEMENT_3D('',#7008,#7009,#7010);
#7008 = CARTESIAN_POINT('',(205.725315,27.465818,0.));
#7009 = DIRECTION('',(0.837742480424,0.54606550568,0.));
#7010 = DIRECTION('',(0.54606550568,-0.837742480424,0.));
#7011 = ADVANCED_FACE('',(#7012),#7030,.F.);
#7012 = FACE_BOUND('',#7013,.F.);
#7013 = EDGE_LOOP('',(#7014,#7015,#7023,#7029));
#7014 = ORIENTED_EDGE('',*,*,#7000,.T.);
#7015 = ORIENTED_EDGE('',*,*,#7016,.T.);
#7016 = EDGE_CURVE('',#6993,#7017,#7019,.T.);
#7017 = VERTEX_POINT('',#7018);
#7018 = CARTESIAN_POINT('',(205.741292,27.441281,1.7));
#7019 = LINE('',#7020,#7021);
#7020 = CARTESIAN_POINT('',(205.741292,27.441307,1.7));
#7021 = VECTOR('',#7022,1.);
#7022 = DIRECTION('',(0.,-1.,0.));
#7023 = ORIENTED_EDGE('',*,*,#7024,.F.);
#7024 = EDGE_CURVE('',#1699,#7017,#7025,.T.);
#7025 = LINE('',#7026,#7027);
#7026 = CARTESIAN_POINT('',(205.741292,27.441281,0.));
#7027 = VECTOR('',#7028,1.);
#7028 = DIRECTION('',(0.,0.,1.));
#7029 = ORIENTED_EDGE('',*,*,#1698,.F.);
#7030 = PLANE('',#7031);
#7031 = AXIS2_PLACEMENT_3D('',#7032,#7033,#7034);
#7032 = CARTESIAN_POINT('',(205.741292,27.441307,0.));
#7033 = DIRECTION('',(1.,0.,0.));
#7034 = DIRECTION('',(0.,-1.,0.));
#7035 = ADVANCED_FACE('',(#7036),#7054,.F.);
#7036 = FACE_BOUND('',#7037,.F.);
#7037 = EDGE_LOOP('',(#7038,#7039,#7047,#7053));
#7038 = ORIENTED_EDGE('',*,*,#7024,.T.);
#7039 = ORIENTED_EDGE('',*,*,#7040,.T.);
#7040 = EDGE_CURVE('',#7017,#7041,#7043,.T.);
#7041 = VERTEX_POINT('',#7042);
#7042 = CARTESIAN_POINT('',(205.745381,27.427184,1.7));
#7043 = LINE('',#7044,#7045);
#7044 = CARTESIAN_POINT('',(205.741292,27.441281,1.7));
#7045 = VECTOR('',#7046,1.);
#7046 = DIRECTION('',(0.278579123861,-0.960413281743,0.));
#7047 = ORIENTED_EDGE('',*,*,#7048,.F.);
#7048 = EDGE_CURVE('',#1707,#7041,#7049,.T.);
#7049 = LINE('',#7050,#7051);
#7050 = CARTESIAN_POINT('',(205.745381,27.427184,0.));
#7051 = VECTOR('',#7052,1.);
#7052 = DIRECTION('',(0.,0.,1.));
#7053 = ORIENTED_EDGE('',*,*,#1706,.F.);
#7054 = PLANE('',#7055);
#7055 = AXIS2_PLACEMENT_3D('',#7056,#7057,#7058);
#7056 = CARTESIAN_POINT('',(205.741292,27.441281,0.));
#7057 = DIRECTION('',(0.960413281743,0.278579123861,0.));
#7058 = DIRECTION('',(0.278579123861,-0.960413281743,0.));
#7059 = ADVANCED_FACE('',(#7060),#7078,.F.);
#7060 = FACE_BOUND('',#7061,.F.);
#7061 = EDGE_LOOP('',(#7062,#7063,#7071,#7077));
#7062 = ORIENTED_EDGE('',*,*,#7048,.T.);
#7063 = ORIENTED_EDGE('',*,*,#7064,.T.);
#7064 = EDGE_CURVE('',#7041,#7065,#7067,.T.);
#7065 = VERTEX_POINT('',#7066);
#7066 = CARTESIAN_POINT('',(208.339102,13.567801,1.7));
#7067 = LINE('',#7068,#7069);
#7068 = CARTESIAN_POINT('',(205.745381,27.427184,1.7));
#7069 = VECTOR('',#7070,1.);
#7070 = DIRECTION('',(0.18395189682,-0.98293524693,0.));
#7071 = ORIENTED_EDGE('',*,*,#7072,.F.);
#7072 = EDGE_CURVE('',#1715,#7065,#7073,.T.);
#7073 = LINE('',#7074,#7075);
#7074 = CARTESIAN_POINT('',(208.339102,13.567801,0.));
#7075 = VECTOR('',#7076,1.);
#7076 = DIRECTION('',(0.,0.,1.));
#7077 = ORIENTED_EDGE('',*,*,#1714,.F.);
#7078 = PLANE('',#7079);
#7079 = AXIS2_PLACEMENT_3D('',#7080,#7081,#7082);
#7080 = CARTESIAN_POINT('',(205.745381,27.427184,0.));
#7081 = DIRECTION('',(0.98293524693,0.18395189682,0.));
#7082 = DIRECTION('',(0.18395189682,-0.98293524693,0.));
#7083 = ADVANCED_FACE('',(#7084),#7102,.F.);
#7084 = FACE_BOUND('',#7085,.F.);
#7085 = EDGE_LOOP('',(#7086,#7087,#7095,#7101));
#7086 = ORIENTED_EDGE('',*,*,#7072,.T.);
#7087 = ORIENTED_EDGE('',*,*,#7088,.T.);
#7088 = EDGE_CURVE('',#7065,#7089,#7091,.T.);
#7089 = VERTEX_POINT('',#7090);
#7090 = CARTESIAN_POINT('',(208.340372,13.553146,1.7));
#7091 = LINE('',#7092,#7093);
#7092 = CARTESIAN_POINT('',(208.339102,13.567801,1.7));
#7093 = VECTOR('',#7094,1.);
#7094 = DIRECTION('',(8.633625987767E-02,-0.996266053939,0.));
#7095 = ORIENTED_EDGE('',*,*,#7096,.F.);
#7096 = EDGE_CURVE('',#1723,#7089,#7097,.T.);
#7097 = LINE('',#7098,#7099);
#7098 = CARTESIAN_POINT('',(208.340372,13.553146,0.));
#7099 = VECTOR('',#7100,1.);
#7100 = DIRECTION('',(0.,0.,1.));
#7101 = ORIENTED_EDGE('',*,*,#1722,.F.);
#7102 = PLANE('',#7103);
#7103 = AXIS2_PLACEMENT_3D('',#7104,#7105,#7106);
#7104 = CARTESIAN_POINT('',(208.339102,13.567801,0.));
#7105 = DIRECTION('',(0.996266053939,8.633625987767E-02,0.));
#7106 = DIRECTION('',(8.633625987767E-02,-0.996266053939,0.));
#7107 = ADVANCED_FACE('',(#7108),#7126,.F.);
#7108 = FACE_BOUND('',#7109,.F.);
#7109 = EDGE_LOOP('',(#7110,#7111,#7119,#7125));
#7110 = ORIENTED_EDGE('',*,*,#7096,.T.);
#7111 = ORIENTED_EDGE('',*,*,#7112,.T.);
#7112 = EDGE_CURVE('',#7089,#7113,#7115,.T.);
#7113 = VERTEX_POINT('',#7114);
#7114 = CARTESIAN_POINT('',(208.334352,13.52452,1.7));
#7115 = LINE('',#7116,#7117);
#7116 = CARTESIAN_POINT('',(208.340372,13.553146,1.7));
#7117 = VECTOR('',#7118,1.);
#7118 = DIRECTION('',(-0.205796839301,-0.978594737843,0.));
#7119 = ORIENTED_EDGE('',*,*,#7120,.F.);
#7120 = EDGE_CURVE('',#1731,#7113,#7121,.T.);
#7121 = LINE('',#7122,#7123);
#7122 = CARTESIAN_POINT('',(208.334352,13.52452,0.));
#7123 = VECTOR('',#7124,1.);
#7124 = DIRECTION('',(0.,0.,1.));
#7125 = ORIENTED_EDGE('',*,*,#1730,.F.);
#7126 = PLANE('',#7127);
#7127 = AXIS2_PLACEMENT_3D('',#7128,#7129,#7130);
#7128 = CARTESIAN_POINT('',(208.340372,13.553146,0.));
#7129 = DIRECTION('',(0.978594737843,-0.205796839301,0.));
#7130 = DIRECTION('',(-0.205796839301,-0.978594737843,0.));
#7131 = ADVANCED_FACE('',(#7132),#7150,.F.);
#7132 = FACE_BOUND('',#7133,.F.);
#7133 = EDGE_LOOP('',(#7134,#7135,#7143,#7149));
#7134 = ORIENTED_EDGE('',*,*,#7120,.T.);
#7135 = ORIENTED_EDGE('',*,*,#7136,.T.);
#7136 = EDGE_CURVE('',#7113,#7137,#7139,.T.);
#7137 = VERTEX_POINT('',#7138);
#7138 = CARTESIAN_POINT('',(208.317817,13.500364,1.7));
#7139 = LINE('',#7140,#7141);
#7140 = CARTESIAN_POINT('',(208.334352,13.52452,1.7));
#7141 = VECTOR('',#7142,1.);
#7142 = DIRECTION('',(-0.564851679417,-0.825192450438,0.));
#7143 = ORIENTED_EDGE('',*,*,#7144,.F.);
#7144 = EDGE_CURVE('',#1739,#7137,#7145,.T.);
#7145 = LINE('',#7146,#7147);
#7146 = CARTESIAN_POINT('',(208.317817,13.500364,0.));
#7147 = VECTOR('',#7148,1.);
#7148 = DIRECTION('',(0.,0.,1.));
#7149 = ORIENTED_EDGE('',*,*,#1738,.F.);
#7150 = PLANE('',#7151);
#7151 = AXIS2_PLACEMENT_3D('',#7152,#7153,#7154);
#7152 = CARTESIAN_POINT('',(208.334352,13.52452,0.));
#7153 = DIRECTION('',(0.825192450438,-0.564851679417,0.));
#7154 = DIRECTION('',(-0.564851679417,-0.825192450438,0.));
#7155 = ADVANCED_FACE('',(#7156),#7174,.F.);
#7156 = FACE_BOUND('',#7157,.F.);
#7157 = EDGE_LOOP('',(#7158,#7159,#7167,#7173));
#7158 = ORIENTED_EDGE('',*,*,#7144,.T.);
#7159 = ORIENTED_EDGE('',*,*,#7160,.T.);
#7160 = EDGE_CURVE('',#7137,#7161,#7163,.T.);
#7161 = VERTEX_POINT('',#7162);
#7162 = CARTESIAN_POINT('',(208.30814,13.494065,1.7));
#7163 = LINE('',#7164,#7165);
#7164 = CARTESIAN_POINT('',(208.317817,13.500364,1.7));
#7165 = VECTOR('',#7166,1.);
#7166 = DIRECTION('',(-0.838089251394,-0.545533139872,0.));
#7167 = ORIENTED_EDGE('',*,*,#7168,.F.);
#7168 = EDGE_CURVE('',#1747,#7161,#7169,.T.);
#7169 = LINE('',#7170,#7171);
#7170 = CARTESIAN_POINT('',(208.30814,13.494065,0.));
#7171 = VECTOR('',#7172,1.);
#7172 = DIRECTION('',(0.,0.,1.));
#7173 = ORIENTED_EDGE('',*,*,#1746,.F.);
#7174 = PLANE('',#7175);
#7175 = AXIS2_PLACEMENT_3D('',#7176,#7177,#7178);
#7176 = CARTESIAN_POINT('',(208.317817,13.500364,0.));
#7177 = DIRECTION('',(0.545533139872,-0.838089251394,0.));
#7178 = DIRECTION('',(-0.838089251394,-0.545533139872,0.));
#7179 = ADVANCED_FACE('',(#7180),#7198,.F.);
#7180 = FACE_BOUND('',#7181,.F.);
#7181 = EDGE_LOOP('',(#7182,#7183,#7191,#7197));
#7182 = ORIENTED_EDGE('',*,*,#7168,.T.);
#7183 = ORIENTED_EDGE('',*,*,#7184,.T.);
#7184 = EDGE_CURVE('',#7161,#7185,#7187,.T.);
#7185 = VERTEX_POINT('',#7186);
#7186 = CARTESIAN_POINT('',(208.293306,13.484388,1.7));
#7187 = LINE('',#7188,#7189);
#7188 = CARTESIAN_POINT('',(208.30814,13.494065,1.7));
#7189 = VECTOR('',#7190,1.);
#7190 = DIRECTION('',(-0.837542073287,-0.546372835593,0.));
#7191 = ORIENTED_EDGE('',*,*,#7192,.F.);
#7192 = EDGE_CURVE('',#1755,#7185,#7193,.T.);
#7193 = LINE('',#7194,#7195);
#7194 = CARTESIAN_POINT('',(208.293306,13.484388,0.));
#7195 = VECTOR('',#7196,1.);
#7196 = DIRECTION('',(0.,0.,1.));
#7197 = ORIENTED_EDGE('',*,*,#1754,.F.);
#7198 = PLANE('',#7199);
#7199 = AXIS2_PLACEMENT_3D('',#7200,#7201,#7202);
#7200 = CARTESIAN_POINT('',(208.30814,13.494065,0.));
#7201 = DIRECTION('',(0.546372835593,-0.837542073287,0.));
#7202 = DIRECTION('',(-0.837542073287,-0.546372835593,0.));
#7203 = ADVANCED_FACE('',(#7204),#7222,.F.);
#7204 = FACE_BOUND('',#7205,.F.);
#7205 = EDGE_LOOP('',(#7206,#7207,#7215,#7221));
#7206 = ORIENTED_EDGE('',*,*,#7192,.T.);
#7207 = ORIENTED_EDGE('',*,*,#7208,.T.);
#7208 = EDGE_CURVE('',#7185,#7209,#7211,.T.);
#7209 = VERTEX_POINT('',#7210);
#7210 = CARTESIAN_POINT('',(208.293281,13.484388,1.7));
#7211 = LINE('',#7212,#7213);
#7212 = CARTESIAN_POINT('',(208.293306,13.484388,1.7));
#7213 = VECTOR('',#7214,1.);
#7214 = DIRECTION('',(-1.,0.,0.));
#7215 = ORIENTED_EDGE('',*,*,#7216,.F.);
#7216 = EDGE_CURVE('',#1763,#7209,#7217,.T.);
#7217 = LINE('',#7218,#7219);
#7218 = CARTESIAN_POINT('',(208.293281,13.484388,0.));
#7219 = VECTOR('',#7220,1.);
#7220 = DIRECTION('',(0.,0.,1.));
#7221 = ORIENTED_EDGE('',*,*,#1762,.F.);
#7222 = PLANE('',#7223);
#7223 = AXIS2_PLACEMENT_3D('',#7224,#7225,#7226);
#7224 = CARTESIAN_POINT('',(208.293306,13.484388,0.));
#7225 = DIRECTION('',(0.,-1.,0.));
#7226 = DIRECTION('',(-1.,0.,0.));
#7227 = ADVANCED_FACE('',(#7228),#7246,.F.);
#7228 = FACE_BOUND('',#7229,.F.);
#7229 = EDGE_LOOP('',(#7230,#7231,#7239,#7245));
#7230 = ORIENTED_EDGE('',*,*,#7216,.T.);
#7231 = ORIENTED_EDGE('',*,*,#7232,.T.);
#7232 = EDGE_CURVE('',#7209,#7233,#7235,.T.);
#7233 = VERTEX_POINT('',#7234);
#7234 = CARTESIAN_POINT('',(208.279184,13.480273,1.7));
#7235 = LINE('',#7236,#7237);
#7236 = CARTESIAN_POINT('',(208.293281,13.484388,1.7));
#7237 = VECTOR('',#7238,1.);
#7238 = DIRECTION('',(-0.959938200659,-0.280211796532,0.));
#7239 = ORIENTED_EDGE('',*,*,#7240,.F.);
#7240 = EDGE_CURVE('',#1771,#7233,#7241,.T.);
#7241 = LINE('',#7242,#7243);
#7242 = CARTESIAN_POINT('',(208.279184,13.480273,0.));
#7243 = VECTOR('',#7244,1.);
#7244 = DIRECTION('',(0.,0.,1.));
#7245 = ORIENTED_EDGE('',*,*,#1770,.F.);
#7246 = PLANE('',#7247);
#7247 = AXIS2_PLACEMENT_3D('',#7248,#7249,#7250);
#7248 = CARTESIAN_POINT('',(208.293281,13.484388,0.));
#7249 = DIRECTION('',(0.280211796532,-0.959938200659,0.));
#7250 = DIRECTION('',(-0.959938200659,-0.280211796532,0.));
#7251 = ADVANCED_FACE('',(#7252),#7270,.F.);
#7252 = FACE_BOUND('',#7253,.F.);
#7253 = EDGE_LOOP('',(#7254,#7255,#7263,#7269));
#7254 = ORIENTED_EDGE('',*,*,#7240,.T.);
#7255 = ORIENTED_EDGE('',*,*,#7256,.T.);
#7256 = EDGE_CURVE('',#7233,#7257,#7259,.T.);
#7257 = VERTEX_POINT('',#7258);
#7258 = CARTESIAN_POINT('',(194.419801,10.886577,1.7));
#7259 = LINE('',#7260,#7261);
#7260 = CARTESIAN_POINT('',(208.279184,13.480273,1.7));
#7261 = VECTOR('',#7262,1.);
#7262 = DIRECTION('',(-0.982935567518,-0.183950183766,0.));
#7263 = ORIENTED_EDGE('',*,*,#7264,.F.);
#7264 = EDGE_CURVE('',#1779,#7257,#7265,.T.);
#7265 = LINE('',#7266,#7267);
#7266 = CARTESIAN_POINT('',(194.419801,10.886577,0.));
#7267 = VECTOR('',#7268,1.);
#7268 = DIRECTION('',(0.,0.,1.));
#7269 = ORIENTED_EDGE('',*,*,#1778,.F.);
#7270 = PLANE('',#7271);
#7271 = AXIS2_PLACEMENT_3D('',#7272,#7273,#7274);
#7272 = CARTESIAN_POINT('',(208.279184,13.480273,0.));
#7273 = DIRECTION('',(0.183950183766,-0.982935567518,0.));
#7274 = DIRECTION('',(-0.982935567518,-0.183950183766,0.));
#7275 = ADVANCED_FACE('',(#7276),#7294,.F.);
#7276 = FACE_BOUND('',#7277,.F.);
#7277 = EDGE_LOOP('',(#7278,#7279,#7287,#7293));
#7278 = ORIENTED_EDGE('',*,*,#7264,.T.);
#7279 = ORIENTED_EDGE('',*,*,#7280,.T.);
#7280 = EDGE_CURVE('',#7257,#7281,#7283,.T.);
#7281 = VERTEX_POINT('',#7282);
#7282 = CARTESIAN_POINT('',(194.405145,10.885282,1.7));
#7283 = LINE('',#7284,#7285);
#7284 = CARTESIAN_POINT('',(194.419801,10.886577,1.7));
#7285 = VECTOR('',#7286,1.);
#7286 = DIRECTION('',(-0.996118991108,-8.801679131318E-02,0.));
#7287 = ORIENTED_EDGE('',*,*,#7288,.F.);
#7288 = EDGE_CURVE('',#1787,#7281,#7289,.T.);
#7289 = LINE('',#7290,#7291);
#7290 = CARTESIAN_POINT('',(194.405145,10.885282,0.));
#7291 = VECTOR('',#7292,1.);
#7292 = DIRECTION('',(0.,0.,1.));
#7293 = ORIENTED_EDGE('',*,*,#1786,.F.);
#7294 = PLANE('',#7295);
#7295 = AXIS2_PLACEMENT_3D('',#7296,#7297,#7298);
#7296 = CARTESIAN_POINT('',(194.419801,10.886577,0.));
#7297 = DIRECTION('',(8.801679131318E-02,-0.996118991108,0.));
#7298 = DIRECTION('',(-0.996118991108,-8.801679131318E-02,0.));
#7299 = ADVANCED_FACE('',(#7300),#7318,.F.);
#7300 = FACE_BOUND('',#7301,.F.);
#7301 = EDGE_LOOP('',(#7302,#7303,#7311,#7317));
#7302 = ORIENTED_EDGE('',*,*,#7288,.T.);
#7303 = ORIENTED_EDGE('',*,*,#7304,.T.);
#7304 = EDGE_CURVE('',#7281,#7305,#7307,.T.);
#7305 = VERTEX_POINT('',#7306);
#7306 = CARTESIAN_POINT('',(194.376519,10.891327,1.7));
#7307 = LINE('',#7308,#7309);
#7308 = CARTESIAN_POINT('',(194.405145,10.885282,1.7));
#7309 = VECTOR('',#7310,1.);
#7310 = DIRECTION('',(-0.97842230903,0.206615065258,0.));
#7311 = ORIENTED_EDGE('',*,*,#7312,.F.);
#7312 = EDGE_CURVE('',#1795,#7305,#7313,.T.);
#7313 = LINE('',#7314,#7315);
#7314 = CARTESIAN_POINT('',(194.376519,10.891327,0.));
#7315 = VECTOR('',#7316,1.);
#7316 = DIRECTION('',(0.,0.,1.));
#7317 = ORIENTED_EDGE('',*,*,#1794,.F.);
#7318 = PLANE('',#7319);
#7319 = AXIS2_PLACEMENT_3D('',#7320,#7321,#7322);
#7320 = CARTESIAN_POINT('',(194.405145,10.885282,0.));
#7321 = DIRECTION('',(-0.206615065258,-0.97842230903,0.));
#7322 = DIRECTION('',(-0.97842230903,0.206615065258,0.));
#7323 = ADVANCED_FACE('',(#7324),#7342,.F.);
#7324 = FACE_BOUND('',#7325,.F.);
#7325 = EDGE_LOOP('',(#7326,#7327,#7335,#7341));
#7326 = ORIENTED_EDGE('',*,*,#7312,.T.);
#7327 = ORIENTED_EDGE('',*,*,#7328,.T.);
#7328 = EDGE_CURVE('',#7305,#7329,#7331,.T.);
#7329 = VERTEX_POINT('',#7330);
#7330 = CARTESIAN_POINT('',(194.352364,10.907863,1.7));
#7331 = LINE('',#7332,#7333);
#7332 = CARTESIAN_POINT('',(194.376519,10.891327,1.7));
#7333 = VECTOR('',#7334,1.);
#7334 = DIRECTION('',(-0.825165627141,0.564890863606,0.));
#7335 = ORIENTED_EDGE('',*,*,#7336,.F.);
#7336 = EDGE_CURVE('',#1803,#7329,#7337,.T.);
#7337 = LINE('',#7338,#7339);
#7338 = CARTESIAN_POINT('',(194.352364,10.907863,0.));
#7339 = VECTOR('',#7340,1.);
#7340 = DIRECTION('',(0.,0.,1.));
#7341 = ORIENTED_EDGE('',*,*,#1802,.F.);
#7342 = PLANE('',#7343);
#7343 = AXIS2_PLACEMENT_3D('',#7344,#7345,#7346);
#7344 = CARTESIAN_POINT('',(194.376519,10.891327,0.));
#7345 = DIRECTION('',(-0.564890863606,-0.825165627141,0.));
#7346 = DIRECTION('',(-0.825165627141,0.564890863606,0.));
#7347 = ADVANCED_FACE('',(#7348),#7366,.F.);
#7348 = FACE_BOUND('',#7349,.F.);
#7349 = EDGE_LOOP('',(#7350,#7351,#7359,#7365));
#7350 = ORIENTED_EDGE('',*,*,#7336,.T.);
#7351 = ORIENTED_EDGE('',*,*,#7352,.T.);
#7352 = EDGE_CURVE('',#7329,#7353,#7355,.T.);
#7353 = VERTEX_POINT('',#7354);
#7354 = CARTESIAN_POINT('',(194.336387,10.932374,1.7));
#7355 = LINE('',#7356,#7357);
#7356 = CARTESIAN_POINT('',(194.352364,10.907863,1.7));
#7357 = VECTOR('',#7358,1.);
#7358 = DIRECTION('',(-0.54606550568,0.837742480424,0.));
#7359 = ORIENTED_EDGE('',*,*,#7360,.F.);
#7360 = EDGE_CURVE('',#1811,#7353,#7361,.T.);
#7361 = LINE('',#7362,#7363);
#7362 = CARTESIAN_POINT('',(194.336387,10.932374,0.));
#7363 = VECTOR('',#7364,1.);
#7364 = DIRECTION('',(0.,0.,1.));
#7365 = ORIENTED_EDGE('',*,*,#1810,.F.);
#7366 = PLANE('',#7367);
#7367 = AXIS2_PLACEMENT_3D('',#7368,#7369,#7370);
#7368 = CARTESIAN_POINT('',(194.352364,10.907863,0.));
#7369 = DIRECTION('',(-0.837742480424,-0.54606550568,0.));
#7370 = DIRECTION('',(-0.54606550568,0.837742480424,0.));
#7371 = ADVANCED_FACE('',(#7372),#7390,.F.);
#7372 = FACE_BOUND('',#7373,.F.);
#7373 = EDGE_LOOP('',(#7374,#7375,#7383,#7389));
#7374 = ORIENTED_EDGE('',*,*,#7360,.T.);
#7375 = ORIENTED_EDGE('',*,*,#7376,.T.);
#7376 = EDGE_CURVE('',#7353,#7377,#7379,.T.);
#7377 = VERTEX_POINT('',#7378);
#7378 = CARTESIAN_POINT('',(194.332272,10.946496,1.7));
#7379 = LINE('',#7380,#7381);
#7380 = CARTESIAN_POINT('',(194.336387,10.932374,1.7));
#7381 = VECTOR('',#7382,1.);
#7382 = DIRECTION('',(-0.279754595425,0.960071542302,0.));
#7383 = ORIENTED_EDGE('',*,*,#7384,.F.);
#7384 = EDGE_CURVE('',#1819,#7377,#7385,.T.);
#7385 = LINE('',#7386,#7387);
#7386 = CARTESIAN_POINT('',(194.332272,10.946496,0.));
#7387 = VECTOR('',#7388,1.);
#7388 = DIRECTION('',(0.,0.,1.));
#7389 = ORIENTED_EDGE('',*,*,#1818,.F.);
#7390 = PLANE('',#7391);
#7391 = AXIS2_PLACEMENT_3D('',#7392,#7393,#7394);
#7392 = CARTESIAN_POINT('',(194.336387,10.932374,0.));
#7393 = DIRECTION('',(-0.960071542302,-0.279754595425,0.));
#7394 = DIRECTION('',(-0.279754595425,0.960071542302,0.));
#7395 = ADVANCED_FACE('',(#7396),#7414,.F.);
#7396 = FACE_BOUND('',#7397,.F.);
#7397 = EDGE_LOOP('',(#7398,#7399,#7407,#7413));
#7398 = ORIENTED_EDGE('',*,*,#7384,.T.);
#7399 = ORIENTED_EDGE('',*,*,#7400,.T.);
#7400 = EDGE_CURVE('',#7377,#7401,#7403,.T.);
#7401 = VERTEX_POINT('',#7402);
#7402 = CARTESIAN_POINT('',(191.738577,24.805879,1.7));
#7403 = LINE('',#7404,#7405);
#7404 = CARTESIAN_POINT('',(194.332272,10.946496,1.7));
#7405 = VECTOR('',#7406,1.);
#7406 = DIRECTION('',(-0.183950115244,0.982935580342,0.));
#7407 = ORIENTED_EDGE('',*,*,#7408,.F.);
#7408 = EDGE_CURVE('',#1827,#7401,#7409,.T.);
#7409 = LINE('',#7410,#7411);
#7410 = CARTESIAN_POINT('',(191.738577,24.805879,0.));
#7411 = VECTOR('',#7412,1.);
#7412 = DIRECTION('',(0.,0.,1.));
#7413 = ORIENTED_EDGE('',*,*,#1826,.F.);
#7414 = PLANE('',#7415);
#7415 = AXIS2_PLACEMENT_3D('',#7416,#7417,#7418);
#7416 = CARTESIAN_POINT('',(194.332272,10.946496,0.));
#7417 = DIRECTION('',(-0.982935580342,-0.183950115244,0.));
#7418 = DIRECTION('',(-0.183950115244,0.982935580342,0.));
#7419 = ADVANCED_FACE('',(#7420),#7438,.F.);
#7420 = FACE_BOUND('',#7421,.F.);
#7421 = EDGE_LOOP('',(#7422,#7423,#7431,#7437));
#7422 = ORIENTED_EDGE('',*,*,#7408,.T.);
#7423 = ORIENTED_EDGE('',*,*,#7424,.T.);
#7424 = EDGE_CURVE('',#7401,#7425,#7427,.T.);
#7425 = VERTEX_POINT('',#7426);
#7426 = CARTESIAN_POINT('',(191.737281,24.820535,1.7));
#7427 = LINE('',#7428,#7429);
#7428 = CARTESIAN_POINT('',(191.738577,24.805879,1.7));
#7429 = VECTOR('',#7430,1.);
#7430 = DIRECTION('',(-8.808423080732E-02,0.996113029873,0.));
#7431 = ORIENTED_EDGE('',*,*,#7432,.F.);
#7432 = EDGE_CURVE('',#1835,#7425,#7433,.T.);
#7433 = LINE('',#7434,#7435);
#7434 = CARTESIAN_POINT('',(191.737281,24.820535,0.));
#7435 = VECTOR('',#7436,1.);
#7436 = DIRECTION('',(0.,0.,1.));
#7437 = ORIENTED_EDGE('',*,*,#1834,.F.);
#7438 = PLANE('',#7439);
#7439 = AXIS2_PLACEMENT_3D('',#7440,#7441,#7442);
#7440 = CARTESIAN_POINT('',(191.738577,24.805879,0.));
#7441 = DIRECTION('',(-0.996113029873,-8.808423080732E-02,0.));
#7442 = DIRECTION('',(-8.808423080732E-02,0.996113029873,0.));
#7443 = ADVANCED_FACE('',(#7444),#7462,.F.);
#7444 = FACE_BOUND('',#7445,.F.);
#7445 = EDGE_LOOP('',(#7446,#7447,#7455,#7461));
#7446 = ORIENTED_EDGE('',*,*,#7432,.T.);
#7447 = ORIENTED_EDGE('',*,*,#7448,.T.);
#7448 = EDGE_CURVE('',#7425,#7449,#7451,.T.);
#7449 = VERTEX_POINT('',#7450);
#7450 = CARTESIAN_POINT('',(191.743326,24.849161,1.7));
#7451 = LINE('',#7452,#7453);
#7452 = CARTESIAN_POINT('',(191.737281,24.820535,1.7));
#7453 = VECTOR('',#7454,1.);
#7454 = DIRECTION('',(0.206615065258,0.97842230903,0.));
#7455 = ORIENTED_EDGE('',*,*,#7456,.F.);
#7456 = EDGE_CURVE('',#1843,#7449,#7457,.T.);
#7457 = LINE('',#7458,#7459);
#7458 = CARTESIAN_POINT('',(191.743326,24.849161,0.));
#7459 = VECTOR('',#7460,1.);
#7460 = DIRECTION('',(0.,0.,1.));
#7461 = ORIENTED_EDGE('',*,*,#1842,.F.);
#7462 = PLANE('',#7463);
#7463 = AXIS2_PLACEMENT_3D('',#7464,#7465,#7466);
#7464 = CARTESIAN_POINT('',(191.737281,24.820535,0.));
#7465 = DIRECTION('',(-0.97842230903,0.206615065258,0.));
#7466 = DIRECTION('',(0.206615065258,0.97842230903,0.));
#7467 = ADVANCED_FACE('',(#7468),#7486,.F.);
#7468 = FACE_BOUND('',#7469,.F.);
#7469 = EDGE_LOOP('',(#7470,#7471,#7479,#7485));
#7470 = ORIENTED_EDGE('',*,*,#7456,.T.);
#7471 = ORIENTED_EDGE('',*,*,#7472,.T.);
#7472 = EDGE_CURVE('',#7449,#7473,#7475,.T.);
#7473 = VERTEX_POINT('',#7474);
#7474 = CARTESIAN_POINT('',(191.759862,24.873316,1.7));
#7475 = LINE('',#7476,#7477);
#7476 = CARTESIAN_POINT('',(191.743326,24.849161,1.7));
#7477 = VECTOR('',#7478,1.);
#7478 = DIRECTION('',(0.564890863606,0.825165627141,0.));
#7479 = ORIENTED_EDGE('',*,*,#7480,.F.);
#7480 = EDGE_CURVE('',#1851,#7473,#7481,.T.);
#7481 = LINE('',#7482,#7483);
#7482 = CARTESIAN_POINT('',(191.759862,24.873316,0.));
#7483 = VECTOR('',#7484,1.);
#7484 = DIRECTION('',(0.,0.,1.));
#7485 = ORIENTED_EDGE('',*,*,#1850,.F.);
#7486 = PLANE('',#7487);
#7487 = AXIS2_PLACEMENT_3D('',#7488,#7489,#7490);
#7488 = CARTESIAN_POINT('',(191.743326,24.849161,0.));
#7489 = DIRECTION('',(-0.825165627141,0.564890863606,0.));
#7490 = DIRECTION('',(0.564890863606,0.825165627141,0.));
#7491 = ADVANCED_FACE('',(#7492),#7510,.F.);
#7492 = FACE_BOUND('',#7493,.F.);
#7493 = EDGE_LOOP('',(#7494,#7495,#7503,#7509));
#7494 = ORIENTED_EDGE('',*,*,#7480,.T.);
#7495 = ORIENTED_EDGE('',*,*,#7496,.T.);
#7496 = EDGE_CURVE('',#7473,#7497,#7499,.T.);
#7497 = VERTEX_POINT('',#7498);
#7498 = CARTESIAN_POINT('',(191.784373,24.889293,1.7));
#7499 = LINE('',#7500,#7501);
#7500 = CARTESIAN_POINT('',(191.759862,24.873316,1.7));
#7501 = VECTOR('',#7502,1.);
#7502 = DIRECTION('',(0.837742480423,0.54606550568,0.));
#7503 = ORIENTED_EDGE('',*,*,#7504,.F.);
#7504 = EDGE_CURVE('',#1859,#7497,#7505,.T.);
#7505 = LINE('',#7506,#7507);
#7506 = CARTESIAN_POINT('',(191.784373,24.889293,0.));
#7507 = VECTOR('',#7508,1.);
#7508 = DIRECTION('',(0.,0.,1.));
#7509 = ORIENTED_EDGE('',*,*,#1858,.F.);
#7510 = PLANE('',#7511);
#7511 = AXIS2_PLACEMENT_3D('',#7512,#7513,#7514);
#7512 = CARTESIAN_POINT('',(191.759862,24.873316,0.));
#7513 = DIRECTION('',(-0.54606550568,0.837742480423,0.));
#7514 = DIRECTION('',(0.837742480423,0.54606550568,0.));
#7515 = ADVANCED_FACE('',(#7516),#7534,.F.);
#7516 = FACE_BOUND('',#7517,.F.);
#7517 = EDGE_LOOP('',(#7518,#7519,#7527,#7533));
#7518 = ORIENTED_EDGE('',*,*,#7504,.T.);
#7519 = ORIENTED_EDGE('',*,*,#7520,.T.);
#7520 = EDGE_CURVE('',#7497,#7521,#7523,.T.);
#7521 = VERTEX_POINT('',#7522);
#7522 = CARTESIAN_POINT('',(191.798495,24.893382,1.7));
#7523 = LINE('',#7524,#7525);
#7524 = CARTESIAN_POINT('',(191.784373,24.889293,1.7));
#7525 = VECTOR('',#7526,1.);
#7526 = DIRECTION('',(0.960545138972,0.278124137746,0.));
#7527 = ORIENTED_EDGE('',*,*,#7528,.F.);
#7528 = EDGE_CURVE('',#1867,#7521,#7529,.T.);
#7529 = LINE('',#7530,#7531);
#7530 = CARTESIAN_POINT('',(191.798495,24.893382,0.));
#7531 = VECTOR('',#7532,1.);
#7532 = DIRECTION('',(0.,0.,1.));
#7533 = ORIENTED_EDGE('',*,*,#1866,.F.);
#7534 = PLANE('',#7535);
#7535 = AXIS2_PLACEMENT_3D('',#7536,#7537,#7538);
#7536 = CARTESIAN_POINT('',(191.784373,24.889293,0.));
#7537 = DIRECTION('',(-0.278124137746,0.960545138972,0.));
#7538 = DIRECTION('',(0.960545138972,0.278124137746,0.));
#7539 = ADVANCED_FACE('',(#7540),#7558,.F.);
#7540 = FACE_BOUND('',#7541,.F.);
#7541 = EDGE_LOOP('',(#7542,#7543,#7551,#7557));
#7542 = ORIENTED_EDGE('',*,*,#7528,.T.);
#7543 = ORIENTED_EDGE('',*,*,#7544,.T.);
#7544 = EDGE_CURVE('',#7521,#7545,#7547,.T.);
#7545 = VERTEX_POINT('',#7546);
#7546 = CARTESIAN_POINT('',(205.657878,27.487103,1.7));
#7547 = LINE('',#7548,#7549);
#7548 = CARTESIAN_POINT('',(191.798495,24.893382,1.7));
#7549 = VECTOR('',#7550,1.);
#7550 = DIRECTION('',(0.98293524693,0.18395189682,0.));
#7551 = ORIENTED_EDGE('',*,*,#7552,.F.);
#7552 = EDGE_CURVE('',#1875,#7545,#7553,.T.);
#7553 = LINE('',#7554,#7555);
#7554 = CARTESIAN_POINT('',(205.657878,27.487103,0.));
#7555 = VECTOR('',#7556,1.);
#7556 = DIRECTION('',(0.,0.,1.));
#7557 = ORIENTED_EDGE('',*,*,#1874,.F.);
#7558 = PLANE('',#7559);
#7559 = AXIS2_PLACEMENT_3D('',#7560,#7561,#7562);
#7560 = CARTESIAN_POINT('',(191.798495,24.893382,0.));
#7561 = DIRECTION('',(-0.18395189682,0.98293524693,0.));
#7562 = DIRECTION('',(0.98293524693,0.18395189682,0.));
#7563 = ADVANCED_FACE('',(#7564),#7575,.F.);
#7564 = FACE_BOUND('',#7565,.F.);
#7565 = EDGE_LOOP('',(#7566,#7567,#7573,#7574));
#7566 = ORIENTED_EDGE('',*,*,#7552,.T.);
#7567 = ORIENTED_EDGE('',*,*,#7568,.T.);
#7568 = EDGE_CURVE('',#7545,#6937,#7569,.T.);
#7569 = LINE('',#7570,#7571);
#7570 = CARTESIAN_POINT('',(205.657878,27.487103,1.7));
#7571 = VECTOR('',#7572,1.);
#7572 = DIRECTION('',(0.996266560616,8.633041293537E-02,0.));
#7573 = ORIENTED_EDGE('',*,*,#6936,.F.);
#7574 = ORIENTED_EDGE('',*,*,#1882,.F.);
#7575 = PLANE('',#7576);
#7576 = AXIS2_PLACEMENT_3D('',#7577,#7578,#7579);
#7577 = CARTESIAN_POINT('',(205.657878,27.487103,0.));
#7578 = DIRECTION('',(-8.633041293537E-02,0.996266560616,0.));
#7579 = DIRECTION('',(0.996266560616,8.633041293537E-02,0.));
#7580 = ADVANCED_FACE('',(#7581),#7606,.F.);
#7581 = FACE_BOUND('',#7582,.F.);
#7582 = EDGE_LOOP('',(#7583,#7591,#7599,#7605));
#7583 = ORIENTED_EDGE('',*,*,#7584,.T.);
#7584 = EDGE_CURVE('',#1891,#7585,#7587,.T.);
#7585 = VERTEX_POINT('',#7586);
#7586 = CARTESIAN_POINT('',(188.575896,46.759937,1.7));
#7587 = LINE('',#7588,#7589);
#7588 = CARTESIAN_POINT('',(188.575896,46.759937,0.));
#7589 = VECTOR('',#7590,1.);
#7590 = DIRECTION('',(0.,0.,1.));
#7591 = ORIENTED_EDGE('',*,*,#7592,.T.);
#7592 = EDGE_CURVE('',#7585,#7593,#7595,.T.);
#7593 = VERTEX_POINT('',#7594);
#7594 = CARTESIAN_POINT('',(188.589434,46.746399,1.7));
#7595 = LINE('',#7596,#7597);
#7596 = CARTESIAN_POINT('',(188.575896,46.759937,1.7));
#7597 = VECTOR('',#7598,1.);
#7598 = DIRECTION('',(0.707106781187,-0.707106781186,0.));
#7599 = ORIENTED_EDGE('',*,*,#7600,.F.);
#7600 = EDGE_CURVE('',#1893,#7593,#7601,.T.);
#7601 = LINE('',#7602,#7603);
#7602 = CARTESIAN_POINT('',(188.589434,46.746399,0.));
#7603 = VECTOR('',#7604,1.);
#7604 = DIRECTION('',(0.,0.,1.));
#7605 = ORIENTED_EDGE('',*,*,#1890,.F.);
#7606 = PLANE('',#7607);
#7607 = AXIS2_PLACEMENT_3D('',#7608,#7609,#7610);
#7608 = CARTESIAN_POINT('',(188.575896,46.759937,0.));
#7609 = DIRECTION('',(0.707106781186,0.707106781187,0.));
#7610 = DIRECTION('',(0.707106781187,-0.707106781186,0.));
#7611 = ADVANCED_FACE('',(#7612),#7630,.F.);
#7612 = FACE_BOUND('',#7613,.F.);
#7613 = EDGE_LOOP('',(#7614,#7615,#7623,#7629));
#7614 = ORIENTED_EDGE('',*,*,#7600,.T.);
#7615 = ORIENTED_EDGE('',*,*,#7616,.T.);
#7616 = EDGE_CURVE('',#7593,#7617,#7619,.T.);
#7617 = VERTEX_POINT('',#7618);
#7618 = CARTESIAN_POINT('',(188.591339,46.736849,1.7));
#7619 = LINE('',#7620,#7621);
#7620 = CARTESIAN_POINT('',(188.589434,46.746399,1.7));
#7621 = VECTOR('',#7622,1.);
#7622 = DIRECTION('',(0.195622413498,-0.980679290766,0.));
#7623 = ORIENTED_EDGE('',*,*,#7624,.F.);
#7624 = EDGE_CURVE('',#1901,#7617,#7625,.T.);
#7625 = LINE('',#7626,#7627);
#7626 = CARTESIAN_POINT('',(188.591339,46.736849,0.));
#7627 = VECTOR('',#7628,1.);
#7628 = DIRECTION('',(0.,0.,1.));
#7629 = ORIENTED_EDGE('',*,*,#1900,.F.);
#7630 = PLANE('',#7631);
#7631 = AXIS2_PLACEMENT_3D('',#7632,#7633,#7634);
#7632 = CARTESIAN_POINT('',(188.589434,46.746399,0.));
#7633 = DIRECTION('',(0.980679290766,0.195622413498,0.));
#7634 = DIRECTION('',(0.195622413498,-0.980679290766,0.));
#7635 = ADVANCED_FACE('',(#7636),#7654,.F.);
#7636 = FACE_BOUND('',#7637,.F.);
#7637 = EDGE_LOOP('',(#7638,#7639,#7647,#7653));
#7638 = ORIENTED_EDGE('',*,*,#7624,.T.);
#7639 = ORIENTED_EDGE('',*,*,#7640,.T.);
#7640 = EDGE_CURVE('',#7617,#7641,#7643,.T.);
#7641 = VERTEX_POINT('',#7642);
#7642 = CARTESIAN_POINT('',(188.591339,31.736828,1.7));
#7643 = LINE('',#7644,#7645);
#7644 = CARTESIAN_POINT('',(188.591339,46.736849,1.7));
#7645 = VECTOR('',#7646,1.);
#7646 = DIRECTION('',(0.,-1.,0.));
#7647 = ORIENTED_EDGE('',*,*,#7648,.F.);
#7648 = EDGE_CURVE('',#1909,#7641,#7649,.T.);
#7649 = LINE('',#7650,#7651);
#7650 = CARTESIAN_POINT('',(188.591339,31.736828,0.));
#7651 = VECTOR('',#7652,1.);
#7652 = DIRECTION('',(0.,0.,1.));
#7653 = ORIENTED_EDGE('',*,*,#1908,.F.);
#7654 = PLANE('',#7655);
#7655 = AXIS2_PLACEMENT_3D('',#7656,#7657,#7658);
#7656 = CARTESIAN_POINT('',(188.591339,46.736849,0.));
#7657 = DIRECTION('',(1.,0.,0.));
#7658 = DIRECTION('',(0.,-1.,0.));
#7659 = ADVANCED_FACE('',(#7660),#7678,.F.);
#7660 = FACE_BOUND('',#7661,.F.);
#7661 = EDGE_LOOP('',(#7662,#7663,#7671,#7677));
#7662 = ORIENTED_EDGE('',*,*,#7648,.T.);
#7663 = ORIENTED_EDGE('',*,*,#7664,.T.);
#7664 = EDGE_CURVE('',#7641,#7665,#7667,.T.);
#7665 = VERTEX_POINT('',#7666);
#7666 = CARTESIAN_POINT('',(188.589434,31.727277,1.7));
#7667 = LINE('',#7668,#7669);
#7668 = CARTESIAN_POINT('',(188.591339,31.736828,1.7));
#7669 = VECTOR('',#7670,1.);
#7670 = DIRECTION('',(-0.195602715305,-0.980683219886,0.));
#7671 = ORIENTED_EDGE('',*,*,#7672,.F.);
#7672 = EDGE_CURVE('',#1917,#7665,#7673,.T.);
#7673 = LINE('',#7674,#7675);
#7674 = CARTESIAN_POINT('',(188.589434,31.727277,0.));
#7675 = VECTOR('',#7676,1.);
#7676 = DIRECTION('',(0.,0.,1.));
#7677 = ORIENTED_EDGE('',*,*,#1916,.F.);
#7678 = PLANE('',#7679);
#7679 = AXIS2_PLACEMENT_3D('',#7680,#7681,#7682);
#7680 = CARTESIAN_POINT('',(188.591339,31.736828,0.));
#7681 = DIRECTION('',(0.980683219886,-0.195602715305,0.));
#7682 = DIRECTION('',(-0.195602715305,-0.980683219886,0.));
#7683 = ADVANCED_FACE('',(#7684),#7702,.F.);
#7684 = FACE_BOUND('',#7685,.F.);
#7685 = EDGE_LOOP('',(#7686,#7687,#7695,#7701));
#7686 = ORIENTED_EDGE('',*,*,#7672,.T.);
#7687 = ORIENTED_EDGE('',*,*,#7688,.T.);
#7688 = EDGE_CURVE('',#7665,#7689,#7691,.T.);
#7689 = VERTEX_POINT('',#7690);
#7690 = CARTESIAN_POINT('',(188.575896,31.713739,1.7));
#7691 = LINE('',#7692,#7693);
#7692 = CARTESIAN_POINT('',(188.589434,31.727277,1.7));
#7693 = VECTOR('',#7694,1.);
#7694 = DIRECTION('',(-0.707106781187,-0.707106781186,0.));
#7695 = ORIENTED_EDGE('',*,*,#7696,.F.);
#7696 = EDGE_CURVE('',#1925,#7689,#7697,.T.);
#7697 = LINE('',#7698,#7699);
#7698 = CARTESIAN_POINT('',(188.575896,31.713739,0.));
#7699 = VECTOR('',#7700,1.);
#7700 = DIRECTION('',(0.,0.,1.));
#7701 = ORIENTED_EDGE('',*,*,#1924,.F.);
#7702 = PLANE('',#7703);
#7703 = AXIS2_PLACEMENT_3D('',#7704,#7705,#7706);
#7704 = CARTESIAN_POINT('',(188.589434,31.727277,0.));
#7705 = DIRECTION('',(0.707106781186,-0.707106781187,0.));
#7706 = DIRECTION('',(-0.707106781187,-0.707106781186,0.));
#7707 = ADVANCED_FACE('',(#7708),#7726,.F.);
#7708 = FACE_BOUND('',#7709,.F.);
#7709 = EDGE_LOOP('',(#7710,#7711,#7719,#7725));
#7710 = ORIENTED_EDGE('',*,*,#7696,.T.);
#7711 = ORIENTED_EDGE('',*,*,#7712,.T.);
#7712 = EDGE_CURVE('',#7689,#7713,#7715,.T.);
#7713 = VERTEX_POINT('',#7714);
#7714 = CARTESIAN_POINT('',(188.566345,31.711834,1.7));
#7715 = LINE('',#7716,#7717);
#7716 = CARTESIAN_POINT('',(188.575896,31.713739,1.7));
#7717 = VECTOR('',#7718,1.);
#7718 = DIRECTION('',(-0.980683219886,-0.195602715306,0.));
#7719 = ORIENTED_EDGE('',*,*,#7720,.F.);
#7720 = EDGE_CURVE('',#1933,#7713,#7721,.T.);
#7721 = LINE('',#7722,#7723);
#7722 = CARTESIAN_POINT('',(188.566345,31.711834,0.));
#7723 = VECTOR('',#7724,1.);
#7724 = DIRECTION('',(0.,0.,1.));
#7725 = ORIENTED_EDGE('',*,*,#1932,.F.);
#7726 = PLANE('',#7727);
#7727 = AXIS2_PLACEMENT_3D('',#7728,#7729,#7730);
#7728 = CARTESIAN_POINT('',(188.575896,31.713739,0.));
#7729 = DIRECTION('',(0.195602715306,-0.980683219886,0.));
#7730 = DIRECTION('',(-0.980683219886,-0.195602715306,0.));
#7731 = ADVANCED_FACE('',(#7732),#7750,.F.);
#7732 = FACE_BOUND('',#7733,.F.);
#7733 = EDGE_LOOP('',(#7734,#7735,#7743,#7749));
#7734 = ORIENTED_EDGE('',*,*,#7720,.T.);
#7735 = ORIENTED_EDGE('',*,*,#7736,.T.);
#7736 = EDGE_CURVE('',#7713,#7737,#7739,.T.);
#7737 = VERTEX_POINT('',#7738);
#7738 = CARTESIAN_POINT('',(172.766326,31.711834,1.7));
#7739 = LINE('',#7740,#7741);
#7740 = CARTESIAN_POINT('',(188.566345,31.711834,1.7));
#7741 = VECTOR('',#7742,1.);
#7742 = DIRECTION('',(-1.,0.,0.));
#7743 = ORIENTED_EDGE('',*,*,#7744,.F.);
#7744 = EDGE_CURVE('',#1941,#7737,#7745,.T.);
#7745 = LINE('',#7746,#7747);
#7746 = CARTESIAN_POINT('',(172.766326,31.711834,0.));
#7747 = VECTOR('',#7748,1.);
#7748 = DIRECTION('',(0.,0.,1.));
#7749 = ORIENTED_EDGE('',*,*,#1940,.F.);
#7750 = PLANE('',#7751);
#7751 = AXIS2_PLACEMENT_3D('',#7752,#7753,#7754);
#7752 = CARTESIAN_POINT('',(188.566345,31.711834,0.));
#7753 = DIRECTION('',(0.,-1.,0.));
#7754 = DIRECTION('',(-1.,0.,0.));
#7755 = ADVANCED_FACE('',(#7756),#7774,.F.);
#7756 = FACE_BOUND('',#7757,.F.);
#7757 = EDGE_LOOP('',(#7758,#7759,#7767,#7773));
#7758 = ORIENTED_EDGE('',*,*,#7744,.T.);
#7759 = ORIENTED_EDGE('',*,*,#7760,.T.);
#7760 = EDGE_CURVE('',#7737,#7761,#7763,.T.);
#7761 = VERTEX_POINT('',#7762);
#7762 = CARTESIAN_POINT('',(172.756776,31.713739,1.7));
#7763 = LINE('',#7764,#7765);
#7764 = CARTESIAN_POINT('',(172.766326,31.711834,1.7));
#7765 = VECTOR('',#7766,1.);
#7766 = DIRECTION('',(-0.980679290766,0.195622413499,0.));
#7767 = ORIENTED_EDGE('',*,*,#7768,.F.);
#7768 = EDGE_CURVE('',#1949,#7761,#7769,.T.);
#7769 = LINE('',#7770,#7771);
#7770 = CARTESIAN_POINT('',(172.756776,31.713739,0.));
#7771 = VECTOR('',#7772,1.);
#7772 = DIRECTION('',(0.,0.,1.));
#7773 = ORIENTED_EDGE('',*,*,#1948,.F.);
#7774 = PLANE('',#7775);
#7775 = AXIS2_PLACEMENT_3D('',#7776,#7777,#7778);
#7776 = CARTESIAN_POINT('',(172.766326,31.711834,0.));
#7777 = DIRECTION('',(-0.195622413499,-0.980679290766,0.));
#7778 = DIRECTION('',(-0.980679290766,0.195622413499,0.));
#7779 = ADVANCED_FACE('',(#7780),#7798,.F.);
#7780 = FACE_BOUND('',#7781,.F.);
#7781 = EDGE_LOOP('',(#7782,#7783,#7791,#7797));
#7782 = ORIENTED_EDGE('',*,*,#7768,.T.);
#7783 = ORIENTED_EDGE('',*,*,#7784,.T.);
#7784 = EDGE_CURVE('',#7761,#7785,#7787,.T.);
#7785 = VERTEX_POINT('',#7786);
#7786 = CARTESIAN_POINT('',(172.743237,31.727277,1.7));
#7787 = LINE('',#7788,#7789);
#7788 = CARTESIAN_POINT('',(172.756776,31.713739,1.7));
#7789 = VECTOR('',#7790,1.);
#7790 = DIRECTION('',(-0.707132895369,0.707080666039,0.));
#7791 = ORIENTED_EDGE('',*,*,#7792,.F.);
#7792 = EDGE_CURVE('',#1957,#7785,#7793,.T.);
#7793 = LINE('',#7794,#7795);
#7794 = CARTESIAN_POINT('',(172.743237,31.727277,0.));
#7795 = VECTOR('',#7796,1.);
#7796 = DIRECTION('',(0.,0.,1.));
#7797 = ORIENTED_EDGE('',*,*,#1956,.F.);
#7798 = PLANE('',#7799);
#7799 = AXIS2_PLACEMENT_3D('',#7800,#7801,#7802);
#7800 = CARTESIAN_POINT('',(172.756776,31.713739,0.));
#7801 = DIRECTION('',(-0.707080666039,-0.707132895369,0.));
#7802 = DIRECTION('',(-0.707132895369,0.707080666039,0.));
#7803 = ADVANCED_FACE('',(#7804),#7822,.F.);
#7804 = FACE_BOUND('',#7805,.F.);
#7805 = EDGE_LOOP('',(#7806,#7807,#7815,#7821));
#7806 = ORIENTED_EDGE('',*,*,#7792,.T.);
#7807 = ORIENTED_EDGE('',*,*,#7808,.T.);
#7808 = EDGE_CURVE('',#7785,#7809,#7811,.T.);
#7809 = VERTEX_POINT('',#7810);
#7810 = CARTESIAN_POINT('',(172.741332,31.736828,1.7));
#7811 = LINE('',#7812,#7813);
#7812 = CARTESIAN_POINT('',(172.743237,31.727277,1.7));
#7813 = VECTOR('',#7814,1.);
#7814 = DIRECTION('',(-0.195602715305,0.980683219886,0.));
#7815 = ORIENTED_EDGE('',*,*,#7816,.F.);
#7816 = EDGE_CURVE('',#1965,#7809,#7817,.T.);
#7817 = LINE('',#7818,#7819);
#7818 = CARTESIAN_POINT('',(172.741332,31.736828,0.));
#7819 = VECTOR('',#7820,1.);
#7820 = DIRECTION('',(0.,0.,1.));
#7821 = ORIENTED_EDGE('',*,*,#1964,.F.);
#7822 = PLANE('',#7823);
#7823 = AXIS2_PLACEMENT_3D('',#7824,#7825,#7826);
#7824 = CARTESIAN_POINT('',(172.743237,31.727277,0.));
#7825 = DIRECTION('',(-0.980683219886,-0.195602715305,0.));
#7826 = DIRECTION('',(-0.195602715305,0.980683219886,0.));
#7827 = ADVANCED_FACE('',(#7828),#7846,.F.);
#7828 = FACE_BOUND('',#7829,.F.);
#7829 = EDGE_LOOP('',(#7830,#7831,#7839,#7845));
#7830 = ORIENTED_EDGE('',*,*,#7816,.T.);
#7831 = ORIENTED_EDGE('',*,*,#7832,.T.);
#7832 = EDGE_CURVE('',#7809,#7833,#7835,.T.);
#7833 = VERTEX_POINT('',#7834);
#7834 = CARTESIAN_POINT('',(172.741332,46.736849,1.7));
#7835 = LINE('',#7836,#7837);
#7836 = CARTESIAN_POINT('',(172.741332,31.736828,1.7));
#7837 = VECTOR('',#7838,1.);
#7838 = DIRECTION('',(0.,1.,0.));
#7839 = ORIENTED_EDGE('',*,*,#7840,.F.);
#7840 = EDGE_CURVE('',#1973,#7833,#7841,.T.);
#7841 = LINE('',#7842,#7843);
#7842 = CARTESIAN_POINT('',(172.741332,46.736849,0.));
#7843 = VECTOR('',#7844,1.);
#7844 = DIRECTION('',(0.,0.,1.));
#7845 = ORIENTED_EDGE('',*,*,#1972,.F.);
#7846 = PLANE('',#7847);
#7847 = AXIS2_PLACEMENT_3D('',#7848,#7849,#7850);
#7848 = CARTESIAN_POINT('',(172.741332,31.736828,0.));
#7849 = DIRECTION('',(-1.,0.,0.));
#7850 = DIRECTION('',(0.,1.,0.));
#7851 = ADVANCED_FACE('',(#7852),#7870,.F.);
#7852 = FACE_BOUND('',#7853,.F.);
#7853 = EDGE_LOOP('',(#7854,#7855,#7863,#7869));
#7854 = ORIENTED_EDGE('',*,*,#7840,.T.);
#7855 = ORIENTED_EDGE('',*,*,#7856,.T.);
#7856 = EDGE_CURVE('',#7833,#7857,#7859,.T.);
#7857 = VERTEX_POINT('',#7858);
#7858 = CARTESIAN_POINT('',(172.743237,46.746399,1.7));
#7859 = LINE('',#7860,#7861);
#7860 = CARTESIAN_POINT('',(172.741332,46.736849,1.7));
#7861 = VECTOR('',#7862,1.);
#7862 = DIRECTION('',(0.195622413498,0.980679290766,0.));
#7863 = ORIENTED_EDGE('',*,*,#7864,.F.);
#7864 = EDGE_CURVE('',#1981,#7857,#7865,.T.);
#7865 = LINE('',#7866,#7867);
#7866 = CARTESIAN_POINT('',(172.743237,46.746399,0.));
#7867 = VECTOR('',#7868,1.);
#7868 = DIRECTION('',(0.,0.,1.));
#7869 = ORIENTED_EDGE('',*,*,#1980,.F.);
#7870 = PLANE('',#7871);
#7871 = AXIS2_PLACEMENT_3D('',#7872,#7873,#7874);
#7872 = CARTESIAN_POINT('',(172.741332,46.736849,0.));
#7873 = DIRECTION('',(-0.980679290766,0.195622413498,0.));
#7874 = DIRECTION('',(0.195622413498,0.980679290766,0.));
#7875 = ADVANCED_FACE('',(#7876),#7894,.F.);
#7876 = FACE_BOUND('',#7877,.F.);
#7877 = EDGE_LOOP('',(#7878,#7879,#7887,#7893));
#7878 = ORIENTED_EDGE('',*,*,#7864,.T.);
#7879 = ORIENTED_EDGE('',*,*,#7880,.T.);
#7880 = EDGE_CURVE('',#7857,#7881,#7883,.T.);
#7881 = VERTEX_POINT('',#7882);
#7882 = CARTESIAN_POINT('',(172.756776,46.759937,1.7));
#7883 = LINE('',#7884,#7885);
#7884 = CARTESIAN_POINT('',(172.743237,46.746399,1.7));
#7885 = VECTOR('',#7886,1.);
#7886 = DIRECTION('',(0.707132895369,0.707080666039,0.));
#7887 = ORIENTED_EDGE('',*,*,#7888,.F.);
#7888 = EDGE_CURVE('',#1989,#7881,#7889,.T.);
#7889 = LINE('',#7890,#7891);
#7890 = CARTESIAN_POINT('',(172.756776,46.759937,0.));
#7891 = VECTOR('',#7892,1.);
#7892 = DIRECTION('',(0.,0.,1.));
#7893 = ORIENTED_EDGE('',*,*,#1988,.F.);
#7894 = PLANE('',#7895);
#7895 = AXIS2_PLACEMENT_3D('',#7896,#7897,#7898);
#7896 = CARTESIAN_POINT('',(172.743237,46.746399,0.));
#7897 = DIRECTION('',(-0.707080666039,0.707132895369,0.));
#7898 = DIRECTION('',(0.707132895369,0.707080666039,0.));
#7899 = ADVANCED_FACE('',(#7900),#7918,.F.);
#7900 = FACE_BOUND('',#7901,.F.);
#7901 = EDGE_LOOP('',(#7902,#7903,#7911,#7917));
#7902 = ORIENTED_EDGE('',*,*,#7888,.T.);
#7903 = ORIENTED_EDGE('',*,*,#7904,.T.);
#7904 = EDGE_CURVE('',#7881,#7905,#7907,.T.);
#7905 = VERTEX_POINT('',#7906);
#7906 = CARTESIAN_POINT('',(172.766326,46.761842,1.7));
#7907 = LINE('',#7908,#7909);
#7908 = CARTESIAN_POINT('',(172.756776,46.759937,1.7));
#7909 = VECTOR('',#7910,1.);
#7910 = DIRECTION('',(0.980679290766,0.195622413499,0.));
#7911 = ORIENTED_EDGE('',*,*,#7912,.F.);
#7912 = EDGE_CURVE('',#1997,#7905,#7913,.T.);
#7913 = LINE('',#7914,#7915);
#7914 = CARTESIAN_POINT('',(172.766326,46.761842,0.));
#7915 = VECTOR('',#7916,1.);
#7916 = DIRECTION('',(0.,0.,1.));
#7917 = ORIENTED_EDGE('',*,*,#1996,.F.);
#7918 = PLANE('',#7919);
#7919 = AXIS2_PLACEMENT_3D('',#7920,#7921,#7922);
#7920 = CARTESIAN_POINT('',(172.756776,46.759937,0.));
#7921 = DIRECTION('',(-0.195622413499,0.980679290766,0.));
#7922 = DIRECTION('',(0.980679290766,0.195622413499,0.));
#7923 = ADVANCED_FACE('',(#7924),#7942,.F.);
#7924 = FACE_BOUND('',#7925,.F.);
#7925 = EDGE_LOOP('',(#7926,#7927,#7935,#7941));
#7926 = ORIENTED_EDGE('',*,*,#7912,.T.);
#7927 = ORIENTED_EDGE('',*,*,#7928,.T.);
#7928 = EDGE_CURVE('',#7905,#7929,#7931,.T.);
#7929 = VERTEX_POINT('',#7930);
#7930 = CARTESIAN_POINT('',(188.566345,46.761842,1.7));
#7931 = LINE('',#7932,#7933);
#7932 = CARTESIAN_POINT('',(172.766326,46.761842,1.7));
#7933 = VECTOR('',#7934,1.);
#7934 = DIRECTION('',(1.,0.,0.));
#7935 = ORIENTED_EDGE('',*,*,#7936,.F.);
#7936 = EDGE_CURVE('',#2005,#7929,#7937,.T.);
#7937 = LINE('',#7938,#7939);
#7938 = CARTESIAN_POINT('',(188.566345,46.761842,0.));
#7939 = VECTOR('',#7940,1.);
#7940 = DIRECTION('',(0.,0.,1.));
#7941 = ORIENTED_EDGE('',*,*,#2004,.F.);
#7942 = PLANE('',#7943);
#7943 = AXIS2_PLACEMENT_3D('',#7944,#7945,#7946);
#7944 = CARTESIAN_POINT('',(172.766326,46.761842,0.));
#7945 = DIRECTION('',(0.,1.,0.));
#7946 = DIRECTION('',(1.,0.,0.));
#7947 = ADVANCED_FACE('',(#7948),#7959,.F.);
#7948 = FACE_BOUND('',#7949,.F.);
#7949 = EDGE_LOOP('',(#7950,#7951,#7957,#7958));
#7950 = ORIENTED_EDGE('',*,*,#7936,.T.);
#7951 = ORIENTED_EDGE('',*,*,#7952,.T.);
#7952 = EDGE_CURVE('',#7929,#7585,#7953,.T.);
#7953 = LINE('',#7954,#7955);
#7954 = CARTESIAN_POINT('',(188.566345,46.761842,1.7));
#7955 = VECTOR('',#7956,1.);
#7956 = DIRECTION('',(0.980683219886,-0.195602715306,0.));
#7957 = ORIENTED_EDGE('',*,*,#7584,.F.);
#7958 = ORIENTED_EDGE('',*,*,#2012,.F.);
#7959 = PLANE('',#7960);
#7960 = AXIS2_PLACEMENT_3D('',#7961,#7962,#7963);
#7961 = CARTESIAN_POINT('',(188.566345,46.761842,0.));
#7962 = DIRECTION('',(0.195602715306,0.980683219886,0.));
#7963 = DIRECTION('',(0.980683219886,-0.195602715306,0.));
#7964 = ADVANCED_FACE('',(#7965),#7990,.F.);
#7965 = FACE_BOUND('',#7966,.F.);
#7966 = EDGE_LOOP('',(#7967,#7975,#7983,#7989));
#7967 = ORIENTED_EDGE('',*,*,#7968,.T.);
#7968 = EDGE_CURVE('',#2021,#7969,#7971,.T.);
#7969 = VERTEX_POINT('',#7970);
#7970 = CARTESIAN_POINT('',(301.830965,52.122893,1.7));
#7971 = LINE('',#7972,#7973);
#7972 = CARTESIAN_POINT('',(301.830965,52.122893,0.));
#7973 = VECTOR('',#7974,1.);
#7974 = DIRECTION('',(0.,0.,1.));
#7975 = ORIENTED_EDGE('',*,*,#7976,.T.);
#7976 = EDGE_CURVE('',#7969,#7977,#7979,.T.);
#7977 = VERTEX_POINT('',#7978);
#7978 = CARTESIAN_POINT('',(301.858016,52.111692,1.7));
#7979 = LINE('',#7980,#7981);
#7980 = CARTESIAN_POINT('',(301.830965,52.122893,1.7));
#7981 = VECTOR('',#7982,1.);
#7982 = DIRECTION('',(0.923926512664,-0.382569992545,0.));
#7983 = ORIENTED_EDGE('',*,*,#7984,.F.);
#7984 = EDGE_CURVE('',#2023,#7977,#7985,.T.);
#7985 = LINE('',#7986,#7987);
#7986 = CARTESIAN_POINT('',(301.858016,52.111692,0.));
#7987 = VECTOR('',#7988,1.);
#7988 = DIRECTION('',(0.,0.,1.));
#7989 = ORIENTED_EDGE('',*,*,#2020,.F.);
#7990 = PLANE('',#7991);
#7991 = AXIS2_PLACEMENT_3D('',#7992,#7993,#7994);
#7992 = CARTESIAN_POINT('',(301.830965,52.122893,0.));
#7993 = DIRECTION('',(0.382569992545,0.923926512664,0.));
#7994 = DIRECTION('',(0.923926512664,-0.382569992545,0.));
#7995 = ADVANCED_FACE('',(#7996),#8014,.F.);
#7996 = FACE_BOUND('',#7997,.F.);
#7997 = EDGE_LOOP('',(#7998,#7999,#8007,#8013));
#7998 = ORIENTED_EDGE('',*,*,#7984,.T.);
#7999 = ORIENTED_EDGE('',*,*,#8000,.T.);
#8000 = EDGE_CURVE('',#7977,#8001,#8003,.T.);
#8001 = VERTEX_POINT('',#8002);
#8002 = CARTESIAN_POINT('',(301.878692,52.091016,1.7));
#8003 = LINE('',#8004,#8005);
#8004 = CARTESIAN_POINT('',(301.858016,52.111692,1.7));
#8005 = VECTOR('',#8006,1.);
#8006 = DIRECTION('',(0.707106781186,-0.707106781187,0.));
#8007 = ORIENTED_EDGE('',*,*,#8008,.F.);
#8008 = EDGE_CURVE('',#2031,#8001,#8009,.T.);
#8009 = LINE('',#8010,#8011);
#8010 = CARTESIAN_POINT('',(301.878692,52.091016,0.));
#8011 = VECTOR('',#8012,1.);
#8012 = DIRECTION('',(0.,0.,1.));
#8013 = ORIENTED_EDGE('',*,*,#2030,.F.);
#8014 = PLANE('',#8015);
#8015 = AXIS2_PLACEMENT_3D('',#8016,#8017,#8018);
#8016 = CARTESIAN_POINT('',(301.858016,52.111692,0.));
#8017 = DIRECTION('',(0.707106781187,0.707106781186,0.));
#8018 = DIRECTION('',(0.707106781186,-0.707106781187,0.));
#8019 = ADVANCED_FACE('',(#8020),#8038,.F.);
#8020 = FACE_BOUND('',#8021,.F.);
#8021 = EDGE_LOOP('',(#8022,#8023,#8031,#8037));
#8022 = ORIENTED_EDGE('',*,*,#8008,.T.);
#8023 = ORIENTED_EDGE('',*,*,#8024,.T.);
#8024 = EDGE_CURVE('',#8001,#8025,#8027,.T.);
#8025 = VERTEX_POINT('',#8026);
#8026 = CARTESIAN_POINT('',(301.889893,52.063965,1.7));
#8027 = LINE('',#8028,#8029);
#8028 = CARTESIAN_POINT('',(301.878692,52.091016,1.7));
#8029 = VECTOR('',#8030,1.);
#8030 = DIRECTION('',(0.382569992545,-0.923926512664,0.));
#8031 = ORIENTED_EDGE('',*,*,#8032,.F.);
#8032 = EDGE_CURVE('',#2039,#8025,#8033,.T.);
#8033 = LINE('',#8034,#8035);
#8034 = CARTESIAN_POINT('',(301.889893,52.063965,0.));
#8035 = VECTOR('',#8036,1.);
#8036 = DIRECTION('',(0.,0.,1.));
#8037 = ORIENTED_EDGE('',*,*,#2038,.F.);
#8038 = PLANE('',#8039);
#8039 = AXIS2_PLACEMENT_3D('',#8040,#8041,#8042);
#8040 = CARTESIAN_POINT('',(301.878692,52.091016,0.));
#8041 = DIRECTION('',(0.923926512664,0.382569992545,0.));
#8042 = DIRECTION('',(0.382569992545,-0.923926512664,0.));
#8043 = ADVANCED_FACE('',(#8044),#8062,.F.);
#8044 = FACE_BOUND('',#8045,.F.);
#8045 = EDGE_LOOP('',(#8046,#8047,#8055,#8061));
#8046 = ORIENTED_EDGE('',*,*,#8032,.T.);
#8047 = ORIENTED_EDGE('',*,*,#8048,.T.);
#8048 = EDGE_CURVE('',#8025,#8049,#8051,.T.);
#8049 = VERTEX_POINT('',#8050);
#8050 = CARTESIAN_POINT('',(301.891341,52.049335,1.7));
#8051 = LINE('',#8052,#8053);
#8052 = CARTESIAN_POINT('',(301.889893,52.063965,1.7));
#8053 = VECTOR('',#8054,1.);
#8054 = DIRECTION('',(9.849346454886E-02,-0.995137697729,0.));
#8055 = ORIENTED_EDGE('',*,*,#8056,.F.);
#8056 = EDGE_CURVE('',#2047,#8049,#8057,.T.);
#8057 = LINE('',#8058,#8059);
#8058 = CARTESIAN_POINT('',(301.891341,52.049335,0.));
#8059 = VECTOR('',#8060,1.);
#8060 = DIRECTION('',(0.,0.,1.));
#8061 = ORIENTED_EDGE('',*,*,#2046,.F.);
#8062 = PLANE('',#8063);
#8063 = AXIS2_PLACEMENT_3D('',#8064,#8065,#8066);
#8064 = CARTESIAN_POINT('',(301.889893,52.063965,0.));
#8065 = DIRECTION('',(0.995137697729,9.849346454886E-02,0.));
#8066 = DIRECTION('',(9.849346454886E-02,-0.995137697729,0.));
#8067 = ADVANCED_FACE('',(#8068),#8086,.F.);
#8068 = FACE_BOUND('',#8069,.F.);
#8069 = EDGE_LOOP('',(#8070,#8071,#8079,#8085));
#8070 = ORIENTED_EDGE('',*,*,#8056,.T.);
#8071 = ORIENTED_EDGE('',*,*,#8072,.T.);
#8072 = EDGE_CURVE('',#8049,#8073,#8075,.T.);
#8073 = VERTEX_POINT('',#8074);
#8074 = CARTESIAN_POINT('',(301.891341,37.949338,1.7));
#8075 = LINE('',#8076,#8077);
#8076 = CARTESIAN_POINT('',(301.891341,52.049335,1.7));
#8077 = VECTOR('',#8078,1.);
#8078 = DIRECTION('',(0.,-1.,0.));
#8079 = ORIENTED_EDGE('',*,*,#8080,.F.);
#8080 = EDGE_CURVE('',#2055,#8073,#8081,.T.);
#8081 = LINE('',#8082,#8083);
#8082 = CARTESIAN_POINT('',(301.891341,37.949338,0.));
#8083 = VECTOR('',#8084,1.);
#8084 = DIRECTION('',(0.,0.,1.));
#8085 = ORIENTED_EDGE('',*,*,#2054,.F.);
#8086 = PLANE('',#8087);
#8087 = AXIS2_PLACEMENT_3D('',#8088,#8089,#8090);
#8088 = CARTESIAN_POINT('',(301.891341,52.049335,0.));
#8089 = DIRECTION('',(1.,0.,0.));
#8090 = DIRECTION('',(0.,-1.,0.));
#8091 = ADVANCED_FACE('',(#8092),#8110,.F.);
#8092 = FACE_BOUND('',#8093,.F.);
#8093 = EDGE_LOOP('',(#8094,#8095,#8103,#8109));
#8094 = ORIENTED_EDGE('',*,*,#8080,.T.);
#8095 = ORIENTED_EDGE('',*,*,#8096,.T.);
#8096 = EDGE_CURVE('',#8073,#8097,#8099,.T.);
#8097 = VERTEX_POINT('',#8098);
#8098 = CARTESIAN_POINT('',(301.889893,37.934707,1.7));
#8099 = LINE('',#8100,#8101);
#8100 = CARTESIAN_POINT('',(301.891341,37.949338,1.7));
#8101 = VECTOR('',#8102,1.);
#8102 = DIRECTION('',(-9.848679801348E-02,-0.995138357525,0.));
#8103 = ORIENTED_EDGE('',*,*,#8104,.F.);
#8104 = EDGE_CURVE('',#2063,#8097,#8105,.T.);
#8105 = LINE('',#8106,#8107);
#8106 = CARTESIAN_POINT('',(301.889893,37.934707,0.));
#8107 = VECTOR('',#8108,1.);
#8108 = DIRECTION('',(0.,0.,1.));
#8109 = ORIENTED_EDGE('',*,*,#2062,.F.);
#8110 = PLANE('',#8111);
#8111 = AXIS2_PLACEMENT_3D('',#8112,#8113,#8114);
#8112 = CARTESIAN_POINT('',(301.891341,37.949338,0.));
#8113 = DIRECTION('',(0.995138357525,-9.848679801348E-02,0.));
#8114 = DIRECTION('',(-9.848679801348E-02,-0.995138357525,0.));
#8115 = ADVANCED_FACE('',(#8116),#8134,.F.);
#8116 = FACE_BOUND('',#8117,.F.);
#8117 = EDGE_LOOP('',(#8118,#8119,#8127,#8133));
#8118 = ORIENTED_EDGE('',*,*,#8104,.T.);
#8119 = ORIENTED_EDGE('',*,*,#8120,.T.);
#8120 = EDGE_CURVE('',#8097,#8121,#8123,.T.);
#8121 = VERTEX_POINT('',#8122);
#8122 = CARTESIAN_POINT('',(301.878692,37.907656,1.7));
#8123 = LINE('',#8124,#8125);
#8124 = CARTESIAN_POINT('',(301.889893,37.934707,1.7));
#8125 = VECTOR('',#8126,1.);
#8126 = DIRECTION('',(-0.382569992545,-0.923926512664,0.));
#8127 = ORIENTED_EDGE('',*,*,#8128,.F.);
#8128 = EDGE_CURVE('',#2071,#8121,#8129,.T.);
#8129 = LINE('',#8130,#8131);
#8130 = CARTESIAN_POINT('',(301.878692,37.907656,0.));
#8131 = VECTOR('',#8132,1.);
#8132 = DIRECTION('',(0.,0.,1.));
#8133 = ORIENTED_EDGE('',*,*,#2070,.F.);
#8134 = PLANE('',#8135);
#8135 = AXIS2_PLACEMENT_3D('',#8136,#8137,#8138);
#8136 = CARTESIAN_POINT('',(301.889893,37.934707,0.));
#8137 = DIRECTION('',(0.923926512664,-0.382569992545,0.));
#8138 = DIRECTION('',(-0.382569992545,-0.923926512664,0.));
#8139 = ADVANCED_FACE('',(#8140),#8158,.F.);
#8140 = FACE_BOUND('',#8141,.F.);
#8141 = EDGE_LOOP('',(#8142,#8143,#8151,#8157));
#8142 = ORIENTED_EDGE('',*,*,#8128,.T.);
#8143 = ORIENTED_EDGE('',*,*,#8144,.T.);
#8144 = EDGE_CURVE('',#8121,#8145,#8147,.T.);
#8145 = VERTEX_POINT('',#8146);
#8146 = CARTESIAN_POINT('',(301.858016,37.886981,1.7));
#8147 = LINE('',#8148,#8149);
#8148 = CARTESIAN_POINT('',(301.878692,37.907656,1.7));
#8149 = VECTOR('',#8150,1.);
#8150 = DIRECTION('',(-0.707123881093,-0.707089680867,0.));
#8151 = ORIENTED_EDGE('',*,*,#8152,.F.);
#8152 = EDGE_CURVE('',#2079,#8145,#8153,.T.);
#8153 = LINE('',#8154,#8155);
#8154 = CARTESIAN_POINT('',(301.858016,37.886981,0.));
#8155 = VECTOR('',#8156,1.);
#8156 = DIRECTION('',(0.,0.,1.));
#8157 = ORIENTED_EDGE('',*,*,#2078,.F.);
#8158 = PLANE('',#8159);
#8159 = AXIS2_PLACEMENT_3D('',#8160,#8161,#8162);
#8160 = CARTESIAN_POINT('',(301.878692,37.907656,0.));
#8161 = DIRECTION('',(0.707089680867,-0.707123881093,0.));
#8162 = DIRECTION('',(-0.707123881093,-0.707089680867,0.));
#8163 = ADVANCED_FACE('',(#8164),#8182,.F.);
#8164 = FACE_BOUND('',#8165,.F.);
#8165 = EDGE_LOOP('',(#8166,#8167,#8175,#8181));
#8166 = ORIENTED_EDGE('',*,*,#8152,.T.);
#8167 = ORIENTED_EDGE('',*,*,#8168,.T.);
#8168 = EDGE_CURVE('',#8145,#8169,#8171,.T.);
#8169 = VERTEX_POINT('',#8170);
#8170 = CARTESIAN_POINT('',(301.830965,37.875779,1.7));
#8171 = LINE('',#8172,#8173);
#8172 = CARTESIAN_POINT('',(301.858016,37.886981,1.7));
#8173 = VECTOR('',#8174,1.);
#8174 = DIRECTION('',(-0.923914439717,-0.382599148042,0.));
#8175 = ORIENTED_EDGE('',*,*,#8176,.F.);
#8176 = EDGE_CURVE('',#2087,#8169,#8177,.T.);
#8177 = LINE('',#8178,#8179);
#8178 = CARTESIAN_POINT('',(301.830965,37.875779,0.));
#8179 = VECTOR('',#8180,1.);
#8180 = DIRECTION('',(0.,0.,1.));
#8181 = ORIENTED_EDGE('',*,*,#2086,.F.);
#8182 = PLANE('',#8183);
#8183 = AXIS2_PLACEMENT_3D('',#8184,#8185,#8186);
#8184 = CARTESIAN_POINT('',(301.858016,37.886981,0.));
#8185 = DIRECTION('',(0.382599148042,-0.923914439717,0.));
#8186 = DIRECTION('',(-0.923914439717,-0.382599148042,0.));
#8187 = ADVANCED_FACE('',(#8188),#8206,.F.);
#8188 = FACE_BOUND('',#8189,.F.);
#8189 = EDGE_LOOP('',(#8190,#8191,#8199,#8205));
#8190 = ORIENTED_EDGE('',*,*,#8176,.T.);
#8191 = ORIENTED_EDGE('',*,*,#8192,.T.);
#8192 = EDGE_CURVE('',#8169,#8193,#8195,.T.);
#8193 = VERTEX_POINT('',#8194);
#8194 = CARTESIAN_POINT('',(301.816335,37.874331,1.7));
#8195 = LINE('',#8196,#8197);
#8196 = CARTESIAN_POINT('',(301.830965,37.875779,1.7));
#8197 = VECTOR('',#8198,1.);
#8198 = DIRECTION('',(-0.995137697729,-9.849346454642E-02,0.));
#8199 = ORIENTED_EDGE('',*,*,#8200,.F.);
#8200 = EDGE_CURVE('',#2095,#8193,#8201,.T.);
#8201 = LINE('',#8202,#8203);
#8202 = CARTESIAN_POINT('',(301.816335,37.874331,0.));
#8203 = VECTOR('',#8204,1.);
#8204 = DIRECTION('',(0.,0.,1.));
#8205 = ORIENTED_EDGE('',*,*,#2094,.F.);
#8206 = PLANE('',#8207);
#8207 = AXIS2_PLACEMENT_3D('',#8208,#8209,#8210);
#8208 = CARTESIAN_POINT('',(301.830965,37.875779,0.));
#8209 = DIRECTION('',(9.849346454642E-02,-0.995137697729,0.));
#8210 = DIRECTION('',(-0.995137697729,-9.849346454642E-02,0.));
#8211 = ADVANCED_FACE('',(#8212),#8230,.F.);
#8212 = FACE_BOUND('',#8213,.F.);
#8213 = EDGE_LOOP('',(#8214,#8215,#8223,#8229));
#8214 = ORIENTED_EDGE('',*,*,#8200,.T.);
#8215 = ORIENTED_EDGE('',*,*,#8216,.T.);
#8216 = EDGE_CURVE('',#8193,#8217,#8219,.T.);
#8217 = VERTEX_POINT('',#8218);
#8218 = CARTESIAN_POINT('',(287.716337,37.874331,1.7));
#8219 = LINE('',#8220,#8221);
#8220 = CARTESIAN_POINT('',(301.816335,37.874331,1.7));
#8221 = VECTOR('',#8222,1.);
#8222 = DIRECTION('',(-1.,0.,0.));
#8223 = ORIENTED_EDGE('',*,*,#8224,.F.);
#8224 = EDGE_CURVE('',#2103,#8217,#8225,.T.);
#8225 = LINE('',#8226,#8227);
#8226 = CARTESIAN_POINT('',(287.716337,37.874331,0.));
#8227 = VECTOR('',#8228,1.);
#8228 = DIRECTION('',(0.,0.,1.));
#8229 = ORIENTED_EDGE('',*,*,#2102,.F.);
#8230 = PLANE('',#8231);
#8231 = AXIS2_PLACEMENT_3D('',#8232,#8233,#8234);
#8232 = CARTESIAN_POINT('',(301.816335,37.874331,0.));
#8233 = DIRECTION('',(0.,-1.,0.));
#8234 = DIRECTION('',(-1.,0.,0.));
#8235 = ADVANCED_FACE('',(#8236),#8254,.F.);
#8236 = FACE_BOUND('',#8237,.F.);
#8237 = EDGE_LOOP('',(#8238,#8239,#8247,#8253));
#8238 = ORIENTED_EDGE('',*,*,#8224,.T.);
#8239 = ORIENTED_EDGE('',*,*,#8240,.T.);
#8240 = EDGE_CURVE('',#8217,#8241,#8243,.T.);
#8241 = VERTEX_POINT('',#8242);
#8242 = CARTESIAN_POINT('',(287.701707,37.875779,1.7));
#8243 = LINE('',#8244,#8245);
#8244 = CARTESIAN_POINT('',(287.716337,37.874331,1.7));
#8245 = VECTOR('',#8246,1.);
#8246 = DIRECTION('',(-0.995137697729,9.849346454642E-02,0.));
#8247 = ORIENTED_EDGE('',*,*,#8248,.F.);
#8248 = EDGE_CURVE('',#2111,#8241,#8249,.T.);
#8249 = LINE('',#8250,#8251);
#8250 = CARTESIAN_POINT('',(287.701707,37.875779,0.));
#8251 = VECTOR('',#8252,1.);
#8252 = DIRECTION('',(0.,0.,1.));
#8253 = ORIENTED_EDGE('',*,*,#2110,.F.);
#8254 = PLANE('',#8255);
#8255 = AXIS2_PLACEMENT_3D('',#8256,#8257,#8258);
#8256 = CARTESIAN_POINT('',(287.716337,37.874331,0.));
#8257 = DIRECTION('',(-9.849346454642E-02,-0.995137697729,0.));
#8258 = DIRECTION('',(-0.995137697729,9.849346454642E-02,0.));
#8259 = ADVANCED_FACE('',(#8260),#8278,.F.);
#8260 = FACE_BOUND('',#8261,.F.);
#8261 = EDGE_LOOP('',(#8262,#8263,#8271,#8277));
#8262 = ORIENTED_EDGE('',*,*,#8248,.T.);
#8263 = ORIENTED_EDGE('',*,*,#8264,.T.);
#8264 = EDGE_CURVE('',#8241,#8265,#8267,.T.);
#8265 = VERTEX_POINT('',#8266);
#8266 = CARTESIAN_POINT('',(287.674656,37.886981,1.7));
#8267 = LINE('',#8268,#8269);
#8268 = CARTESIAN_POINT('',(287.701707,37.875779,1.7));
#8269 = VECTOR('',#8270,1.);
#8270 = DIRECTION('',(-0.923914439717,0.382599148043,0.));
#8271 = ORIENTED_EDGE('',*,*,#8272,.F.);
#8272 = EDGE_CURVE('',#2119,#8265,#8273,.T.);
#8273 = LINE('',#8274,#8275);
#8274 = CARTESIAN_POINT('',(287.674656,37.886981,0.));
#8275 = VECTOR('',#8276,1.);
#8276 = DIRECTION('',(0.,0.,1.));
#8277 = ORIENTED_EDGE('',*,*,#2118,.F.);
#8278 = PLANE('',#8279);
#8279 = AXIS2_PLACEMENT_3D('',#8280,#8281,#8282);
#8280 = CARTESIAN_POINT('',(287.701707,37.875779,0.));
#8281 = DIRECTION('',(-0.382599148043,-0.923914439717,0.));
#8282 = DIRECTION('',(-0.923914439717,0.382599148043,0.));
#8283 = ADVANCED_FACE('',(#8284),#8302,.F.);
#8284 = FACE_BOUND('',#8285,.F.);
#8285 = EDGE_LOOP('',(#8286,#8287,#8295,#8301));
#8286 = ORIENTED_EDGE('',*,*,#8272,.T.);
#8287 = ORIENTED_EDGE('',*,*,#8288,.T.);
#8288 = EDGE_CURVE('',#8265,#8289,#8291,.T.);
#8289 = VERTEX_POINT('',#8290);
#8290 = CARTESIAN_POINT('',(287.65398,37.907656,1.7));
#8291 = LINE('',#8292,#8293);
#8292 = CARTESIAN_POINT('',(287.674656,37.886981,1.7));
#8293 = VECTOR('',#8294,1.);
#8294 = DIRECTION('',(-0.707123881094,0.707089680866,0.));
#8295 = ORIENTED_EDGE('',*,*,#8296,.F.);
#8296 = EDGE_CURVE('',#2127,#8289,#8297,.T.);
#8297 = LINE('',#8298,#8299);
#8298 = CARTESIAN_POINT('',(287.65398,37.907656,0.));
#8299 = VECTOR('',#8300,1.);
#8300 = DIRECTION('',(0.,0.,1.));
#8301 = ORIENTED_EDGE('',*,*,#2126,.F.);
#8302 = PLANE('',#8303);
#8303 = AXIS2_PLACEMENT_3D('',#8304,#8305,#8306);
#8304 = CARTESIAN_POINT('',(287.674656,37.886981,0.));
#8305 = DIRECTION('',(-0.707089680866,-0.707123881094,0.));
#8306 = DIRECTION('',(-0.707123881094,0.707089680866,0.));
#8307 = ADVANCED_FACE('',(#8308),#8326,.F.);
#8308 = FACE_BOUND('',#8309,.F.);
#8309 = EDGE_LOOP('',(#8310,#8311,#8319,#8325));
#8310 = ORIENTED_EDGE('',*,*,#8296,.T.);
#8311 = ORIENTED_EDGE('',*,*,#8312,.T.);
#8312 = EDGE_CURVE('',#8289,#8313,#8315,.T.);
#8313 = VERTEX_POINT('',#8314);
#8314 = CARTESIAN_POINT('',(287.642779,37.934707,1.7));
#8315 = LINE('',#8316,#8317);
#8316 = CARTESIAN_POINT('',(287.65398,37.907656,1.7));
#8317 = VECTOR('',#8318,1.);
#8318 = DIRECTION('',(-0.382569992545,0.923926512664,0.));
#8319 = ORIENTED_EDGE('',*,*,#8320,.F.);
#8320 = EDGE_CURVE('',#2135,#8313,#8321,.T.);
#8321 = LINE('',#8322,#8323);
#8322 = CARTESIAN_POINT('',(287.642779,37.934707,0.));
#8323 = VECTOR('',#8324,1.);
#8324 = DIRECTION('',(0.,0.,1.));
#8325 = ORIENTED_EDGE('',*,*,#2134,.F.);
#8326 = PLANE('',#8327);
#8327 = AXIS2_PLACEMENT_3D('',#8328,#8329,#8330);
#8328 = CARTESIAN_POINT('',(287.65398,37.907656,0.));
#8329 = DIRECTION('',(-0.923926512664,-0.382569992545,0.));
#8330 = DIRECTION('',(-0.382569992545,0.923926512664,0.));
#8331 = ADVANCED_FACE('',(#8332),#8350,.F.);
#8332 = FACE_BOUND('',#8333,.F.);
#8333 = EDGE_LOOP('',(#8334,#8335,#8343,#8349));
#8334 = ORIENTED_EDGE('',*,*,#8320,.T.);
#8335 = ORIENTED_EDGE('',*,*,#8336,.T.);
#8336 = EDGE_CURVE('',#8313,#8337,#8339,.T.);
#8337 = VERTEX_POINT('',#8338);
#8338 = CARTESIAN_POINT('',(287.641331,37.949338,1.7));
#8339 = LINE('',#8340,#8341);
#8340 = CARTESIAN_POINT('',(287.642779,37.934707,1.7));
#8341 = VECTOR('',#8342,1.);
#8342 = DIRECTION('',(-9.848679801348E-02,0.995138357525,0.));
#8343 = ORIENTED_EDGE('',*,*,#8344,.F.);
#8344 = EDGE_CURVE('',#2143,#8337,#8345,.T.);
#8345 = LINE('',#8346,#8347);
#8346 = CARTESIAN_POINT('',(287.641331,37.949338,0.));
#8347 = VECTOR('',#8348,1.);
#8348 = DIRECTION('',(0.,0.,1.));
#8349 = ORIENTED_EDGE('',*,*,#2142,.F.);
#8350 = PLANE('',#8351);
#8351 = AXIS2_PLACEMENT_3D('',#8352,#8353,#8354);
#8352 = CARTESIAN_POINT('',(287.642779,37.934707,0.));
#8353 = DIRECTION('',(-0.995138357525,-9.848679801348E-02,0.));
#8354 = DIRECTION('',(-9.848679801348E-02,0.995138357525,0.));
#8355 = ADVANCED_FACE('',(#8356),#8374,.F.);
#8356 = FACE_BOUND('',#8357,.F.);
#8357 = EDGE_LOOP('',(#8358,#8359,#8367,#8373));
#8358 = ORIENTED_EDGE('',*,*,#8344,.T.);
#8359 = ORIENTED_EDGE('',*,*,#8360,.T.);
#8360 = EDGE_CURVE('',#8337,#8361,#8363,.T.);
#8361 = VERTEX_POINT('',#8362);
#8362 = CARTESIAN_POINT('',(287.641331,52.049335,1.7));
#8363 = LINE('',#8364,#8365);
#8364 = CARTESIAN_POINT('',(287.641331,37.949338,1.7));
#8365 = VECTOR('',#8366,1.);
#8366 = DIRECTION('',(0.,1.,0.));
#8367 = ORIENTED_EDGE('',*,*,#8368,.F.);
#8368 = EDGE_CURVE('',#2151,#8361,#8369,.T.);
#8369 = LINE('',#8370,#8371);
#8370 = CARTESIAN_POINT('',(287.641331,52.049335,0.));
#8371 = VECTOR('',#8372,1.);
#8372 = DIRECTION('',(0.,0.,1.));
#8373 = ORIENTED_EDGE('',*,*,#2150,.F.);
#8374 = PLANE('',#8375);
#8375 = AXIS2_PLACEMENT_3D('',#8376,#8377,#8378);
#8376 = CARTESIAN_POINT('',(287.641331,37.949338,0.));
#8377 = DIRECTION('',(-1.,0.,0.));
#8378 = DIRECTION('',(0.,1.,0.));
#8379 = ADVANCED_FACE('',(#8380),#8398,.F.);
#8380 = FACE_BOUND('',#8381,.F.);
#8381 = EDGE_LOOP('',(#8382,#8383,#8391,#8397));
#8382 = ORIENTED_EDGE('',*,*,#8368,.T.);
#8383 = ORIENTED_EDGE('',*,*,#8384,.T.);
#8384 = EDGE_CURVE('',#8361,#8385,#8387,.T.);
#8385 = VERTEX_POINT('',#8386);
#8386 = CARTESIAN_POINT('',(287.642779,52.063965,1.7));
#8387 = LINE('',#8388,#8389);
#8388 = CARTESIAN_POINT('',(287.641331,52.049335,1.7));
#8389 = VECTOR('',#8390,1.);
#8390 = DIRECTION('',(9.849346454886E-02,0.995137697729,0.));
#8391 = ORIENTED_EDGE('',*,*,#8392,.F.);
#8392 = EDGE_CURVE('',#2159,#8385,#8393,.T.);
#8393 = LINE('',#8394,#8395);
#8394 = CARTESIAN_POINT('',(287.642779,52.063965,0.));
#8395 = VECTOR('',#8396,1.);
#8396 = DIRECTION('',(0.,0.,1.));
#8397 = ORIENTED_EDGE('',*,*,#2158,.F.);
#8398 = PLANE('',#8399);
#8399 = AXIS2_PLACEMENT_3D('',#8400,#8401,#8402);
#8400 = CARTESIAN_POINT('',(287.641331,52.049335,0.));
#8401 = DIRECTION('',(-0.995137697729,9.849346454886E-02,0.));
#8402 = DIRECTION('',(9.849346454886E-02,0.995137697729,0.));
#8403 = ADVANCED_FACE('',(#8404),#8422,.F.);
#8404 = FACE_BOUND('',#8405,.F.);
#8405 = EDGE_LOOP('',(#8406,#8407,#8415,#8421));
#8406 = ORIENTED_EDGE('',*,*,#8392,.T.);
#8407 = ORIENTED_EDGE('',*,*,#8408,.T.);
#8408 = EDGE_CURVE('',#8385,#8409,#8411,.T.);
#8409 = VERTEX_POINT('',#8410);
#8410 = CARTESIAN_POINT('',(287.65398,52.091016,1.7));
#8411 = LINE('',#8412,#8413);
#8412 = CARTESIAN_POINT('',(287.642779,52.063965,1.7));
#8413 = VECTOR('',#8414,1.);
#8414 = DIRECTION('',(0.382569992545,0.923926512664,0.));
#8415 = ORIENTED_EDGE('',*,*,#8416,.F.);
#8416 = EDGE_CURVE('',#2167,#8409,#8417,.T.);
#8417 = LINE('',#8418,#8419);
#8418 = CARTESIAN_POINT('',(287.65398,52.091016,0.));
#8419 = VECTOR('',#8420,1.);
#8420 = DIRECTION('',(0.,0.,1.));
#8421 = ORIENTED_EDGE('',*,*,#2166,.F.);
#8422 = PLANE('',#8423);
#8423 = AXIS2_PLACEMENT_3D('',#8424,#8425,#8426);
#8424 = CARTESIAN_POINT('',(287.642779,52.063965,0.));
#8425 = DIRECTION('',(-0.923926512664,0.382569992545,0.));
#8426 = DIRECTION('',(0.382569992545,0.923926512664,0.));
#8427 = ADVANCED_FACE('',(#8428),#8446,.F.);
#8428 = FACE_BOUND('',#8429,.F.);
#8429 = EDGE_LOOP('',(#8430,#8431,#8439,#8445));
#8430 = ORIENTED_EDGE('',*,*,#8416,.T.);
#8431 = ORIENTED_EDGE('',*,*,#8432,.T.);
#8432 = EDGE_CURVE('',#8409,#8433,#8435,.T.);
#8433 = VERTEX_POINT('',#8434);
#8434 = CARTESIAN_POINT('',(287.674656,52.111692,1.7));
#8435 = LINE('',#8436,#8437);
#8436 = CARTESIAN_POINT('',(287.65398,52.091016,1.7));
#8437 = VECTOR('',#8438,1.);
#8438 = DIRECTION('',(0.707106781187,0.707106781186,0.));
#8439 = ORIENTED_EDGE('',*,*,#8440,.F.);
#8440 = EDGE_CURVE('',#2175,#8433,#8441,.T.);
#8441 = LINE('',#8442,#8443);
#8442 = CARTESIAN_POINT('',(287.674656,52.111692,0.));
#8443 = VECTOR('',#8444,1.);
#8444 = DIRECTION('',(0.,0.,1.));
#8445 = ORIENTED_EDGE('',*,*,#2174,.F.);
#8446 = PLANE('',#8447);
#8447 = AXIS2_PLACEMENT_3D('',#8448,#8449,#8450);
#8448 = CARTESIAN_POINT('',(287.65398,52.091016,0.));
#8449 = DIRECTION('',(-0.707106781186,0.707106781187,0.));
#8450 = DIRECTION('',(0.707106781187,0.707106781186,0.));
#8451 = ADVANCED_FACE('',(#8452),#8470,.F.);
#8452 = FACE_BOUND('',#8453,.F.);
#8453 = EDGE_LOOP('',(#8454,#8455,#8463,#8469));
#8454 = ORIENTED_EDGE('',*,*,#8440,.T.);
#8455 = ORIENTED_EDGE('',*,*,#8456,.T.);
#8456 = EDGE_CURVE('',#8433,#8457,#8459,.T.);
#8457 = VERTEX_POINT('',#8458);
#8458 = CARTESIAN_POINT('',(287.701707,52.122893,1.7));
#8459 = LINE('',#8460,#8461);
#8460 = CARTESIAN_POINT('',(287.674656,52.111692,1.7));
#8461 = VECTOR('',#8462,1.);
#8462 = DIRECTION('',(0.923926512664,0.382569992546,0.));
#8463 = ORIENTED_EDGE('',*,*,#8464,.F.);
#8464 = EDGE_CURVE('',#2183,#8457,#8465,.T.);
#8465 = LINE('',#8466,#8467);
#8466 = CARTESIAN_POINT('',(287.701707,52.122893,0.));
#8467 = VECTOR('',#8468,1.);
#8468 = DIRECTION('',(0.,0.,1.));
#8469 = ORIENTED_EDGE('',*,*,#2182,.F.);
#8470 = PLANE('',#8471);
#8471 = AXIS2_PLACEMENT_3D('',#8472,#8473,#8474);
#8472 = CARTESIAN_POINT('',(287.674656,52.111692,0.));
#8473 = DIRECTION('',(-0.382569992546,0.923926512664,0.));
#8474 = DIRECTION('',(0.923926512664,0.382569992546,0.));
#8475 = ADVANCED_FACE('',(#8476),#8494,.F.);
#8476 = FACE_BOUND('',#8477,.F.);
#8477 = EDGE_LOOP('',(#8478,#8479,#8487,#8493));
#8478 = ORIENTED_EDGE('',*,*,#8464,.T.);
#8479 = ORIENTED_EDGE('',*,*,#8480,.T.);
#8480 = EDGE_CURVE('',#8457,#8481,#8483,.T.);
#8481 = VERTEX_POINT('',#8482);
#8482 = CARTESIAN_POINT('',(287.716337,52.124341,1.7));
#8483 = LINE('',#8484,#8485);
#8484 = CARTESIAN_POINT('',(287.701707,52.122893,1.7));
#8485 = VECTOR('',#8486,1.);
#8486 = DIRECTION('',(0.995137697729,9.849346454642E-02,0.));
#8487 = ORIENTED_EDGE('',*,*,#8488,.F.);
#8488 = EDGE_CURVE('',#2191,#8481,#8489,.T.);
#8489 = LINE('',#8490,#8491);
#8490 = CARTESIAN_POINT('',(287.716337,52.124341,0.));
#8491 = VECTOR('',#8492,1.);
#8492 = DIRECTION('',(0.,0.,1.));
#8493 = ORIENTED_EDGE('',*,*,#2190,.F.);
#8494 = PLANE('',#8495);
#8495 = AXIS2_PLACEMENT_3D('',#8496,#8497,#8498);
#8496 = CARTESIAN_POINT('',(287.701707,52.122893,0.));
#8497 = DIRECTION('',(-9.849346454642E-02,0.995137697729,0.));
#8498 = DIRECTION('',(0.995137697729,9.849346454642E-02,0.));
#8499 = ADVANCED_FACE('',(#8500),#8518,.F.);
#8500 = FACE_BOUND('',#8501,.F.);
#8501 = EDGE_LOOP('',(#8502,#8503,#8511,#8517));
#8502 = ORIENTED_EDGE('',*,*,#8488,.T.);
#8503 = ORIENTED_EDGE('',*,*,#8504,.T.);
#8504 = EDGE_CURVE('',#8481,#8505,#8507,.T.);
#8505 = VERTEX_POINT('',#8506);
#8506 = CARTESIAN_POINT('',(301.816335,52.124341,1.7));
#8507 = LINE('',#8508,#8509);
#8508 = CARTESIAN_POINT('',(287.716337,52.124341,1.7));
#8509 = VECTOR('',#8510,1.);
#8510 = DIRECTION('',(1.,0.,0.));
#8511 = ORIENTED_EDGE('',*,*,#8512,.F.);
#8512 = EDGE_CURVE('',#2199,#8505,#8513,.T.);
#8513 = LINE('',#8514,#8515);
#8514 = CARTESIAN_POINT('',(301.816335,52.124341,0.));
#8515 = VECTOR('',#8516,1.);
#8516 = DIRECTION('',(0.,0.,1.));
#8517 = ORIENTED_EDGE('',*,*,#2198,.F.);
#8518 = PLANE('',#8519);
#8519 = AXIS2_PLACEMENT_3D('',#8520,#8521,#8522);
#8520 = CARTESIAN_POINT('',(287.716337,52.124341,0.));
#8521 = DIRECTION('',(0.,1.,0.));
#8522 = DIRECTION('',(1.,0.,0.));
#8523 = ADVANCED_FACE('',(#8524),#8535,.F.);
#8524 = FACE_BOUND('',#8525,.F.);
#8525 = EDGE_LOOP('',(#8526,#8527,#8533,#8534));
#8526 = ORIENTED_EDGE('',*,*,#8512,.T.);
#8527 = ORIENTED_EDGE('',*,*,#8528,.T.);
#8528 = EDGE_CURVE('',#8505,#7969,#8529,.T.);
#8529 = LINE('',#8530,#8531);
#8530 = CARTESIAN_POINT('',(301.816335,52.124341,1.7));
#8531 = VECTOR('',#8532,1.);
#8532 = DIRECTION('',(0.995137697729,-9.849346454642E-02,0.));
#8533 = ORIENTED_EDGE('',*,*,#7968,.F.);
#8534 = ORIENTED_EDGE('',*,*,#2206,.F.);
#8535 = PLANE('',#8536);
#8536 = AXIS2_PLACEMENT_3D('',#8537,#8538,#8539);
#8537 = CARTESIAN_POINT('',(301.816335,52.124341,0.));
#8538 = DIRECTION('',(9.849346454642E-02,0.995137697729,0.));
#8539 = DIRECTION('',(0.995137697729,-9.849346454642E-02,0.));
#8540 = ADVANCED_FACE('',(#8541),#8566,.F.);
#8541 = FACE_BOUND('',#8542,.F.);
#8542 = EDGE_LOOP('',(#8543,#8551,#8559,#8565));
#8543 = ORIENTED_EDGE('',*,*,#8544,.T.);
#8544 = EDGE_CURVE('',#2215,#8545,#8547,.T.);
#8545 = VERTEX_POINT('',#8546);
#8546 = CARTESIAN_POINT('',(301.830965,71.172893,1.7));
#8547 = LINE('',#8548,#8549);
#8548 = CARTESIAN_POINT('',(301.830965,71.172893,0.));
#8549 = VECTOR('',#8550,1.);
#8550 = DIRECTION('',(0.,0.,1.));
#8551 = ORIENTED_EDGE('',*,*,#8552,.T.);
#8552 = EDGE_CURVE('',#8545,#8553,#8555,.T.);
#8553 = VERTEX_POINT('',#8554);
#8554 = CARTESIAN_POINT('',(301.858016,71.161692,1.7));
#8555 = LINE('',#8556,#8557);
#8556 = CARTESIAN_POINT('',(301.830965,71.172893,1.7));
#8557 = VECTOR('',#8558,1.);
#8558 = DIRECTION('',(0.923926512664,-0.382569992545,0.));
#8559 = ORIENTED_EDGE('',*,*,#8560,.F.);
#8560 = EDGE_CURVE('',#2217,#8553,#8561,.T.);
#8561 = LINE('',#8562,#8563);
#8562 = CARTESIAN_POINT('',(301.858016,71.161692,0.));
#8563 = VECTOR('',#8564,1.);
#8564 = DIRECTION('',(0.,0.,1.));
#8565 = ORIENTED_EDGE('',*,*,#2214,.F.);
#8566 = PLANE('',#8567);
#8567 = AXIS2_PLACEMENT_3D('',#8568,#8569,#8570);
#8568 = CARTESIAN_POINT('',(301.830965,71.172893,0.));
#8569 = DIRECTION('',(0.382569992545,0.923926512664,0.));
#8570 = DIRECTION('',(0.923926512664,-0.382569992545,0.));
#8571 = ADVANCED_FACE('',(#8572),#8590,.F.);
#8572 = FACE_BOUND('',#8573,.F.);
#8573 = EDGE_LOOP('',(#8574,#8575,#8583,#8589));
#8574 = ORIENTED_EDGE('',*,*,#8560,.T.);
#8575 = ORIENTED_EDGE('',*,*,#8576,.T.);
#8576 = EDGE_CURVE('',#8553,#8577,#8579,.T.);
#8577 = VERTEX_POINT('',#8578);
#8578 = CARTESIAN_POINT('',(301.878692,71.141016,1.7));
#8579 = LINE('',#8580,#8581);
#8580 = CARTESIAN_POINT('',(301.858016,71.161692,1.7));
#8581 = VECTOR('',#8582,1.);
#8582 = DIRECTION('',(0.707106781186,-0.707106781187,0.));
#8583 = ORIENTED_EDGE('',*,*,#8584,.F.);
#8584 = EDGE_CURVE('',#2225,#8577,#8585,.T.);
#8585 = LINE('',#8586,#8587);
#8586 = CARTESIAN_POINT('',(301.878692,71.141016,0.));
#8587 = VECTOR('',#8588,1.);
#8588 = DIRECTION('',(0.,0.,1.));
#8589 = ORIENTED_EDGE('',*,*,#2224,.F.);
#8590 = PLANE('',#8591);
#8591 = AXIS2_PLACEMENT_3D('',#8592,#8593,#8594);
#8592 = CARTESIAN_POINT('',(301.858016,71.161692,0.));
#8593 = DIRECTION('',(0.707106781187,0.707106781186,0.));
#8594 = DIRECTION('',(0.707106781186,-0.707106781187,0.));
#8595 = ADVANCED_FACE('',(#8596),#8614,.F.);
#8596 = FACE_BOUND('',#8597,.F.);
#8597 = EDGE_LOOP('',(#8598,#8599,#8607,#8613));
#8598 = ORIENTED_EDGE('',*,*,#8584,.T.);
#8599 = ORIENTED_EDGE('',*,*,#8600,.T.);
#8600 = EDGE_CURVE('',#8577,#8601,#8603,.T.);
#8601 = VERTEX_POINT('',#8602);
#8602 = CARTESIAN_POINT('',(301.889893,71.113965,1.7));
#8603 = LINE('',#8604,#8605);
#8604 = CARTESIAN_POINT('',(301.878692,71.141016,1.7));
#8605 = VECTOR('',#8606,1.);
#8606 = DIRECTION('',(0.382569992545,-0.923926512664,0.));
#8607 = ORIENTED_EDGE('',*,*,#8608,.F.);
#8608 = EDGE_CURVE('',#2233,#8601,#8609,.T.);
#8609 = LINE('',#8610,#8611);
#8610 = CARTESIAN_POINT('',(301.889893,71.113965,0.));
#8611 = VECTOR('',#8612,1.);
#8612 = DIRECTION('',(0.,0.,1.));
#8613 = ORIENTED_EDGE('',*,*,#2232,.F.);
#8614 = PLANE('',#8615);
#8615 = AXIS2_PLACEMENT_3D('',#8616,#8617,#8618);
#8616 = CARTESIAN_POINT('',(301.878692,71.141016,0.));
#8617 = DIRECTION('',(0.923926512664,0.382569992545,0.));
#8618 = DIRECTION('',(0.382569992545,-0.923926512664,0.));
#8619 = ADVANCED_FACE('',(#8620),#8638,.F.);
#8620 = FACE_BOUND('',#8621,.F.);
#8621 = EDGE_LOOP('',(#8622,#8623,#8631,#8637));
#8622 = ORIENTED_EDGE('',*,*,#8608,.T.);
#8623 = ORIENTED_EDGE('',*,*,#8624,.T.);
#8624 = EDGE_CURVE('',#8601,#8625,#8627,.T.);
#8625 = VERTEX_POINT('',#8626);
#8626 = CARTESIAN_POINT('',(301.891341,71.099335,1.7));
#8627 = LINE('',#8628,#8629);
#8628 = CARTESIAN_POINT('',(301.889893,71.113965,1.7));
#8629 = VECTOR('',#8630,1.);
#8630 = DIRECTION('',(9.849346454891E-02,-0.995137697729,0.));
#8631 = ORIENTED_EDGE('',*,*,#8632,.F.);
#8632 = EDGE_CURVE('',#2241,#8625,#8633,.T.);
#8633 = LINE('',#8634,#8635);
#8634 = CARTESIAN_POINT('',(301.891341,71.099335,0.));
#8635 = VECTOR('',#8636,1.);
#8636 = DIRECTION('',(0.,0.,1.));
#8637 = ORIENTED_EDGE('',*,*,#2240,.F.);
#8638 = PLANE('',#8639);
#8639 = AXIS2_PLACEMENT_3D('',#8640,#8641,#8642);
#8640 = CARTESIAN_POINT('',(301.889893,71.113965,0.));
#8641 = DIRECTION('',(0.995137697729,9.849346454891E-02,0.));
#8642 = DIRECTION('',(9.849346454891E-02,-0.995137697729,0.));
#8643 = ADVANCED_FACE('',(#8644),#8662,.F.);
#8644 = FACE_BOUND('',#8645,.F.);
#8645 = EDGE_LOOP('',(#8646,#8647,#8655,#8661));
#8646 = ORIENTED_EDGE('',*,*,#8632,.T.);
#8647 = ORIENTED_EDGE('',*,*,#8648,.T.);
#8648 = EDGE_CURVE('',#8625,#8649,#8651,.T.);
#8649 = VERTEX_POINT('',#8650);
#8650 = CARTESIAN_POINT('',(301.891341,56.999338,1.7));
#8651 = LINE('',#8652,#8653);
#8652 = CARTESIAN_POINT('',(301.891341,71.099335,1.7));
#8653 = VECTOR('',#8654,1.);
#8654 = DIRECTION('',(0.,-1.,0.));
#8655 = ORIENTED_EDGE('',*,*,#8656,.F.);
#8656 = EDGE_CURVE('',#2249,#8649,#8657,.T.);
#8657 = LINE('',#8658,#8659);
#8658 = CARTESIAN_POINT('',(301.891341,56.999338,0.));
#8659 = VECTOR('',#8660,1.);
#8660 = DIRECTION('',(0.,0.,1.));
#8661 = ORIENTED_EDGE('',*,*,#2248,.F.);
#8662 = PLANE('',#8663);
#8663 = AXIS2_PLACEMENT_3D('',#8664,#8665,#8666);
#8664 = CARTESIAN_POINT('',(301.891341,71.099335,0.));
#8665 = DIRECTION('',(1.,0.,0.));
#8666 = DIRECTION('',(0.,-1.,0.));
#8667 = ADVANCED_FACE('',(#8668),#8686,.F.);
#8668 = FACE_BOUND('',#8669,.F.);
#8669 = EDGE_LOOP('',(#8670,#8671,#8679,#8685));
#8670 = ORIENTED_EDGE('',*,*,#8656,.T.);
#8671 = ORIENTED_EDGE('',*,*,#8672,.T.);
#8672 = EDGE_CURVE('',#8649,#8673,#8675,.T.);
#8673 = VERTEX_POINT('',#8674);
#8674 = CARTESIAN_POINT('',(301.889893,56.984707,1.7));
#8675 = LINE('',#8676,#8677);
#8676 = CARTESIAN_POINT('',(301.891341,56.999338,1.7));
#8677 = VECTOR('',#8678,1.);
#8678 = DIRECTION('',(-9.848679801343E-02,-0.995138357525,0.));
#8679 = ORIENTED_EDGE('',*,*,#8680,.F.);
#8680 = EDGE_CURVE('',#2257,#8673,#8681,.T.);
#8681 = LINE('',#8682,#8683);
#8682 = CARTESIAN_POINT('',(301.889893,56.984707,0.));
#8683 = VECTOR('',#8684,1.);
#8684 = DIRECTION('',(0.,0.,1.));
#8685 = ORIENTED_EDGE('',*,*,#2256,.F.);
#8686 = PLANE('',#8687);
#8687 = AXIS2_PLACEMENT_3D('',#8688,#8689,#8690);
#8688 = CARTESIAN_POINT('',(301.891341,56.999338,0.));
#8689 = DIRECTION('',(0.995138357525,-9.848679801343E-02,0.));
#8690 = DIRECTION('',(-9.848679801343E-02,-0.995138357525,0.));
#8691 = ADVANCED_FACE('',(#8692),#8710,.F.);
#8692 = FACE_BOUND('',#8693,.F.);
#8693 = EDGE_LOOP('',(#8694,#8695,#8703,#8709));
#8694 = ORIENTED_EDGE('',*,*,#8680,.T.);
#8695 = ORIENTED_EDGE('',*,*,#8696,.T.);
#8696 = EDGE_CURVE('',#8673,#8697,#8699,.T.);
#8697 = VERTEX_POINT('',#8698);
#8698 = CARTESIAN_POINT('',(301.878692,56.957656,1.7));
#8699 = LINE('',#8700,#8701);
#8700 = CARTESIAN_POINT('',(301.889893,56.984707,1.7));
#8701 = VECTOR('',#8702,1.);
#8702 = DIRECTION('',(-0.382569992545,-0.923926512664,0.));
#8703 = ORIENTED_EDGE('',*,*,#8704,.F.);
#8704 = EDGE_CURVE('',#2265,#8697,#8705,.T.);
#8705 = LINE('',#8706,#8707);
#8706 = CARTESIAN_POINT('',(301.878692,56.957656,0.));
#8707 = VECTOR('',#8708,1.);
#8708 = DIRECTION('',(0.,0.,1.));
#8709 = ORIENTED_EDGE('',*,*,#2264,.F.);
#8710 = PLANE('',#8711);
#8711 = AXIS2_PLACEMENT_3D('',#8712,#8713,#8714);
#8712 = CARTESIAN_POINT('',(301.889893,56.984707,0.));
#8713 = DIRECTION('',(0.923926512664,-0.382569992545,0.));
#8714 = DIRECTION('',(-0.382569992545,-0.923926512664,0.));
#8715 = ADVANCED_FACE('',(#8716),#8734,.F.);
#8716 = FACE_BOUND('',#8717,.F.);
#8717 = EDGE_LOOP('',(#8718,#8719,#8727,#8733));
#8718 = ORIENTED_EDGE('',*,*,#8704,.T.);
#8719 = ORIENTED_EDGE('',*,*,#8720,.T.);
#8720 = EDGE_CURVE('',#8697,#8721,#8723,.T.);
#8721 = VERTEX_POINT('',#8722);
#8722 = CARTESIAN_POINT('',(301.858016,56.936981,1.7));
#8723 = LINE('',#8724,#8725);
#8724 = CARTESIAN_POINT('',(301.878692,56.957656,1.7));
#8725 = VECTOR('',#8726,1.);
#8726 = DIRECTION('',(-0.707123881093,-0.707089680867,0.));
#8727 = ORIENTED_EDGE('',*,*,#8728,.F.);
#8728 = EDGE_CURVE('',#2273,#8721,#8729,.T.);
#8729 = LINE('',#8730,#8731);
#8730 = CARTESIAN_POINT('',(301.858016,56.936981,0.));
#8731 = VECTOR('',#8732,1.);
#8732 = DIRECTION('',(0.,0.,1.));
#8733 = ORIENTED_EDGE('',*,*,#2272,.F.);
#8734 = PLANE('',#8735);
#8735 = AXIS2_PLACEMENT_3D('',#8736,#8737,#8738);
#8736 = CARTESIAN_POINT('',(301.878692,56.957656,0.));
#8737 = DIRECTION('',(0.707089680867,-0.707123881093,0.));
#8738 = DIRECTION('',(-0.707123881093,-0.707089680867,0.));
#8739 = ADVANCED_FACE('',(#8740),#8758,.F.);
#8740 = FACE_BOUND('',#8741,.F.);
#8741 = EDGE_LOOP('',(#8742,#8743,#8751,#8757));
#8742 = ORIENTED_EDGE('',*,*,#8728,.T.);
#8743 = ORIENTED_EDGE('',*,*,#8744,.T.);
#8744 = EDGE_CURVE('',#8721,#8745,#8747,.T.);
#8745 = VERTEX_POINT('',#8746);
#8746 = CARTESIAN_POINT('',(301.830965,56.925779,1.7));
#8747 = LINE('',#8748,#8749);
#8748 = CARTESIAN_POINT('',(301.858016,56.936981,1.7));
#8749 = VECTOR('',#8750,1.);
#8750 = DIRECTION('',(-0.923914439717,-0.382599148043,0.));
#8751 = ORIENTED_EDGE('',*,*,#8752,.F.);
#8752 = EDGE_CURVE('',#2281,#8745,#8753,.T.);
#8753 = LINE('',#8754,#8755);
#8754 = CARTESIAN_POINT('',(301.830965,56.925779,0.));
#8755 = VECTOR('',#8756,1.);
#8756 = DIRECTION('',(0.,0.,1.));
#8757 = ORIENTED_EDGE('',*,*,#2280,.F.);
#8758 = PLANE('',#8759);
#8759 = AXIS2_PLACEMENT_3D('',#8760,#8761,#8762);
#8760 = CARTESIAN_POINT('',(301.858016,56.936981,0.));
#8761 = DIRECTION('',(0.382599148043,-0.923914439717,0.));
#8762 = DIRECTION('',(-0.923914439717,-0.382599148043,0.));
#8763 = ADVANCED_FACE('',(#8764),#8782,.F.);
#8764 = FACE_BOUND('',#8765,.F.);
#8765 = EDGE_LOOP('',(#8766,#8767,#8775,#8781));
#8766 = ORIENTED_EDGE('',*,*,#8752,.T.);
#8767 = ORIENTED_EDGE('',*,*,#8768,.T.);
#8768 = EDGE_CURVE('',#8745,#8769,#8771,.T.);
#8769 = VERTEX_POINT('',#8770);
#8770 = CARTESIAN_POINT('',(301.816335,56.924331,1.7));
#8771 = LINE('',#8772,#8773);
#8772 = CARTESIAN_POINT('',(301.830965,56.925779,1.7));
#8773 = VECTOR('',#8774,1.);
#8774 = DIRECTION('',(-0.995137697729,-9.849346454594E-02,0.));
#8775 = ORIENTED_EDGE('',*,*,#8776,.F.);
#8776 = EDGE_CURVE('',#2289,#8769,#8777,.T.);
#8777 = LINE('',#8778,#8779);
#8778 = CARTESIAN_POINT('',(301.816335,56.924331,0.));
#8779 = VECTOR('',#8780,1.);
#8780 = DIRECTION('',(0.,0.,1.));
#8781 = ORIENTED_EDGE('',*,*,#2288,.F.);
#8782 = PLANE('',#8783);
#8783 = AXIS2_PLACEMENT_3D('',#8784,#8785,#8786);
#8784 = CARTESIAN_POINT('',(301.830965,56.925779,0.));
#8785 = DIRECTION('',(9.849346454594E-02,-0.995137697729,0.));
#8786 = DIRECTION('',(-0.995137697729,-9.849346454594E-02,0.));
#8787 = ADVANCED_FACE('',(#8788),#8806,.F.);
#8788 = FACE_BOUND('',#8789,.F.);
#8789 = EDGE_LOOP('',(#8790,#8791,#8799,#8805));
#8790 = ORIENTED_EDGE('',*,*,#8776,.T.);
#8791 = ORIENTED_EDGE('',*,*,#8792,.T.);
#8792 = EDGE_CURVE('',#8769,#8793,#8795,.T.);
#8793 = VERTEX_POINT('',#8794);
#8794 = CARTESIAN_POINT('',(287.716337,56.924331,1.7));
#8795 = LINE('',#8796,#8797);
#8796 = CARTESIAN_POINT('',(301.816335,56.924331,1.7));
#8797 = VECTOR('',#8798,1.);
#8798 = DIRECTION('',(-1.,0.,0.));
#8799 = ORIENTED_EDGE('',*,*,#8800,.F.);
#8800 = EDGE_CURVE('',#2297,#8793,#8801,.T.);
#8801 = LINE('',#8802,#8803);
#8802 = CARTESIAN_POINT('',(287.716337,56.924331,0.));
#8803 = VECTOR('',#8804,1.);
#8804 = DIRECTION('',(0.,0.,1.));
#8805 = ORIENTED_EDGE('',*,*,#2296,.F.);
#8806 = PLANE('',#8807);
#8807 = AXIS2_PLACEMENT_3D('',#8808,#8809,#8810);
#8808 = CARTESIAN_POINT('',(301.816335,56.924331,0.));
#8809 = DIRECTION('',(0.,-1.,0.));
#8810 = DIRECTION('',(-1.,0.,0.));
#8811 = ADVANCED_FACE('',(#8812),#8830,.F.);
#8812 = FACE_BOUND('',#8813,.F.);
#8813 = EDGE_LOOP('',(#8814,#8815,#8823,#8829));
#8814 = ORIENTED_EDGE('',*,*,#8800,.T.);
#8815 = ORIENTED_EDGE('',*,*,#8816,.T.);
#8816 = EDGE_CURVE('',#8793,#8817,#8819,.T.);
#8817 = VERTEX_POINT('',#8818);
#8818 = CARTESIAN_POINT('',(287.701707,56.925779,1.7));
#8819 = LINE('',#8820,#8821);
#8820 = CARTESIAN_POINT('',(287.716337,56.924331,1.7));
#8821 = VECTOR('',#8822,1.);
#8822 = DIRECTION('',(-0.995137697729,9.849346454594E-02,0.));
#8823 = ORIENTED_EDGE('',*,*,#8824,.F.);
#8824 = EDGE_CURVE('',#2305,#8817,#8825,.T.);
#8825 = LINE('',#8826,#8827);
#8826 = CARTESIAN_POINT('',(287.701707,56.925779,0.));
#8827 = VECTOR('',#8828,1.);
#8828 = DIRECTION('',(0.,0.,1.));
#8829 = ORIENTED_EDGE('',*,*,#2304,.F.);
#8830 = PLANE('',#8831);
#8831 = AXIS2_PLACEMENT_3D('',#8832,#8833,#8834);
#8832 = CARTESIAN_POINT('',(287.716337,56.924331,0.));
#8833 = DIRECTION('',(-9.849346454594E-02,-0.995137697729,0.));
#8834 = DIRECTION('',(-0.995137697729,9.849346454594E-02,0.));
#8835 = ADVANCED_FACE('',(#8836),#8854,.F.);
#8836 = FACE_BOUND('',#8837,.F.);
#8837 = EDGE_LOOP('',(#8838,#8839,#8847,#8853));
#8838 = ORIENTED_EDGE('',*,*,#8824,.T.);
#8839 = ORIENTED_EDGE('',*,*,#8840,.T.);
#8840 = EDGE_CURVE('',#8817,#8841,#8843,.T.);
#8841 = VERTEX_POINT('',#8842);
#8842 = CARTESIAN_POINT('',(287.674656,56.936981,1.7));
#8843 = LINE('',#8844,#8845);
#8844 = CARTESIAN_POINT('',(287.701707,56.925779,1.7));
#8845 = VECTOR('',#8846,1.);
#8846 = DIRECTION('',(-0.923914439716,0.382599148043,0.));
#8847 = ORIENTED_EDGE('',*,*,#8848,.F.);
#8848 = EDGE_CURVE('',#2313,#8841,#8849,.T.);
#8849 = LINE('',#8850,#8851);
#8850 = CARTESIAN_POINT('',(287.674656,56.936981,0.));
#8851 = VECTOR('',#8852,1.);
#8852 = DIRECTION('',(0.,0.,1.));
#8853 = ORIENTED_EDGE('',*,*,#2312,.F.);
#8854 = PLANE('',#8855);
#8855 = AXIS2_PLACEMENT_3D('',#8856,#8857,#8858);
#8856 = CARTESIAN_POINT('',(287.701707,56.925779,0.));
#8857 = DIRECTION('',(-0.382599148043,-0.923914439716,0.));
#8858 = DIRECTION('',(-0.923914439716,0.382599148043,0.));
#8859 = ADVANCED_FACE('',(#8860),#8878,.F.);
#8860 = FACE_BOUND('',#8861,.F.);
#8861 = EDGE_LOOP('',(#8862,#8863,#8871,#8877));
#8862 = ORIENTED_EDGE('',*,*,#8848,.T.);
#8863 = ORIENTED_EDGE('',*,*,#8864,.T.);
#8864 = EDGE_CURVE('',#8841,#8865,#8867,.T.);
#8865 = VERTEX_POINT('',#8866);
#8866 = CARTESIAN_POINT('',(287.65398,56.957656,1.7));
#8867 = LINE('',#8868,#8869);
#8868 = CARTESIAN_POINT('',(287.674656,56.936981,1.7));
#8869 = VECTOR('',#8870,1.);
#8870 = DIRECTION('',(-0.707123881094,0.707089680866,0.));
#8871 = ORIENTED_EDGE('',*,*,#8872,.F.);
#8872 = EDGE_CURVE('',#2321,#8865,#8873,.T.);
#8873 = LINE('',#8874,#8875);
#8874 = CARTESIAN_POINT('',(287.65398,56.957656,0.));
#8875 = VECTOR('',#8876,1.);
#8876 = DIRECTION('',(0.,0.,1.));
#8877 = ORIENTED_EDGE('',*,*,#2320,.F.);
#8878 = PLANE('',#8879);
#8879 = AXIS2_PLACEMENT_3D('',#8880,#8881,#8882);
#8880 = CARTESIAN_POINT('',(287.674656,56.936981,0.));
#8881 = DIRECTION('',(-0.707089680866,-0.707123881094,0.));
#8882 = DIRECTION('',(-0.707123881094,0.707089680866,0.));
#8883 = ADVANCED_FACE('',(#8884),#8902,.F.);
#8884 = FACE_BOUND('',#8885,.F.);
#8885 = EDGE_LOOP('',(#8886,#8887,#8895,#8901));
#8886 = ORIENTED_EDGE('',*,*,#8872,.T.);
#8887 = ORIENTED_EDGE('',*,*,#8888,.T.);
#8888 = EDGE_CURVE('',#8865,#8889,#8891,.T.);
#8889 = VERTEX_POINT('',#8890);
#8890 = CARTESIAN_POINT('',(287.642779,56.984707,1.7));
#8891 = LINE('',#8892,#8893);
#8892 = CARTESIAN_POINT('',(287.65398,56.957656,1.7));
#8893 = VECTOR('',#8894,1.);
#8894 = DIRECTION('',(-0.382569992545,0.923926512664,0.));
#8895 = ORIENTED_EDGE('',*,*,#8896,.F.);
#8896 = EDGE_CURVE('',#2329,#8889,#8897,.T.);
#8897 = LINE('',#8898,#8899);
#8898 = CARTESIAN_POINT('',(287.642779,56.984707,0.));
#8899 = VECTOR('',#8900,1.);
#8900 = DIRECTION('',(0.,0.,1.));
#8901 = ORIENTED_EDGE('',*,*,#2328,.F.);
#8902 = PLANE('',#8903);
#8903 = AXIS2_PLACEMENT_3D('',#8904,#8905,#8906);
#8904 = CARTESIAN_POINT('',(287.65398,56.957656,0.));
#8905 = DIRECTION('',(-0.923926512664,-0.382569992545,0.));
#8906 = DIRECTION('',(-0.382569992545,0.923926512664,0.));
#8907 = ADVANCED_FACE('',(#8908),#8926,.F.);
#8908 = FACE_BOUND('',#8909,.F.);
#8909 = EDGE_LOOP('',(#8910,#8911,#8919,#8925));
#8910 = ORIENTED_EDGE('',*,*,#8896,.T.);
#8911 = ORIENTED_EDGE('',*,*,#8912,.T.);
#8912 = EDGE_CURVE('',#8889,#8913,#8915,.T.);
#8913 = VERTEX_POINT('',#8914);
#8914 = CARTESIAN_POINT('',(287.641331,56.999338,1.7));
#8915 = LINE('',#8916,#8917);
#8916 = CARTESIAN_POINT('',(287.642779,56.984707,1.7));
#8917 = VECTOR('',#8918,1.);
#8918 = DIRECTION('',(-9.848679801343E-02,0.995138357525,0.));
#8919 = ORIENTED_EDGE('',*,*,#8920,.F.);
#8920 = EDGE_CURVE('',#2337,#8913,#8921,.T.);
#8921 = LINE('',#8922,#8923);
#8922 = CARTESIAN_POINT('',(287.641331,56.999338,0.));
#8923 = VECTOR('',#8924,1.);
#8924 = DIRECTION('',(0.,0.,1.));
#8925 = ORIENTED_EDGE('',*,*,#2336,.F.);
#8926 = PLANE('',#8927);
#8927 = AXIS2_PLACEMENT_3D('',#8928,#8929,#8930);
#8928 = CARTESIAN_POINT('',(287.642779,56.984707,0.));
#8929 = DIRECTION('',(-0.995138357525,-9.848679801343E-02,0.));
#8930 = DIRECTION('',(-9.848679801343E-02,0.995138357525,0.));
#8931 = ADVANCED_FACE('',(#8932),#8950,.F.);
#8932 = FACE_BOUND('',#8933,.F.);
#8933 = EDGE_LOOP('',(#8934,#8935,#8943,#8949));
#8934 = ORIENTED_EDGE('',*,*,#8920,.T.);
#8935 = ORIENTED_EDGE('',*,*,#8936,.T.);
#8936 = EDGE_CURVE('',#8913,#8937,#8939,.T.);
#8937 = VERTEX_POINT('',#8938);
#8938 = CARTESIAN_POINT('',(287.641331,71.099335,1.7));
#8939 = LINE('',#8940,#8941);
#8940 = CARTESIAN_POINT('',(287.641331,56.999338,1.7));
#8941 = VECTOR('',#8942,1.);
#8942 = DIRECTION('',(0.,1.,0.));
#8943 = ORIENTED_EDGE('',*,*,#8944,.F.);
#8944 = EDGE_CURVE('',#2345,#8937,#8945,.T.);
#8945 = LINE('',#8946,#8947);
#8946 = CARTESIAN_POINT('',(287.641331,71.099335,0.));
#8947 = VECTOR('',#8948,1.);
#8948 = DIRECTION('',(0.,0.,1.));
#8949 = ORIENTED_EDGE('',*,*,#2344,.F.);
#8950 = PLANE('',#8951);
#8951 = AXIS2_PLACEMENT_3D('',#8952,#8953,#8954);
#8952 = CARTESIAN_POINT('',(287.641331,56.999338,0.));
#8953 = DIRECTION('',(-1.,0.,0.));
#8954 = DIRECTION('',(0.,1.,0.));
#8955 = ADVANCED_FACE('',(#8956),#8974,.F.);
#8956 = FACE_BOUND('',#8957,.F.);
#8957 = EDGE_LOOP('',(#8958,#8959,#8967,#8973));
#8958 = ORIENTED_EDGE('',*,*,#8944,.T.);
#8959 = ORIENTED_EDGE('',*,*,#8960,.T.);
#8960 = EDGE_CURVE('',#8937,#8961,#8963,.T.);
#8961 = VERTEX_POINT('',#8962);
#8962 = CARTESIAN_POINT('',(287.642779,71.113965,1.7));
#8963 = LINE('',#8964,#8965);
#8964 = CARTESIAN_POINT('',(287.641331,71.099335,1.7));
#8965 = VECTOR('',#8966,1.);
#8966 = DIRECTION('',(9.849346454891E-02,0.995137697729,0.));
#8967 = ORIENTED_EDGE('',*,*,#8968,.F.);
#8968 = EDGE_CURVE('',#2353,#8961,#8969,.T.);
#8969 = LINE('',#8970,#8971);
#8970 = CARTESIAN_POINT('',(287.642779,71.113965,0.));
#8971 = VECTOR('',#8972,1.);
#8972 = DIRECTION('',(0.,0.,1.));
#8973 = ORIENTED_EDGE('',*,*,#2352,.F.);
#8974 = PLANE('',#8975);
#8975 = AXIS2_PLACEMENT_3D('',#8976,#8977,#8978);
#8976 = CARTESIAN_POINT('',(287.641331,71.099335,0.));
#8977 = DIRECTION('',(-0.995137697729,9.849346454891E-02,0.));
#8978 = DIRECTION('',(9.849346454891E-02,0.995137697729,0.));
#8979 = ADVANCED_FACE('',(#8980),#8998,.F.);
#8980 = FACE_BOUND('',#8981,.F.);
#8981 = EDGE_LOOP('',(#8982,#8983,#8991,#8997));
#8982 = ORIENTED_EDGE('',*,*,#8968,.T.);
#8983 = ORIENTED_EDGE('',*,*,#8984,.T.);
#8984 = EDGE_CURVE('',#8961,#8985,#8987,.T.);
#8985 = VERTEX_POINT('',#8986);
#8986 = CARTESIAN_POINT('',(287.65398,71.141016,1.7));
#8987 = LINE('',#8988,#8989);
#8988 = CARTESIAN_POINT('',(287.642779,71.113965,1.7));
#8989 = VECTOR('',#8990,1.);
#8990 = DIRECTION('',(0.382569992545,0.923926512664,0.));
#8991 = ORIENTED_EDGE('',*,*,#8992,.F.);
#8992 = EDGE_CURVE('',#2361,#8985,#8993,.T.);
#8993 = LINE('',#8994,#8995);
#8994 = CARTESIAN_POINT('',(287.65398,71.141016,0.));
#8995 = VECTOR('',#8996,1.);
#8996 = DIRECTION('',(0.,0.,1.));
#8997 = ORIENTED_EDGE('',*,*,#2360,.F.);
#8998 = PLANE('',#8999);
#8999 = AXIS2_PLACEMENT_3D('',#9000,#9001,#9002);
#9000 = CARTESIAN_POINT('',(287.642779,71.113965,0.));
#9001 = DIRECTION('',(-0.923926512664,0.382569992545,0.));
#9002 = DIRECTION('',(0.382569992545,0.923926512664,0.));
#9003 = ADVANCED_FACE('',(#9004),#9022,.F.);
#9004 = FACE_BOUND('',#9005,.F.);
#9005 = EDGE_LOOP('',(#9006,#9007,#9015,#9021));
#9006 = ORIENTED_EDGE('',*,*,#8992,.T.);
#9007 = ORIENTED_EDGE('',*,*,#9008,.T.);
#9008 = EDGE_CURVE('',#8985,#9009,#9011,.T.);
#9009 = VERTEX_POINT('',#9010);
#9010 = CARTESIAN_POINT('',(287.674656,71.161692,1.7));
#9011 = LINE('',#9012,#9013);
#9012 = CARTESIAN_POINT('',(287.65398,71.141016,1.7));
#9013 = VECTOR('',#9014,1.);
#9014 = DIRECTION('',(0.707106781187,0.707106781186,0.));
#9015 = ORIENTED_EDGE('',*,*,#9016,.F.);
#9016 = EDGE_CURVE('',#2369,#9009,#9017,.T.);
#9017 = LINE('',#9018,#9019);
#9018 = CARTESIAN_POINT('',(287.674656,71.161692,0.));
#9019 = VECTOR('',#9020,1.);
#9020 = DIRECTION('',(0.,0.,1.));
#9021 = ORIENTED_EDGE('',*,*,#2368,.F.);
#9022 = PLANE('',#9023);
#9023 = AXIS2_PLACEMENT_3D('',#9024,#9025,#9026);
#9024 = CARTESIAN_POINT('',(287.65398,71.141016,0.));
#9025 = DIRECTION('',(-0.707106781186,0.707106781187,0.));
#9026 = DIRECTION('',(0.707106781187,0.707106781186,0.));
#9027 = ADVANCED_FACE('',(#9028),#9046,.F.);
#9028 = FACE_BOUND('',#9029,.F.);
#9029 = EDGE_LOOP('',(#9030,#9031,#9039,#9045));
#9030 = ORIENTED_EDGE('',*,*,#9016,.T.);
#9031 = ORIENTED_EDGE('',*,*,#9032,.T.);
#9032 = EDGE_CURVE('',#9009,#9033,#9035,.T.);
#9033 = VERTEX_POINT('',#9034);
#9034 = CARTESIAN_POINT('',(287.701707,71.172893,1.7));
#9035 = LINE('',#9036,#9037);
#9036 = CARTESIAN_POINT('',(287.674656,71.161692,1.7));
#9037 = VECTOR('',#9038,1.);
#9038 = DIRECTION('',(0.923926512664,0.382569992546,0.));
#9039 = ORIENTED_EDGE('',*,*,#9040,.F.);
#9040 = EDGE_CURVE('',#2377,#9033,#9041,.T.);
#9041 = LINE('',#9042,#9043);
#9042 = CARTESIAN_POINT('',(287.701707,71.172893,0.));
#9043 = VECTOR('',#9044,1.);
#9044 = DIRECTION('',(0.,0.,1.));
#9045 = ORIENTED_EDGE('',*,*,#2376,.F.);
#9046 = PLANE('',#9047);
#9047 = AXIS2_PLACEMENT_3D('',#9048,#9049,#9050);
#9048 = CARTESIAN_POINT('',(287.674656,71.161692,0.));
#9049 = DIRECTION('',(-0.382569992546,0.923926512664,0.));
#9050 = DIRECTION('',(0.923926512664,0.382569992546,0.));
#9051 = ADVANCED_FACE('',(#9052),#9070,.F.);
#9052 = FACE_BOUND('',#9053,.F.);
#9053 = EDGE_LOOP('',(#9054,#9055,#9063,#9069));
#9054 = ORIENTED_EDGE('',*,*,#9040,.T.);
#9055 = ORIENTED_EDGE('',*,*,#9056,.T.);
#9056 = EDGE_CURVE('',#9033,#9057,#9059,.T.);
#9057 = VERTEX_POINT('',#9058);
#9058 = CARTESIAN_POINT('',(287.716337,71.174341,1.7));
#9059 = LINE('',#9060,#9061);
#9060 = CARTESIAN_POINT('',(287.701707,71.172893,1.7));
#9061 = VECTOR('',#9062,1.);
#9062 = DIRECTION('',(0.995137697729,9.849346454594E-02,0.));
#9063 = ORIENTED_EDGE('',*,*,#9064,.F.);
#9064 = EDGE_CURVE('',#2385,#9057,#9065,.T.);
#9065 = LINE('',#9066,#9067);
#9066 = CARTESIAN_POINT('',(287.716337,71.174341,0.));
#9067 = VECTOR('',#9068,1.);
#9068 = DIRECTION('',(0.,0.,1.));
#9069 = ORIENTED_EDGE('',*,*,#2384,.F.);
#9070 = PLANE('',#9071);
#9071 = AXIS2_PLACEMENT_3D('',#9072,#9073,#9074);
#9072 = CARTESIAN_POINT('',(287.701707,71.172893,0.));
#9073 = DIRECTION('',(-9.849346454594E-02,0.995137697729,0.));
#9074 = DIRECTION('',(0.995137697729,9.849346454594E-02,0.));
#9075 = ADVANCED_FACE('',(#9076),#9094,.F.);
#9076 = FACE_BOUND('',#9077,.F.);
#9077 = EDGE_LOOP('',(#9078,#9079,#9087,#9093));
#9078 = ORIENTED_EDGE('',*,*,#9064,.T.);
#9079 = ORIENTED_EDGE('',*,*,#9080,.T.);
#9080 = EDGE_CURVE('',#9057,#9081,#9083,.T.);
#9081 = VERTEX_POINT('',#9082);
#9082 = CARTESIAN_POINT('',(301.816335,71.174341,1.7));
#9083 = LINE('',#9084,#9085);
#9084 = CARTESIAN_POINT('',(287.716337,71.174341,1.7));
#9085 = VECTOR('',#9086,1.);
#9086 = DIRECTION('',(1.,0.,0.));
#9087 = ORIENTED_EDGE('',*,*,#9088,.F.);
#9088 = EDGE_CURVE('',#2393,#9081,#9089,.T.);
#9089 = LINE('',#9090,#9091);
#9090 = CARTESIAN_POINT('',(301.816335,71.174341,0.));
#9091 = VECTOR('',#9092,1.);
#9092 = DIRECTION('',(0.,0.,1.));
#9093 = ORIENTED_EDGE('',*,*,#2392,.F.);
#9094 = PLANE('',#9095);
#9095 = AXIS2_PLACEMENT_3D('',#9096,#9097,#9098);
#9096 = CARTESIAN_POINT('',(287.716337,71.174341,0.));
#9097 = DIRECTION('',(0.,1.,0.));
#9098 = DIRECTION('',(1.,0.,0.));
#9099 = ADVANCED_FACE('',(#9100),#9111,.F.);
#9100 = FACE_BOUND('',#9101,.F.);
#9101 = EDGE_LOOP('',(#9102,#9103,#9109,#9110));
#9102 = ORIENTED_EDGE('',*,*,#9088,.T.);
#9103 = ORIENTED_EDGE('',*,*,#9104,.T.);
#9104 = EDGE_CURVE('',#9081,#8545,#9105,.T.);
#9105 = LINE('',#9106,#9107);
#9106 = CARTESIAN_POINT('',(301.816335,71.174341,1.7));
#9107 = VECTOR('',#9108,1.);
#9108 = DIRECTION('',(0.995137697729,-9.849346454594E-02,0.));
#9109 = ORIENTED_EDGE('',*,*,#8544,.F.);
#9110 = ORIENTED_EDGE('',*,*,#2400,.F.);
#9111 = PLANE('',#9112);
#9112 = AXIS2_PLACEMENT_3D('',#9113,#9114,#9115);
#9113 = CARTESIAN_POINT('',(301.816335,71.174341,0.));
#9114 = DIRECTION('',(9.849346454594E-02,0.995137697729,0.));
#9115 = DIRECTION('',(0.995137697729,-9.849346454594E-02,0.));
#9116 = ADVANCED_FACE('',(#9117),#9142,.F.);
#9117 = FACE_BOUND('',#9118,.F.);
#9118 = EDGE_LOOP('',(#9119,#9127,#9135,#9141));
#9119 = ORIENTED_EDGE('',*,*,#9120,.T.);
#9120 = EDGE_CURVE('',#2409,#9121,#9123,.T.);
#9121 = VERTEX_POINT('',#9122);
#9122 = CARTESIAN_POINT('',(301.830965,33.072893,1.7));
#9123 = LINE('',#9124,#9125);
#9124 = CARTESIAN_POINT('',(301.830965,33.072893,0.));
#9125 = VECTOR('',#9126,1.);
#9126 = DIRECTION('',(0.,0.,1.));
#9127 = ORIENTED_EDGE('',*,*,#9128,.T.);
#9128 = EDGE_CURVE('',#9121,#9129,#9131,.T.);
#9129 = VERTEX_POINT('',#9130);
#9130 = CARTESIAN_POINT('',(301.858016,33.061692,1.7));
#9131 = LINE('',#9132,#9133);
#9132 = CARTESIAN_POINT('',(301.830965,33.072893,1.7));
#9133 = VECTOR('',#9134,1.);
#9134 = DIRECTION('',(0.923926512664,-0.382569992545,0.));
#9135 = ORIENTED_EDGE('',*,*,#9136,.F.);
#9136 = EDGE_CURVE('',#2411,#9129,#9137,.T.);
#9137 = LINE('',#9138,#9139);
#9138 = CARTESIAN_POINT('',(301.858016,33.061692,0.));
#9139 = VECTOR('',#9140,1.);
#9140 = DIRECTION('',(0.,0.,1.));
#9141 = ORIENTED_EDGE('',*,*,#2408,.F.);
#9142 = PLANE('',#9143);
#9143 = AXIS2_PLACEMENT_3D('',#9144,#9145,#9146);
#9144 = CARTESIAN_POINT('',(301.830965,33.072893,0.));
#9145 = DIRECTION('',(0.382569992545,0.923926512664,0.));
#9146 = DIRECTION('',(0.923926512664,-0.382569992545,0.));
#9147 = ADVANCED_FACE('',(#9148),#9166,.F.);
#9148 = FACE_BOUND('',#9149,.F.);
#9149 = EDGE_LOOP('',(#9150,#9151,#9159,#9165));
#9150 = ORIENTED_EDGE('',*,*,#9136,.T.);
#9151 = ORIENTED_EDGE('',*,*,#9152,.T.);
#9152 = EDGE_CURVE('',#9129,#9153,#9155,.T.);
#9153 = VERTEX_POINT('',#9154);
#9154 = CARTESIAN_POINT('',(301.878692,33.041016,1.7));
#9155 = LINE('',#9156,#9157);
#9156 = CARTESIAN_POINT('',(301.858016,33.061692,1.7));
#9157 = VECTOR('',#9158,1.);
#9158 = DIRECTION('',(0.707106781186,-0.707106781187,0.));
#9159 = ORIENTED_EDGE('',*,*,#9160,.F.);
#9160 = EDGE_CURVE('',#2419,#9153,#9161,.T.);
#9161 = LINE('',#9162,#9163);
#9162 = CARTESIAN_POINT('',(301.878692,33.041016,0.));
#9163 = VECTOR('',#9164,1.);
#9164 = DIRECTION('',(0.,0.,1.));
#9165 = ORIENTED_EDGE('',*,*,#2418,.F.);
#9166 = PLANE('',#9167);
#9167 = AXIS2_PLACEMENT_3D('',#9168,#9169,#9170);
#9168 = CARTESIAN_POINT('',(301.858016,33.061692,0.));
#9169 = DIRECTION('',(0.707106781187,0.707106781186,0.));
#9170 = DIRECTION('',(0.707106781186,-0.707106781187,0.));
#9171 = ADVANCED_FACE('',(#9172),#9190,.F.);
#9172 = FACE_BOUND('',#9173,.F.);
#9173 = EDGE_LOOP('',(#9174,#9175,#9183,#9189));
#9174 = ORIENTED_EDGE('',*,*,#9160,.T.);
#9175 = ORIENTED_EDGE('',*,*,#9176,.T.);
#9176 = EDGE_CURVE('',#9153,#9177,#9179,.T.);
#9177 = VERTEX_POINT('',#9178);
#9178 = CARTESIAN_POINT('',(301.889893,33.013965,1.7));
#9179 = LINE('',#9180,#9181);
#9180 = CARTESIAN_POINT('',(301.878692,33.041016,1.7));
#9181 = VECTOR('',#9182,1.);
#9182 = DIRECTION('',(0.382569992545,-0.923926512664,0.));
#9183 = ORIENTED_EDGE('',*,*,#9184,.F.);
#9184 = EDGE_CURVE('',#2427,#9177,#9185,.T.);
#9185 = LINE('',#9186,#9187);
#9186 = CARTESIAN_POINT('',(301.889893,33.013965,0.));
#9187 = VECTOR('',#9188,1.);
#9188 = DIRECTION('',(0.,0.,1.));
#9189 = ORIENTED_EDGE('',*,*,#2426,.F.);
#9190 = PLANE('',#9191);
#9191 = AXIS2_PLACEMENT_3D('',#9192,#9193,#9194);
#9192 = CARTESIAN_POINT('',(301.878692,33.041016,0.));
#9193 = DIRECTION('',(0.923926512664,0.382569992545,0.));
#9194 = DIRECTION('',(0.382569992545,-0.923926512664,0.));
#9195 = ADVANCED_FACE('',(#9196),#9214,.F.);
#9196 = FACE_BOUND('',#9197,.F.);
#9197 = EDGE_LOOP('',(#9198,#9199,#9207,#9213));
#9198 = ORIENTED_EDGE('',*,*,#9184,.T.);
#9199 = ORIENTED_EDGE('',*,*,#9200,.T.);
#9200 = EDGE_CURVE('',#9177,#9201,#9203,.T.);
#9201 = VERTEX_POINT('',#9202);
#9202 = CARTESIAN_POINT('',(301.891341,32.999335,1.7));
#9203 = LINE('',#9204,#9205);
#9204 = CARTESIAN_POINT('',(301.889893,33.013965,1.7));
#9205 = VECTOR('',#9206,1.);
#9206 = DIRECTION('',(9.849346454891E-02,-0.995137697729,0.));
#9207 = ORIENTED_EDGE('',*,*,#9208,.F.);
#9208 = EDGE_CURVE('',#2435,#9201,#9209,.T.);
#9209 = LINE('',#9210,#9211);
#9210 = CARTESIAN_POINT('',(301.891341,32.999335,0.));
#9211 = VECTOR('',#9212,1.);
#9212 = DIRECTION('',(0.,0.,1.));
#9213 = ORIENTED_EDGE('',*,*,#2434,.F.);
#9214 = PLANE('',#9215);
#9215 = AXIS2_PLACEMENT_3D('',#9216,#9217,#9218);
#9216 = CARTESIAN_POINT('',(301.889893,33.013965,0.));
#9217 = DIRECTION('',(0.995137697729,9.849346454891E-02,0.));
#9218 = DIRECTION('',(9.849346454891E-02,-0.995137697729,0.));
#9219 = ADVANCED_FACE('',(#9220),#9238,.F.);
#9220 = FACE_BOUND('',#9221,.F.);
#9221 = EDGE_LOOP('',(#9222,#9223,#9231,#9237));
#9222 = ORIENTED_EDGE('',*,*,#9208,.T.);
#9223 = ORIENTED_EDGE('',*,*,#9224,.T.);
#9224 = EDGE_CURVE('',#9201,#9225,#9227,.T.);
#9225 = VERTEX_POINT('',#9226);
#9226 = CARTESIAN_POINT('',(301.891341,18.899338,1.7));
#9227 = LINE('',#9228,#9229);
#9228 = CARTESIAN_POINT('',(301.891341,32.999335,1.7));
#9229 = VECTOR('',#9230,1.);
#9230 = DIRECTION('',(0.,-1.,0.));
#9231 = ORIENTED_EDGE('',*,*,#9232,.F.);
#9232 = EDGE_CURVE('',#2443,#9225,#9233,.T.);
#9233 = LINE('',#9234,#9235);
#9234 = CARTESIAN_POINT('',(301.891341,18.899338,0.));
#9235 = VECTOR('',#9236,1.);
#9236 = DIRECTION('',(0.,0.,1.));
#9237 = ORIENTED_EDGE('',*,*,#2442,.F.);
#9238 = PLANE('',#9239);
#9239 = AXIS2_PLACEMENT_3D('',#9240,#9241,#9242);
#9240 = CARTESIAN_POINT('',(301.891341,32.999335,0.));
#9241 = DIRECTION('',(1.,0.,0.));
#9242 = DIRECTION('',(0.,-1.,0.));
#9243 = ADVANCED_FACE('',(#9244),#9262,.F.);
#9244 = FACE_BOUND('',#9245,.F.);
#9245 = EDGE_LOOP('',(#9246,#9247,#9255,#9261));
#9246 = ORIENTED_EDGE('',*,*,#9232,.T.);
#9247 = ORIENTED_EDGE('',*,*,#9248,.T.);
#9248 = EDGE_CURVE('',#9225,#9249,#9251,.T.);
#9249 = VERTEX_POINT('',#9250);
#9250 = CARTESIAN_POINT('',(301.889893,18.884707,1.7));
#9251 = LINE('',#9252,#9253);
#9252 = CARTESIAN_POINT('',(301.891341,18.899338,1.7));
#9253 = VECTOR('',#9254,1.);
#9254 = DIRECTION('',(-9.848679801343E-02,-0.995138357525,0.));
#9255 = ORIENTED_EDGE('',*,*,#9256,.F.);
#9256 = EDGE_CURVE('',#2451,#9249,#9257,.T.);
#9257 = LINE('',#9258,#9259);
#9258 = CARTESIAN_POINT('',(301.889893,18.884707,0.));
#9259 = VECTOR('',#9260,1.);
#9260 = DIRECTION('',(0.,0.,1.));
#9261 = ORIENTED_EDGE('',*,*,#2450,.F.);
#9262 = PLANE('',#9263);
#9263 = AXIS2_PLACEMENT_3D('',#9264,#9265,#9266);
#9264 = CARTESIAN_POINT('',(301.891341,18.899338,0.));
#9265 = DIRECTION('',(0.995138357525,-9.848679801343E-02,0.));
#9266 = DIRECTION('',(-9.848679801343E-02,-0.995138357525,0.));
#9267 = ADVANCED_FACE('',(#9268),#9286,.F.);
#9268 = FACE_BOUND('',#9269,.F.);
#9269 = EDGE_LOOP('',(#9270,#9271,#9279,#9285));
#9270 = ORIENTED_EDGE('',*,*,#9256,.T.);
#9271 = ORIENTED_EDGE('',*,*,#9272,.T.);
#9272 = EDGE_CURVE('',#9249,#9273,#9275,.T.);
#9273 = VERTEX_POINT('',#9274);
#9274 = CARTESIAN_POINT('',(301.878692,18.857656,1.7));
#9275 = LINE('',#9276,#9277);
#9276 = CARTESIAN_POINT('',(301.889893,18.884707,1.7));
#9277 = VECTOR('',#9278,1.);
#9278 = DIRECTION('',(-0.382569992545,-0.923926512664,0.));
#9279 = ORIENTED_EDGE('',*,*,#9280,.F.);
#9280 = EDGE_CURVE('',#2459,#9273,#9281,.T.);
#9281 = LINE('',#9282,#9283);
#9282 = CARTESIAN_POINT('',(301.878692,18.857656,0.));
#9283 = VECTOR('',#9284,1.);
#9284 = DIRECTION('',(0.,0.,1.));
#9285 = ORIENTED_EDGE('',*,*,#2458,.F.);
#9286 = PLANE('',#9287);
#9287 = AXIS2_PLACEMENT_3D('',#9288,#9289,#9290);
#9288 = CARTESIAN_POINT('',(301.889893,18.884707,0.));
#9289 = DIRECTION('',(0.923926512664,-0.382569992545,0.));
#9290 = DIRECTION('',(-0.382569992545,-0.923926512664,0.));
#9291 = ADVANCED_FACE('',(#9292),#9310,.F.);
#9292 = FACE_BOUND('',#9293,.F.);
#9293 = EDGE_LOOP('',(#9294,#9295,#9303,#9309));
#9294 = ORIENTED_EDGE('',*,*,#9280,.T.);
#9295 = ORIENTED_EDGE('',*,*,#9296,.T.);
#9296 = EDGE_CURVE('',#9273,#9297,#9299,.T.);
#9297 = VERTEX_POINT('',#9298);
#9298 = CARTESIAN_POINT('',(301.858016,18.836981,1.7));
#9299 = LINE('',#9300,#9301);
#9300 = CARTESIAN_POINT('',(301.878692,18.857656,1.7));
#9301 = VECTOR('',#9302,1.);
#9302 = DIRECTION('',(-0.707123881093,-0.707089680867,0.));
#9303 = ORIENTED_EDGE('',*,*,#9304,.F.);
#9304 = EDGE_CURVE('',#2467,#9297,#9305,.T.);
#9305 = LINE('',#9306,#9307);
#9306 = CARTESIAN_POINT('',(301.858016,18.836981,0.));
#9307 = VECTOR('',#9308,1.);
#9308 = DIRECTION('',(0.,0.,1.));
#9309 = ORIENTED_EDGE('',*,*,#2466,.F.);
#9310 = PLANE('',#9311);
#9311 = AXIS2_PLACEMENT_3D('',#9312,#9313,#9314);
#9312 = CARTESIAN_POINT('',(301.878692,18.857656,0.));
#9313 = DIRECTION('',(0.707089680867,-0.707123881093,0.));
#9314 = DIRECTION('',(-0.707123881093,-0.707089680867,0.));
#9315 = ADVANCED_FACE('',(#9316),#9334,.F.);
#9316 = FACE_BOUND('',#9317,.F.);
#9317 = EDGE_LOOP('',(#9318,#9319,#9327,#9333));
#9318 = ORIENTED_EDGE('',*,*,#9304,.T.);
#9319 = ORIENTED_EDGE('',*,*,#9320,.T.);
#9320 = EDGE_CURVE('',#9297,#9321,#9323,.T.);
#9321 = VERTEX_POINT('',#9322);
#9322 = CARTESIAN_POINT('',(301.830965,18.825779,1.7));
#9323 = LINE('',#9324,#9325);
#9324 = CARTESIAN_POINT('',(301.858016,18.836981,1.7));
#9325 = VECTOR('',#9326,1.);
#9326 = DIRECTION('',(-0.923914439717,-0.382599148042,0.));
#9327 = ORIENTED_EDGE('',*,*,#9328,.F.);
#9328 = EDGE_CURVE('',#2475,#9321,#9329,.T.);
#9329 = LINE('',#9330,#9331);
#9330 = CARTESIAN_POINT('',(301.830965,18.825779,0.));
#9331 = VECTOR('',#9332,1.);
#9332 = DIRECTION('',(0.,0.,1.));
#9333 = ORIENTED_EDGE('',*,*,#2474,.F.);
#9334 = PLANE('',#9335);
#9335 = AXIS2_PLACEMENT_3D('',#9336,#9337,#9338);
#9336 = CARTESIAN_POINT('',(301.858016,18.836981,0.));
#9337 = DIRECTION('',(0.382599148042,-0.923914439717,0.));
#9338 = DIRECTION('',(-0.923914439717,-0.382599148042,0.));
#9339 = ADVANCED_FACE('',(#9340),#9358,.F.);
#9340 = FACE_BOUND('',#9341,.F.);
#9341 = EDGE_LOOP('',(#9342,#9343,#9351,#9357));
#9342 = ORIENTED_EDGE('',*,*,#9328,.T.);
#9343 = ORIENTED_EDGE('',*,*,#9344,.T.);
#9344 = EDGE_CURVE('',#9321,#9345,#9347,.T.);
#9345 = VERTEX_POINT('',#9346);
#9346 = CARTESIAN_POINT('',(301.816335,18.824331,1.7));
#9347 = LINE('',#9348,#9349);
#9348 = CARTESIAN_POINT('',(301.830965,18.825779,1.7));
#9349 = VECTOR('',#9350,1.);
#9350 = DIRECTION('',(-0.995137697729,-9.849346454618E-02,0.));
#9351 = ORIENTED_EDGE('',*,*,#9352,.F.);
#9352 = EDGE_CURVE('',#2483,#9345,#9353,.T.);
#9353 = LINE('',#9354,#9355);
#9354 = CARTESIAN_POINT('',(301.816335,18.824331,0.));
#9355 = VECTOR('',#9356,1.);
#9356 = DIRECTION('',(0.,0.,1.));
#9357 = ORIENTED_EDGE('',*,*,#2482,.F.);
#9358 = PLANE('',#9359);
#9359 = AXIS2_PLACEMENT_3D('',#9360,#9361,#9362);
#9360 = CARTESIAN_POINT('',(301.830965,18.825779,0.));
#9361 = DIRECTION('',(9.849346454618E-02,-0.995137697729,0.));
#9362 = DIRECTION('',(-0.995137697729,-9.849346454618E-02,0.));
#9363 = ADVANCED_FACE('',(#9364),#9382,.F.);
#9364 = FACE_BOUND('',#9365,.F.);
#9365 = EDGE_LOOP('',(#9366,#9367,#9375,#9381));
#9366 = ORIENTED_EDGE('',*,*,#9352,.T.);
#9367 = ORIENTED_EDGE('',*,*,#9368,.T.);
#9368 = EDGE_CURVE('',#9345,#9369,#9371,.T.);
#9369 = VERTEX_POINT('',#9370);
#9370 = CARTESIAN_POINT('',(287.716337,18.824331,1.7));
#9371 = LINE('',#9372,#9373);
#9372 = CARTESIAN_POINT('',(301.816335,18.824331,1.7));
#9373 = VECTOR('',#9374,1.);
#9374 = DIRECTION('',(-1.,0.,0.));
#9375 = ORIENTED_EDGE('',*,*,#9376,.F.);
#9376 = EDGE_CURVE('',#2491,#9369,#9377,.T.);
#9377 = LINE('',#9378,#9379);
#9378 = CARTESIAN_POINT('',(287.716337,18.824331,0.));
#9379 = VECTOR('',#9380,1.);
#9380 = DIRECTION('',(0.,0.,1.));
#9381 = ORIENTED_EDGE('',*,*,#2490,.F.);
#9382 = PLANE('',#9383);
#9383 = AXIS2_PLACEMENT_3D('',#9384,#9385,#9386);
#9384 = CARTESIAN_POINT('',(301.816335,18.824331,0.));
#9385 = DIRECTION('',(0.,-1.,0.));
#9386 = DIRECTION('',(-1.,0.,0.));
#9387 = ADVANCED_FACE('',(#9388),#9406,.F.);
#9388 = FACE_BOUND('',#9389,.F.);
#9389 = EDGE_LOOP('',(#9390,#9391,#9399,#9405));
#9390 = ORIENTED_EDGE('',*,*,#9376,.T.);
#9391 = ORIENTED_EDGE('',*,*,#9392,.T.);
#9392 = EDGE_CURVE('',#9369,#9393,#9395,.T.);
#9393 = VERTEX_POINT('',#9394);
#9394 = CARTESIAN_POINT('',(287.701707,18.825779,1.7));
#9395 = LINE('',#9396,#9397);
#9396 = CARTESIAN_POINT('',(287.716337,18.824331,1.7));
#9397 = VECTOR('',#9398,1.);
#9398 = DIRECTION('',(-0.995137697729,9.849346454618E-02,0.));
#9399 = ORIENTED_EDGE('',*,*,#9400,.F.);
#9400 = EDGE_CURVE('',#2499,#9393,#9401,.T.);
#9401 = LINE('',#9402,#9403);
#9402 = CARTESIAN_POINT('',(287.701707,18.825779,0.));
#9403 = VECTOR('',#9404,1.);
#9404 = DIRECTION('',(0.,0.,1.));
#9405 = ORIENTED_EDGE('',*,*,#2498,.F.);
#9406 = PLANE('',#9407);
#9407 = AXIS2_PLACEMENT_3D('',#9408,#9409,#9410);
#9408 = CARTESIAN_POINT('',(287.716337,18.824331,0.));
#9409 = DIRECTION('',(-9.849346454618E-02,-0.995137697729,0.));
#9410 = DIRECTION('',(-0.995137697729,9.849346454618E-02,0.));
#9411 = ADVANCED_FACE('',(#9412),#9430,.F.);
#9412 = FACE_BOUND('',#9413,.F.);
#9413 = EDGE_LOOP('',(#9414,#9415,#9423,#9429));
#9414 = ORIENTED_EDGE('',*,*,#9400,.T.);
#9415 = ORIENTED_EDGE('',*,*,#9416,.T.);
#9416 = EDGE_CURVE('',#9393,#9417,#9419,.T.);
#9417 = VERTEX_POINT('',#9418);
#9418 = CARTESIAN_POINT('',(287.674656,18.836981,1.7));
#9419 = LINE('',#9420,#9421);
#9420 = CARTESIAN_POINT('',(287.701707,18.825779,1.7));
#9421 = VECTOR('',#9422,1.);
#9422 = DIRECTION('',(-0.923914439716,0.382599148043,0.));
#9423 = ORIENTED_EDGE('',*,*,#9424,.F.);
#9424 = EDGE_CURVE('',#2507,#9417,#9425,.T.);
#9425 = LINE('',#9426,#9427);
#9426 = CARTESIAN_POINT('',(287.674656,18.836981,0.));
#9427 = VECTOR('',#9428,1.);
#9428 = DIRECTION('',(0.,0.,1.));
#9429 = ORIENTED_EDGE('',*,*,#2506,.F.);
#9430 = PLANE('',#9431);
#9431 = AXIS2_PLACEMENT_3D('',#9432,#9433,#9434);
#9432 = CARTESIAN_POINT('',(287.701707,18.825779,0.));
#9433 = DIRECTION('',(-0.382599148043,-0.923914439716,0.));
#9434 = DIRECTION('',(-0.923914439716,0.382599148043,0.));
#9435 = ADVANCED_FACE('',(#9436),#9454,.F.);
#9436 = FACE_BOUND('',#9437,.F.);
#9437 = EDGE_LOOP('',(#9438,#9439,#9447,#9453));
#9438 = ORIENTED_EDGE('',*,*,#9424,.T.);
#9439 = ORIENTED_EDGE('',*,*,#9440,.T.);
#9440 = EDGE_CURVE('',#9417,#9441,#9443,.T.);
#9441 = VERTEX_POINT('',#9442);
#9442 = CARTESIAN_POINT('',(287.65398,18.857656,1.7));
#9443 = LINE('',#9444,#9445);
#9444 = CARTESIAN_POINT('',(287.674656,18.836981,1.7));
#9445 = VECTOR('',#9446,1.);
#9446 = DIRECTION('',(-0.707123881094,0.707089680866,0.));
#9447 = ORIENTED_EDGE('',*,*,#9448,.F.);
#9448 = EDGE_CURVE('',#2515,#9441,#9449,.T.);
#9449 = LINE('',#9450,#9451);
#9450 = CARTESIAN_POINT('',(287.65398,18.857656,0.));
#9451 = VECTOR('',#9452,1.);
#9452 = DIRECTION('',(0.,0.,1.));
#9453 = ORIENTED_EDGE('',*,*,#2514,.F.);
#9454 = PLANE('',#9455);
#9455 = AXIS2_PLACEMENT_3D('',#9456,#9457,#9458);
#9456 = CARTESIAN_POINT('',(287.674656,18.836981,0.));
#9457 = DIRECTION('',(-0.707089680866,-0.707123881094,0.));
#9458 = DIRECTION('',(-0.707123881094,0.707089680866,0.));
#9459 = ADVANCED_FACE('',(#9460),#9478,.F.);
#9460 = FACE_BOUND('',#9461,.F.);
#9461 = EDGE_LOOP('',(#9462,#9463,#9471,#9477));
#9462 = ORIENTED_EDGE('',*,*,#9448,.T.);
#9463 = ORIENTED_EDGE('',*,*,#9464,.T.);
#9464 = EDGE_CURVE('',#9441,#9465,#9467,.T.);
#9465 = VERTEX_POINT('',#9466);
#9466 = CARTESIAN_POINT('',(287.642779,18.884707,1.7));
#9467 = LINE('',#9468,#9469);
#9468 = CARTESIAN_POINT('',(287.65398,18.857656,1.7));
#9469 = VECTOR('',#9470,1.);
#9470 = DIRECTION('',(-0.382569992545,0.923926512664,0.));
#9471 = ORIENTED_EDGE('',*,*,#9472,.F.);
#9472 = EDGE_CURVE('',#2523,#9465,#9473,.T.);
#9473 = LINE('',#9474,#9475);
#9474 = CARTESIAN_POINT('',(287.642779,18.884707,0.));
#9475 = VECTOR('',#9476,1.);
#9476 = DIRECTION('',(0.,0.,1.));
#9477 = ORIENTED_EDGE('',*,*,#2522,.F.);
#9478 = PLANE('',#9479);
#9479 = AXIS2_PLACEMENT_3D('',#9480,#9481,#9482);
#9480 = CARTESIAN_POINT('',(287.65398,18.857656,0.));
#9481 = DIRECTION('',(-0.923926512664,-0.382569992545,0.));
#9482 = DIRECTION('',(-0.382569992545,0.923926512664,0.));
#9483 = ADVANCED_FACE('',(#9484),#9502,.F.);
#9484 = FACE_BOUND('',#9485,.F.);
#9485 = EDGE_LOOP('',(#9486,#9487,#9495,#9501));
#9486 = ORIENTED_EDGE('',*,*,#9472,.T.);
#9487 = ORIENTED_EDGE('',*,*,#9488,.T.);
#9488 = EDGE_CURVE('',#9465,#9489,#9491,.T.);
#9489 = VERTEX_POINT('',#9490);
#9490 = CARTESIAN_POINT('',(287.641331,18.899338,1.7));
#9491 = LINE('',#9492,#9493);
#9492 = CARTESIAN_POINT('',(287.642779,18.884707,1.7));
#9493 = VECTOR('',#9494,1.);
#9494 = DIRECTION('',(-9.848679801343E-02,0.995138357525,0.));
#9495 = ORIENTED_EDGE('',*,*,#9496,.F.);
#9496 = EDGE_CURVE('',#2531,#9489,#9497,.T.);
#9497 = LINE('',#9498,#9499);
#9498 = CARTESIAN_POINT('',(287.641331,18.899338,0.));
#9499 = VECTOR('',#9500,1.);
#9500 = DIRECTION('',(0.,0.,1.));
#9501 = ORIENTED_EDGE('',*,*,#2530,.F.);
#9502 = PLANE('',#9503);
#9503 = AXIS2_PLACEMENT_3D('',#9504,#9505,#9506);
#9504 = CARTESIAN_POINT('',(287.642779,18.884707,0.));
#9505 = DIRECTION('',(-0.995138357525,-9.848679801343E-02,0.));
#9506 = DIRECTION('',(-9.848679801343E-02,0.995138357525,0.));
#9507 = ADVANCED_FACE('',(#9508),#9526,.F.);
#9508 = FACE_BOUND('',#9509,.F.);
#9509 = EDGE_LOOP('',(#9510,#9511,#9519,#9525));
#9510 = ORIENTED_EDGE('',*,*,#9496,.T.);
#9511 = ORIENTED_EDGE('',*,*,#9512,.T.);
#9512 = EDGE_CURVE('',#9489,#9513,#9515,.T.);
#9513 = VERTEX_POINT('',#9514);
#9514 = CARTESIAN_POINT('',(287.641331,32.999335,1.7));
#9515 = LINE('',#9516,#9517);
#9516 = CARTESIAN_POINT('',(287.641331,18.899338,1.7));
#9517 = VECTOR('',#9518,1.);
#9518 = DIRECTION('',(0.,1.,0.));
#9519 = ORIENTED_EDGE('',*,*,#9520,.F.);
#9520 = EDGE_CURVE('',#2539,#9513,#9521,.T.);
#9521 = LINE('',#9522,#9523);
#9522 = CARTESIAN_POINT('',(287.641331,32.999335,0.));
#9523 = VECTOR('',#9524,1.);
#9524 = DIRECTION('',(0.,0.,1.));
#9525 = ORIENTED_EDGE('',*,*,#2538,.F.);
#9526 = PLANE('',#9527);
#9527 = AXIS2_PLACEMENT_3D('',#9528,#9529,#9530);
#9528 = CARTESIAN_POINT('',(287.641331,18.899338,0.));
#9529 = DIRECTION('',(-1.,0.,0.));
#9530 = DIRECTION('',(0.,1.,0.));
#9531 = ADVANCED_FACE('',(#9532),#9550,.F.);
#9532 = FACE_BOUND('',#9533,.F.);
#9533 = EDGE_LOOP('',(#9534,#9535,#9543,#9549));
#9534 = ORIENTED_EDGE('',*,*,#9520,.T.);
#9535 = ORIENTED_EDGE('',*,*,#9536,.T.);
#9536 = EDGE_CURVE('',#9513,#9537,#9539,.T.);
#9537 = VERTEX_POINT('',#9538);
#9538 = CARTESIAN_POINT('',(287.642779,33.013965,1.7));
#9539 = LINE('',#9540,#9541);
#9540 = CARTESIAN_POINT('',(287.641331,32.999335,1.7));
#9541 = VECTOR('',#9542,1.);
#9542 = DIRECTION('',(9.849346454891E-02,0.995137697729,0.));
#9543 = ORIENTED_EDGE('',*,*,#9544,.F.);
#9544 = EDGE_CURVE('',#2547,#9537,#9545,.T.);
#9545 = LINE('',#9546,#9547);
#9546 = CARTESIAN_POINT('',(287.642779,33.013965,0.));
#9547 = VECTOR('',#9548,1.);
#9548 = DIRECTION('',(0.,0.,1.));
#9549 = ORIENTED_EDGE('',*,*,#2546,.F.);
#9550 = PLANE('',#9551);
#9551 = AXIS2_PLACEMENT_3D('',#9552,#9553,#9554);
#9552 = CARTESIAN_POINT('',(287.641331,32.999335,0.));
#9553 = DIRECTION('',(-0.995137697729,9.849346454891E-02,0.));
#9554 = DIRECTION('',(9.849346454891E-02,0.995137697729,0.));
#9555 = ADVANCED_FACE('',(#9556),#9574,.F.);
#9556 = FACE_BOUND('',#9557,.F.);
#9557 = EDGE_LOOP('',(#9558,#9559,#9567,#9573));
#9558 = ORIENTED_EDGE('',*,*,#9544,.T.);
#9559 = ORIENTED_EDGE('',*,*,#9560,.T.);
#9560 = EDGE_CURVE('',#9537,#9561,#9563,.T.);
#9561 = VERTEX_POINT('',#9562);
#9562 = CARTESIAN_POINT('',(287.65398,33.041016,1.7));
#9563 = LINE('',#9564,#9565);
#9564 = CARTESIAN_POINT('',(287.642779,33.013965,1.7));
#9565 = VECTOR('',#9566,1.);
#9566 = DIRECTION('',(0.382569992545,0.923926512664,0.));
#9567 = ORIENTED_EDGE('',*,*,#9568,.F.);
#9568 = EDGE_CURVE('',#2555,#9561,#9569,.T.);
#9569 = LINE('',#9570,#9571);
#9570 = CARTESIAN_POINT('',(287.65398,33.041016,0.));
#9571 = VECTOR('',#9572,1.);
#9572 = DIRECTION('',(0.,0.,1.));
#9573 = ORIENTED_EDGE('',*,*,#2554,.F.);
#9574 = PLANE('',#9575);
#9575 = AXIS2_PLACEMENT_3D('',#9576,#9577,#9578);
#9576 = CARTESIAN_POINT('',(287.642779,33.013965,0.));
#9577 = DIRECTION('',(-0.923926512664,0.382569992545,0.));
#9578 = DIRECTION('',(0.382569992545,0.923926512664,0.));
#9579 = ADVANCED_FACE('',(#9580),#9598,.F.);
#9580 = FACE_BOUND('',#9581,.F.);
#9581 = EDGE_LOOP('',(#9582,#9583,#9591,#9597));
#9582 = ORIENTED_EDGE('',*,*,#9568,.T.);
#9583 = ORIENTED_EDGE('',*,*,#9584,.T.);
#9584 = EDGE_CURVE('',#9561,#9585,#9587,.T.);
#9585 = VERTEX_POINT('',#9586);
#9586 = CARTESIAN_POINT('',(287.674656,33.061692,1.7));
#9587 = LINE('',#9588,#9589);
#9588 = CARTESIAN_POINT('',(287.65398,33.041016,1.7));
#9589 = VECTOR('',#9590,1.);
#9590 = DIRECTION('',(0.707106781187,0.707106781186,0.));
#9591 = ORIENTED_EDGE('',*,*,#9592,.F.);
#9592 = EDGE_CURVE('',#2563,#9585,#9593,.T.);
#9593 = LINE('',#9594,#9595);
#9594 = CARTESIAN_POINT('',(287.674656,33.061692,0.));
#9595 = VECTOR('',#9596,1.);
#9596 = DIRECTION('',(0.,0.,1.));
#9597 = ORIENTED_EDGE('',*,*,#2562,.F.);
#9598 = PLANE('',#9599);
#9599 = AXIS2_PLACEMENT_3D('',#9600,#9601,#9602);
#9600 = CARTESIAN_POINT('',(287.65398,33.041016,0.));
#9601 = DIRECTION('',(-0.707106781186,0.707106781187,0.));
#9602 = DIRECTION('',(0.707106781187,0.707106781186,0.));
#9603 = ADVANCED_FACE('',(#9604),#9622,.F.);
#9604 = FACE_BOUND('',#9605,.F.);
#9605 = EDGE_LOOP('',(#9606,#9607,#9615,#9621));
#9606 = ORIENTED_EDGE('',*,*,#9592,.T.);
#9607 = ORIENTED_EDGE('',*,*,#9608,.T.);
#9608 = EDGE_CURVE('',#9585,#9609,#9611,.T.);
#9609 = VERTEX_POINT('',#9610);
#9610 = CARTESIAN_POINT('',(287.701707,33.072893,1.7));
#9611 = LINE('',#9612,#9613);
#9612 = CARTESIAN_POINT('',(287.674656,33.061692,1.7));
#9613 = VECTOR('',#9614,1.);
#9614 = DIRECTION('',(0.923926512664,0.382569992546,0.));
#9615 = ORIENTED_EDGE('',*,*,#9616,.F.);
#9616 = EDGE_CURVE('',#2571,#9609,#9617,.T.);
#9617 = LINE('',#9618,#9619);
#9618 = CARTESIAN_POINT('',(287.701707,33.072893,0.));
#9619 = VECTOR('',#9620,1.);
#9620 = DIRECTION('',(0.,0.,1.));
#9621 = ORIENTED_EDGE('',*,*,#2570,.F.);
#9622 = PLANE('',#9623);
#9623 = AXIS2_PLACEMENT_3D('',#9624,#9625,#9626);
#9624 = CARTESIAN_POINT('',(287.674656,33.061692,0.));
#9625 = DIRECTION('',(-0.382569992546,0.923926512664,0.));
#9626 = DIRECTION('',(0.923926512664,0.382569992546,0.));
#9627 = ADVANCED_FACE('',(#9628),#9646,.F.);
#9628 = FACE_BOUND('',#9629,.F.);
#9629 = EDGE_LOOP('',(#9630,#9631,#9639,#9645));
#9630 = ORIENTED_EDGE('',*,*,#9616,.T.);
#9631 = ORIENTED_EDGE('',*,*,#9632,.T.);
#9632 = EDGE_CURVE('',#9609,#9633,#9635,.T.);
#9633 = VERTEX_POINT('',#9634);
#9634 = CARTESIAN_POINT('',(287.716337,33.074341,1.7));
#9635 = LINE('',#9636,#9637);
#9636 = CARTESIAN_POINT('',(287.701707,33.072893,1.7));
#9637 = VECTOR('',#9638,1.);
#9638 = DIRECTION('',(0.995137697729,9.849346454594E-02,0.));
#9639 = ORIENTED_EDGE('',*,*,#9640,.F.);
#9640 = EDGE_CURVE('',#2579,#9633,#9641,.T.);
#9641 = LINE('',#9642,#9643);
#9642 = CARTESIAN_POINT('',(287.716337,33.074341,0.));
#9643 = VECTOR('',#9644,1.);
#9644 = DIRECTION('',(0.,0.,1.));
#9645 = ORIENTED_EDGE('',*,*,#2578,.F.);
#9646 = PLANE('',#9647);
#9647 = AXIS2_PLACEMENT_3D('',#9648,#9649,#9650);
#9648 = CARTESIAN_POINT('',(287.701707,33.072893,0.));
#9649 = DIRECTION('',(-9.849346454594E-02,0.995137697729,0.));
#9650 = DIRECTION('',(0.995137697729,9.849346454594E-02,0.));
#9651 = ADVANCED_FACE('',(#9652),#9670,.F.);
#9652 = FACE_BOUND('',#9653,.F.);
#9653 = EDGE_LOOP('',(#9654,#9655,#9663,#9669));
#9654 = ORIENTED_EDGE('',*,*,#9640,.T.);
#9655 = ORIENTED_EDGE('',*,*,#9656,.T.);
#9656 = EDGE_CURVE('',#9633,#9657,#9659,.T.);
#9657 = VERTEX_POINT('',#9658);
#9658 = CARTESIAN_POINT('',(301.816335,33.074341,1.7));
#9659 = LINE('',#9660,#9661);
#9660 = CARTESIAN_POINT('',(287.716337,33.074341,1.7));
#9661 = VECTOR('',#9662,1.);
#9662 = DIRECTION('',(1.,0.,0.));
#9663 = ORIENTED_EDGE('',*,*,#9664,.F.);
#9664 = EDGE_CURVE('',#2587,#9657,#9665,.T.);
#9665 = LINE('',#9666,#9667);
#9666 = CARTESIAN_POINT('',(301.816335,33.074341,0.));
#9667 = VECTOR('',#9668,1.);
#9668 = DIRECTION('',(0.,0.,1.));
#9669 = ORIENTED_EDGE('',*,*,#2586,.F.);
#9670 = PLANE('',#9671);
#9671 = AXIS2_PLACEMENT_3D('',#9672,#9673,#9674);
#9672 = CARTESIAN_POINT('',(287.716337,33.074341,0.));
#9673 = DIRECTION('',(0.,1.,0.));
#9674 = DIRECTION('',(1.,0.,0.));
#9675 = ADVANCED_FACE('',(#9676),#9687,.F.);
#9676 = FACE_BOUND('',#9677,.F.);
#9677 = EDGE_LOOP('',(#9678,#9679,#9685,#9686));
#9678 = ORIENTED_EDGE('',*,*,#9664,.T.);
#9679 = ORIENTED_EDGE('',*,*,#9680,.T.);
#9680 = EDGE_CURVE('',#9657,#9121,#9681,.T.);
#9681 = LINE('',#9682,#9683);
#9682 = CARTESIAN_POINT('',(301.816335,33.074341,1.7));
#9683 = VECTOR('',#9684,1.);
#9684 = DIRECTION('',(0.995137697729,-9.849346454594E-02,0.));
#9685 = ORIENTED_EDGE('',*,*,#9120,.F.);
#9686 = ORIENTED_EDGE('',*,*,#2594,.F.);
#9687 = PLANE('',#9688);
#9688 = AXIS2_PLACEMENT_3D('',#9689,#9690,#9691);
#9689 = CARTESIAN_POINT('',(301.816335,33.074341,0.));
#9690 = DIRECTION('',(9.849346454594E-02,0.995137697729,0.));
#9691 = DIRECTION('',(0.995137697729,-9.849346454594E-02,0.));
#9692 = ADVANCED_FACE('',(#9693),#9718,.F.);
#9693 = FACE_BOUND('',#9694,.F.);
#9694 = EDGE_LOOP('',(#9695,#9703,#9711,#9717));
#9695 = ORIENTED_EDGE('',*,*,#9696,.T.);
#9696 = EDGE_CURVE('',#2603,#9697,#9699,.T.);
#9697 = VERTEX_POINT('',#9698);
#9698 = CARTESIAN_POINT('',(301.830965,90.222893,1.7));
#9699 = LINE('',#9700,#9701);
#9700 = CARTESIAN_POINT('',(301.830965,90.222893,0.));
#9701 = VECTOR('',#9702,1.);
#9702 = DIRECTION('',(0.,0.,1.));
#9703 = ORIENTED_EDGE('',*,*,#9704,.T.);
#9704 = EDGE_CURVE('',#9697,#9705,#9707,.T.);
#9705 = VERTEX_POINT('',#9706);
#9706 = CARTESIAN_POINT('',(301.858016,90.211692,1.7));
#9707 = LINE('',#9708,#9709);
#9708 = CARTESIAN_POINT('',(301.830965,90.222893,1.7));
#9709 = VECTOR('',#9710,1.);
#9710 = DIRECTION('',(0.923926512664,-0.382569992545,0.));
#9711 = ORIENTED_EDGE('',*,*,#9712,.F.);
#9712 = EDGE_CURVE('',#2605,#9705,#9713,.T.);
#9713 = LINE('',#9714,#9715);
#9714 = CARTESIAN_POINT('',(301.858016,90.211692,0.));
#9715 = VECTOR('',#9716,1.);
#9716 = DIRECTION('',(0.,0.,1.));
#9717 = ORIENTED_EDGE('',*,*,#2602,.F.);
#9718 = PLANE('',#9719);
#9719 = AXIS2_PLACEMENT_3D('',#9720,#9721,#9722);
#9720 = CARTESIAN_POINT('',(301.830965,90.222893,0.));
#9721 = DIRECTION('',(0.382569992545,0.923926512664,0.));
#9722 = DIRECTION('',(0.923926512664,-0.382569992545,0.));
#9723 = ADVANCED_FACE('',(#9724),#9742,.F.);
#9724 = FACE_BOUND('',#9725,.F.);
#9725 = EDGE_LOOP('',(#9726,#9727,#9735,#9741));
#9726 = ORIENTED_EDGE('',*,*,#9712,.T.);
#9727 = ORIENTED_EDGE('',*,*,#9728,.T.);
#9728 = EDGE_CURVE('',#9705,#9729,#9731,.T.);
#9729 = VERTEX_POINT('',#9730);
#9730 = CARTESIAN_POINT('',(301.878692,90.191016,1.7));
#9731 = LINE('',#9732,#9733);
#9732 = CARTESIAN_POINT('',(301.858016,90.211692,1.7));
#9733 = VECTOR('',#9734,1.);
#9734 = DIRECTION('',(0.707106781186,-0.707106781187,0.));
#9735 = ORIENTED_EDGE('',*,*,#9736,.F.);
#9736 = EDGE_CURVE('',#2613,#9729,#9737,.T.);
#9737 = LINE('',#9738,#9739);
#9738 = CARTESIAN_POINT('',(301.878692,90.191016,0.));
#9739 = VECTOR('',#9740,1.);
#9740 = DIRECTION('',(0.,0.,1.));
#9741 = ORIENTED_EDGE('',*,*,#2612,.F.);
#9742 = PLANE('',#9743);
#9743 = AXIS2_PLACEMENT_3D('',#9744,#9745,#9746);
#9744 = CARTESIAN_POINT('',(301.858016,90.211692,0.));
#9745 = DIRECTION('',(0.707106781187,0.707106781186,0.));
#9746 = DIRECTION('',(0.707106781186,-0.707106781187,0.));
#9747 = ADVANCED_FACE('',(#9748),#9766,.F.);
#9748 = FACE_BOUND('',#9749,.F.);
#9749 = EDGE_LOOP('',(#9750,#9751,#9759,#9765));
#9750 = ORIENTED_EDGE('',*,*,#9736,.T.);
#9751 = ORIENTED_EDGE('',*,*,#9752,.T.);
#9752 = EDGE_CURVE('',#9729,#9753,#9755,.T.);
#9753 = VERTEX_POINT('',#9754);
#9754 = CARTESIAN_POINT('',(301.889893,90.163965,1.7));
#9755 = LINE('',#9756,#9757);
#9756 = CARTESIAN_POINT('',(301.878692,90.191016,1.7));
#9757 = VECTOR('',#9758,1.);
#9758 = DIRECTION('',(0.382569992545,-0.923926512664,0.));
#9759 = ORIENTED_EDGE('',*,*,#9760,.F.);
#9760 = EDGE_CURVE('',#2621,#9753,#9761,.T.);
#9761 = LINE('',#9762,#9763);
#9762 = CARTESIAN_POINT('',(301.889893,90.163965,0.));
#9763 = VECTOR('',#9764,1.);
#9764 = DIRECTION('',(0.,0.,1.));
#9765 = ORIENTED_EDGE('',*,*,#2620,.F.);
#9766 = PLANE('',#9767);
#9767 = AXIS2_PLACEMENT_3D('',#9768,#9769,#9770);
#9768 = CARTESIAN_POINT('',(301.878692,90.191016,0.));
#9769 = DIRECTION('',(0.923926512664,0.382569992545,0.));
#9770 = DIRECTION('',(0.382569992545,-0.923926512664,0.));
#9771 = ADVANCED_FACE('',(#9772),#9790,.F.);
#9772 = FACE_BOUND('',#9773,.F.);
#9773 = EDGE_LOOP('',(#9774,#9775,#9783,#9789));
#9774 = ORIENTED_EDGE('',*,*,#9760,.T.);
#9775 = ORIENTED_EDGE('',*,*,#9776,.T.);
#9776 = EDGE_CURVE('',#9753,#9777,#9779,.T.);
#9777 = VERTEX_POINT('',#9778);
#9778 = CARTESIAN_POINT('',(301.891341,90.149335,1.7));
#9779 = LINE('',#9780,#9781);
#9780 = CARTESIAN_POINT('',(301.889893,90.163965,1.7));
#9781 = VECTOR('',#9782,1.);
#9782 = DIRECTION('',(9.849346454881E-02,-0.995137697729,0.));
#9783 = ORIENTED_EDGE('',*,*,#9784,.F.);
#9784 = EDGE_CURVE('',#2629,#9777,#9785,.T.);
#9785 = LINE('',#9786,#9787);
#9786 = CARTESIAN_POINT('',(301.891341,90.149335,0.));
#9787 = VECTOR('',#9788,1.);
#9788 = DIRECTION('',(0.,0.,1.));
#9789 = ORIENTED_EDGE('',*,*,#2628,.F.);
#9790 = PLANE('',#9791);
#9791 = AXIS2_PLACEMENT_3D('',#9792,#9793,#9794);
#9792 = CARTESIAN_POINT('',(301.889893,90.163965,0.));
#9793 = DIRECTION('',(0.995137697729,9.849346454881E-02,0.));
#9794 = DIRECTION('',(9.849346454881E-02,-0.995137697729,0.));
#9795 = ADVANCED_FACE('',(#9796),#9814,.F.);
#9796 = FACE_BOUND('',#9797,.F.);
#9797 = EDGE_LOOP('',(#9798,#9799,#9807,#9813));
#9798 = ORIENTED_EDGE('',*,*,#9784,.T.);
#9799 = ORIENTED_EDGE('',*,*,#9800,.T.);
#9800 = EDGE_CURVE('',#9777,#9801,#9803,.T.);
#9801 = VERTEX_POINT('',#9802);
#9802 = CARTESIAN_POINT('',(301.891341,76.049338,1.7));
#9803 = LINE('',#9804,#9805);
#9804 = CARTESIAN_POINT('',(301.891341,90.149335,1.7));
#9805 = VECTOR('',#9806,1.);
#9806 = DIRECTION('',(0.,-1.,0.));
#9807 = ORIENTED_EDGE('',*,*,#9808,.F.);
#9808 = EDGE_CURVE('',#2637,#9801,#9809,.T.);
#9809 = LINE('',#9810,#9811);
#9810 = CARTESIAN_POINT('',(301.891341,76.049338,0.));
#9811 = VECTOR('',#9812,1.);
#9812 = DIRECTION('',(0.,0.,1.));
#9813 = ORIENTED_EDGE('',*,*,#2636,.F.);
#9814 = PLANE('',#9815);
#9815 = AXIS2_PLACEMENT_3D('',#9816,#9817,#9818);
#9816 = CARTESIAN_POINT('',(301.891341,90.149335,0.));
#9817 = DIRECTION('',(1.,0.,0.));
#9818 = DIRECTION('',(0.,-1.,0.));
#9819 = ADVANCED_FACE('',(#9820),#9838,.F.);
#9820 = FACE_BOUND('',#9821,.F.);
#9821 = EDGE_LOOP('',(#9822,#9823,#9831,#9837));
#9822 = ORIENTED_EDGE('',*,*,#9808,.T.);
#9823 = ORIENTED_EDGE('',*,*,#9824,.T.);
#9824 = EDGE_CURVE('',#9801,#9825,#9827,.T.);
#9825 = VERTEX_POINT('',#9826);
#9826 = CARTESIAN_POINT('',(301.889893,76.034707,1.7));
#9827 = LINE('',#9828,#9829);
#9828 = CARTESIAN_POINT('',(301.891341,76.049338,1.7));
#9829 = VECTOR('',#9830,1.);
#9830 = DIRECTION('',(-9.848679801338E-02,-0.995138357525,0.));
#9831 = ORIENTED_EDGE('',*,*,#9832,.F.);
#9832 = EDGE_CURVE('',#2645,#9825,#9833,.T.);
#9833 = LINE('',#9834,#9835);
#9834 = CARTESIAN_POINT('',(301.889893,76.034707,0.));
#9835 = VECTOR('',#9836,1.);
#9836 = DIRECTION('',(0.,0.,1.));
#9837 = ORIENTED_EDGE('',*,*,#2644,.F.);
#9838 = PLANE('',#9839);
#9839 = AXIS2_PLACEMENT_3D('',#9840,#9841,#9842);
#9840 = CARTESIAN_POINT('',(301.891341,76.049338,0.));
#9841 = DIRECTION('',(0.995138357525,-9.848679801338E-02,0.));
#9842 = DIRECTION('',(-9.848679801338E-02,-0.995138357525,0.));
#9843 = ADVANCED_FACE('',(#9844),#9862,.F.);
#9844 = FACE_BOUND('',#9845,.F.);
#9845 = EDGE_LOOP('',(#9846,#9847,#9855,#9861));
#9846 = ORIENTED_EDGE('',*,*,#9832,.T.);
#9847 = ORIENTED_EDGE('',*,*,#9848,.T.);
#9848 = EDGE_CURVE('',#9825,#9849,#9851,.T.);
#9849 = VERTEX_POINT('',#9850);
#9850 = CARTESIAN_POINT('',(301.878692,76.007656,1.7));
#9851 = LINE('',#9852,#9853);
#9852 = CARTESIAN_POINT('',(301.889893,76.034707,1.7));
#9853 = VECTOR('',#9854,1.);
#9854 = DIRECTION('',(-0.382569992545,-0.923926512664,0.));
#9855 = ORIENTED_EDGE('',*,*,#9856,.F.);
#9856 = EDGE_CURVE('',#2653,#9849,#9857,.T.);
#9857 = LINE('',#9858,#9859);
#9858 = CARTESIAN_POINT('',(301.878692,76.007656,0.));
#9859 = VECTOR('',#9860,1.);
#9860 = DIRECTION('',(0.,0.,1.));
#9861 = ORIENTED_EDGE('',*,*,#2652,.F.);
#9862 = PLANE('',#9863);
#9863 = AXIS2_PLACEMENT_3D('',#9864,#9865,#9866);
#9864 = CARTESIAN_POINT('',(301.889893,76.034707,0.));
#9865 = DIRECTION('',(0.923926512664,-0.382569992545,0.));
#9866 = DIRECTION('',(-0.382569992545,-0.923926512664,0.));
#9867 = ADVANCED_FACE('',(#9868),#9886,.F.);
#9868 = FACE_BOUND('',#9869,.F.);
#9869 = EDGE_LOOP('',(#9870,#9871,#9879,#9885));
#9870 = ORIENTED_EDGE('',*,*,#9856,.T.);
#9871 = ORIENTED_EDGE('',*,*,#9872,.T.);
#9872 = EDGE_CURVE('',#9849,#9873,#9875,.T.);
#9873 = VERTEX_POINT('',#9874);
#9874 = CARTESIAN_POINT('',(301.858016,75.986981,1.7));
#9875 = LINE('',#9876,#9877);
#9876 = CARTESIAN_POINT('',(301.878692,76.007656,1.7));
#9877 = VECTOR('',#9878,1.);
#9878 = DIRECTION('',(-0.707123881093,-0.707089680867,0.));
#9879 = ORIENTED_EDGE('',*,*,#9880,.F.);
#9880 = EDGE_CURVE('',#2661,#9873,#9881,.T.);
#9881 = LINE('',#9882,#9883);
#9882 = CARTESIAN_POINT('',(301.858016,75.986981,0.));
#9883 = VECTOR('',#9884,1.);
#9884 = DIRECTION('',(0.,0.,1.));
#9885 = ORIENTED_EDGE('',*,*,#2660,.F.);
#9886 = PLANE('',#9887);
#9887 = AXIS2_PLACEMENT_3D('',#9888,#9889,#9890);
#9888 = CARTESIAN_POINT('',(301.878692,76.007656,0.));
#9889 = DIRECTION('',(0.707089680867,-0.707123881093,0.));
#9890 = DIRECTION('',(-0.707123881093,-0.707089680867,0.));
#9891 = ADVANCED_FACE('',(#9892),#9910,.F.);
#9892 = FACE_BOUND('',#9893,.F.);
#9893 = EDGE_LOOP('',(#9894,#9895,#9903,#9909));
#9894 = ORIENTED_EDGE('',*,*,#9880,.T.);
#9895 = ORIENTED_EDGE('',*,*,#9896,.T.);
#9896 = EDGE_CURVE('',#9873,#9897,#9899,.T.);
#9897 = VERTEX_POINT('',#9898);
#9898 = CARTESIAN_POINT('',(301.830965,75.975779,1.7));
#9899 = LINE('',#9900,#9901);
#9900 = CARTESIAN_POINT('',(301.858016,75.986981,1.7));
#9901 = VECTOR('',#9902,1.);
#9902 = DIRECTION('',(-0.923914439717,-0.382599148042,0.));
#9903 = ORIENTED_EDGE('',*,*,#9904,.F.);
#9904 = EDGE_CURVE('',#2669,#9897,#9905,.T.);
#9905 = LINE('',#9906,#9907);
#9906 = CARTESIAN_POINT('',(301.830965,75.975779,0.));
#9907 = VECTOR('',#9908,1.);
#9908 = DIRECTION('',(0.,0.,1.));
#9909 = ORIENTED_EDGE('',*,*,#2668,.F.);
#9910 = PLANE('',#9911);
#9911 = AXIS2_PLACEMENT_3D('',#9912,#9913,#9914);
#9912 = CARTESIAN_POINT('',(301.858016,75.986981,0.));
#9913 = DIRECTION('',(0.382599148042,-0.923914439717,0.));
#9914 = DIRECTION('',(-0.923914439717,-0.382599148042,0.));
#9915 = ADVANCED_FACE('',(#9916),#9934,.F.);
#9916 = FACE_BOUND('',#9917,.F.);
#9917 = EDGE_LOOP('',(#9918,#9919,#9927,#9933));
#9918 = ORIENTED_EDGE('',*,*,#9904,.T.);
#9919 = ORIENTED_EDGE('',*,*,#9920,.T.);
#9920 = EDGE_CURVE('',#9897,#9921,#9923,.T.);
#9921 = VERTEX_POINT('',#9922);
#9922 = CARTESIAN_POINT('',(301.816335,75.974331,1.7));
#9923 = LINE('',#9924,#9925);
#9924 = CARTESIAN_POINT('',(301.830965,75.975779,1.7));
#9925 = VECTOR('',#9926,1.);
#9926 = DIRECTION('',(-0.995137697729,-9.849346454594E-02,0.));
#9927 = ORIENTED_EDGE('',*,*,#9928,.F.);
#9928 = EDGE_CURVE('',#2677,#9921,#9929,.T.);
#9929 = LINE('',#9930,#9931);
#9930 = CARTESIAN_POINT('',(301.816335,75.974331,0.));
#9931 = VECTOR('',#9932,1.);
#9932 = DIRECTION('',(0.,0.,1.));
#9933 = ORIENTED_EDGE('',*,*,#2676,.F.);
#9934 = PLANE('',#9935);
#9935 = AXIS2_PLACEMENT_3D('',#9936,#9937,#9938);
#9936 = CARTESIAN_POINT('',(301.830965,75.975779,0.));
#9937 = DIRECTION('',(9.849346454594E-02,-0.995137697729,0.));
#9938 = DIRECTION('',(-0.995137697729,-9.849346454594E-02,0.));
#9939 = ADVANCED_FACE('',(#9940),#9958,.F.);
#9940 = FACE_BOUND('',#9941,.F.);
#9941 = EDGE_LOOP('',(#9942,#9943,#9951,#9957));
#9942 = ORIENTED_EDGE('',*,*,#9928,.T.);
#9943 = ORIENTED_EDGE('',*,*,#9944,.T.);
#9944 = EDGE_CURVE('',#9921,#9945,#9947,.T.);
#9945 = VERTEX_POINT('',#9946);
#9946 = CARTESIAN_POINT('',(287.716337,75.974331,1.7));
#9947 = LINE('',#9948,#9949);
#9948 = CARTESIAN_POINT('',(301.816335,75.974331,1.7));
#9949 = VECTOR('',#9950,1.);
#9950 = DIRECTION('',(-1.,0.,0.));
#9951 = ORIENTED_EDGE('',*,*,#9952,.F.);
#9952 = EDGE_CURVE('',#2685,#9945,#9953,.T.);
#9953 = LINE('',#9954,#9955);
#9954 = CARTESIAN_POINT('',(287.716337,75.974331,0.));
#9955 = VECTOR('',#9956,1.);
#9956 = DIRECTION('',(0.,0.,1.));
#9957 = ORIENTED_EDGE('',*,*,#2684,.F.);
#9958 = PLANE('',#9959);
#9959 = AXIS2_PLACEMENT_3D('',#9960,#9961,#9962);
#9960 = CARTESIAN_POINT('',(301.816335,75.974331,0.));
#9961 = DIRECTION('',(0.,-1.,0.));
#9962 = DIRECTION('',(-1.,0.,0.));
#9963 = ADVANCED_FACE('',(#9964),#9982,.F.);
#9964 = FACE_BOUND('',#9965,.F.);
#9965 = EDGE_LOOP('',(#9966,#9967,#9975,#9981));
#9966 = ORIENTED_EDGE('',*,*,#9952,.T.);
#9967 = ORIENTED_EDGE('',*,*,#9968,.T.);
#9968 = EDGE_CURVE('',#9945,#9969,#9971,.T.);
#9969 = VERTEX_POINT('',#9970);
#9970 = CARTESIAN_POINT('',(287.701707,75.975779,1.7));
#9971 = LINE('',#9972,#9973);
#9972 = CARTESIAN_POINT('',(287.716337,75.974331,1.7));
#9973 = VECTOR('',#9974,1.);
#9974 = DIRECTION('',(-0.995137697729,9.849346454594E-02,0.));
#9975 = ORIENTED_EDGE('',*,*,#9976,.F.);
#9976 = EDGE_CURVE('',#2693,#9969,#9977,.T.);
#9977 = LINE('',#9978,#9979);
#9978 = CARTESIAN_POINT('',(287.701707,75.975779,0.));
#9979 = VECTOR('',#9980,1.);
#9980 = DIRECTION('',(0.,0.,1.));
#9981 = ORIENTED_EDGE('',*,*,#2692,.F.);
#9982 = PLANE('',#9983);
#9983 = AXIS2_PLACEMENT_3D('',#9984,#9985,#9986);
#9984 = CARTESIAN_POINT('',(287.716337,75.974331,0.));
#9985 = DIRECTION('',(-9.849346454594E-02,-0.995137697729,0.));
#9986 = DIRECTION('',(-0.995137697729,9.849346454594E-02,0.));
#9987 = ADVANCED_FACE('',(#9988),#10006,.F.);
#9988 = FACE_BOUND('',#9989,.F.);
#9989 = EDGE_LOOP('',(#9990,#9991,#9999,#10005));
#9990 = ORIENTED_EDGE('',*,*,#9976,.T.);
#9991 = ORIENTED_EDGE('',*,*,#9992,.T.);
#9992 = EDGE_CURVE('',#9969,#9993,#9995,.T.);
#9993 = VERTEX_POINT('',#9994);
#9994 = CARTESIAN_POINT('',(287.674656,75.986981,1.7));
#9995 = LINE('',#9996,#9997);
#9996 = CARTESIAN_POINT('',(287.701707,75.975779,1.7));
#9997 = VECTOR('',#9998,1.);
#9998 = DIRECTION('',(-0.923914439717,0.382599148043,0.));
#9999 = ORIENTED_EDGE('',*,*,#10000,.F.);
#10000 = EDGE_CURVE('',#2701,#9993,#10001,.T.);
#10001 = LINE('',#10002,#10003);
#10002 = CARTESIAN_POINT('',(287.674656,75.986981,0.));
#10003 = VECTOR('',#10004,1.);
#10004 = DIRECTION('',(0.,0.,1.));
#10005 = ORIENTED_EDGE('',*,*,#2700,.F.);
#10006 = PLANE('',#10007);
#10007 = AXIS2_PLACEMENT_3D('',#10008,#10009,#10010);
#10008 = CARTESIAN_POINT('',(287.701707,75.975779,0.));
#10009 = DIRECTION('',(-0.382599148043,-0.923914439717,0.));
#10010 = DIRECTION('',(-0.923914439717,0.382599148043,0.));
#10011 = ADVANCED_FACE('',(#10012),#10030,.F.);
#10012 = FACE_BOUND('',#10013,.F.);
#10013 = EDGE_LOOP('',(#10014,#10015,#10023,#10029));
#10014 = ORIENTED_EDGE('',*,*,#10000,.T.);
#10015 = ORIENTED_EDGE('',*,*,#10016,.T.);
#10016 = EDGE_CURVE('',#9993,#10017,#10019,.T.);
#10017 = VERTEX_POINT('',#10018);
#10018 = CARTESIAN_POINT('',(287.65398,76.007656,1.7));
#10019 = LINE('',#10020,#10021);
#10020 = CARTESIAN_POINT('',(287.674656,75.986981,1.7));
#10021 = VECTOR('',#10022,1.);
#10022 = DIRECTION('',(-0.707123881094,0.707089680866,0.));
#10023 = ORIENTED_EDGE('',*,*,#10024,.F.);
#10024 = EDGE_CURVE('',#2709,#10017,#10025,.T.);
#10025 = LINE('',#10026,#10027);
#10026 = CARTESIAN_POINT('',(287.65398,76.007656,0.));
#10027 = VECTOR('',#10028,1.);
#10028 = DIRECTION('',(0.,0.,1.));
#10029 = ORIENTED_EDGE('',*,*,#2708,.F.);
#10030 = PLANE('',#10031);
#10031 = AXIS2_PLACEMENT_3D('',#10032,#10033,#10034);
#10032 = CARTESIAN_POINT('',(287.674656,75.986981,0.));
#10033 = DIRECTION('',(-0.707089680866,-0.707123881094,0.));
#10034 = DIRECTION('',(-0.707123881094,0.707089680866,0.));
#10035 = ADVANCED_FACE('',(#10036),#10054,.F.);
#10036 = FACE_BOUND('',#10037,.F.);
#10037 = EDGE_LOOP('',(#10038,#10039,#10047,#10053));
#10038 = ORIENTED_EDGE('',*,*,#10024,.T.);
#10039 = ORIENTED_EDGE('',*,*,#10040,.T.);
#10040 = EDGE_CURVE('',#10017,#10041,#10043,.T.);
#10041 = VERTEX_POINT('',#10042);
#10042 = CARTESIAN_POINT('',(287.642779,76.034707,1.7));
#10043 = LINE('',#10044,#10045);
#10044 = CARTESIAN_POINT('',(287.65398,76.007656,1.7));
#10045 = VECTOR('',#10046,1.);
#10046 = DIRECTION('',(-0.382569992545,0.923926512664,0.));
#10047 = ORIENTED_EDGE('',*,*,#10048,.F.);
#10048 = EDGE_CURVE('',#2717,#10041,#10049,.T.);
#10049 = LINE('',#10050,#10051);
#10050 = CARTESIAN_POINT('',(287.642779,76.034707,0.));
#10051 = VECTOR('',#10052,1.);
#10052 = DIRECTION('',(0.,0.,1.));
#10053 = ORIENTED_EDGE('',*,*,#2716,.F.);
#10054 = PLANE('',#10055);
#10055 = AXIS2_PLACEMENT_3D('',#10056,#10057,#10058);
#10056 = CARTESIAN_POINT('',(287.65398,76.007656,0.));
#10057 = DIRECTION('',(-0.923926512664,-0.382569992545,0.));
#10058 = DIRECTION('',(-0.382569992545,0.923926512664,0.));
#10059 = ADVANCED_FACE('',(#10060),#10078,.F.);
#10060 = FACE_BOUND('',#10061,.F.);
#10061 = EDGE_LOOP('',(#10062,#10063,#10071,#10077));
#10062 = ORIENTED_EDGE('',*,*,#10048,.T.);
#10063 = ORIENTED_EDGE('',*,*,#10064,.T.);
#10064 = EDGE_CURVE('',#10041,#10065,#10067,.T.);
#10065 = VERTEX_POINT('',#10066);
#10066 = CARTESIAN_POINT('',(287.641331,76.049338,1.7));
#10067 = LINE('',#10068,#10069);
#10068 = CARTESIAN_POINT('',(287.642779,76.034707,1.7));
#10069 = VECTOR('',#10070,1.);
#10070 = DIRECTION('',(-9.848679801338E-02,0.995138357525,0.));
#10071 = ORIENTED_EDGE('',*,*,#10072,.F.);
#10072 = EDGE_CURVE('',#2725,#10065,#10073,.T.);
#10073 = LINE('',#10074,#10075);
#10074 = CARTESIAN_POINT('',(287.641331,76.049338,0.));
#10075 = VECTOR('',#10076,1.);
#10076 = DIRECTION('',(0.,0.,1.));
#10077 = ORIENTED_EDGE('',*,*,#2724,.F.);
#10078 = PLANE('',#10079);
#10079 = AXIS2_PLACEMENT_3D('',#10080,#10081,#10082);
#10080 = CARTESIAN_POINT('',(287.642779,76.034707,0.));
#10081 = DIRECTION('',(-0.995138357525,-9.848679801338E-02,0.));
#10082 = DIRECTION('',(-9.848679801338E-02,0.995138357525,0.));
#10083 = ADVANCED_FACE('',(#10084),#10102,.F.);
#10084 = FACE_BOUND('',#10085,.F.);
#10085 = EDGE_LOOP('',(#10086,#10087,#10095,#10101));
#10086 = ORIENTED_EDGE('',*,*,#10072,.T.);
#10087 = ORIENTED_EDGE('',*,*,#10088,.T.);
#10088 = EDGE_CURVE('',#10065,#10089,#10091,.T.);
#10089 = VERTEX_POINT('',#10090);
#10090 = CARTESIAN_POINT('',(287.641331,90.149335,1.7));
#10091 = LINE('',#10092,#10093);
#10092 = CARTESIAN_POINT('',(287.641331,76.049338,1.7));
#10093 = VECTOR('',#10094,1.);
#10094 = DIRECTION('',(0.,1.,0.));
#10095 = ORIENTED_EDGE('',*,*,#10096,.F.);
#10096 = EDGE_CURVE('',#2733,#10089,#10097,.T.);
#10097 = LINE('',#10098,#10099);
#10098 = CARTESIAN_POINT('',(287.641331,90.149335,0.));
#10099 = VECTOR('',#10100,1.);
#10100 = DIRECTION('',(0.,0.,1.));
#10101 = ORIENTED_EDGE('',*,*,#2732,.F.);
#10102 = PLANE('',#10103);
#10103 = AXIS2_PLACEMENT_3D('',#10104,#10105,#10106);
#10104 = CARTESIAN_POINT('',(287.641331,76.049338,0.));
#10105 = DIRECTION('',(-1.,0.,0.));
#10106 = DIRECTION('',(0.,1.,0.));
#10107 = ADVANCED_FACE('',(#10108),#10126,.F.);
#10108 = FACE_BOUND('',#10109,.F.);
#10109 = EDGE_LOOP('',(#10110,#10111,#10119,#10125));
#10110 = ORIENTED_EDGE('',*,*,#10096,.T.);
#10111 = ORIENTED_EDGE('',*,*,#10112,.T.);
#10112 = EDGE_CURVE('',#10089,#10113,#10115,.T.);
#10113 = VERTEX_POINT('',#10114);
#10114 = CARTESIAN_POINT('',(287.642779,90.163965,1.7));
#10115 = LINE('',#10116,#10117);
#10116 = CARTESIAN_POINT('',(287.641331,90.149335,1.7));
#10117 = VECTOR('',#10118,1.);
#10118 = DIRECTION('',(9.849346454881E-02,0.995137697729,0.));
#10119 = ORIENTED_EDGE('',*,*,#10120,.F.);
#10120 = EDGE_CURVE('',#2741,#10113,#10121,.T.);
#10121 = LINE('',#10122,#10123);
#10122 = CARTESIAN_POINT('',(287.642779,90.163965,0.));
#10123 = VECTOR('',#10124,1.);
#10124 = DIRECTION('',(0.,0.,1.));
#10125 = ORIENTED_EDGE('',*,*,#2740,.F.);
#10126 = PLANE('',#10127);
#10127 = AXIS2_PLACEMENT_3D('',#10128,#10129,#10130);
#10128 = CARTESIAN_POINT('',(287.641331,90.149335,0.));
#10129 = DIRECTION('',(-0.995137697729,9.849346454881E-02,0.));
#10130 = DIRECTION('',(9.849346454881E-02,0.995137697729,0.));
#10131 = ADVANCED_FACE('',(#10132),#10150,.F.);
#10132 = FACE_BOUND('',#10133,.F.);
#10133 = EDGE_LOOP('',(#10134,#10135,#10143,#10149));
#10134 = ORIENTED_EDGE('',*,*,#10120,.T.);
#10135 = ORIENTED_EDGE('',*,*,#10136,.T.);
#10136 = EDGE_CURVE('',#10113,#10137,#10139,.T.);
#10137 = VERTEX_POINT('',#10138);
#10138 = CARTESIAN_POINT('',(287.65398,90.191016,1.7));
#10139 = LINE('',#10140,#10141);
#10140 = CARTESIAN_POINT('',(287.642779,90.163965,1.7));
#10141 = VECTOR('',#10142,1.);
#10142 = DIRECTION('',(0.382569992545,0.923926512664,0.));
#10143 = ORIENTED_EDGE('',*,*,#10144,.F.);
#10144 = EDGE_CURVE('',#2749,#10137,#10145,.T.);
#10145 = LINE('',#10146,#10147);
#10146 = CARTESIAN_POINT('',(287.65398,90.191016,0.));
#10147 = VECTOR('',#10148,1.);
#10148 = DIRECTION('',(0.,0.,1.));
#10149 = ORIENTED_EDGE('',*,*,#2748,.F.);
#10150 = PLANE('',#10151);
#10151 = AXIS2_PLACEMENT_3D('',#10152,#10153,#10154);
#10152 = CARTESIAN_POINT('',(287.642779,90.163965,0.));
#10153 = DIRECTION('',(-0.923926512664,0.382569992545,0.));
#10154 = DIRECTION('',(0.382569992545,0.923926512664,0.));
#10155 = ADVANCED_FACE('',(#10156),#10174,.F.);
#10156 = FACE_BOUND('',#10157,.F.);
#10157 = EDGE_LOOP('',(#10158,#10159,#10167,#10173));
#10158 = ORIENTED_EDGE('',*,*,#10144,.T.);
#10159 = ORIENTED_EDGE('',*,*,#10160,.T.);
#10160 = EDGE_CURVE('',#10137,#10161,#10163,.T.);
#10161 = VERTEX_POINT('',#10162);
#10162 = CARTESIAN_POINT('',(287.674656,90.211692,1.7));
#10163 = LINE('',#10164,#10165);
#10164 = CARTESIAN_POINT('',(287.65398,90.191016,1.7));
#10165 = VECTOR('',#10166,1.);
#10166 = DIRECTION('',(0.707106781187,0.707106781186,0.));
#10167 = ORIENTED_EDGE('',*,*,#10168,.F.);
#10168 = EDGE_CURVE('',#2757,#10161,#10169,.T.);
#10169 = LINE('',#10170,#10171);
#10170 = CARTESIAN_POINT('',(287.674656,90.211692,0.));
#10171 = VECTOR('',#10172,1.);
#10172 = DIRECTION('',(0.,0.,1.));
#10173 = ORIENTED_EDGE('',*,*,#2756,.F.);
#10174 = PLANE('',#10175);
#10175 = AXIS2_PLACEMENT_3D('',#10176,#10177,#10178);
#10176 = CARTESIAN_POINT('',(287.65398,90.191016,0.));
#10177 = DIRECTION('',(-0.707106781186,0.707106781187,0.));
#10178 = DIRECTION('',(0.707106781187,0.707106781186,0.));
#10179 = ADVANCED_FACE('',(#10180),#10198,.F.);
#10180 = FACE_BOUND('',#10181,.F.);
#10181 = EDGE_LOOP('',(#10182,#10183,#10191,#10197));
#10182 = ORIENTED_EDGE('',*,*,#10168,.T.);
#10183 = ORIENTED_EDGE('',*,*,#10184,.T.);
#10184 = EDGE_CURVE('',#10161,#10185,#10187,.T.);
#10185 = VERTEX_POINT('',#10186);
#10186 = CARTESIAN_POINT('',(287.701707,90.222893,1.7));
#10187 = LINE('',#10188,#10189);
#10188 = CARTESIAN_POINT('',(287.674656,90.211692,1.7));
#10189 = VECTOR('',#10190,1.);
#10190 = DIRECTION('',(0.923926512664,0.382569992546,0.));
#10191 = ORIENTED_EDGE('',*,*,#10192,.F.);
#10192 = EDGE_CURVE('',#2765,#10185,#10193,.T.);
#10193 = LINE('',#10194,#10195);
#10194 = CARTESIAN_POINT('',(287.701707,90.222893,0.));
#10195 = VECTOR('',#10196,1.);
#10196 = DIRECTION('',(0.,0.,1.));
#10197 = ORIENTED_EDGE('',*,*,#2764,.F.);
#10198 = PLANE('',#10199);
#10199 = AXIS2_PLACEMENT_3D('',#10200,#10201,#10202);
#10200 = CARTESIAN_POINT('',(287.674656,90.211692,0.));
#10201 = DIRECTION('',(-0.382569992546,0.923926512664,0.));
#10202 = DIRECTION('',(0.923926512664,0.382569992546,0.));
#10203 = ADVANCED_FACE('',(#10204),#10222,.F.);
#10204 = FACE_BOUND('',#10205,.F.);
#10205 = EDGE_LOOP('',(#10206,#10207,#10215,#10221));
#10206 = ORIENTED_EDGE('',*,*,#10192,.T.);
#10207 = ORIENTED_EDGE('',*,*,#10208,.T.);
#10208 = EDGE_CURVE('',#10185,#10209,#10211,.T.);
#10209 = VERTEX_POINT('',#10210);
#10210 = CARTESIAN_POINT('',(287.716337,90.224341,1.7));
#10211 = LINE('',#10212,#10213);
#10212 = CARTESIAN_POINT('',(287.701707,90.222893,1.7));
#10213 = VECTOR('',#10214,1.);
#10214 = DIRECTION('',(0.995137697729,9.849346454594E-02,0.));
#10215 = ORIENTED_EDGE('',*,*,#10216,.F.);
#10216 = EDGE_CURVE('',#2773,#10209,#10217,.T.);
#10217 = LINE('',#10218,#10219);
#10218 = CARTESIAN_POINT('',(287.716337,90.224341,0.));
#10219 = VECTOR('',#10220,1.);
#10220 = DIRECTION('',(0.,0.,1.));
#10221 = ORIENTED_EDGE('',*,*,#2772,.F.);
#10222 = PLANE('',#10223);
#10223 = AXIS2_PLACEMENT_3D('',#10224,#10225,#10226);
#10224 = CARTESIAN_POINT('',(287.701707,90.222893,0.));
#10225 = DIRECTION('',(-9.849346454594E-02,0.995137697729,0.));
#10226 = DIRECTION('',(0.995137697729,9.849346454594E-02,0.));
#10227 = ADVANCED_FACE('',(#10228),#10246,.F.);
#10228 = FACE_BOUND('',#10229,.F.);
#10229 = EDGE_LOOP('',(#10230,#10231,#10239,#10245));
#10230 = ORIENTED_EDGE('',*,*,#10216,.T.);
#10231 = ORIENTED_EDGE('',*,*,#10232,.T.);
#10232 = EDGE_CURVE('',#10209,#10233,#10235,.T.);
#10233 = VERTEX_POINT('',#10234);
#10234 = CARTESIAN_POINT('',(301.816335,90.224341,1.7));
#10235 = LINE('',#10236,#10237);
#10236 = CARTESIAN_POINT('',(287.716337,90.224341,1.7));
#10237 = VECTOR('',#10238,1.);
#10238 = DIRECTION('',(1.,0.,0.));
#10239 = ORIENTED_EDGE('',*,*,#10240,.F.);
#10240 = EDGE_CURVE('',#2781,#10233,#10241,.T.);
#10241 = LINE('',#10242,#10243);
#10242 = CARTESIAN_POINT('',(301.816335,90.224341,0.));
#10243 = VECTOR('',#10244,1.);
#10244 = DIRECTION('',(0.,0.,1.));
#10245 = ORIENTED_EDGE('',*,*,#2780,.F.);
#10246 = PLANE('',#10247);
#10247 = AXIS2_PLACEMENT_3D('',#10248,#10249,#10250);
#10248 = CARTESIAN_POINT('',(287.716337,90.224341,0.));
#10249 = DIRECTION('',(0.,1.,0.));
#10250 = DIRECTION('',(1.,0.,0.));
#10251 = ADVANCED_FACE('',(#10252),#10263,.F.);
#10252 = FACE_BOUND('',#10253,.F.);
#10253 = EDGE_LOOP('',(#10254,#10255,#10261,#10262));
#10254 = ORIENTED_EDGE('',*,*,#10240,.T.);
#10255 = ORIENTED_EDGE('',*,*,#10256,.T.);
#10256 = EDGE_CURVE('',#10233,#9697,#10257,.T.);
#10257 = LINE('',#10258,#10259);
#10258 = CARTESIAN_POINT('',(301.816335,90.224341,1.7));
#10259 = VECTOR('',#10260,1.);
#10260 = DIRECTION('',(0.995137697729,-9.849346454594E-02,0.));
#10261 = ORIENTED_EDGE('',*,*,#9696,.F.);
#10262 = ORIENTED_EDGE('',*,*,#2788,.F.);
#10263 = PLANE('',#10264);
#10264 = AXIS2_PLACEMENT_3D('',#10265,#10266,#10267);
#10265 = CARTESIAN_POINT('',(301.816335,90.224341,0.));
#10266 = DIRECTION('',(9.849346454594E-02,0.995137697729,0.));
#10267 = DIRECTION('',(0.995137697729,-9.849346454594E-02,0.));
#10268 = ADVANCED_FACE('',(#10269),#10294,.F.);
#10269 = FACE_BOUND('',#10270,.F.);
#10270 = EDGE_LOOP('',(#10271,#10279,#10287,#10293));
#10271 = ORIENTED_EDGE('',*,*,#10272,.T.);
#10272 = EDGE_CURVE('',#2797,#10273,#10275,.T.);
#10273 = VERTEX_POINT('',#10274);
#10274 = CARTESIAN_POINT('',(244.680965,52.122893,1.7));
#10275 = LINE('',#10276,#10277);
#10276 = CARTESIAN_POINT('',(244.680965,52.122893,0.));
#10277 = VECTOR('',#10278,1.);
#10278 = DIRECTION('',(0.,0.,1.));
#10279 = ORIENTED_EDGE('',*,*,#10280,.T.);
#10280 = EDGE_CURVE('',#10273,#10281,#10283,.T.);
#10281 = VERTEX_POINT('',#10282);
#10282 = CARTESIAN_POINT('',(244.708016,52.111692,1.7));
#10283 = LINE('',#10284,#10285);
#10284 = CARTESIAN_POINT('',(244.680965,52.122893,1.7));
#10285 = VECTOR('',#10286,1.);
#10286 = DIRECTION('',(0.923926512664,-0.382569992546,0.));
#10287 = ORIENTED_EDGE('',*,*,#10288,.F.);
#10288 = EDGE_CURVE('',#2799,#10281,#10289,.T.);
#10289 = LINE('',#10290,#10291);
#10290 = CARTESIAN_POINT('',(244.708016,52.111692,0.));
#10291 = VECTOR('',#10292,1.);
#10292 = DIRECTION('',(0.,0.,1.));
#10293 = ORIENTED_EDGE('',*,*,#2796,.F.);
#10294 = PLANE('',#10295);
#10295 = AXIS2_PLACEMENT_3D('',#10296,#10297,#10298);
#10296 = CARTESIAN_POINT('',(244.680965,52.122893,0.));
#10297 = DIRECTION('',(0.382569992546,0.923926512664,0.));
#10298 = DIRECTION('',(0.923926512664,-0.382569992546,0.));
#10299 = ADVANCED_FACE('',(#10300),#10318,.F.);
#10300 = FACE_BOUND('',#10301,.F.);
#10301 = EDGE_LOOP('',(#10302,#10303,#10311,#10317));
#10302 = ORIENTED_EDGE('',*,*,#10288,.T.);
#10303 = ORIENTED_EDGE('',*,*,#10304,.T.);
#10304 = EDGE_CURVE('',#10281,#10305,#10307,.T.);
#10305 = VERTEX_POINT('',#10306);
#10306 = CARTESIAN_POINT('',(244.728692,52.091016,1.7));
#10307 = LINE('',#10308,#10309);
#10308 = CARTESIAN_POINT('',(244.708016,52.111692,1.7));
#10309 = VECTOR('',#10310,1.);
#10310 = DIRECTION('',(0.707106781187,-0.707106781186,0.));
#10311 = ORIENTED_EDGE('',*,*,#10312,.F.);
#10312 = EDGE_CURVE('',#2807,#10305,#10313,.T.);
#10313 = LINE('',#10314,#10315);
#10314 = CARTESIAN_POINT('',(244.728692,52.091016,0.));
#10315 = VECTOR('',#10316,1.);
#10316 = DIRECTION('',(0.,0.,1.));
#10317 = ORIENTED_EDGE('',*,*,#2806,.F.);
#10318 = PLANE('',#10319);
#10319 = AXIS2_PLACEMENT_3D('',#10320,#10321,#10322);
#10320 = CARTESIAN_POINT('',(244.708016,52.111692,0.));
#10321 = DIRECTION('',(0.707106781186,0.707106781187,0.));
#10322 = DIRECTION('',(0.707106781187,-0.707106781186,0.));
#10323 = ADVANCED_FACE('',(#10324),#10342,.F.);
#10324 = FACE_BOUND('',#10325,.F.);
#10325 = EDGE_LOOP('',(#10326,#10327,#10335,#10341));
#10326 = ORIENTED_EDGE('',*,*,#10312,.T.);
#10327 = ORIENTED_EDGE('',*,*,#10328,.T.);
#10328 = EDGE_CURVE('',#10305,#10329,#10331,.T.);
#10329 = VERTEX_POINT('',#10330);
#10330 = CARTESIAN_POINT('',(244.739893,52.063965,1.7));
#10331 = LINE('',#10332,#10333);
#10332 = CARTESIAN_POINT('',(244.728692,52.091016,1.7));
#10333 = VECTOR('',#10334,1.);
#10334 = DIRECTION('',(0.382569992546,-0.923926512664,0.));
#10335 = ORIENTED_EDGE('',*,*,#10336,.F.);
#10336 = EDGE_CURVE('',#2815,#10329,#10337,.T.);
#10337 = LINE('',#10338,#10339);
#10338 = CARTESIAN_POINT('',(244.739893,52.063965,0.));
#10339 = VECTOR('',#10340,1.);
#10340 = DIRECTION('',(0.,0.,1.));
#10341 = ORIENTED_EDGE('',*,*,#2814,.F.);
#10342 = PLANE('',#10343);
#10343 = AXIS2_PLACEMENT_3D('',#10344,#10345,#10346);
#10344 = CARTESIAN_POINT('',(244.728692,52.091016,0.));
#10345 = DIRECTION('',(0.923926512664,0.382569992546,0.));
#10346 = DIRECTION('',(0.382569992546,-0.923926512664,0.));
#10347 = ADVANCED_FACE('',(#10348),#10366,.F.);
#10348 = FACE_BOUND('',#10349,.F.);
#10349 = EDGE_LOOP('',(#10350,#10351,#10359,#10365));
#10350 = ORIENTED_EDGE('',*,*,#10336,.T.);
#10351 = ORIENTED_EDGE('',*,*,#10352,.T.);
#10352 = EDGE_CURVE('',#10329,#10353,#10355,.T.);
#10353 = VERTEX_POINT('',#10354);
#10354 = CARTESIAN_POINT('',(244.741341,52.049335,1.7));
#10355 = LINE('',#10356,#10357);
#10356 = CARTESIAN_POINT('',(244.739893,52.063965,1.7));
#10357 = VECTOR('',#10358,1.);
#10358 = DIRECTION('',(9.849346454695E-02,-0.995137697729,0.));
#10359 = ORIENTED_EDGE('',*,*,#10360,.F.);
#10360 = EDGE_CURVE('',#2823,#10353,#10361,.T.);
#10361 = LINE('',#10362,#10363);
#10362 = CARTESIAN_POINT('',(244.741341,52.049335,0.));
#10363 = VECTOR('',#10364,1.);
#10364 = DIRECTION('',(0.,0.,1.));
#10365 = ORIENTED_EDGE('',*,*,#2822,.F.);
#10366 = PLANE('',#10367);
#10367 = AXIS2_PLACEMENT_3D('',#10368,#10369,#10370);
#10368 = CARTESIAN_POINT('',(244.739893,52.063965,0.));
#10369 = DIRECTION('',(0.995137697729,9.849346454695E-02,0.));
#10370 = DIRECTION('',(9.849346454695E-02,-0.995137697729,0.));
#10371 = ADVANCED_FACE('',(#10372),#10390,.F.);
#10372 = FACE_BOUND('',#10373,.F.);
#10373 = EDGE_LOOP('',(#10374,#10375,#10383,#10389));
#10374 = ORIENTED_EDGE('',*,*,#10360,.T.);
#10375 = ORIENTED_EDGE('',*,*,#10376,.T.);
#10376 = EDGE_CURVE('',#10353,#10377,#10379,.T.);
#10377 = VERTEX_POINT('',#10378);
#10378 = CARTESIAN_POINT('',(244.741341,37.949338,1.7));
#10379 = LINE('',#10380,#10381);
#10380 = CARTESIAN_POINT('',(244.741341,52.049335,1.7));
#10381 = VECTOR('',#10382,1.);
#10382 = DIRECTION('',(0.,-1.,0.));
#10383 = ORIENTED_EDGE('',*,*,#10384,.F.);
#10384 = EDGE_CURVE('',#2831,#10377,#10385,.T.);
#10385 = LINE('',#10386,#10387);
#10386 = CARTESIAN_POINT('',(244.741341,37.949338,0.));
#10387 = VECTOR('',#10388,1.);
#10388 = DIRECTION('',(0.,0.,1.));
#10389 = ORIENTED_EDGE('',*,*,#2830,.F.);
#10390 = PLANE('',#10391);
#10391 = AXIS2_PLACEMENT_3D('',#10392,#10393,#10394);
#10392 = CARTESIAN_POINT('',(244.741341,52.049335,0.));
#10393 = DIRECTION('',(1.,0.,0.));
#10394 = DIRECTION('',(0.,-1.,0.));
#10395 = ADVANCED_FACE('',(#10396),#10414,.F.);
#10396 = FACE_BOUND('',#10397,.F.);
#10397 = EDGE_LOOP('',(#10398,#10399,#10407,#10413));
#10398 = ORIENTED_EDGE('',*,*,#10384,.T.);
#10399 = ORIENTED_EDGE('',*,*,#10400,.T.);
#10400 = EDGE_CURVE('',#10377,#10401,#10403,.T.);
#10401 = VERTEX_POINT('',#10402);
#10402 = CARTESIAN_POINT('',(244.739893,37.934707,1.7));
#10403 = LINE('',#10404,#10405);
#10404 = CARTESIAN_POINT('',(244.741341,37.949338,1.7));
#10405 = VECTOR('',#10406,1.);
#10406 = DIRECTION('',(-9.848679801156E-02,-0.995138357525,0.));
#10407 = ORIENTED_EDGE('',*,*,#10408,.F.);
#10408 = EDGE_CURVE('',#2839,#10401,#10409,.T.);
#10409 = LINE('',#10410,#10411);
#10410 = CARTESIAN_POINT('',(244.739893,37.934707,0.));
#10411 = VECTOR('',#10412,1.);
#10412 = DIRECTION('',(0.,0.,1.));
#10413 = ORIENTED_EDGE('',*,*,#2838,.F.);
#10414 = PLANE('',#10415);
#10415 = AXIS2_PLACEMENT_3D('',#10416,#10417,#10418);
#10416 = CARTESIAN_POINT('',(244.741341,37.949338,0.));
#10417 = DIRECTION('',(0.995138357525,-9.848679801156E-02,0.));
#10418 = DIRECTION('',(-9.848679801156E-02,-0.995138357525,0.));
#10419 = ADVANCED_FACE('',(#10420),#10438,.F.);
#10420 = FACE_BOUND('',#10421,.F.);
#10421 = EDGE_LOOP('',(#10422,#10423,#10431,#10437));
#10422 = ORIENTED_EDGE('',*,*,#10408,.T.);
#10423 = ORIENTED_EDGE('',*,*,#10424,.T.);
#10424 = EDGE_CURVE('',#10401,#10425,#10427,.T.);
#10425 = VERTEX_POINT('',#10426);
#10426 = CARTESIAN_POINT('',(244.728692,37.907656,1.7));
#10427 = LINE('',#10428,#10429);
#10428 = CARTESIAN_POINT('',(244.739893,37.934707,1.7));
#10429 = VECTOR('',#10430,1.);
#10430 = DIRECTION('',(-0.382569992546,-0.923926512664,0.));
#10431 = ORIENTED_EDGE('',*,*,#10432,.F.);
#10432 = EDGE_CURVE('',#2847,#10425,#10433,.T.);
#10433 = LINE('',#10434,#10435);
#10434 = CARTESIAN_POINT('',(244.728692,37.907656,0.));
#10435 = VECTOR('',#10436,1.);
#10436 = DIRECTION('',(0.,0.,1.));
#10437 = ORIENTED_EDGE('',*,*,#2846,.F.);
#10438 = PLANE('',#10439);
#10439 = AXIS2_PLACEMENT_3D('',#10440,#10441,#10442);
#10440 = CARTESIAN_POINT('',(244.739893,37.934707,0.));
#10441 = DIRECTION('',(0.923926512664,-0.382569992546,0.));
#10442 = DIRECTION('',(-0.382569992546,-0.923926512664,0.));
#10443 = ADVANCED_FACE('',(#10444),#10462,.F.);
#10444 = FACE_BOUND('',#10445,.F.);
#10445 = EDGE_LOOP('',(#10446,#10447,#10455,#10461));
#10446 = ORIENTED_EDGE('',*,*,#10432,.T.);
#10447 = ORIENTED_EDGE('',*,*,#10448,.T.);
#10448 = EDGE_CURVE('',#10425,#10449,#10451,.T.);
#10449 = VERTEX_POINT('',#10450);
#10450 = CARTESIAN_POINT('',(244.708016,37.886981,1.7));
#10451 = LINE('',#10452,#10453);
#10452 = CARTESIAN_POINT('',(244.728692,37.907656,1.7));
#10453 = VECTOR('',#10454,1.);
#10454 = DIRECTION('',(-0.707123881093,-0.707089680867,0.));
#10455 = ORIENTED_EDGE('',*,*,#10456,.F.);
#10456 = EDGE_CURVE('',#2855,#10449,#10457,.T.);
#10457 = LINE('',#10458,#10459);
#10458 = CARTESIAN_POINT('',(244.708016,37.886981,0.));
#10459 = VECTOR('',#10460,1.);
#10460 = DIRECTION('',(0.,0.,1.));
#10461 = ORIENTED_EDGE('',*,*,#2854,.F.);
#10462 = PLANE('',#10463);
#10463 = AXIS2_PLACEMENT_3D('',#10464,#10465,#10466);
#10464 = CARTESIAN_POINT('',(244.728692,37.907656,0.));
#10465 = DIRECTION('',(0.707089680867,-0.707123881093,0.));
#10466 = DIRECTION('',(-0.707123881093,-0.707089680867,0.));
#10467 = ADVANCED_FACE('',(#10468),#10486,.F.);
#10468 = FACE_BOUND('',#10469,.F.);
#10469 = EDGE_LOOP('',(#10470,#10471,#10479,#10485));
#10470 = ORIENTED_EDGE('',*,*,#10456,.T.);
#10471 = ORIENTED_EDGE('',*,*,#10472,.T.);
#10472 = EDGE_CURVE('',#10449,#10473,#10475,.T.);
#10473 = VERTEX_POINT('',#10474);
#10474 = CARTESIAN_POINT('',(244.680965,37.875779,1.7));
#10475 = LINE('',#10476,#10477);
#10476 = CARTESIAN_POINT('',(244.708016,37.886981,1.7));
#10477 = VECTOR('',#10478,1.);
#10478 = DIRECTION('',(-0.923914439717,-0.382599148043,0.));
#10479 = ORIENTED_EDGE('',*,*,#10480,.F.);
#10480 = EDGE_CURVE('',#2863,#10473,#10481,.T.);
#10481 = LINE('',#10482,#10483);
#10482 = CARTESIAN_POINT('',(244.680965,37.875779,0.));
#10483 = VECTOR('',#10484,1.);
#10484 = DIRECTION('',(0.,0.,1.));
#10485 = ORIENTED_EDGE('',*,*,#2862,.F.);
#10486 = PLANE('',#10487);
#10487 = AXIS2_PLACEMENT_3D('',#10488,#10489,#10490);
#10488 = CARTESIAN_POINT('',(244.708016,37.886981,0.));
#10489 = DIRECTION('',(0.382599148043,-0.923914439717,0.));
#10490 = DIRECTION('',(-0.923914439717,-0.382599148043,0.));
#10491 = ADVANCED_FACE('',(#10492),#10510,.F.);
#10492 = FACE_BOUND('',#10493,.F.);
#10493 = EDGE_LOOP('',(#10494,#10495,#10503,#10509));
#10494 = ORIENTED_EDGE('',*,*,#10480,.T.);
#10495 = ORIENTED_EDGE('',*,*,#10496,.T.);
#10496 = EDGE_CURVE('',#10473,#10497,#10499,.T.);
#10497 = VERTEX_POINT('',#10498);
#10498 = CARTESIAN_POINT('',(244.666335,37.874331,1.7));
#10499 = LINE('',#10500,#10501);
#10500 = CARTESIAN_POINT('',(244.680965,37.875779,1.7));
#10501 = VECTOR('',#10502,1.);
#10502 = DIRECTION('',(-0.995137697729,-9.849346454661E-02,0.));
#10503 = ORIENTED_EDGE('',*,*,#10504,.F.);
#10504 = EDGE_CURVE('',#2871,#10497,#10505,.T.);
#10505 = LINE('',#10506,#10507);
#10506 = CARTESIAN_POINT('',(244.666335,37.874331,0.));
#10507 = VECTOR('',#10508,1.);
#10508 = DIRECTION('',(0.,0.,1.));
#10509 = ORIENTED_EDGE('',*,*,#2870,.F.);
#10510 = PLANE('',#10511);
#10511 = AXIS2_PLACEMENT_3D('',#10512,#10513,#10514);
#10512 = CARTESIAN_POINT('',(244.680965,37.875779,0.));
#10513 = DIRECTION('',(9.849346454661E-02,-0.995137697729,0.));
#10514 = DIRECTION('',(-0.995137697729,-9.849346454661E-02,0.));
#10515 = ADVANCED_FACE('',(#10516),#10534,.F.);
#10516 = FACE_BOUND('',#10517,.F.);
#10517 = EDGE_LOOP('',(#10518,#10519,#10527,#10533));
#10518 = ORIENTED_EDGE('',*,*,#10504,.T.);
#10519 = ORIENTED_EDGE('',*,*,#10520,.T.);
#10520 = EDGE_CURVE('',#10497,#10521,#10523,.T.);
#10521 = VERTEX_POINT('',#10522);
#10522 = CARTESIAN_POINT('',(230.566337,37.874331,1.7));
#10523 = LINE('',#10524,#10525);
#10524 = CARTESIAN_POINT('',(244.666335,37.874331,1.7));
#10525 = VECTOR('',#10526,1.);
#10526 = DIRECTION('',(-1.,0.,0.));
#10527 = ORIENTED_EDGE('',*,*,#10528,.F.);
#10528 = EDGE_CURVE('',#2879,#10521,#10529,.T.);
#10529 = LINE('',#10530,#10531);
#10530 = CARTESIAN_POINT('',(230.566337,37.874331,0.));
#10531 = VECTOR('',#10532,1.);
#10532 = DIRECTION('',(0.,0.,1.));
#10533 = ORIENTED_EDGE('',*,*,#2878,.F.);
#10534 = PLANE('',#10535);
#10535 = AXIS2_PLACEMENT_3D('',#10536,#10537,#10538);
#10536 = CARTESIAN_POINT('',(244.666335,37.874331,0.));
#10537 = DIRECTION('',(0.,-1.,0.));
#10538 = DIRECTION('',(-1.,0.,0.));
#10539 = ADVANCED_FACE('',(#10540),#10558,.F.);
#10540 = FACE_BOUND('',#10541,.F.);
#10541 = EDGE_LOOP('',(#10542,#10543,#10551,#10557));
#10542 = ORIENTED_EDGE('',*,*,#10528,.T.);
#10543 = ORIENTED_EDGE('',*,*,#10544,.T.);
#10544 = EDGE_CURVE('',#10521,#10545,#10547,.T.);
#10545 = VERTEX_POINT('',#10546);
#10546 = CARTESIAN_POINT('',(230.551707,37.875779,1.7));
#10547 = LINE('',#10548,#10549);
#10548 = CARTESIAN_POINT('',(230.566337,37.874331,1.7));
#10549 = VECTOR('',#10550,1.);
#10550 = DIRECTION('',(-0.995137697729,9.849346454642E-02,0.));
#10551 = ORIENTED_EDGE('',*,*,#10552,.F.);
#10552 = EDGE_CURVE('',#2887,#10545,#10553,.T.);
#10553 = LINE('',#10554,#10555);
#10554 = CARTESIAN_POINT('',(230.551707,37.875779,0.));
#10555 = VECTOR('',#10556,1.);
#10556 = DIRECTION('',(0.,0.,1.));
#10557 = ORIENTED_EDGE('',*,*,#2886,.F.);
#10558 = PLANE('',#10559);
#10559 = AXIS2_PLACEMENT_3D('',#10560,#10561,#10562);
#10560 = CARTESIAN_POINT('',(230.566337,37.874331,0.));
#10561 = DIRECTION('',(-9.849346454642E-02,-0.995137697729,0.));
#10562 = DIRECTION('',(-0.995137697729,9.849346454642E-02,0.));
#10563 = ADVANCED_FACE('',(#10564),#10582,.F.);
#10564 = FACE_BOUND('',#10565,.F.);
#10565 = EDGE_LOOP('',(#10566,#10567,#10575,#10581));
#10566 = ORIENTED_EDGE('',*,*,#10552,.T.);
#10567 = ORIENTED_EDGE('',*,*,#10568,.T.);
#10568 = EDGE_CURVE('',#10545,#10569,#10571,.T.);
#10569 = VERTEX_POINT('',#10570);
#10570 = CARTESIAN_POINT('',(230.524656,37.886981,1.7));
#10571 = LINE('',#10572,#10573);
#10572 = CARTESIAN_POINT('',(230.551707,37.875779,1.7));
#10573 = VECTOR('',#10574,1.);
#10574 = DIRECTION('',(-0.923914439717,0.382599148043,0.));
#10575 = ORIENTED_EDGE('',*,*,#10576,.F.);
#10576 = EDGE_CURVE('',#2895,#10569,#10577,.T.);
#10577 = LINE('',#10578,#10579);
#10578 = CARTESIAN_POINT('',(230.524656,37.886981,0.));
#10579 = VECTOR('',#10580,1.);
#10580 = DIRECTION('',(0.,0.,1.));
#10581 = ORIENTED_EDGE('',*,*,#2894,.F.);
#10582 = PLANE('',#10583);
#10583 = AXIS2_PLACEMENT_3D('',#10584,#10585,#10586);
#10584 = CARTESIAN_POINT('',(230.551707,37.875779,0.));
#10585 = DIRECTION('',(-0.382599148043,-0.923914439717,0.));
#10586 = DIRECTION('',(-0.923914439717,0.382599148043,0.));
#10587 = ADVANCED_FACE('',(#10588),#10606,.F.);
#10588 = FACE_BOUND('',#10589,.F.);
#10589 = EDGE_LOOP('',(#10590,#10591,#10599,#10605));
#10590 = ORIENTED_EDGE('',*,*,#10576,.T.);
#10591 = ORIENTED_EDGE('',*,*,#10592,.T.);
#10592 = EDGE_CURVE('',#10569,#10593,#10595,.T.);
#10593 = VERTEX_POINT('',#10594);
#10594 = CARTESIAN_POINT('',(230.50398,37.907656,1.7));
#10595 = LINE('',#10596,#10597);
#10596 = CARTESIAN_POINT('',(230.524656,37.886981,1.7));
#10597 = VECTOR('',#10598,1.);
#10598 = DIRECTION('',(-0.707123881093,0.707089680867,0.));
#10599 = ORIENTED_EDGE('',*,*,#10600,.F.);
#10600 = EDGE_CURVE('',#2903,#10593,#10601,.T.);
#10601 = LINE('',#10602,#10603);
#10602 = CARTESIAN_POINT('',(230.50398,37.907656,0.));
#10603 = VECTOR('',#10604,1.);
#10604 = DIRECTION('',(0.,0.,1.));
#10605 = ORIENTED_EDGE('',*,*,#2902,.F.);
#10606 = PLANE('',#10607);
#10607 = AXIS2_PLACEMENT_3D('',#10608,#10609,#10610);
#10608 = CARTESIAN_POINT('',(230.524656,37.886981,0.));
#10609 = DIRECTION('',(-0.707089680867,-0.707123881093,0.));
#10610 = DIRECTION('',(-0.707123881093,0.707089680867,0.));
#10611 = ADVANCED_FACE('',(#10612),#10630,.F.);
#10612 = FACE_BOUND('',#10613,.F.);
#10613 = EDGE_LOOP('',(#10614,#10615,#10623,#10629));
#10614 = ORIENTED_EDGE('',*,*,#10600,.T.);
#10615 = ORIENTED_EDGE('',*,*,#10616,.T.);
#10616 = EDGE_CURVE('',#10593,#10617,#10619,.T.);
#10617 = VERTEX_POINT('',#10618);
#10618 = CARTESIAN_POINT('',(230.492779,37.934707,1.7));
#10619 = LINE('',#10620,#10621);
#10620 = CARTESIAN_POINT('',(230.50398,37.907656,1.7));
#10621 = VECTOR('',#10622,1.);
#10622 = DIRECTION('',(-0.382569992546,0.923926512664,0.));
#10623 = ORIENTED_EDGE('',*,*,#10624,.F.);
#10624 = EDGE_CURVE('',#2911,#10617,#10625,.T.);
#10625 = LINE('',#10626,#10627);
#10626 = CARTESIAN_POINT('',(230.492779,37.934707,0.));
#10627 = VECTOR('',#10628,1.);
#10628 = DIRECTION('',(0.,0.,1.));
#10629 = ORIENTED_EDGE('',*,*,#2910,.F.);
#10630 = PLANE('',#10631);
#10631 = AXIS2_PLACEMENT_3D('',#10632,#10633,#10634);
#10632 = CARTESIAN_POINT('',(230.50398,37.907656,0.));
#10633 = DIRECTION('',(-0.923926512664,-0.382569992546,0.));
#10634 = DIRECTION('',(-0.382569992546,0.923926512664,0.));
#10635 = ADVANCED_FACE('',(#10636),#10654,.F.);
#10636 = FACE_BOUND('',#10637,.F.);
#10637 = EDGE_LOOP('',(#10638,#10639,#10647,#10653));
#10638 = ORIENTED_EDGE('',*,*,#10624,.T.);
#10639 = ORIENTED_EDGE('',*,*,#10640,.T.);
#10640 = EDGE_CURVE('',#10617,#10641,#10643,.T.);
#10641 = VERTEX_POINT('',#10642);
#10642 = CARTESIAN_POINT('',(230.491331,37.949338,1.7));
#10643 = LINE('',#10644,#10645);
#10644 = CARTESIAN_POINT('',(230.492779,37.934707,1.7));
#10645 = VECTOR('',#10646,1.);
#10646 = DIRECTION('',(-9.848679801156E-02,0.995138357525,0.));
#10647 = ORIENTED_EDGE('',*,*,#10648,.F.);
#10648 = EDGE_CURVE('',#2919,#10641,#10649,.T.);
#10649 = LINE('',#10650,#10651);
#10650 = CARTESIAN_POINT('',(230.491331,37.949338,0.));
#10651 = VECTOR('',#10652,1.);
#10652 = DIRECTION('',(0.,0.,1.));
#10653 = ORIENTED_EDGE('',*,*,#2918,.F.);
#10654 = PLANE('',#10655);
#10655 = AXIS2_PLACEMENT_3D('',#10656,#10657,#10658);
#10656 = CARTESIAN_POINT('',(230.492779,37.934707,0.));
#10657 = DIRECTION('',(-0.995138357525,-9.848679801156E-02,0.));
#10658 = DIRECTION('',(-9.848679801156E-02,0.995138357525,0.));
#10659 = ADVANCED_FACE('',(#10660),#10678,.F.);
#10660 = FACE_BOUND('',#10661,.F.);
#10661 = EDGE_LOOP('',(#10662,#10663,#10671,#10677));
#10662 = ORIENTED_EDGE('',*,*,#10648,.T.);
#10663 = ORIENTED_EDGE('',*,*,#10664,.T.);
#10664 = EDGE_CURVE('',#10641,#10665,#10667,.T.);
#10665 = VERTEX_POINT('',#10666);
#10666 = CARTESIAN_POINT('',(230.491331,52.049335,1.7));
#10667 = LINE('',#10668,#10669);
#10668 = CARTESIAN_POINT('',(230.491331,37.949338,1.7));
#10669 = VECTOR('',#10670,1.);
#10670 = DIRECTION('',(0.,1.,0.));
#10671 = ORIENTED_EDGE('',*,*,#10672,.F.);
#10672 = EDGE_CURVE('',#2927,#10665,#10673,.T.);
#10673 = LINE('',#10674,#10675);
#10674 = CARTESIAN_POINT('',(230.491331,52.049335,0.));
#10675 = VECTOR('',#10676,1.);
#10676 = DIRECTION('',(0.,0.,1.));
#10677 = ORIENTED_EDGE('',*,*,#2926,.F.);
#10678 = PLANE('',#10679);
#10679 = AXIS2_PLACEMENT_3D('',#10680,#10681,#10682);
#10680 = CARTESIAN_POINT('',(230.491331,37.949338,0.));
#10681 = DIRECTION('',(-1.,0.,0.));
#10682 = DIRECTION('',(0.,1.,0.));
#10683 = ADVANCED_FACE('',(#10684),#10702,.F.);
#10684 = FACE_BOUND('',#10685,.F.);
#10685 = EDGE_LOOP('',(#10686,#10687,#10695,#10701));
#10686 = ORIENTED_EDGE('',*,*,#10672,.T.);
#10687 = ORIENTED_EDGE('',*,*,#10688,.T.);
#10688 = EDGE_CURVE('',#10665,#10689,#10691,.T.);
#10689 = VERTEX_POINT('',#10690);
#10690 = CARTESIAN_POINT('',(230.492779,52.063965,1.7));
#10691 = LINE('',#10692,#10693);
#10692 = CARTESIAN_POINT('',(230.491331,52.049335,1.7));
#10693 = VECTOR('',#10694,1.);
#10694 = DIRECTION('',(9.849346454695E-02,0.995137697729,0.));
#10695 = ORIENTED_EDGE('',*,*,#10696,.F.);
#10696 = EDGE_CURVE('',#2935,#10689,#10697,.T.);
#10697 = LINE('',#10698,#10699);
#10698 = CARTESIAN_POINT('',(230.492779,52.063965,0.));
#10699 = VECTOR('',#10700,1.);
#10700 = DIRECTION('',(0.,0.,1.));
#10701 = ORIENTED_EDGE('',*,*,#2934,.F.);
#10702 = PLANE('',#10703);
#10703 = AXIS2_PLACEMENT_3D('',#10704,#10705,#10706);
#10704 = CARTESIAN_POINT('',(230.491331,52.049335,0.));
#10705 = DIRECTION('',(-0.995137697729,9.849346454695E-02,0.));
#10706 = DIRECTION('',(9.849346454695E-02,0.995137697729,0.));
#10707 = ADVANCED_FACE('',(#10708),#10726,.F.);
#10708 = FACE_BOUND('',#10709,.F.);
#10709 = EDGE_LOOP('',(#10710,#10711,#10719,#10725));
#10710 = ORIENTED_EDGE('',*,*,#10696,.T.);
#10711 = ORIENTED_EDGE('',*,*,#10712,.T.);
#10712 = EDGE_CURVE('',#10689,#10713,#10715,.T.);
#10713 = VERTEX_POINT('',#10714);
#10714 = CARTESIAN_POINT('',(230.50398,52.091016,1.7));
#10715 = LINE('',#10716,#10717);
#10716 = CARTESIAN_POINT('',(230.492779,52.063965,1.7));
#10717 = VECTOR('',#10718,1.);
#10718 = DIRECTION('',(0.382569992546,0.923926512664,0.));
#10719 = ORIENTED_EDGE('',*,*,#10720,.F.);
#10720 = EDGE_CURVE('',#2943,#10713,#10721,.T.);
#10721 = LINE('',#10722,#10723);
#10722 = CARTESIAN_POINT('',(230.50398,52.091016,0.));
#10723 = VECTOR('',#10724,1.);
#10724 = DIRECTION('',(0.,0.,1.));
#10725 = ORIENTED_EDGE('',*,*,#2942,.F.);
#10726 = PLANE('',#10727);
#10727 = AXIS2_PLACEMENT_3D('',#10728,#10729,#10730);
#10728 = CARTESIAN_POINT('',(230.492779,52.063965,0.));
#10729 = DIRECTION('',(-0.923926512664,0.382569992546,0.));
#10730 = DIRECTION('',(0.382569992546,0.923926512664,0.));
#10731 = ADVANCED_FACE('',(#10732),#10750,.F.);
#10732 = FACE_BOUND('',#10733,.F.);
#10733 = EDGE_LOOP('',(#10734,#10735,#10743,#10749));
#10734 = ORIENTED_EDGE('',*,*,#10720,.T.);
#10735 = ORIENTED_EDGE('',*,*,#10736,.T.);
#10736 = EDGE_CURVE('',#10713,#10737,#10739,.T.);
#10737 = VERTEX_POINT('',#10738);
#10738 = CARTESIAN_POINT('',(230.524656,52.111692,1.7));
#10739 = LINE('',#10740,#10741);
#10740 = CARTESIAN_POINT('',(230.50398,52.091016,1.7));
#10741 = VECTOR('',#10742,1.);
#10742 = DIRECTION('',(0.707106781186,0.707106781187,0.));
#10743 = ORIENTED_EDGE('',*,*,#10744,.F.);
#10744 = EDGE_CURVE('',#2951,#10737,#10745,.T.);
#10745 = LINE('',#10746,#10747);
#10746 = CARTESIAN_POINT('',(230.524656,52.111692,0.));
#10747 = VECTOR('',#10748,1.);
#10748 = DIRECTION('',(0.,0.,1.));
#10749 = ORIENTED_EDGE('',*,*,#2950,.F.);
#10750 = PLANE('',#10751);
#10751 = AXIS2_PLACEMENT_3D('',#10752,#10753,#10754);
#10752 = CARTESIAN_POINT('',(230.50398,52.091016,0.));
#10753 = DIRECTION('',(-0.707106781187,0.707106781186,0.));
#10754 = DIRECTION('',(0.707106781186,0.707106781187,0.));
#10755 = ADVANCED_FACE('',(#10756),#10774,.F.);
#10756 = FACE_BOUND('',#10757,.F.);
#10757 = EDGE_LOOP('',(#10758,#10759,#10767,#10773));
#10758 = ORIENTED_EDGE('',*,*,#10744,.T.);
#10759 = ORIENTED_EDGE('',*,*,#10760,.T.);
#10760 = EDGE_CURVE('',#10737,#10761,#10763,.T.);
#10761 = VERTEX_POINT('',#10762);
#10762 = CARTESIAN_POINT('',(230.551707,52.122893,1.7));
#10763 = LINE('',#10764,#10765);
#10764 = CARTESIAN_POINT('',(230.524656,52.111692,1.7));
#10765 = VECTOR('',#10766,1.);
#10766 = DIRECTION('',(0.923926512664,0.382569992546,0.));
#10767 = ORIENTED_EDGE('',*,*,#10768,.F.);
#10768 = EDGE_CURVE('',#2959,#10761,#10769,.T.);
#10769 = LINE('',#10770,#10771);
#10770 = CARTESIAN_POINT('',(230.551707,52.122893,0.));
#10771 = VECTOR('',#10772,1.);
#10772 = DIRECTION('',(0.,0.,1.));
#10773 = ORIENTED_EDGE('',*,*,#2958,.F.);
#10774 = PLANE('',#10775);
#10775 = AXIS2_PLACEMENT_3D('',#10776,#10777,#10778);
#10776 = CARTESIAN_POINT('',(230.524656,52.111692,0.));
#10777 = DIRECTION('',(-0.382569992546,0.923926512664,0.));
#10778 = DIRECTION('',(0.923926512664,0.382569992546,0.));
#10779 = ADVANCED_FACE('',(#10780),#10798,.F.);
#10780 = FACE_BOUND('',#10781,.F.);
#10781 = EDGE_LOOP('',(#10782,#10783,#10791,#10797));
#10782 = ORIENTED_EDGE('',*,*,#10768,.T.);
#10783 = ORIENTED_EDGE('',*,*,#10784,.T.);
#10784 = EDGE_CURVE('',#10761,#10785,#10787,.T.);
#10785 = VERTEX_POINT('',#10786);
#10786 = CARTESIAN_POINT('',(230.566337,52.124341,1.7));
#10787 = LINE('',#10788,#10789);
#10788 = CARTESIAN_POINT('',(230.551707,52.122893,1.7));
#10789 = VECTOR('',#10790,1.);
#10790 = DIRECTION('',(0.995137697729,9.849346454642E-02,0.));
#10791 = ORIENTED_EDGE('',*,*,#10792,.F.);
#10792 = EDGE_CURVE('',#2967,#10785,#10793,.T.);
#10793 = LINE('',#10794,#10795);
#10794 = CARTESIAN_POINT('',(230.566337,52.124341,0.));
#10795 = VECTOR('',#10796,1.);
#10796 = DIRECTION('',(0.,0.,1.));
#10797 = ORIENTED_EDGE('',*,*,#2966,.F.);
#10798 = PLANE('',#10799);
#10799 = AXIS2_PLACEMENT_3D('',#10800,#10801,#10802);
#10800 = CARTESIAN_POINT('',(230.551707,52.122893,0.));
#10801 = DIRECTION('',(-9.849346454642E-02,0.995137697729,0.));
#10802 = DIRECTION('',(0.995137697729,9.849346454642E-02,0.));
#10803 = ADVANCED_FACE('',(#10804),#10822,.F.);
#10804 = FACE_BOUND('',#10805,.F.);
#10805 = EDGE_LOOP('',(#10806,#10807,#10815,#10821));
#10806 = ORIENTED_EDGE('',*,*,#10792,.T.);
#10807 = ORIENTED_EDGE('',*,*,#10808,.T.);
#10808 = EDGE_CURVE('',#10785,#10809,#10811,.T.);
#10809 = VERTEX_POINT('',#10810);
#10810 = CARTESIAN_POINT('',(244.666335,52.124341,1.7));
#10811 = LINE('',#10812,#10813);
#10812 = CARTESIAN_POINT('',(230.566337,52.124341,1.7));
#10813 = VECTOR('',#10814,1.);
#10814 = DIRECTION('',(1.,0.,0.));
#10815 = ORIENTED_EDGE('',*,*,#10816,.F.);
#10816 = EDGE_CURVE('',#2975,#10809,#10817,.T.);
#10817 = LINE('',#10818,#10819);
#10818 = CARTESIAN_POINT('',(244.666335,52.124341,0.));
#10819 = VECTOR('',#10820,1.);
#10820 = DIRECTION('',(0.,0.,1.));
#10821 = ORIENTED_EDGE('',*,*,#2974,.F.);
#10822 = PLANE('',#10823);
#10823 = AXIS2_PLACEMENT_3D('',#10824,#10825,#10826);
#10824 = CARTESIAN_POINT('',(230.566337,52.124341,0.));
#10825 = DIRECTION('',(0.,1.,0.));
#10826 = DIRECTION('',(1.,0.,0.));
#10827 = ADVANCED_FACE('',(#10828),#10839,.F.);
#10828 = FACE_BOUND('',#10829,.F.);
#10829 = EDGE_LOOP('',(#10830,#10831,#10837,#10838));
#10830 = ORIENTED_EDGE('',*,*,#10816,.T.);
#10831 = ORIENTED_EDGE('',*,*,#10832,.T.);
#10832 = EDGE_CURVE('',#10809,#10273,#10833,.T.);
#10833 = LINE('',#10834,#10835);
#10834 = CARTESIAN_POINT('',(244.666335,52.124341,1.7));
#10835 = VECTOR('',#10836,1.);
#10836 = DIRECTION('',(0.995137697729,-9.849346454661E-02,0.));
#10837 = ORIENTED_EDGE('',*,*,#10272,.F.);
#10838 = ORIENTED_EDGE('',*,*,#2982,.F.);
#10839 = PLANE('',#10840);
#10840 = AXIS2_PLACEMENT_3D('',#10841,#10842,#10843);
#10841 = CARTESIAN_POINT('',(244.666335,52.124341,0.));
#10842 = DIRECTION('',(9.849346454661E-02,0.995137697729,0.));
#10843 = DIRECTION('',(0.995137697729,-9.849346454661E-02,0.));
#10844 = ADVANCED_FACE('',(#10845),#10870,.F.);
#10845 = FACE_BOUND('',#10846,.F.);
#10846 = EDGE_LOOP('',(#10847,#10855,#10863,#10869));
#10847 = ORIENTED_EDGE('',*,*,#10848,.T.);
#10848 = EDGE_CURVE('',#2991,#10849,#10851,.T.);
#10849 = VERTEX_POINT('',#10850);
#10850 = CARTESIAN_POINT('',(225.630965,52.122893,1.7));
#10851 = LINE('',#10852,#10853);
#10852 = CARTESIAN_POINT('',(225.630965,52.122893,0.));
#10853 = VECTOR('',#10854,1.);
#10854 = DIRECTION('',(0.,0.,1.));
#10855 = ORIENTED_EDGE('',*,*,#10856,.T.);
#10856 = EDGE_CURVE('',#10849,#10857,#10859,.T.);
#10857 = VERTEX_POINT('',#10858);
#10858 = CARTESIAN_POINT('',(225.658016,52.111692,1.7));
#10859 = LINE('',#10860,#10861);
#10860 = CARTESIAN_POINT('',(225.630965,52.122893,1.7));
#10861 = VECTOR('',#10862,1.);
#10862 = DIRECTION('',(0.923926512664,-0.382569992546,0.));
#10863 = ORIENTED_EDGE('',*,*,#10864,.F.);
#10864 = EDGE_CURVE('',#2993,#10857,#10865,.T.);
#10865 = LINE('',#10866,#10867);
#10866 = CARTESIAN_POINT('',(225.658016,52.111692,0.));
#10867 = VECTOR('',#10868,1.);
#10868 = DIRECTION('',(0.,0.,1.));
#10869 = ORIENTED_EDGE('',*,*,#2990,.F.);
#10870 = PLANE('',#10871);
#10871 = AXIS2_PLACEMENT_3D('',#10872,#10873,#10874);
#10872 = CARTESIAN_POINT('',(225.630965,52.122893,0.));
#10873 = DIRECTION('',(0.382569992546,0.923926512664,0.));
#10874 = DIRECTION('',(0.923926512664,-0.382569992546,0.));
#10875 = ADVANCED_FACE('',(#10876),#10894,.F.);
#10876 = FACE_BOUND('',#10877,.F.);
#10877 = EDGE_LOOP('',(#10878,#10879,#10887,#10893));
#10878 = ORIENTED_EDGE('',*,*,#10864,.T.);
#10879 = ORIENTED_EDGE('',*,*,#10880,.T.);
#10880 = EDGE_CURVE('',#10857,#10881,#10883,.T.);
#10881 = VERTEX_POINT('',#10882);
#10882 = CARTESIAN_POINT('',(225.678692,52.091016,1.7));
#10883 = LINE('',#10884,#10885);
#10884 = CARTESIAN_POINT('',(225.658016,52.111692,1.7));
#10885 = VECTOR('',#10886,1.);
#10886 = DIRECTION('',(0.707106781187,-0.707106781186,0.));
#10887 = ORIENTED_EDGE('',*,*,#10888,.F.);
#10888 = EDGE_CURVE('',#3001,#10881,#10889,.T.);
#10889 = LINE('',#10890,#10891);
#10890 = CARTESIAN_POINT('',(225.678692,52.091016,0.));
#10891 = VECTOR('',#10892,1.);
#10892 = DIRECTION('',(0.,0.,1.));
#10893 = ORIENTED_EDGE('',*,*,#3000,.F.);
#10894 = PLANE('',#10895);
#10895 = AXIS2_PLACEMENT_3D('',#10896,#10897,#10898);
#10896 = CARTESIAN_POINT('',(225.658016,52.111692,0.));
#10897 = DIRECTION('',(0.707106781186,0.707106781187,0.));
#10898 = DIRECTION('',(0.707106781187,-0.707106781186,0.));
#10899 = ADVANCED_FACE('',(#10900),#10918,.F.);
#10900 = FACE_BOUND('',#10901,.F.);
#10901 = EDGE_LOOP('',(#10902,#10903,#10911,#10917));
#10902 = ORIENTED_EDGE('',*,*,#10888,.T.);
#10903 = ORIENTED_EDGE('',*,*,#10904,.T.);
#10904 = EDGE_CURVE('',#10881,#10905,#10907,.T.);
#10905 = VERTEX_POINT('',#10906);
#10906 = CARTESIAN_POINT('',(225.689893,52.063965,1.7));
#10907 = LINE('',#10908,#10909);
#10908 = CARTESIAN_POINT('',(225.678692,52.091016,1.7));
#10909 = VECTOR('',#10910,1.);
#10910 = DIRECTION('',(0.382569992546,-0.923926512664,0.));
#10911 = ORIENTED_EDGE('',*,*,#10912,.F.);
#10912 = EDGE_CURVE('',#3009,#10905,#10913,.T.);
#10913 = LINE('',#10914,#10915);
#10914 = CARTESIAN_POINT('',(225.689893,52.063965,0.));
#10915 = VECTOR('',#10916,1.);
#10916 = DIRECTION('',(0.,0.,1.));
#10917 = ORIENTED_EDGE('',*,*,#3008,.F.);
#10918 = PLANE('',#10919);
#10919 = AXIS2_PLACEMENT_3D('',#10920,#10921,#10922);
#10920 = CARTESIAN_POINT('',(225.678692,52.091016,0.));
#10921 = DIRECTION('',(0.923926512664,0.382569992546,0.));
#10922 = DIRECTION('',(0.382569992546,-0.923926512664,0.));
#10923 = ADVANCED_FACE('',(#10924),#10942,.F.);
#10924 = FACE_BOUND('',#10925,.F.);
#10925 = EDGE_LOOP('',(#10926,#10927,#10935,#10941));
#10926 = ORIENTED_EDGE('',*,*,#10912,.T.);
#10927 = ORIENTED_EDGE('',*,*,#10928,.T.);
#10928 = EDGE_CURVE('',#10905,#10929,#10931,.T.);
#10929 = VERTEX_POINT('',#10930);
#10930 = CARTESIAN_POINT('',(225.691341,52.049335,1.7));
#10931 = LINE('',#10932,#10933);
#10932 = CARTESIAN_POINT('',(225.689893,52.063965,1.7));
#10933 = VECTOR('',#10934,1.);
#10934 = DIRECTION('',(9.849346454503E-02,-0.995137697729,0.));
#10935 = ORIENTED_EDGE('',*,*,#10936,.F.);
#10936 = EDGE_CURVE('',#3017,#10929,#10937,.T.);
#10937 = LINE('',#10938,#10939);
#10938 = CARTESIAN_POINT('',(225.691341,52.049335,0.));
#10939 = VECTOR('',#10940,1.);
#10940 = DIRECTION('',(0.,0.,1.));
#10941 = ORIENTED_EDGE('',*,*,#3016,.F.);
#10942 = PLANE('',#10943);
#10943 = AXIS2_PLACEMENT_3D('',#10944,#10945,#10946);
#10944 = CARTESIAN_POINT('',(225.689893,52.063965,0.));
#10945 = DIRECTION('',(0.995137697729,9.849346454503E-02,0.));
#10946 = DIRECTION('',(9.849346454503E-02,-0.995137697729,0.));
#10947 = ADVANCED_FACE('',(#10948),#10966,.F.);
#10948 = FACE_BOUND('',#10949,.F.);
#10949 = EDGE_LOOP('',(#10950,#10951,#10959,#10965));
#10950 = ORIENTED_EDGE('',*,*,#10936,.T.);
#10951 = ORIENTED_EDGE('',*,*,#10952,.T.);
#10952 = EDGE_CURVE('',#10929,#10953,#10955,.T.);
#10953 = VERTEX_POINT('',#10954);
#10954 = CARTESIAN_POINT('',(225.691341,37.949338,1.7));
#10955 = LINE('',#10956,#10957);
#10956 = CARTESIAN_POINT('',(225.691341,52.049335,1.7));
#10957 = VECTOR('',#10958,1.);
#10958 = DIRECTION('',(0.,-1.,0.));
#10959 = ORIENTED_EDGE('',*,*,#10960,.F.);
#10960 = EDGE_CURVE('',#3025,#10953,#10961,.T.);
#10961 = LINE('',#10962,#10963);
#10962 = CARTESIAN_POINT('',(225.691341,37.949338,0.));
#10963 = VECTOR('',#10964,1.);
#10964 = DIRECTION('',(0.,0.,1.));
#10965 = ORIENTED_EDGE('',*,*,#3024,.F.);
#10966 = PLANE('',#10967);
#10967 = AXIS2_PLACEMENT_3D('',#10968,#10969,#10970);
#10968 = CARTESIAN_POINT('',(225.691341,52.049335,0.));
#10969 = DIRECTION('',(1.,0.,0.));
#10970 = DIRECTION('',(0.,-1.,0.));
#10971 = ADVANCED_FACE('',(#10972),#10990,.F.);
#10972 = FACE_BOUND('',#10973,.F.);
#10973 = EDGE_LOOP('',(#10974,#10975,#10983,#10989));
#10974 = ORIENTED_EDGE('',*,*,#10960,.T.);
#10975 = ORIENTED_EDGE('',*,*,#10976,.T.);
#10976 = EDGE_CURVE('',#10953,#10977,#10979,.T.);
#10977 = VERTEX_POINT('',#10978);
#10978 = CARTESIAN_POINT('',(225.689893,37.934707,1.7));
#10979 = LINE('',#10980,#10981);
#10980 = CARTESIAN_POINT('',(225.691341,37.949338,1.7));
#10981 = VECTOR('',#10982,1.);
#10982 = DIRECTION('',(-9.848679800965E-02,-0.995138357525,0.));
#10983 = ORIENTED_EDGE('',*,*,#10984,.F.);
#10984 = EDGE_CURVE('',#3033,#10977,#10985,.T.);
#10985 = LINE('',#10986,#10987);
#10986 = CARTESIAN_POINT('',(225.689893,37.934707,0.));
#10987 = VECTOR('',#10988,1.);
#10988 = DIRECTION('',(0.,0.,1.));
#10989 = ORIENTED_EDGE('',*,*,#3032,.F.);
#10990 = PLANE('',#10991);
#10991 = AXIS2_PLACEMENT_3D('',#10992,#10993,#10994);
#10992 = CARTESIAN_POINT('',(225.691341,37.949338,0.));
#10993 = DIRECTION('',(0.995138357525,-9.848679800965E-02,0.));
#10994 = DIRECTION('',(-9.848679800965E-02,-0.995138357525,0.));
#10995 = ADVANCED_FACE('',(#10996),#11014,.F.);
#10996 = FACE_BOUND('',#10997,.F.);
#10997 = EDGE_LOOP('',(#10998,#10999,#11007,#11013));
#10998 = ORIENTED_EDGE('',*,*,#10984,.T.);
#10999 = ORIENTED_EDGE('',*,*,#11000,.T.);
#11000 = EDGE_CURVE('',#10977,#11001,#11003,.T.);
#11001 = VERTEX_POINT('',#11002);
#11002 = CARTESIAN_POINT('',(225.678692,37.907656,1.7));
#11003 = LINE('',#11004,#11005);
#11004 = CARTESIAN_POINT('',(225.689893,37.934707,1.7));
#11005 = VECTOR('',#11006,1.);
#11006 = DIRECTION('',(-0.382569992546,-0.923926512664,0.));
#11007 = ORIENTED_EDGE('',*,*,#11008,.F.);
#11008 = EDGE_CURVE('',#3041,#11001,#11009,.T.);
#11009 = LINE('',#11010,#11011);
#11010 = CARTESIAN_POINT('',(225.678692,37.907656,0.));
#11011 = VECTOR('',#11012,1.);
#11012 = DIRECTION('',(0.,0.,1.));
#11013 = ORIENTED_EDGE('',*,*,#3040,.F.);
#11014 = PLANE('',#11015);
#11015 = AXIS2_PLACEMENT_3D('',#11016,#11017,#11018);
#11016 = CARTESIAN_POINT('',(225.689893,37.934707,0.));
#11017 = DIRECTION('',(0.923926512664,-0.382569992546,0.));
#11018 = DIRECTION('',(-0.382569992546,-0.923926512664,0.));
#11019 = ADVANCED_FACE('',(#11020),#11038,.F.);
#11020 = FACE_BOUND('',#11021,.F.);
#11021 = EDGE_LOOP('',(#11022,#11023,#11031,#11037));
#11022 = ORIENTED_EDGE('',*,*,#11008,.T.);
#11023 = ORIENTED_EDGE('',*,*,#11024,.T.);
#11024 = EDGE_CURVE('',#11001,#11025,#11027,.T.);
#11025 = VERTEX_POINT('',#11026);
#11026 = CARTESIAN_POINT('',(225.658016,37.886981,1.7));
#11027 = LINE('',#11028,#11029);
#11028 = CARTESIAN_POINT('',(225.678692,37.907656,1.7));
#11029 = VECTOR('',#11030,1.);
#11030 = DIRECTION('',(-0.707123881093,-0.707089680867,0.));
#11031 = ORIENTED_EDGE('',*,*,#11032,.F.);
#11032 = EDGE_CURVE('',#3049,#11025,#11033,.T.);
#11033 = LINE('',#11034,#11035);
#11034 = CARTESIAN_POINT('',(225.658016,37.886981,0.));
#11035 = VECTOR('',#11036,1.);
#11036 = DIRECTION('',(0.,0.,1.));
#11037 = ORIENTED_EDGE('',*,*,#3048,.F.);
#11038 = PLANE('',#11039);
#11039 = AXIS2_PLACEMENT_3D('',#11040,#11041,#11042);
#11040 = CARTESIAN_POINT('',(225.678692,37.907656,0.));
#11041 = DIRECTION('',(0.707089680867,-0.707123881093,0.));
#11042 = DIRECTION('',(-0.707123881093,-0.707089680867,0.));
#11043 = ADVANCED_FACE('',(#11044),#11062,.F.);
#11044 = FACE_BOUND('',#11045,.F.);
#11045 = EDGE_LOOP('',(#11046,#11047,#11055,#11061));
#11046 = ORIENTED_EDGE('',*,*,#11032,.T.);
#11047 = ORIENTED_EDGE('',*,*,#11048,.T.);
#11048 = EDGE_CURVE('',#11025,#11049,#11051,.T.);
#11049 = VERTEX_POINT('',#11050);
#11050 = CARTESIAN_POINT('',(225.630965,37.875779,1.7));
#11051 = LINE('',#11052,#11053);
#11052 = CARTESIAN_POINT('',(225.658016,37.886981,1.7));
#11053 = VECTOR('',#11054,1.);
#11054 = DIRECTION('',(-0.923914439717,-0.382599148043,0.));
#11055 = ORIENTED_EDGE('',*,*,#11056,.F.);
#11056 = EDGE_CURVE('',#3057,#11049,#11057,.T.);
#11057 = LINE('',#11058,#11059);
#11058 = CARTESIAN_POINT('',(225.630965,37.875779,0.));
#11059 = VECTOR('',#11060,1.);
#11060 = DIRECTION('',(0.,0.,1.));
#11061 = ORIENTED_EDGE('',*,*,#3056,.F.);
#11062 = PLANE('',#11063);
#11063 = AXIS2_PLACEMENT_3D('',#11064,#11065,#11066);
#11064 = CARTESIAN_POINT('',(225.658016,37.886981,0.));
#11065 = DIRECTION('',(0.382599148043,-0.923914439717,0.));
#11066 = DIRECTION('',(-0.923914439717,-0.382599148043,0.));
#11067 = ADVANCED_FACE('',(#11068),#11086,.F.);
#11068 = FACE_BOUND('',#11069,.F.);
#11069 = EDGE_LOOP('',(#11070,#11071,#11079,#11085));
#11070 = ORIENTED_EDGE('',*,*,#11056,.T.);
#11071 = ORIENTED_EDGE('',*,*,#11072,.T.);
#11072 = EDGE_CURVE('',#11049,#11073,#11075,.T.);
#11073 = VERTEX_POINT('',#11074);
#11074 = CARTESIAN_POINT('',(225.616335,37.874331,1.7));
#11075 = LINE('',#11076,#11077);
#11076 = CARTESIAN_POINT('',(225.630965,37.875779,1.7));
#11077 = VECTOR('',#11078,1.);
#11078 = DIRECTION('',(-0.995137697729,-9.849346454642E-02,0.));
#11079 = ORIENTED_EDGE('',*,*,#11080,.F.);
#11080 = EDGE_CURVE('',#3065,#11073,#11081,.T.);
#11081 = LINE('',#11082,#11083);
#11082 = CARTESIAN_POINT('',(225.616335,37.874331,0.));
#11083 = VECTOR('',#11084,1.);
#11084 = DIRECTION('',(0.,0.,1.));
#11085 = ORIENTED_EDGE('',*,*,#3064,.F.);
#11086 = PLANE('',#11087);
#11087 = AXIS2_PLACEMENT_3D('',#11088,#11089,#11090);
#11088 = CARTESIAN_POINT('',(225.630965,37.875779,0.));
#11089 = DIRECTION('',(9.849346454642E-02,-0.995137697729,0.));
#11090 = DIRECTION('',(-0.995137697729,-9.849346454642E-02,0.));
#11091 = ADVANCED_FACE('',(#11092),#11110,.F.);
#11092 = FACE_BOUND('',#11093,.F.);
#11093 = EDGE_LOOP('',(#11094,#11095,#11103,#11109));
#11094 = ORIENTED_EDGE('',*,*,#11080,.T.);
#11095 = ORIENTED_EDGE('',*,*,#11096,.T.);
#11096 = EDGE_CURVE('',#11073,#11097,#11099,.T.);
#11097 = VERTEX_POINT('',#11098);
#11098 = CARTESIAN_POINT('',(211.516337,37.874331,1.7));
#11099 = LINE('',#11100,#11101);
#11100 = CARTESIAN_POINT('',(225.616335,37.874331,1.7));
#11101 = VECTOR('',#11102,1.);
#11102 = DIRECTION('',(-1.,0.,0.));
#11103 = ORIENTED_EDGE('',*,*,#11104,.F.);
#11104 = EDGE_CURVE('',#3073,#11097,#11105,.T.);
#11105 = LINE('',#11106,#11107);
#11106 = CARTESIAN_POINT('',(211.516337,37.874331,0.));
#11107 = VECTOR('',#11108,1.);
#11108 = DIRECTION('',(0.,0.,1.));
#11109 = ORIENTED_EDGE('',*,*,#3072,.F.);
#11110 = PLANE('',#11111);
#11111 = AXIS2_PLACEMENT_3D('',#11112,#11113,#11114);
#11112 = CARTESIAN_POINT('',(225.616335,37.874331,0.));
#11113 = DIRECTION('',(0.,-1.,0.));
#11114 = DIRECTION('',(-1.,0.,0.));
#11115 = ADVANCED_FACE('',(#11116),#11134,.F.);
#11116 = FACE_BOUND('',#11117,.F.);
#11117 = EDGE_LOOP('',(#11118,#11119,#11127,#11133));
#11118 = ORIENTED_EDGE('',*,*,#11104,.T.);
#11119 = ORIENTED_EDGE('',*,*,#11120,.T.);
#11120 = EDGE_CURVE('',#11097,#11121,#11123,.T.);
#11121 = VERTEX_POINT('',#11122);
#11122 = CARTESIAN_POINT('',(211.501707,37.875779,1.7));
#11123 = LINE('',#11124,#11125);
#11124 = CARTESIAN_POINT('',(211.516337,37.874331,1.7));
#11125 = VECTOR('',#11126,1.);
#11126 = DIRECTION('',(-0.995137697729,9.849346454661E-02,0.));
#11127 = ORIENTED_EDGE('',*,*,#11128,.F.);
#11128 = EDGE_CURVE('',#3081,#11121,#11129,.T.);
#11129 = LINE('',#11130,#11131);
#11130 = CARTESIAN_POINT('',(211.501707,37.875779,0.));
#11131 = VECTOR('',#11132,1.);
#11132 = DIRECTION('',(0.,0.,1.));
#11133 = ORIENTED_EDGE('',*,*,#3080,.F.);
#11134 = PLANE('',#11135);
#11135 = AXIS2_PLACEMENT_3D('',#11136,#11137,#11138);
#11136 = CARTESIAN_POINT('',(211.516337,37.874331,0.));
#11137 = DIRECTION('',(-9.849346454661E-02,-0.995137697729,0.));
#11138 = DIRECTION('',(-0.995137697729,9.849346454661E-02,0.));
#11139 = ADVANCED_FACE('',(#11140),#11158,.F.);
#11140 = FACE_BOUND('',#11141,.F.);
#11141 = EDGE_LOOP('',(#11142,#11143,#11151,#11157));
#11142 = ORIENTED_EDGE('',*,*,#11128,.T.);
#11143 = ORIENTED_EDGE('',*,*,#11144,.T.);
#11144 = EDGE_CURVE('',#11121,#11145,#11147,.T.);
#11145 = VERTEX_POINT('',#11146);
#11146 = CARTESIAN_POINT('',(211.474656,37.886981,1.7));
#11147 = LINE('',#11148,#11149);
#11148 = CARTESIAN_POINT('',(211.501707,37.875779,1.7));
#11149 = VECTOR('',#11150,1.);
#11150 = DIRECTION('',(-0.923914439717,0.382599148043,0.));
#11151 = ORIENTED_EDGE('',*,*,#11152,.F.);
#11152 = EDGE_CURVE('',#3089,#11145,#11153,.T.);
#11153 = LINE('',#11154,#11155);
#11154 = CARTESIAN_POINT('',(211.474656,37.886981,0.));
#11155 = VECTOR('',#11156,1.);
#11156 = DIRECTION('',(0.,0.,1.));
#11157 = ORIENTED_EDGE('',*,*,#3088,.F.);
#11158 = PLANE('',#11159);
#11159 = AXIS2_PLACEMENT_3D('',#11160,#11161,#11162);
#11160 = CARTESIAN_POINT('',(211.501707,37.875779,0.));
#11161 = DIRECTION('',(-0.382599148043,-0.923914439717,0.));
#11162 = DIRECTION('',(-0.923914439717,0.382599148043,0.));
#11163 = ADVANCED_FACE('',(#11164),#11182,.F.);
#11164 = FACE_BOUND('',#11165,.F.);
#11165 = EDGE_LOOP('',(#11166,#11167,#11175,#11181));
#11166 = ORIENTED_EDGE('',*,*,#11152,.T.);
#11167 = ORIENTED_EDGE('',*,*,#11168,.T.);
#11168 = EDGE_CURVE('',#11145,#11169,#11171,.T.);
#11169 = VERTEX_POINT('',#11170);
#11170 = CARTESIAN_POINT('',(211.45398,37.907656,1.7));
#11171 = LINE('',#11172,#11173);
#11172 = CARTESIAN_POINT('',(211.474656,37.886981,1.7));
#11173 = VECTOR('',#11174,1.);
#11174 = DIRECTION('',(-0.707123881093,0.707089680867,0.));
#11175 = ORIENTED_EDGE('',*,*,#11176,.F.);
#11176 = EDGE_CURVE('',#3097,#11169,#11177,.T.);
#11177 = LINE('',#11178,#11179);
#11178 = CARTESIAN_POINT('',(211.45398,37.907656,0.));
#11179 = VECTOR('',#11180,1.);
#11180 = DIRECTION('',(0.,0.,1.));
#11181 = ORIENTED_EDGE('',*,*,#3096,.F.);
#11182 = PLANE('',#11183);
#11183 = AXIS2_PLACEMENT_3D('',#11184,#11185,#11186);
#11184 = CARTESIAN_POINT('',(211.474656,37.886981,0.));
#11185 = DIRECTION('',(-0.707089680867,-0.707123881093,0.));
#11186 = DIRECTION('',(-0.707123881093,0.707089680867,0.));
#11187 = ADVANCED_FACE('',(#11188),#11206,.F.);
#11188 = FACE_BOUND('',#11189,.F.);
#11189 = EDGE_LOOP('',(#11190,#11191,#11199,#11205));
#11190 = ORIENTED_EDGE('',*,*,#11176,.T.);
#11191 = ORIENTED_EDGE('',*,*,#11192,.T.);
#11192 = EDGE_CURVE('',#11169,#11193,#11195,.T.);
#11193 = VERTEX_POINT('',#11194);
#11194 = CARTESIAN_POINT('',(211.442779,37.934707,1.7));
#11195 = LINE('',#11196,#11197);
#11196 = CARTESIAN_POINT('',(211.45398,37.907656,1.7));
#11197 = VECTOR('',#11198,1.);
#11198 = DIRECTION('',(-0.382569992546,0.923926512664,0.));
#11199 = ORIENTED_EDGE('',*,*,#11200,.F.);
#11200 = EDGE_CURVE('',#3105,#11193,#11201,.T.);
#11201 = LINE('',#11202,#11203);
#11202 = CARTESIAN_POINT('',(211.442779,37.934707,0.));
#11203 = VECTOR('',#11204,1.);
#11204 = DIRECTION('',(0.,0.,1.));
#11205 = ORIENTED_EDGE('',*,*,#3104,.F.);
#11206 = PLANE('',#11207);
#11207 = AXIS2_PLACEMENT_3D('',#11208,#11209,#11210);
#11208 = CARTESIAN_POINT('',(211.45398,37.907656,0.));
#11209 = DIRECTION('',(-0.923926512664,-0.382569992546,0.));
#11210 = DIRECTION('',(-0.382569992546,0.923926512664,0.));
#11211 = ADVANCED_FACE('',(#11212),#11230,.F.);
#11212 = FACE_BOUND('',#11213,.F.);
#11213 = EDGE_LOOP('',(#11214,#11215,#11223,#11229));
#11214 = ORIENTED_EDGE('',*,*,#11200,.T.);
#11215 = ORIENTED_EDGE('',*,*,#11216,.T.);
#11216 = EDGE_CURVE('',#11193,#11217,#11219,.T.);
#11217 = VERTEX_POINT('',#11218);
#11218 = CARTESIAN_POINT('',(211.441331,37.949338,1.7));
#11219 = LINE('',#11220,#11221);
#11220 = CARTESIAN_POINT('',(211.442779,37.934707,1.7));
#11221 = VECTOR('',#11222,1.);
#11222 = DIRECTION('',(-9.848679801156E-02,0.995138357525,0.));
#11223 = ORIENTED_EDGE('',*,*,#11224,.F.);
#11224 = EDGE_CURVE('',#3113,#11217,#11225,.T.);
#11225 = LINE('',#11226,#11227);
#11226 = CARTESIAN_POINT('',(211.441331,37.949338,0.));
#11227 = VECTOR('',#11228,1.);
#11228 = DIRECTION('',(0.,0.,1.));
#11229 = ORIENTED_EDGE('',*,*,#3112,.F.);
#11230 = PLANE('',#11231);
#11231 = AXIS2_PLACEMENT_3D('',#11232,#11233,#11234);
#11232 = CARTESIAN_POINT('',(211.442779,37.934707,0.));
#11233 = DIRECTION('',(-0.995138357525,-9.848679801156E-02,0.));
#11234 = DIRECTION('',(-9.848679801156E-02,0.995138357525,0.));
#11235 = ADVANCED_FACE('',(#11236),#11254,.F.);
#11236 = FACE_BOUND('',#11237,.F.);
#11237 = EDGE_LOOP('',(#11238,#11239,#11247,#11253));
#11238 = ORIENTED_EDGE('',*,*,#11224,.T.);
#11239 = ORIENTED_EDGE('',*,*,#11240,.T.);
#11240 = EDGE_CURVE('',#11217,#11241,#11243,.T.);
#11241 = VERTEX_POINT('',#11242);
#11242 = CARTESIAN_POINT('',(211.441331,52.049335,1.7));
#11243 = LINE('',#11244,#11245);
#11244 = CARTESIAN_POINT('',(211.441331,37.949338,1.7));
#11245 = VECTOR('',#11246,1.);
#11246 = DIRECTION('',(0.,1.,0.));
#11247 = ORIENTED_EDGE('',*,*,#11248,.F.);
#11248 = EDGE_CURVE('',#3121,#11241,#11249,.T.);
#11249 = LINE('',#11250,#11251);
#11250 = CARTESIAN_POINT('',(211.441331,52.049335,0.));
#11251 = VECTOR('',#11252,1.);
#11252 = DIRECTION('',(0.,0.,1.));
#11253 = ORIENTED_EDGE('',*,*,#3120,.F.);
#11254 = PLANE('',#11255);
#11255 = AXIS2_PLACEMENT_3D('',#11256,#11257,#11258);
#11256 = CARTESIAN_POINT('',(211.441331,37.949338,0.));
#11257 = DIRECTION('',(-1.,0.,0.));
#11258 = DIRECTION('',(0.,1.,0.));
#11259 = ADVANCED_FACE('',(#11260),#11278,.F.);
#11260 = FACE_BOUND('',#11261,.F.);
#11261 = EDGE_LOOP('',(#11262,#11263,#11271,#11277));
#11262 = ORIENTED_EDGE('',*,*,#11248,.T.);
#11263 = ORIENTED_EDGE('',*,*,#11264,.T.);
#11264 = EDGE_CURVE('',#11241,#11265,#11267,.T.);
#11265 = VERTEX_POINT('',#11266);
#11266 = CARTESIAN_POINT('',(211.442779,52.063965,1.7));
#11267 = LINE('',#11268,#11269);
#11268 = CARTESIAN_POINT('',(211.441331,52.049335,1.7));
#11269 = VECTOR('',#11270,1.);
#11270 = DIRECTION('',(9.849346454695E-02,0.995137697729,0.));
#11271 = ORIENTED_EDGE('',*,*,#11272,.F.);
#11272 = EDGE_CURVE('',#3129,#11265,#11273,.T.);
#11273 = LINE('',#11274,#11275);
#11274 = CARTESIAN_POINT('',(211.442779,52.063965,0.));
#11275 = VECTOR('',#11276,1.);
#11276 = DIRECTION('',(0.,0.,1.));
#11277 = ORIENTED_EDGE('',*,*,#3128,.F.);
#11278 = PLANE('',#11279);
#11279 = AXIS2_PLACEMENT_3D('',#11280,#11281,#11282);
#11280 = CARTESIAN_POINT('',(211.441331,52.049335,0.));
#11281 = DIRECTION('',(-0.995137697729,9.849346454695E-02,0.));
#11282 = DIRECTION('',(9.849346454695E-02,0.995137697729,0.));
#11283 = ADVANCED_FACE('',(#11284),#11302,.F.);
#11284 = FACE_BOUND('',#11285,.F.);
#11285 = EDGE_LOOP('',(#11286,#11287,#11295,#11301));
#11286 = ORIENTED_EDGE('',*,*,#11272,.T.);
#11287 = ORIENTED_EDGE('',*,*,#11288,.T.);
#11288 = EDGE_CURVE('',#11265,#11289,#11291,.T.);
#11289 = VERTEX_POINT('',#11290);
#11290 = CARTESIAN_POINT('',(211.45398,52.091016,1.7));
#11291 = LINE('',#11292,#11293);
#11292 = CARTESIAN_POINT('',(211.442779,52.063965,1.7));
#11293 = VECTOR('',#11294,1.);
#11294 = DIRECTION('',(0.382569992546,0.923926512664,0.));
#11295 = ORIENTED_EDGE('',*,*,#11296,.F.);
#11296 = EDGE_CURVE('',#3137,#11289,#11297,.T.);
#11297 = LINE('',#11298,#11299);
#11298 = CARTESIAN_POINT('',(211.45398,52.091016,0.));
#11299 = VECTOR('',#11300,1.);
#11300 = DIRECTION('',(0.,0.,1.));
#11301 = ORIENTED_EDGE('',*,*,#3136,.F.);
#11302 = PLANE('',#11303);
#11303 = AXIS2_PLACEMENT_3D('',#11304,#11305,#11306);
#11304 = CARTESIAN_POINT('',(211.442779,52.063965,0.));
#11305 = DIRECTION('',(-0.923926512664,0.382569992546,0.));
#11306 = DIRECTION('',(0.382569992546,0.923926512664,0.));
#11307 = ADVANCED_FACE('',(#11308),#11326,.F.);
#11308 = FACE_BOUND('',#11309,.F.);
#11309 = EDGE_LOOP('',(#11310,#11311,#11319,#11325));
#11310 = ORIENTED_EDGE('',*,*,#11296,.T.);
#11311 = ORIENTED_EDGE('',*,*,#11312,.T.);
#11312 = EDGE_CURVE('',#11289,#11313,#11315,.T.);
#11313 = VERTEX_POINT('',#11314);
#11314 = CARTESIAN_POINT('',(211.474656,52.111692,1.7));
#11315 = LINE('',#11316,#11317);
#11316 = CARTESIAN_POINT('',(211.45398,52.091016,1.7));
#11317 = VECTOR('',#11318,1.);
#11318 = DIRECTION('',(0.707106781187,0.707106781186,0.));
#11319 = ORIENTED_EDGE('',*,*,#11320,.F.);
#11320 = EDGE_CURVE('',#3145,#11313,#11321,.T.);
#11321 = LINE('',#11322,#11323);
#11322 = CARTESIAN_POINT('',(211.474656,52.111692,0.));
#11323 = VECTOR('',#11324,1.);
#11324 = DIRECTION('',(0.,0.,1.));
#11325 = ORIENTED_EDGE('',*,*,#3144,.F.);
#11326 = PLANE('',#11327);
#11327 = AXIS2_PLACEMENT_3D('',#11328,#11329,#11330);
#11328 = CARTESIAN_POINT('',(211.45398,52.091016,0.));
#11329 = DIRECTION('',(-0.707106781186,0.707106781187,0.));
#11330 = DIRECTION('',(0.707106781187,0.707106781186,0.));
#11331 = ADVANCED_FACE('',(#11332),#11350,.F.);
#11332 = FACE_BOUND('',#11333,.F.);
#11333 = EDGE_LOOP('',(#11334,#11335,#11343,#11349));
#11334 = ORIENTED_EDGE('',*,*,#11320,.T.);
#11335 = ORIENTED_EDGE('',*,*,#11336,.T.);
#11336 = EDGE_CURVE('',#11313,#11337,#11339,.T.);
#11337 = VERTEX_POINT('',#11338);
#11338 = CARTESIAN_POINT('',(211.501707,52.122893,1.7));
#11339 = LINE('',#11340,#11341);
#11340 = CARTESIAN_POINT('',(211.474656,52.111692,1.7));
#11341 = VECTOR('',#11342,1.);
#11342 = DIRECTION('',(0.923926512664,0.382569992546,0.));
#11343 = ORIENTED_EDGE('',*,*,#11344,.F.);
#11344 = EDGE_CURVE('',#3153,#11337,#11345,.T.);
#11345 = LINE('',#11346,#11347);
#11346 = CARTESIAN_POINT('',(211.501707,52.122893,0.));
#11347 = VECTOR('',#11348,1.);
#11348 = DIRECTION('',(0.,0.,1.));
#11349 = ORIENTED_EDGE('',*,*,#3152,.F.);
#11350 = PLANE('',#11351);
#11351 = AXIS2_PLACEMENT_3D('',#11352,#11353,#11354);
#11352 = CARTESIAN_POINT('',(211.474656,52.111692,0.));
#11353 = DIRECTION('',(-0.382569992546,0.923926512664,0.));
#11354 = DIRECTION('',(0.923926512664,0.382569992546,0.));
#11355 = ADVANCED_FACE('',(#11356),#11374,.F.);
#11356 = FACE_BOUND('',#11357,.F.);
#11357 = EDGE_LOOP('',(#11358,#11359,#11367,#11373));
#11358 = ORIENTED_EDGE('',*,*,#11344,.T.);
#11359 = ORIENTED_EDGE('',*,*,#11360,.T.);
#11360 = EDGE_CURVE('',#11337,#11361,#11363,.T.);
#11361 = VERTEX_POINT('',#11362);
#11362 = CARTESIAN_POINT('',(211.516337,52.124341,1.7));
#11363 = LINE('',#11364,#11365);
#11364 = CARTESIAN_POINT('',(211.501707,52.122893,1.7));
#11365 = VECTOR('',#11366,1.);
#11366 = DIRECTION('',(0.995137697729,9.849346454661E-02,0.));
#11367 = ORIENTED_EDGE('',*,*,#11368,.F.);
#11368 = EDGE_CURVE('',#3161,#11361,#11369,.T.);
#11369 = LINE('',#11370,#11371);
#11370 = CARTESIAN_POINT('',(211.516337,52.124341,0.));
#11371 = VECTOR('',#11372,1.);
#11372 = DIRECTION('',(0.,0.,1.));
#11373 = ORIENTED_EDGE('',*,*,#3160,.F.);
#11374 = PLANE('',#11375);
#11375 = AXIS2_PLACEMENT_3D('',#11376,#11377,#11378);
#11376 = CARTESIAN_POINT('',(211.501707,52.122893,0.));
#11377 = DIRECTION('',(-9.849346454661E-02,0.995137697729,0.));
#11378 = DIRECTION('',(0.995137697729,9.849346454661E-02,0.));
#11379 = ADVANCED_FACE('',(#11380),#11398,.F.);
#11380 = FACE_BOUND('',#11381,.F.);
#11381 = EDGE_LOOP('',(#11382,#11383,#11391,#11397));
#11382 = ORIENTED_EDGE('',*,*,#11368,.T.);
#11383 = ORIENTED_EDGE('',*,*,#11384,.T.);
#11384 = EDGE_CURVE('',#11361,#11385,#11387,.T.);
#11385 = VERTEX_POINT('',#11386);
#11386 = CARTESIAN_POINT('',(225.616335,52.124341,1.7));
#11387 = LINE('',#11388,#11389);
#11388 = CARTESIAN_POINT('',(211.516337,52.124341,1.7));
#11389 = VECTOR('',#11390,1.);
#11390 = DIRECTION('',(1.,0.,0.));
#11391 = ORIENTED_EDGE('',*,*,#11392,.F.);
#11392 = EDGE_CURVE('',#3169,#11385,#11393,.T.);
#11393 = LINE('',#11394,#11395);
#11394 = CARTESIAN_POINT('',(225.616335,52.124341,0.));
#11395 = VECTOR('',#11396,1.);
#11396 = DIRECTION('',(0.,0.,1.));
#11397 = ORIENTED_EDGE('',*,*,#3168,.F.);
#11398 = PLANE('',#11399);
#11399 = AXIS2_PLACEMENT_3D('',#11400,#11401,#11402);
#11400 = CARTESIAN_POINT('',(211.516337,52.124341,0.));
#11401 = DIRECTION('',(0.,1.,0.));
#11402 = DIRECTION('',(1.,0.,0.));
#11403 = ADVANCED_FACE('',(#11404),#11415,.F.);
#11404 = FACE_BOUND('',#11405,.F.);
#11405 = EDGE_LOOP('',(#11406,#11407,#11413,#11414));
#11406 = ORIENTED_EDGE('',*,*,#11392,.T.);
#11407 = ORIENTED_EDGE('',*,*,#11408,.T.);
#11408 = EDGE_CURVE('',#11385,#10849,#11409,.T.);
#11409 = LINE('',#11410,#11411);
#11410 = CARTESIAN_POINT('',(225.616335,52.124341,1.7));
#11411 = VECTOR('',#11412,1.);
#11412 = DIRECTION('',(0.995137697729,-9.849346454642E-02,0.));
#11413 = ORIENTED_EDGE('',*,*,#10848,.F.);
#11414 = ORIENTED_EDGE('',*,*,#3176,.F.);
#11415 = PLANE('',#11416);
#11416 = AXIS2_PLACEMENT_3D('',#11417,#11418,#11419);
#11417 = CARTESIAN_POINT('',(225.616335,52.124341,0.));
#11418 = DIRECTION('',(9.849346454642E-02,0.995137697729,0.));
#11419 = DIRECTION('',(0.995137697729,-9.849346454642E-02,0.));
#11420 = ADVANCED_FACE('',(#11421),#11446,.F.);
#11421 = FACE_BOUND('',#11422,.F.);
#11422 = EDGE_LOOP('',(#11423,#11431,#11439,#11445));
#11423 = ORIENTED_EDGE('',*,*,#11424,.T.);
#11424 = EDGE_CURVE('',#3185,#11425,#11427,.T.);
#11425 = VERTEX_POINT('',#11426);
#11426 = CARTESIAN_POINT('',(206.580965,52.122893,1.7));
#11427 = LINE('',#11428,#11429);
#11428 = CARTESIAN_POINT('',(206.580965,52.122893,0.));
#11429 = VECTOR('',#11430,1.);
#11430 = DIRECTION('',(0.,0.,1.));
#11431 = ORIENTED_EDGE('',*,*,#11432,.T.);
#11432 = EDGE_CURVE('',#11425,#11433,#11435,.T.);
#11433 = VERTEX_POINT('',#11434);
#11434 = CARTESIAN_POINT('',(206.608016,52.111692,1.7));
#11435 = LINE('',#11436,#11437);
#11436 = CARTESIAN_POINT('',(206.580965,52.122893,1.7));
#11437 = VECTOR('',#11438,1.);
#11438 = DIRECTION('',(0.923926512664,-0.382569992546,0.));
#11439 = ORIENTED_EDGE('',*,*,#11440,.F.);
#11440 = EDGE_CURVE('',#3187,#11433,#11441,.T.);
#11441 = LINE('',#11442,#11443);
#11442 = CARTESIAN_POINT('',(206.608016,52.111692,0.));
#11443 = VECTOR('',#11444,1.);
#11444 = DIRECTION('',(0.,0.,1.));
#11445 = ORIENTED_EDGE('',*,*,#3184,.F.);
#11446 = PLANE('',#11447);
#11447 = AXIS2_PLACEMENT_3D('',#11448,#11449,#11450);
#11448 = CARTESIAN_POINT('',(206.580965,52.122893,0.));
#11449 = DIRECTION('',(0.382569992546,0.923926512664,0.));
#11450 = DIRECTION('',(0.923926512664,-0.382569992546,0.));
#11451 = ADVANCED_FACE('',(#11452),#11470,.F.);
#11452 = FACE_BOUND('',#11453,.F.);
#11453 = EDGE_LOOP('',(#11454,#11455,#11463,#11469));
#11454 = ORIENTED_EDGE('',*,*,#11440,.T.);
#11455 = ORIENTED_EDGE('',*,*,#11456,.T.);
#11456 = EDGE_CURVE('',#11433,#11457,#11459,.T.);
#11457 = VERTEX_POINT('',#11458);
#11458 = CARTESIAN_POINT('',(206.628692,52.091016,1.7));
#11459 = LINE('',#11460,#11461);
#11460 = CARTESIAN_POINT('',(206.608016,52.111692,1.7));
#11461 = VECTOR('',#11462,1.);
#11462 = DIRECTION('',(0.707106781187,-0.707106781186,0.));
#11463 = ORIENTED_EDGE('',*,*,#11464,.F.);
#11464 = EDGE_CURVE('',#3195,#11457,#11465,.T.);
#11465 = LINE('',#11466,#11467);
#11466 = CARTESIAN_POINT('',(206.628692,52.091016,0.));
#11467 = VECTOR('',#11468,1.);
#11468 = DIRECTION('',(0.,0.,1.));
#11469 = ORIENTED_EDGE('',*,*,#3194,.F.);
#11470 = PLANE('',#11471);
#11471 = AXIS2_PLACEMENT_3D('',#11472,#11473,#11474);
#11472 = CARTESIAN_POINT('',(206.608016,52.111692,0.));
#11473 = DIRECTION('',(0.707106781186,0.707106781187,0.));
#11474 = DIRECTION('',(0.707106781187,-0.707106781186,0.));
#11475 = ADVANCED_FACE('',(#11476),#11494,.F.);
#11476 = FACE_BOUND('',#11477,.F.);
#11477 = EDGE_LOOP('',(#11478,#11479,#11487,#11493));
#11478 = ORIENTED_EDGE('',*,*,#11464,.T.);
#11479 = ORIENTED_EDGE('',*,*,#11480,.T.);
#11480 = EDGE_CURVE('',#11457,#11481,#11483,.T.);
#11481 = VERTEX_POINT('',#11482);
#11482 = CARTESIAN_POINT('',(206.639893,52.063965,1.7));
#11483 = LINE('',#11484,#11485);
#11484 = CARTESIAN_POINT('',(206.628692,52.091016,1.7));
#11485 = VECTOR('',#11486,1.);
#11486 = DIRECTION('',(0.382569992546,-0.923926512664,0.));
#11487 = ORIENTED_EDGE('',*,*,#11488,.F.);
#11488 = EDGE_CURVE('',#3203,#11481,#11489,.T.);
#11489 = LINE('',#11490,#11491);
#11490 = CARTESIAN_POINT('',(206.639893,52.063965,0.));
#11491 = VECTOR('',#11492,1.);
#11492 = DIRECTION('',(0.,0.,1.));
#11493 = ORIENTED_EDGE('',*,*,#3202,.F.);
#11494 = PLANE('',#11495);
#11495 = AXIS2_PLACEMENT_3D('',#11496,#11497,#11498);
#11496 = CARTESIAN_POINT('',(206.628692,52.091016,0.));
#11497 = DIRECTION('',(0.923926512664,0.382569992546,0.));
#11498 = DIRECTION('',(0.382569992546,-0.923926512664,0.));
#11499 = ADVANCED_FACE('',(#11500),#11518,.F.);
#11500 = FACE_BOUND('',#11501,.F.);
#11501 = EDGE_LOOP('',(#11502,#11503,#11511,#11517));
#11502 = ORIENTED_EDGE('',*,*,#11488,.T.);
#11503 = ORIENTED_EDGE('',*,*,#11504,.T.);
#11504 = EDGE_CURVE('',#11481,#11505,#11507,.T.);
#11505 = VERTEX_POINT('',#11506);
#11506 = CARTESIAN_POINT('',(206.641341,52.049335,1.7));
#11507 = LINE('',#11508,#11509);
#11508 = CARTESIAN_POINT('',(206.639893,52.063965,1.7));
#11509 = VECTOR('',#11510,1.);
#11510 = DIRECTION('',(9.849346454695E-02,-0.995137697729,0.));
#11511 = ORIENTED_EDGE('',*,*,#11512,.F.);
#11512 = EDGE_CURVE('',#3211,#11505,#11513,.T.);
#11513 = LINE('',#11514,#11515);
#11514 = CARTESIAN_POINT('',(206.641341,52.049335,0.));
#11515 = VECTOR('',#11516,1.);
#11516 = DIRECTION('',(0.,0.,1.));
#11517 = ORIENTED_EDGE('',*,*,#3210,.F.);
#11518 = PLANE('',#11519);
#11519 = AXIS2_PLACEMENT_3D('',#11520,#11521,#11522);
#11520 = CARTESIAN_POINT('',(206.639893,52.063965,0.));
#11521 = DIRECTION('',(0.995137697729,9.849346454695E-02,0.));
#11522 = DIRECTION('',(9.849346454695E-02,-0.995137697729,0.));
#11523 = ADVANCED_FACE('',(#11524),#11542,.F.);
#11524 = FACE_BOUND('',#11525,.F.);
#11525 = EDGE_LOOP('',(#11526,#11527,#11535,#11541));
#11526 = ORIENTED_EDGE('',*,*,#11512,.T.);
#11527 = ORIENTED_EDGE('',*,*,#11528,.T.);
#11528 = EDGE_CURVE('',#11505,#11529,#11531,.T.);
#11529 = VERTEX_POINT('',#11530);
#11530 = CARTESIAN_POINT('',(206.641341,37.949338,1.7));
#11531 = LINE('',#11532,#11533);
#11532 = CARTESIAN_POINT('',(206.641341,52.049335,1.7));
#11533 = VECTOR('',#11534,1.);
#11534 = DIRECTION('',(0.,-1.,0.));
#11535 = ORIENTED_EDGE('',*,*,#11536,.F.);
#11536 = EDGE_CURVE('',#3219,#11529,#11537,.T.);
#11537 = LINE('',#11538,#11539);
#11538 = CARTESIAN_POINT('',(206.641341,37.949338,0.));
#11539 = VECTOR('',#11540,1.);
#11540 = DIRECTION('',(0.,0.,1.));
#11541 = ORIENTED_EDGE('',*,*,#3218,.F.);
#11542 = PLANE('',#11543);
#11543 = AXIS2_PLACEMENT_3D('',#11544,#11545,#11546);
#11544 = CARTESIAN_POINT('',(206.641341,52.049335,0.));
#11545 = DIRECTION('',(1.,0.,0.));
#11546 = DIRECTION('',(0.,-1.,0.));
#11547 = ADVANCED_FACE('',(#11548),#11566,.F.);
#11548 = FACE_BOUND('',#11549,.F.);
#11549 = EDGE_LOOP('',(#11550,#11551,#11559,#11565));
#11550 = ORIENTED_EDGE('',*,*,#11536,.T.);
#11551 = ORIENTED_EDGE('',*,*,#11552,.T.);
#11552 = EDGE_CURVE('',#11529,#11553,#11555,.T.);
#11553 = VERTEX_POINT('',#11554);
#11554 = CARTESIAN_POINT('',(206.639893,37.934707,1.7));
#11555 = LINE('',#11556,#11557);
#11556 = CARTESIAN_POINT('',(206.641341,37.949338,1.7));
#11557 = VECTOR('',#11558,1.);
#11558 = DIRECTION('',(-9.848679801156E-02,-0.995138357525,0.));
#11559 = ORIENTED_EDGE('',*,*,#11560,.F.);
#11560 = EDGE_CURVE('',#3227,#11553,#11561,.T.);
#11561 = LINE('',#11562,#11563);
#11562 = CARTESIAN_POINT('',(206.639893,37.934707,0.));
#11563 = VECTOR('',#11564,1.);
#11564 = DIRECTION('',(0.,0.,1.));
#11565 = ORIENTED_EDGE('',*,*,#3226,.F.);
#11566 = PLANE('',#11567);
#11567 = AXIS2_PLACEMENT_3D('',#11568,#11569,#11570);
#11568 = CARTESIAN_POINT('',(206.641341,37.949338,0.));
#11569 = DIRECTION('',(0.995138357525,-9.848679801156E-02,0.));
#11570 = DIRECTION('',(-9.848679801156E-02,-0.995138357525,0.));
#11571 = ADVANCED_FACE('',(#11572),#11590,.F.);
#11572 = FACE_BOUND('',#11573,.F.);
#11573 = EDGE_LOOP('',(#11574,#11575,#11583,#11589));
#11574 = ORIENTED_EDGE('',*,*,#11560,.T.);
#11575 = ORIENTED_EDGE('',*,*,#11576,.T.);
#11576 = EDGE_CURVE('',#11553,#11577,#11579,.T.);
#11577 = VERTEX_POINT('',#11578);
#11578 = CARTESIAN_POINT('',(206.628692,37.907656,1.7));
#11579 = LINE('',#11580,#11581);
#11580 = CARTESIAN_POINT('',(206.639893,37.934707,1.7));
#11581 = VECTOR('',#11582,1.);
#11582 = DIRECTION('',(-0.382569992546,-0.923926512664,0.));
#11583 = ORIENTED_EDGE('',*,*,#11584,.F.);
#11584 = EDGE_CURVE('',#3235,#11577,#11585,.T.);
#11585 = LINE('',#11586,#11587);
#11586 = CARTESIAN_POINT('',(206.628692,37.907656,0.));
#11587 = VECTOR('',#11588,1.);
#11588 = DIRECTION('',(0.,0.,1.));
#11589 = ORIENTED_EDGE('',*,*,#3234,.F.);
#11590 = PLANE('',#11591);
#11591 = AXIS2_PLACEMENT_3D('',#11592,#11593,#11594);
#11592 = CARTESIAN_POINT('',(206.639893,37.934707,0.));
#11593 = DIRECTION('',(0.923926512664,-0.382569992546,0.));
#11594 = DIRECTION('',(-0.382569992546,-0.923926512664,0.));
#11595 = ADVANCED_FACE('',(#11596),#11614,.F.);
#11596 = FACE_BOUND('',#11597,.F.);
#11597 = EDGE_LOOP('',(#11598,#11599,#11607,#11613));
#11598 = ORIENTED_EDGE('',*,*,#11584,.T.);
#11599 = ORIENTED_EDGE('',*,*,#11600,.T.);
#11600 = EDGE_CURVE('',#11577,#11601,#11603,.T.);
#11601 = VERTEX_POINT('',#11602);
#11602 = CARTESIAN_POINT('',(206.608016,37.886981,1.7));
#11603 = LINE('',#11604,#11605);
#11604 = CARTESIAN_POINT('',(206.628692,37.907656,1.7));
#11605 = VECTOR('',#11606,1.);
#11606 = DIRECTION('',(-0.707123881093,-0.707089680867,0.));
#11607 = ORIENTED_EDGE('',*,*,#11608,.F.);
#11608 = EDGE_CURVE('',#3243,#11601,#11609,.T.);
#11609 = LINE('',#11610,#11611);
#11610 = CARTESIAN_POINT('',(206.608016,37.886981,0.));
#11611 = VECTOR('',#11612,1.);
#11612 = DIRECTION('',(0.,0.,1.));
#11613 = ORIENTED_EDGE('',*,*,#3242,.F.);
#11614 = PLANE('',#11615);
#11615 = AXIS2_PLACEMENT_3D('',#11616,#11617,#11618);
#11616 = CARTESIAN_POINT('',(206.628692,37.907656,0.));
#11617 = DIRECTION('',(0.707089680867,-0.707123881093,0.));
#11618 = DIRECTION('',(-0.707123881093,-0.707089680867,0.));
#11619 = ADVANCED_FACE('',(#11620),#11638,.F.);
#11620 = FACE_BOUND('',#11621,.F.);
#11621 = EDGE_LOOP('',(#11622,#11623,#11631,#11637));
#11622 = ORIENTED_EDGE('',*,*,#11608,.T.);
#11623 = ORIENTED_EDGE('',*,*,#11624,.T.);
#11624 = EDGE_CURVE('',#11601,#11625,#11627,.T.);
#11625 = VERTEX_POINT('',#11626);
#11626 = CARTESIAN_POINT('',(206.580965,37.875779,1.7));
#11627 = LINE('',#11628,#11629);
#11628 = CARTESIAN_POINT('',(206.608016,37.886981,1.7));
#11629 = VECTOR('',#11630,1.);
#11630 = DIRECTION('',(-0.923914439717,-0.382599148043,0.));
#11631 = ORIENTED_EDGE('',*,*,#11632,.F.);
#11632 = EDGE_CURVE('',#3251,#11625,#11633,.T.);
#11633 = LINE('',#11634,#11635);
#11634 = CARTESIAN_POINT('',(206.580965,37.875779,0.));
#11635 = VECTOR('',#11636,1.);
#11636 = DIRECTION('',(0.,0.,1.));
#11637 = ORIENTED_EDGE('',*,*,#3250,.F.);
#11638 = PLANE('',#11639);
#11639 = AXIS2_PLACEMENT_3D('',#11640,#11641,#11642);
#11640 = CARTESIAN_POINT('',(206.608016,37.886981,0.));
#11641 = DIRECTION('',(0.382599148043,-0.923914439717,0.));
#11642 = DIRECTION('',(-0.923914439717,-0.382599148043,0.));
#11643 = ADVANCED_FACE('',(#11644),#11662,.F.);
#11644 = FACE_BOUND('',#11645,.F.);
#11645 = EDGE_LOOP('',(#11646,#11647,#11655,#11661));
#11646 = ORIENTED_EDGE('',*,*,#11632,.T.);
#11647 = ORIENTED_EDGE('',*,*,#11648,.T.);
#11648 = EDGE_CURVE('',#11625,#11649,#11651,.T.);
#11649 = VERTEX_POINT('',#11650);
#11650 = CARTESIAN_POINT('',(206.566335,37.874331,1.7));
#11651 = LINE('',#11652,#11653);
#11652 = CARTESIAN_POINT('',(206.580965,37.875779,1.7));
#11653 = VECTOR('',#11654,1.);
#11654 = DIRECTION('',(-0.995137697729,-9.849346454661E-02,0.));
#11655 = ORIENTED_EDGE('',*,*,#11656,.F.);
#11656 = EDGE_CURVE('',#3259,#11649,#11657,.T.);
#11657 = LINE('',#11658,#11659);
#11658 = CARTESIAN_POINT('',(206.566335,37.874331,0.));
#11659 = VECTOR('',#11660,1.);
#11660 = DIRECTION('',(0.,0.,1.));
#11661 = ORIENTED_EDGE('',*,*,#3258,.F.);
#11662 = PLANE('',#11663);
#11663 = AXIS2_PLACEMENT_3D('',#11664,#11665,#11666);
#11664 = CARTESIAN_POINT('',(206.580965,37.875779,0.));
#11665 = DIRECTION('',(9.849346454661E-02,-0.995137697729,0.));
#11666 = DIRECTION('',(-0.995137697729,-9.849346454661E-02,0.));
#11667 = ADVANCED_FACE('',(#11668),#11686,.F.);
#11668 = FACE_BOUND('',#11669,.F.);
#11669 = EDGE_LOOP('',(#11670,#11671,#11679,#11685));
#11670 = ORIENTED_EDGE('',*,*,#11656,.T.);
#11671 = ORIENTED_EDGE('',*,*,#11672,.T.);
#11672 = EDGE_CURVE('',#11649,#11673,#11675,.T.);
#11673 = VERTEX_POINT('',#11674);
#11674 = CARTESIAN_POINT('',(192.466337,37.874331,1.7));
#11675 = LINE('',#11676,#11677);
#11676 = CARTESIAN_POINT('',(206.566335,37.874331,1.7));
#11677 = VECTOR('',#11678,1.);
#11678 = DIRECTION('',(-1.,0.,0.));
#11679 = ORIENTED_EDGE('',*,*,#11680,.F.);
#11680 = EDGE_CURVE('',#3267,#11673,#11681,.T.);
#11681 = LINE('',#11682,#11683);
#11682 = CARTESIAN_POINT('',(192.466337,37.874331,0.));
#11683 = VECTOR('',#11684,1.);
#11684 = DIRECTION('',(0.,0.,1.));
#11685 = ORIENTED_EDGE('',*,*,#3266,.F.);
#11686 = PLANE('',#11687);
#11687 = AXIS2_PLACEMENT_3D('',#11688,#11689,#11690);
#11688 = CARTESIAN_POINT('',(206.566335,37.874331,0.));
#11689 = DIRECTION('',(0.,-1.,0.));
#11690 = DIRECTION('',(-1.,0.,0.));
#11691 = ADVANCED_FACE('',(#11692),#11710,.F.);
#11692 = FACE_BOUND('',#11693,.F.);
#11693 = EDGE_LOOP('',(#11694,#11695,#11703,#11709));
#11694 = ORIENTED_EDGE('',*,*,#11680,.T.);
#11695 = ORIENTED_EDGE('',*,*,#11696,.T.);
#11696 = EDGE_CURVE('',#11673,#11697,#11699,.T.);
#11697 = VERTEX_POINT('',#11698);
#11698 = CARTESIAN_POINT('',(192.451707,37.875779,1.7));
#11699 = LINE('',#11700,#11701);
#11700 = CARTESIAN_POINT('',(192.466337,37.874331,1.7));
#11701 = VECTOR('',#11702,1.);
#11702 = DIRECTION('',(-0.995137697729,9.849346454642E-02,0.));
#11703 = ORIENTED_EDGE('',*,*,#11704,.F.);
#11704 = EDGE_CURVE('',#3275,#11697,#11705,.T.);
#11705 = LINE('',#11706,#11707);
#11706 = CARTESIAN_POINT('',(192.451707,37.875779,0.));
#11707 = VECTOR('',#11708,1.);
#11708 = DIRECTION('',(0.,0.,1.));
#11709 = ORIENTED_EDGE('',*,*,#3274,.F.);
#11710 = PLANE('',#11711);
#11711 = AXIS2_PLACEMENT_3D('',#11712,#11713,#11714);
#11712 = CARTESIAN_POINT('',(192.466337,37.874331,0.));
#11713 = DIRECTION('',(-9.849346454642E-02,-0.995137697729,0.));
#11714 = DIRECTION('',(-0.995137697729,9.849346454642E-02,0.));
#11715 = ADVANCED_FACE('',(#11716),#11734,.F.);
#11716 = FACE_BOUND('',#11717,.F.);
#11717 = EDGE_LOOP('',(#11718,#11719,#11727,#11733));
#11718 = ORIENTED_EDGE('',*,*,#11704,.T.);
#11719 = ORIENTED_EDGE('',*,*,#11720,.T.);
#11720 = EDGE_CURVE('',#11697,#11721,#11723,.T.);
#11721 = VERTEX_POINT('',#11722);
#11722 = CARTESIAN_POINT('',(192.424656,37.886981,1.7));
#11723 = LINE('',#11724,#11725);
#11724 = CARTESIAN_POINT('',(192.451707,37.875779,1.7));
#11725 = VECTOR('',#11726,1.);
#11726 = DIRECTION('',(-0.923914439717,0.382599148043,0.));
#11727 = ORIENTED_EDGE('',*,*,#11728,.F.);
#11728 = EDGE_CURVE('',#3283,#11721,#11729,.T.);
#11729 = LINE('',#11730,#11731);
#11730 = CARTESIAN_POINT('',(192.424656,37.886981,0.));
#11731 = VECTOR('',#11732,1.);
#11732 = DIRECTION('',(0.,0.,1.));
#11733 = ORIENTED_EDGE('',*,*,#3282,.F.);
#11734 = PLANE('',#11735);
#11735 = AXIS2_PLACEMENT_3D('',#11736,#11737,#11738);
#11736 = CARTESIAN_POINT('',(192.451707,37.875779,0.));
#11737 = DIRECTION('',(-0.382599148043,-0.923914439717,0.));
#11738 = DIRECTION('',(-0.923914439717,0.382599148043,0.));
#11739 = ADVANCED_FACE('',(#11740),#11758,.F.);
#11740 = FACE_BOUND('',#11741,.F.);
#11741 = EDGE_LOOP('',(#11742,#11743,#11751,#11757));
#11742 = ORIENTED_EDGE('',*,*,#11728,.T.);
#11743 = ORIENTED_EDGE('',*,*,#11744,.T.);
#11744 = EDGE_CURVE('',#11721,#11745,#11747,.T.);
#11745 = VERTEX_POINT('',#11746);
#11746 = CARTESIAN_POINT('',(192.40398,37.907656,1.7));
#11747 = LINE('',#11748,#11749);
#11748 = CARTESIAN_POINT('',(192.424656,37.886981,1.7));
#11749 = VECTOR('',#11750,1.);
#11750 = DIRECTION('',(-0.707123881093,0.707089680867,0.));
#11751 = ORIENTED_EDGE('',*,*,#11752,.F.);
#11752 = EDGE_CURVE('',#3291,#11745,#11753,.T.);
#11753 = LINE('',#11754,#11755);
#11754 = CARTESIAN_POINT('',(192.40398,37.907656,0.));
#11755 = VECTOR('',#11756,1.);
#11756 = DIRECTION('',(0.,0.,1.));
#11757 = ORIENTED_EDGE('',*,*,#3290,.F.);
#11758 = PLANE('',#11759);
#11759 = AXIS2_PLACEMENT_3D('',#11760,#11761,#11762);
#11760 = CARTESIAN_POINT('',(192.424656,37.886981,0.));
#11761 = DIRECTION('',(-0.707089680867,-0.707123881093,0.));
#11762 = DIRECTION('',(-0.707123881093,0.707089680867,0.));
#11763 = ADVANCED_FACE('',(#11764),#11782,.F.);
#11764 = FACE_BOUND('',#11765,.F.);
#11765 = EDGE_LOOP('',(#11766,#11767,#11775,#11781));
#11766 = ORIENTED_EDGE('',*,*,#11752,.T.);
#11767 = ORIENTED_EDGE('',*,*,#11768,.T.);
#11768 = EDGE_CURVE('',#11745,#11769,#11771,.T.);
#11769 = VERTEX_POINT('',#11770);
#11770 = CARTESIAN_POINT('',(192.392779,37.934707,1.7));
#11771 = LINE('',#11772,#11773);
#11772 = CARTESIAN_POINT('',(192.40398,37.907656,1.7));
#11773 = VECTOR('',#11774,1.);
#11774 = DIRECTION('',(-0.382569992546,0.923926512664,0.));
#11775 = ORIENTED_EDGE('',*,*,#11776,.F.);
#11776 = EDGE_CURVE('',#3299,#11769,#11777,.T.);
#11777 = LINE('',#11778,#11779);
#11778 = CARTESIAN_POINT('',(192.392779,37.934707,0.));
#11779 = VECTOR('',#11780,1.);
#11780 = DIRECTION('',(0.,0.,1.));
#11781 = ORIENTED_EDGE('',*,*,#3298,.F.);
#11782 = PLANE('',#11783);
#11783 = AXIS2_PLACEMENT_3D('',#11784,#11785,#11786);
#11784 = CARTESIAN_POINT('',(192.40398,37.907656,0.));
#11785 = DIRECTION('',(-0.923926512664,-0.382569992546,0.));
#11786 = DIRECTION('',(-0.382569992546,0.923926512664,0.));
#11787 = ADVANCED_FACE('',(#11788),#11806,.F.);
#11788 = FACE_BOUND('',#11789,.F.);
#11789 = EDGE_LOOP('',(#11790,#11791,#11799,#11805));
#11790 = ORIENTED_EDGE('',*,*,#11776,.T.);
#11791 = ORIENTED_EDGE('',*,*,#11792,.T.);
#11792 = EDGE_CURVE('',#11769,#11793,#11795,.T.);
#11793 = VERTEX_POINT('',#11794);
#11794 = CARTESIAN_POINT('',(192.391331,37.949338,1.7));
#11795 = LINE('',#11796,#11797);
#11796 = CARTESIAN_POINT('',(192.392779,37.934707,1.7));
#11797 = VECTOR('',#11798,1.);
#11798 = DIRECTION('',(-9.848679800965E-02,0.995138357525,0.));
#11799 = ORIENTED_EDGE('',*,*,#11800,.F.);
#11800 = EDGE_CURVE('',#3307,#11793,#11801,.T.);
#11801 = LINE('',#11802,#11803);
#11802 = CARTESIAN_POINT('',(192.391331,37.949338,0.));
#11803 = VECTOR('',#11804,1.);
#11804 = DIRECTION('',(0.,0.,1.));
#11805 = ORIENTED_EDGE('',*,*,#3306,.F.);
#11806 = PLANE('',#11807);
#11807 = AXIS2_PLACEMENT_3D('',#11808,#11809,#11810);
#11808 = CARTESIAN_POINT('',(192.392779,37.934707,0.));
#11809 = DIRECTION('',(-0.995138357525,-9.848679800965E-02,0.));
#11810 = DIRECTION('',(-9.848679800965E-02,0.995138357525,0.));
#11811 = ADVANCED_FACE('',(#11812),#11830,.F.);
#11812 = FACE_BOUND('',#11813,.F.);
#11813 = EDGE_LOOP('',(#11814,#11815,#11823,#11829));
#11814 = ORIENTED_EDGE('',*,*,#11800,.T.);
#11815 = ORIENTED_EDGE('',*,*,#11816,.T.);
#11816 = EDGE_CURVE('',#11793,#11817,#11819,.T.);
#11817 = VERTEX_POINT('',#11818);
#11818 = CARTESIAN_POINT('',(192.391331,52.049335,1.7));
#11819 = LINE('',#11820,#11821);
#11820 = CARTESIAN_POINT('',(192.391331,37.949338,1.7));
#11821 = VECTOR('',#11822,1.);
#11822 = DIRECTION('',(0.,1.,0.));
#11823 = ORIENTED_EDGE('',*,*,#11824,.F.);
#11824 = EDGE_CURVE('',#3315,#11817,#11825,.T.);
#11825 = LINE('',#11826,#11827);
#11826 = CARTESIAN_POINT('',(192.391331,52.049335,0.));
#11827 = VECTOR('',#11828,1.);
#11828 = DIRECTION('',(0.,0.,1.));
#11829 = ORIENTED_EDGE('',*,*,#3314,.F.);
#11830 = PLANE('',#11831);
#11831 = AXIS2_PLACEMENT_3D('',#11832,#11833,#11834);
#11832 = CARTESIAN_POINT('',(192.391331,37.949338,0.));
#11833 = DIRECTION('',(-1.,0.,0.));
#11834 = DIRECTION('',(0.,1.,0.));
#11835 = ADVANCED_FACE('',(#11836),#11854,.F.);
#11836 = FACE_BOUND('',#11837,.F.);
#11837 = EDGE_LOOP('',(#11838,#11839,#11847,#11853));
#11838 = ORIENTED_EDGE('',*,*,#11824,.T.);
#11839 = ORIENTED_EDGE('',*,*,#11840,.T.);
#11840 = EDGE_CURVE('',#11817,#11841,#11843,.T.);
#11841 = VERTEX_POINT('',#11842);
#11842 = CARTESIAN_POINT('',(192.392779,52.063965,1.7));
#11843 = LINE('',#11844,#11845);
#11844 = CARTESIAN_POINT('',(192.391331,52.049335,1.7));
#11845 = VECTOR('',#11846,1.);
#11846 = DIRECTION('',(9.849346454503E-02,0.995137697729,0.));
#11847 = ORIENTED_EDGE('',*,*,#11848,.F.);
#11848 = EDGE_CURVE('',#3323,#11841,#11849,.T.);
#11849 = LINE('',#11850,#11851);
#11850 = CARTESIAN_POINT('',(192.392779,52.063965,0.));
#11851 = VECTOR('',#11852,1.);
#11852 = DIRECTION('',(0.,0.,1.));
#11853 = ORIENTED_EDGE('',*,*,#3322,.F.);
#11854 = PLANE('',#11855);
#11855 = AXIS2_PLACEMENT_3D('',#11856,#11857,#11858);
#11856 = CARTESIAN_POINT('',(192.391331,52.049335,0.));
#11857 = DIRECTION('',(-0.995137697729,9.849346454503E-02,0.));
#11858 = DIRECTION('',(9.849346454503E-02,0.995137697729,0.));
#11859 = ADVANCED_FACE('',(#11860),#11878,.F.);
#11860 = FACE_BOUND('',#11861,.F.);
#11861 = EDGE_LOOP('',(#11862,#11863,#11871,#11877));
#11862 = ORIENTED_EDGE('',*,*,#11848,.T.);
#11863 = ORIENTED_EDGE('',*,*,#11864,.T.);
#11864 = EDGE_CURVE('',#11841,#11865,#11867,.T.);
#11865 = VERTEX_POINT('',#11866);
#11866 = CARTESIAN_POINT('',(192.40398,52.091016,1.7));
#11867 = LINE('',#11868,#11869);
#11868 = CARTESIAN_POINT('',(192.392779,52.063965,1.7));
#11869 = VECTOR('',#11870,1.);
#11870 = DIRECTION('',(0.382569992546,0.923926512664,0.));
#11871 = ORIENTED_EDGE('',*,*,#11872,.F.);
#11872 = EDGE_CURVE('',#3331,#11865,#11873,.T.);
#11873 = LINE('',#11874,#11875);
#11874 = CARTESIAN_POINT('',(192.40398,52.091016,0.));
#11875 = VECTOR('',#11876,1.);
#11876 = DIRECTION('',(0.,0.,1.));
#11877 = ORIENTED_EDGE('',*,*,#3330,.F.);
#11878 = PLANE('',#11879);
#11879 = AXIS2_PLACEMENT_3D('',#11880,#11881,#11882);
#11880 = CARTESIAN_POINT('',(192.392779,52.063965,0.));
#11881 = DIRECTION('',(-0.923926512664,0.382569992546,0.));
#11882 = DIRECTION('',(0.382569992546,0.923926512664,0.));
#11883 = ADVANCED_FACE('',(#11884),#11902,.F.);
#11884 = FACE_BOUND('',#11885,.F.);
#11885 = EDGE_LOOP('',(#11886,#11887,#11895,#11901));
#11886 = ORIENTED_EDGE('',*,*,#11872,.T.);
#11887 = ORIENTED_EDGE('',*,*,#11888,.T.);
#11888 = EDGE_CURVE('',#11865,#11889,#11891,.T.);
#11889 = VERTEX_POINT('',#11890);
#11890 = CARTESIAN_POINT('',(192.424656,52.111692,1.7));
#11891 = LINE('',#11892,#11893);
#11892 = CARTESIAN_POINT('',(192.40398,52.091016,1.7));
#11893 = VECTOR('',#11894,1.);
#11894 = DIRECTION('',(0.707106781187,0.707106781186,0.));
#11895 = ORIENTED_EDGE('',*,*,#11896,.F.);
#11896 = EDGE_CURVE('',#3339,#11889,#11897,.T.);
#11897 = LINE('',#11898,#11899);
#11898 = CARTESIAN_POINT('',(192.424656,52.111692,0.));
#11899 = VECTOR('',#11900,1.);
#11900 = DIRECTION('',(0.,0.,1.));
#11901 = ORIENTED_EDGE('',*,*,#3338,.F.);
#11902 = PLANE('',#11903);
#11903 = AXIS2_PLACEMENT_3D('',#11904,#11905,#11906);
#11904 = CARTESIAN_POINT('',(192.40398,52.091016,0.));
#11905 = DIRECTION('',(-0.707106781186,0.707106781187,0.));
#11906 = DIRECTION('',(0.707106781187,0.707106781186,0.));
#11907 = ADVANCED_FACE('',(#11908),#11926,.F.);
#11908 = FACE_BOUND('',#11909,.F.);
#11909 = EDGE_LOOP('',(#11910,#11911,#11919,#11925));
#11910 = ORIENTED_EDGE('',*,*,#11896,.T.);
#11911 = ORIENTED_EDGE('',*,*,#11912,.T.);
#11912 = EDGE_CURVE('',#11889,#11913,#11915,.T.);
#11913 = VERTEX_POINT('',#11914);
#11914 = CARTESIAN_POINT('',(192.451707,52.122893,1.7));
#11915 = LINE('',#11916,#11917);
#11916 = CARTESIAN_POINT('',(192.424656,52.111692,1.7));
#11917 = VECTOR('',#11918,1.);
#11918 = DIRECTION('',(0.923926512664,0.382569992546,0.));
#11919 = ORIENTED_EDGE('',*,*,#11920,.F.);
#11920 = EDGE_CURVE('',#3347,#11913,#11921,.T.);
#11921 = LINE('',#11922,#11923);
#11922 = CARTESIAN_POINT('',(192.451707,52.122893,0.));
#11923 = VECTOR('',#11924,1.);
#11924 = DIRECTION('',(0.,0.,1.));
#11925 = ORIENTED_EDGE('',*,*,#3346,.F.);
#11926 = PLANE('',#11927);
#11927 = AXIS2_PLACEMENT_3D('',#11928,#11929,#11930);
#11928 = CARTESIAN_POINT('',(192.424656,52.111692,0.));
#11929 = DIRECTION('',(-0.382569992546,0.923926512664,0.));
#11930 = DIRECTION('',(0.923926512664,0.382569992546,0.));
#11931 = ADVANCED_FACE('',(#11932),#11950,.F.);
#11932 = FACE_BOUND('',#11933,.F.);
#11933 = EDGE_LOOP('',(#11934,#11935,#11943,#11949));
#11934 = ORIENTED_EDGE('',*,*,#11920,.T.);
#11935 = ORIENTED_EDGE('',*,*,#11936,.T.);
#11936 = EDGE_CURVE('',#11913,#11937,#11939,.T.);
#11937 = VERTEX_POINT('',#11938);
#11938 = CARTESIAN_POINT('',(192.466337,52.124341,1.7));
#11939 = LINE('',#11940,#11941);
#11940 = CARTESIAN_POINT('',(192.451707,52.122893,1.7));
#11941 = VECTOR('',#11942,1.);
#11942 = DIRECTION('',(0.995137697729,9.849346454642E-02,0.));
#11943 = ORIENTED_EDGE('',*,*,#11944,.F.);
#11944 = EDGE_CURVE('',#3355,#11937,#11945,.T.);
#11945 = LINE('',#11946,#11947);
#11946 = CARTESIAN_POINT('',(192.466337,52.124341,0.));
#11947 = VECTOR('',#11948,1.);
#11948 = DIRECTION('',(0.,0.,1.));
#11949 = ORIENTED_EDGE('',*,*,#3354,.F.);
#11950 = PLANE('',#11951);
#11951 = AXIS2_PLACEMENT_3D('',#11952,#11953,#11954);
#11952 = CARTESIAN_POINT('',(192.451707,52.122893,0.));
#11953 = DIRECTION('',(-9.849346454642E-02,0.995137697729,0.));
#11954 = DIRECTION('',(0.995137697729,9.849346454642E-02,0.));
#11955 = ADVANCED_FACE('',(#11956),#11974,.F.);
#11956 = FACE_BOUND('',#11957,.F.);
#11957 = EDGE_LOOP('',(#11958,#11959,#11967,#11973));
#11958 = ORIENTED_EDGE('',*,*,#11944,.T.);
#11959 = ORIENTED_EDGE('',*,*,#11960,.T.);
#11960 = EDGE_CURVE('',#11937,#11961,#11963,.T.);
#11961 = VERTEX_POINT('',#11962);
#11962 = CARTESIAN_POINT('',(206.566335,52.124341,1.7));
#11963 = LINE('',#11964,#11965);
#11964 = CARTESIAN_POINT('',(192.466337,52.124341,1.7));
#11965 = VECTOR('',#11966,1.);
#11966 = DIRECTION('',(1.,0.,0.));
#11967 = ORIENTED_EDGE('',*,*,#11968,.F.);
#11968 = EDGE_CURVE('',#3363,#11961,#11969,.T.);
#11969 = LINE('',#11970,#11971);
#11970 = CARTESIAN_POINT('',(206.566335,52.124341,0.));
#11971 = VECTOR('',#11972,1.);
#11972 = DIRECTION('',(0.,0.,1.));
#11973 = ORIENTED_EDGE('',*,*,#3362,.F.);
#11974 = PLANE('',#11975);
#11975 = AXIS2_PLACEMENT_3D('',#11976,#11977,#11978);
#11976 = CARTESIAN_POINT('',(192.466337,52.124341,0.));
#11977 = DIRECTION('',(0.,1.,0.));
#11978 = DIRECTION('',(1.,0.,0.));
#11979 = ADVANCED_FACE('',(#11980),#11991,.F.);
#11980 = FACE_BOUND('',#11981,.F.);
#11981 = EDGE_LOOP('',(#11982,#11983,#11989,#11990));
#11982 = ORIENTED_EDGE('',*,*,#11968,.T.);
#11983 = ORIENTED_EDGE('',*,*,#11984,.T.);
#11984 = EDGE_CURVE('',#11961,#11425,#11985,.T.);
#11985 = LINE('',#11986,#11987);
#11986 = CARTESIAN_POINT('',(206.566335,52.124341,1.7));
#11987 = VECTOR('',#11988,1.);
#11988 = DIRECTION('',(0.995137697729,-9.849346454661E-02,0.));
#11989 = ORIENTED_EDGE('',*,*,#11424,.F.);
#11990 = ORIENTED_EDGE('',*,*,#3370,.F.);
#11991 = PLANE('',#11992);
#11992 = AXIS2_PLACEMENT_3D('',#11993,#11994,#11995);
#11993 = CARTESIAN_POINT('',(206.566335,52.124341,0.));
#11994 = DIRECTION('',(9.849346454661E-02,0.995137697729,0.));
#11995 = DIRECTION('',(0.995137697729,-9.849346454661E-02,0.));
#11996 = ADVANCED_FACE('',(#11997),#12022,.F.);
#11997 = FACE_BOUND('',#11998,.F.);
#11998 = EDGE_LOOP('',(#11999,#12007,#12015,#12021));
#11999 = ORIENTED_EDGE('',*,*,#12000,.T.);
#12000 = EDGE_CURVE('',#3379,#12001,#12003,.T.);
#12001 = VERTEX_POINT('',#12002);
#12002 = CARTESIAN_POINT('',(244.680965,71.172893,1.7));
#12003 = LINE('',#12004,#12005);
#12004 = CARTESIAN_POINT('',(244.680965,71.172893,0.));
#12005 = VECTOR('',#12006,1.);
#12006 = DIRECTION('',(0.,0.,1.));
#12007 = ORIENTED_EDGE('',*,*,#12008,.T.);
#12008 = EDGE_CURVE('',#12001,#12009,#12011,.T.);
#12009 = VERTEX_POINT('',#12010);
#12010 = CARTESIAN_POINT('',(244.708016,71.161692,1.7));
#12011 = LINE('',#12012,#12013);
#12012 = CARTESIAN_POINT('',(244.680965,71.172893,1.7));
#12013 = VECTOR('',#12014,1.);
#12014 = DIRECTION('',(0.923926512664,-0.382569992546,0.));
#12015 = ORIENTED_EDGE('',*,*,#12016,.F.);
#12016 = EDGE_CURVE('',#3381,#12009,#12017,.T.);
#12017 = LINE('',#12018,#12019);
#12018 = CARTESIAN_POINT('',(244.708016,71.161692,0.));
#12019 = VECTOR('',#12020,1.);
#12020 = DIRECTION('',(0.,0.,1.));
#12021 = ORIENTED_EDGE('',*,*,#3378,.F.);
#12022 = PLANE('',#12023);
#12023 = AXIS2_PLACEMENT_3D('',#12024,#12025,#12026);
#12024 = CARTESIAN_POINT('',(244.680965,71.172893,0.));
#12025 = DIRECTION('',(0.382569992546,0.923926512664,0.));
#12026 = DIRECTION('',(0.923926512664,-0.382569992546,0.));
#12027 = ADVANCED_FACE('',(#12028),#12046,.F.);
#12028 = FACE_BOUND('',#12029,.F.);
#12029 = EDGE_LOOP('',(#12030,#12031,#12039,#12045));
#12030 = ORIENTED_EDGE('',*,*,#12016,.T.);
#12031 = ORIENTED_EDGE('',*,*,#12032,.T.);
#12032 = EDGE_CURVE('',#12009,#12033,#12035,.T.);
#12033 = VERTEX_POINT('',#12034);
#12034 = CARTESIAN_POINT('',(244.728692,71.141016,1.7));
#12035 = LINE('',#12036,#12037);
#12036 = CARTESIAN_POINT('',(244.708016,71.161692,1.7));
#12037 = VECTOR('',#12038,1.);
#12038 = DIRECTION('',(0.707106781187,-0.707106781187,0.));
#12039 = ORIENTED_EDGE('',*,*,#12040,.F.);
#12040 = EDGE_CURVE('',#3389,#12033,#12041,.T.);
#12041 = LINE('',#12042,#12043);
#12042 = CARTESIAN_POINT('',(244.728692,71.141016,0.));
#12043 = VECTOR('',#12044,1.);
#12044 = DIRECTION('',(0.,0.,1.));
#12045 = ORIENTED_EDGE('',*,*,#3388,.F.);
#12046 = PLANE('',#12047);
#12047 = AXIS2_PLACEMENT_3D('',#12048,#12049,#12050);
#12048 = CARTESIAN_POINT('',(244.708016,71.161692,0.));
#12049 = DIRECTION('',(0.707106781187,0.707106781187,0.));
#12050 = DIRECTION('',(0.707106781187,-0.707106781187,0.));
#12051 = ADVANCED_FACE('',(#12052),#12070,.F.);
#12052 = FACE_BOUND('',#12053,.F.);
#12053 = EDGE_LOOP('',(#12054,#12055,#12063,#12069));
#12054 = ORIENTED_EDGE('',*,*,#12040,.T.);
#12055 = ORIENTED_EDGE('',*,*,#12056,.T.);
#12056 = EDGE_CURVE('',#12033,#12057,#12059,.T.);
#12057 = VERTEX_POINT('',#12058);
#12058 = CARTESIAN_POINT('',(244.739893,71.113965,1.7));
#12059 = LINE('',#12060,#12061);
#12060 = CARTESIAN_POINT('',(244.728692,71.141016,1.7));
#12061 = VECTOR('',#12062,1.);
#12062 = DIRECTION('',(0.382569992546,-0.923926512664,0.));
#12063 = ORIENTED_EDGE('',*,*,#12064,.F.);
#12064 = EDGE_CURVE('',#3397,#12057,#12065,.T.);
#12065 = LINE('',#12066,#12067);
#12066 = CARTESIAN_POINT('',(244.739893,71.113965,0.));
#12067 = VECTOR('',#12068,1.);
#12068 = DIRECTION('',(0.,0.,1.));
#12069 = ORIENTED_EDGE('',*,*,#3396,.F.);
#12070 = PLANE('',#12071);
#12071 = AXIS2_PLACEMENT_3D('',#12072,#12073,#12074);
#12072 = CARTESIAN_POINT('',(244.728692,71.141016,0.));
#12073 = DIRECTION('',(0.923926512664,0.382569992546,0.));
#12074 = DIRECTION('',(0.382569992546,-0.923926512664,0.));
#12075 = ADVANCED_FACE('',(#12076),#12094,.F.);
#12076 = FACE_BOUND('',#12077,.F.);
#12077 = EDGE_LOOP('',(#12078,#12079,#12087,#12093));
#12078 = ORIENTED_EDGE('',*,*,#12064,.T.);
#12079 = ORIENTED_EDGE('',*,*,#12080,.T.);
#12080 = EDGE_CURVE('',#12057,#12081,#12083,.T.);
#12081 = VERTEX_POINT('',#12082);
#12082 = CARTESIAN_POINT('',(244.741341,71.099335,1.7));
#12083 = LINE('',#12084,#12085);
#12084 = CARTESIAN_POINT('',(244.739893,71.113965,1.7));
#12085 = VECTOR('',#12086,1.);
#12086 = DIRECTION('',(9.849346454699E-02,-0.995137697729,0.));
#12087 = ORIENTED_EDGE('',*,*,#12088,.F.);
#12088 = EDGE_CURVE('',#3405,#12081,#12089,.T.);
#12089 = LINE('',#12090,#12091);
#12090 = CARTESIAN_POINT('',(244.741341,71.099335,0.));
#12091 = VECTOR('',#12092,1.);
#12092 = DIRECTION('',(0.,0.,1.));
#12093 = ORIENTED_EDGE('',*,*,#3404,.F.);
#12094 = PLANE('',#12095);
#12095 = AXIS2_PLACEMENT_3D('',#12096,#12097,#12098);
#12096 = CARTESIAN_POINT('',(244.739893,71.113965,0.));
#12097 = DIRECTION('',(0.995137697729,9.849346454699E-02,0.));
#12098 = DIRECTION('',(9.849346454699E-02,-0.995137697729,0.));
#12099 = ADVANCED_FACE('',(#12100),#12118,.F.);
#12100 = FACE_BOUND('',#12101,.F.);
#12101 = EDGE_LOOP('',(#12102,#12103,#12111,#12117));
#12102 = ORIENTED_EDGE('',*,*,#12088,.T.);
#12103 = ORIENTED_EDGE('',*,*,#12104,.T.);
#12104 = EDGE_CURVE('',#12081,#12105,#12107,.T.);
#12105 = VERTEX_POINT('',#12106);
#12106 = CARTESIAN_POINT('',(244.741341,56.999338,1.7));
#12107 = LINE('',#12108,#12109);
#12108 = CARTESIAN_POINT('',(244.741341,71.099335,1.7));
#12109 = VECTOR('',#12110,1.);
#12110 = DIRECTION('',(0.,-1.,0.));
#12111 = ORIENTED_EDGE('',*,*,#12112,.F.);
#12112 = EDGE_CURVE('',#3413,#12105,#12113,.T.);
#12113 = LINE('',#12114,#12115);
#12114 = CARTESIAN_POINT('',(244.741341,56.999338,0.));
#12115 = VECTOR('',#12116,1.);
#12116 = DIRECTION('',(0.,0.,1.));
#12117 = ORIENTED_EDGE('',*,*,#3412,.F.);
#12118 = PLANE('',#12119);
#12119 = AXIS2_PLACEMENT_3D('',#12120,#12121,#12122);
#12120 = CARTESIAN_POINT('',(244.741341,71.099335,0.));
#12121 = DIRECTION('',(1.,0.,0.));
#12122 = DIRECTION('',(0.,-1.,0.));
#12123 = ADVANCED_FACE('',(#12124),#12142,.F.);
#12124 = FACE_BOUND('',#12125,.F.);
#12125 = EDGE_LOOP('',(#12126,#12127,#12135,#12141));
#12126 = ORIENTED_EDGE('',*,*,#12112,.T.);
#12127 = ORIENTED_EDGE('',*,*,#12128,.T.);
#12128 = EDGE_CURVE('',#12105,#12129,#12131,.T.);
#12129 = VERTEX_POINT('',#12130);
#12130 = CARTESIAN_POINT('',(244.739893,56.984707,1.7));
#12131 = LINE('',#12132,#12133);
#12132 = CARTESIAN_POINT('',(244.741341,56.999338,1.7));
#12133 = VECTOR('',#12134,1.);
#12134 = DIRECTION('',(-9.848679801152E-02,-0.995138357525,0.));
#12135 = ORIENTED_EDGE('',*,*,#12136,.F.);
#12136 = EDGE_CURVE('',#3421,#12129,#12137,.T.);
#12137 = LINE('',#12138,#12139);
#12138 = CARTESIAN_POINT('',(244.739893,56.984707,0.));
#12139 = VECTOR('',#12140,1.);
#12140 = DIRECTION('',(0.,0.,1.));
#12141 = ORIENTED_EDGE('',*,*,#3420,.F.);
#12142 = PLANE('',#12143);
#12143 = AXIS2_PLACEMENT_3D('',#12144,#12145,#12146);
#12144 = CARTESIAN_POINT('',(244.741341,56.999338,0.));
#12145 = DIRECTION('',(0.995138357525,-9.848679801152E-02,0.));
#12146 = DIRECTION('',(-9.848679801152E-02,-0.995138357525,0.));
#12147 = ADVANCED_FACE('',(#12148),#12166,.F.);
#12148 = FACE_BOUND('',#12149,.F.);
#12149 = EDGE_LOOP('',(#12150,#12151,#12159,#12165));
#12150 = ORIENTED_EDGE('',*,*,#12136,.T.);
#12151 = ORIENTED_EDGE('',*,*,#12152,.T.);
#12152 = EDGE_CURVE('',#12129,#12153,#12155,.T.);
#12153 = VERTEX_POINT('',#12154);
#12154 = CARTESIAN_POINT('',(244.728692,56.957656,1.7));
#12155 = LINE('',#12156,#12157);
#12156 = CARTESIAN_POINT('',(244.739893,56.984707,1.7));
#12157 = VECTOR('',#12158,1.);
#12158 = DIRECTION('',(-0.382569992546,-0.923926512664,0.));
#12159 = ORIENTED_EDGE('',*,*,#12160,.F.);
#12160 = EDGE_CURVE('',#3429,#12153,#12161,.T.);
#12161 = LINE('',#12162,#12163);
#12162 = CARTESIAN_POINT('',(244.728692,56.957656,0.));
#12163 = VECTOR('',#12164,1.);
#12164 = DIRECTION('',(0.,0.,1.));
#12165 = ORIENTED_EDGE('',*,*,#3428,.F.);
#12166 = PLANE('',#12167);
#12167 = AXIS2_PLACEMENT_3D('',#12168,#12169,#12170);
#12168 = CARTESIAN_POINT('',(244.739893,56.984707,0.));
#12169 = DIRECTION('',(0.923926512664,-0.382569992546,0.));
#12170 = DIRECTION('',(-0.382569992546,-0.923926512664,0.));
#12171 = ADVANCED_FACE('',(#12172),#12190,.F.);
#12172 = FACE_BOUND('',#12173,.F.);
#12173 = EDGE_LOOP('',(#12174,#12175,#12183,#12189));
#12174 = ORIENTED_EDGE('',*,*,#12160,.T.);
#12175 = ORIENTED_EDGE('',*,*,#12176,.T.);
#12176 = EDGE_CURVE('',#12153,#12177,#12179,.T.);
#12177 = VERTEX_POINT('',#12178);
#12178 = CARTESIAN_POINT('',(244.708016,56.936981,1.7));
#12179 = LINE('',#12180,#12181);
#12180 = CARTESIAN_POINT('',(244.728692,56.957656,1.7));
#12181 = VECTOR('',#12182,1.);
#12182 = DIRECTION('',(-0.707123881093,-0.707089680866,0.));
#12183 = ORIENTED_EDGE('',*,*,#12184,.F.);
#12184 = EDGE_CURVE('',#3437,#12177,#12185,.T.);
#12185 = LINE('',#12186,#12187);
#12186 = CARTESIAN_POINT('',(244.708016,56.936981,0.));
#12187 = VECTOR('',#12188,1.);
#12188 = DIRECTION('',(0.,0.,1.));
#12189 = ORIENTED_EDGE('',*,*,#3436,.F.);
#12190 = PLANE('',#12191);
#12191 = AXIS2_PLACEMENT_3D('',#12192,#12193,#12194);
#12192 = CARTESIAN_POINT('',(244.728692,56.957656,0.));
#12193 = DIRECTION('',(0.707089680866,-0.707123881093,0.));
#12194 = DIRECTION('',(-0.707123881093,-0.707089680866,0.));
#12195 = ADVANCED_FACE('',(#12196),#12214,.F.);
#12196 = FACE_BOUND('',#12197,.F.);
#12197 = EDGE_LOOP('',(#12198,#12199,#12207,#12213));
#12198 = ORIENTED_EDGE('',*,*,#12184,.T.);
#12199 = ORIENTED_EDGE('',*,*,#12200,.T.);
#12200 = EDGE_CURVE('',#12177,#12201,#12203,.T.);
#12201 = VERTEX_POINT('',#12202);
#12202 = CARTESIAN_POINT('',(244.680965,56.925779,1.7));
#12203 = LINE('',#12204,#12205);
#12204 = CARTESIAN_POINT('',(244.708016,56.936981,1.7));
#12205 = VECTOR('',#12206,1.);
#12206 = DIRECTION('',(-0.923914439717,-0.382599148043,0.));
#12207 = ORIENTED_EDGE('',*,*,#12208,.F.);
#12208 = EDGE_CURVE('',#3445,#12201,#12209,.T.);
#12209 = LINE('',#12210,#12211);
#12210 = CARTESIAN_POINT('',(244.680965,56.925779,0.));
#12211 = VECTOR('',#12212,1.);
#12212 = DIRECTION('',(0.,0.,1.));
#12213 = ORIENTED_EDGE('',*,*,#3444,.F.);
#12214 = PLANE('',#12215);
#12215 = AXIS2_PLACEMENT_3D('',#12216,#12217,#12218);
#12216 = CARTESIAN_POINT('',(244.708016,56.936981,0.));
#12217 = DIRECTION('',(0.382599148043,-0.923914439717,0.));
#12218 = DIRECTION('',(-0.923914439717,-0.382599148043,0.));
#12219 = ADVANCED_FACE('',(#12220),#12238,.F.);
#12220 = FACE_BOUND('',#12221,.F.);
#12221 = EDGE_LOOP('',(#12222,#12223,#12231,#12237));
#12222 = ORIENTED_EDGE('',*,*,#12208,.T.);
#12223 = ORIENTED_EDGE('',*,*,#12224,.T.);
#12224 = EDGE_CURVE('',#12201,#12225,#12227,.T.);
#12225 = VERTEX_POINT('',#12226);
#12226 = CARTESIAN_POINT('',(244.666335,56.924331,1.7));
#12227 = LINE('',#12228,#12229);
#12228 = CARTESIAN_POINT('',(244.680965,56.925779,1.7));
#12229 = VECTOR('',#12230,1.);
#12230 = DIRECTION('',(-0.995137697729,-9.849346454613E-02,0.));
#12231 = ORIENTED_EDGE('',*,*,#12232,.F.);
#12232 = EDGE_CURVE('',#3453,#12225,#12233,.T.);
#12233 = LINE('',#12234,#12235);
#12234 = CARTESIAN_POINT('',(244.666335,56.924331,0.));
#12235 = VECTOR('',#12236,1.);
#12236 = DIRECTION('',(0.,0.,1.));
#12237 = ORIENTED_EDGE('',*,*,#3452,.F.);
#12238 = PLANE('',#12239);
#12239 = AXIS2_PLACEMENT_3D('',#12240,#12241,#12242);
#12240 = CARTESIAN_POINT('',(244.680965,56.925779,0.));
#12241 = DIRECTION('',(9.849346454613E-02,-0.995137697729,0.));
#12242 = DIRECTION('',(-0.995137697729,-9.849346454613E-02,0.));
#12243 = ADVANCED_FACE('',(#12244),#12262,.F.);
#12244 = FACE_BOUND('',#12245,.F.);
#12245 = EDGE_LOOP('',(#12246,#12247,#12255,#12261));
#12246 = ORIENTED_EDGE('',*,*,#12232,.T.);
#12247 = ORIENTED_EDGE('',*,*,#12248,.T.);
#12248 = EDGE_CURVE('',#12225,#12249,#12251,.T.);
#12249 = VERTEX_POINT('',#12250);
#12250 = CARTESIAN_POINT('',(230.566337,56.924331,1.7));
#12251 = LINE('',#12252,#12253);
#12252 = CARTESIAN_POINT('',(244.666335,56.924331,1.7));
#12253 = VECTOR('',#12254,1.);
#12254 = DIRECTION('',(-1.,0.,0.));
#12255 = ORIENTED_EDGE('',*,*,#12256,.F.);
#12256 = EDGE_CURVE('',#3461,#12249,#12257,.T.);
#12257 = LINE('',#12258,#12259);
#12258 = CARTESIAN_POINT('',(230.566337,56.924331,0.));
#12259 = VECTOR('',#12260,1.);
#12260 = DIRECTION('',(0.,0.,1.));
#12261 = ORIENTED_EDGE('',*,*,#3460,.F.);
#12262 = PLANE('',#12263);
#12263 = AXIS2_PLACEMENT_3D('',#12264,#12265,#12266);
#12264 = CARTESIAN_POINT('',(244.666335,56.924331,0.));
#12265 = DIRECTION('',(0.,-1.,0.));
#12266 = DIRECTION('',(-1.,0.,0.));
#12267 = ADVANCED_FACE('',(#12268),#12286,.F.);
#12268 = FACE_BOUND('',#12269,.F.);
#12269 = EDGE_LOOP('',(#12270,#12271,#12279,#12285));
#12270 = ORIENTED_EDGE('',*,*,#12256,.T.);
#12271 = ORIENTED_EDGE('',*,*,#12272,.T.);
#12272 = EDGE_CURVE('',#12249,#12273,#12275,.T.);
#12273 = VERTEX_POINT('',#12274);
#12274 = CARTESIAN_POINT('',(230.551707,56.925779,1.7));
#12275 = LINE('',#12276,#12277);
#12276 = CARTESIAN_POINT('',(230.566337,56.924331,1.7));
#12277 = VECTOR('',#12278,1.);
#12278 = DIRECTION('',(-0.995137697729,9.849346454594E-02,0.));
#12279 = ORIENTED_EDGE('',*,*,#12280,.F.);
#12280 = EDGE_CURVE('',#3469,#12273,#12281,.T.);
#12281 = LINE('',#12282,#12283);
#12282 = CARTESIAN_POINT('',(230.551707,56.925779,0.));
#12283 = VECTOR('',#12284,1.);
#12284 = DIRECTION('',(0.,0.,1.));
#12285 = ORIENTED_EDGE('',*,*,#3468,.F.);
#12286 = PLANE('',#12287);
#12287 = AXIS2_PLACEMENT_3D('',#12288,#12289,#12290);
#12288 = CARTESIAN_POINT('',(230.566337,56.924331,0.));
#12289 = DIRECTION('',(-9.849346454594E-02,-0.995137697729,0.));
#12290 = DIRECTION('',(-0.995137697729,9.849346454594E-02,0.));
#12291 = ADVANCED_FACE('',(#12292),#12310,.F.);
#12292 = FACE_BOUND('',#12293,.F.);
#12293 = EDGE_LOOP('',(#12294,#12295,#12303,#12309));
#12294 = ORIENTED_EDGE('',*,*,#12280,.T.);
#12295 = ORIENTED_EDGE('',*,*,#12296,.T.);
#12296 = EDGE_CURVE('',#12273,#12297,#12299,.T.);
#12297 = VERTEX_POINT('',#12298);
#12298 = CARTESIAN_POINT('',(230.524656,56.936981,1.7));
#12299 = LINE('',#12300,#12301);
#12300 = CARTESIAN_POINT('',(230.551707,56.925779,1.7));
#12301 = VECTOR('',#12302,1.);
#12302 = DIRECTION('',(-0.923914439717,0.382599148043,0.));
#12303 = ORIENTED_EDGE('',*,*,#12304,.F.);
#12304 = EDGE_CURVE('',#3477,#12297,#12305,.T.);
#12305 = LINE('',#12306,#12307);
#12306 = CARTESIAN_POINT('',(230.524656,56.936981,0.));
#12307 = VECTOR('',#12308,1.);
#12308 = DIRECTION('',(0.,0.,1.));
#12309 = ORIENTED_EDGE('',*,*,#3476,.F.);
#12310 = PLANE('',#12311);
#12311 = AXIS2_PLACEMENT_3D('',#12312,#12313,#12314);
#12312 = CARTESIAN_POINT('',(230.551707,56.925779,0.));
#12313 = DIRECTION('',(-0.382599148043,-0.923914439717,0.));
#12314 = DIRECTION('',(-0.923914439717,0.382599148043,0.));
#12315 = ADVANCED_FACE('',(#12316),#12334,.F.);
#12316 = FACE_BOUND('',#12317,.F.);
#12317 = EDGE_LOOP('',(#12318,#12319,#12327,#12333));
#12318 = ORIENTED_EDGE('',*,*,#12304,.T.);
#12319 = ORIENTED_EDGE('',*,*,#12320,.T.);
#12320 = EDGE_CURVE('',#12297,#12321,#12323,.T.);
#12321 = VERTEX_POINT('',#12322);
#12322 = CARTESIAN_POINT('',(230.50398,56.957656,1.7));
#12323 = LINE('',#12324,#12325);
#12324 = CARTESIAN_POINT('',(230.524656,56.936981,1.7));
#12325 = VECTOR('',#12326,1.);
#12326 = DIRECTION('',(-0.707123881093,0.707089680867,0.));
#12327 = ORIENTED_EDGE('',*,*,#12328,.F.);
#12328 = EDGE_CURVE('',#3485,#12321,#12329,.T.);
#12329 = LINE('',#12330,#12331);
#12330 = CARTESIAN_POINT('',(230.50398,56.957656,0.));
#12331 = VECTOR('',#12332,1.);
#12332 = DIRECTION('',(0.,0.,1.));
#12333 = ORIENTED_EDGE('',*,*,#3484,.F.);
#12334 = PLANE('',#12335);
#12335 = AXIS2_PLACEMENT_3D('',#12336,#12337,#12338);
#12336 = CARTESIAN_POINT('',(230.524656,56.936981,0.));
#12337 = DIRECTION('',(-0.707089680867,-0.707123881093,0.));
#12338 = DIRECTION('',(-0.707123881093,0.707089680867,0.));
#12339 = ADVANCED_FACE('',(#12340),#12358,.F.);
#12340 = FACE_BOUND('',#12341,.F.);
#12341 = EDGE_LOOP('',(#12342,#12343,#12351,#12357));
#12342 = ORIENTED_EDGE('',*,*,#12328,.T.);
#12343 = ORIENTED_EDGE('',*,*,#12344,.T.);
#12344 = EDGE_CURVE('',#12321,#12345,#12347,.T.);
#12345 = VERTEX_POINT('',#12346);
#12346 = CARTESIAN_POINT('',(230.492779,56.984707,1.7));
#12347 = LINE('',#12348,#12349);
#12348 = CARTESIAN_POINT('',(230.50398,56.957656,1.7));
#12349 = VECTOR('',#12350,1.);
#12350 = DIRECTION('',(-0.382569992546,0.923926512664,0.));
#12351 = ORIENTED_EDGE('',*,*,#12352,.F.);
#12352 = EDGE_CURVE('',#3493,#12345,#12353,.T.);
#12353 = LINE('',#12354,#12355);
#12354 = CARTESIAN_POINT('',(230.492779,56.984707,0.));
#12355 = VECTOR('',#12356,1.);
#12356 = DIRECTION('',(0.,0.,1.));
#12357 = ORIENTED_EDGE('',*,*,#3492,.F.);
#12358 = PLANE('',#12359);
#12359 = AXIS2_PLACEMENT_3D('',#12360,#12361,#12362);
#12360 = CARTESIAN_POINT('',(230.50398,56.957656,0.));
#12361 = DIRECTION('',(-0.923926512664,-0.382569992546,0.));
#12362 = DIRECTION('',(-0.382569992546,0.923926512664,0.));
#12363 = ADVANCED_FACE('',(#12364),#12382,.F.);
#12364 = FACE_BOUND('',#12365,.F.);
#12365 = EDGE_LOOP('',(#12366,#12367,#12375,#12381));
#12366 = ORIENTED_EDGE('',*,*,#12352,.T.);
#12367 = ORIENTED_EDGE('',*,*,#12368,.T.);
#12368 = EDGE_CURVE('',#12345,#12369,#12371,.T.);
#12369 = VERTEX_POINT('',#12370);
#12370 = CARTESIAN_POINT('',(230.491331,56.999338,1.7));
#12371 = LINE('',#12372,#12373);
#12372 = CARTESIAN_POINT('',(230.492779,56.984707,1.7));
#12373 = VECTOR('',#12374,1.);
#12374 = DIRECTION('',(-9.848679801152E-02,0.995138357525,0.));
#12375 = ORIENTED_EDGE('',*,*,#12376,.F.);
#12376 = EDGE_CURVE('',#3501,#12369,#12377,.T.);
#12377 = LINE('',#12378,#12379);
#12378 = CARTESIAN_POINT('',(230.491331,56.999338,0.));
#12379 = VECTOR('',#12380,1.);
#12380 = DIRECTION('',(0.,0.,1.));
#12381 = ORIENTED_EDGE('',*,*,#3500,.F.);
#12382 = PLANE('',#12383);
#12383 = AXIS2_PLACEMENT_3D('',#12384,#12385,#12386);
#12384 = CARTESIAN_POINT('',(230.492779,56.984707,0.));
#12385 = DIRECTION('',(-0.995138357525,-9.848679801152E-02,0.));
#12386 = DIRECTION('',(-9.848679801152E-02,0.995138357525,0.));
#12387 = ADVANCED_FACE('',(#12388),#12406,.F.);
#12388 = FACE_BOUND('',#12389,.F.);
#12389 = EDGE_LOOP('',(#12390,#12391,#12399,#12405));
#12390 = ORIENTED_EDGE('',*,*,#12376,.T.);
#12391 = ORIENTED_EDGE('',*,*,#12392,.T.);
#12392 = EDGE_CURVE('',#12369,#12393,#12395,.T.);
#12393 = VERTEX_POINT('',#12394);
#12394 = CARTESIAN_POINT('',(230.491331,71.099335,1.7));
#12395 = LINE('',#12396,#12397);
#12396 = CARTESIAN_POINT('',(230.491331,56.999338,1.7));
#12397 = VECTOR('',#12398,1.);
#12398 = DIRECTION('',(0.,1.,0.));
#12399 = ORIENTED_EDGE('',*,*,#12400,.F.);
#12400 = EDGE_CURVE('',#3509,#12393,#12401,.T.);
#12401 = LINE('',#12402,#12403);
#12402 = CARTESIAN_POINT('',(230.491331,71.099335,0.));
#12403 = VECTOR('',#12404,1.);
#12404 = DIRECTION('',(0.,0.,1.));
#12405 = ORIENTED_EDGE('',*,*,#3508,.F.);
#12406 = PLANE('',#12407);
#12407 = AXIS2_PLACEMENT_3D('',#12408,#12409,#12410);
#12408 = CARTESIAN_POINT('',(230.491331,56.999338,0.));
#12409 = DIRECTION('',(-1.,0.,0.));
#12410 = DIRECTION('',(0.,1.,0.));
#12411 = ADVANCED_FACE('',(#12412),#12430,.F.);
#12412 = FACE_BOUND('',#12413,.F.);
#12413 = EDGE_LOOP('',(#12414,#12415,#12423,#12429));
#12414 = ORIENTED_EDGE('',*,*,#12400,.T.);
#12415 = ORIENTED_EDGE('',*,*,#12416,.T.);
#12416 = EDGE_CURVE('',#12393,#12417,#12419,.T.);
#12417 = VERTEX_POINT('',#12418);
#12418 = CARTESIAN_POINT('',(230.492779,71.113965,1.7));
#12419 = LINE('',#12420,#12421);
#12420 = CARTESIAN_POINT('',(230.491331,71.099335,1.7));
#12421 = VECTOR('',#12422,1.);
#12422 = DIRECTION('',(9.849346454699E-02,0.995137697729,0.));
#12423 = ORIENTED_EDGE('',*,*,#12424,.F.);
#12424 = EDGE_CURVE('',#3517,#12417,#12425,.T.);
#12425 = LINE('',#12426,#12427);
#12426 = CARTESIAN_POINT('',(230.492779,71.113965,0.));
#12427 = VECTOR('',#12428,1.);
#12428 = DIRECTION('',(0.,0.,1.));
#12429 = ORIENTED_EDGE('',*,*,#3516,.F.);
#12430 = PLANE('',#12431);
#12431 = AXIS2_PLACEMENT_3D('',#12432,#12433,#12434);
#12432 = CARTESIAN_POINT('',(230.491331,71.099335,0.));
#12433 = DIRECTION('',(-0.995137697729,9.849346454699E-02,0.));
#12434 = DIRECTION('',(9.849346454699E-02,0.995137697729,0.));
#12435 = ADVANCED_FACE('',(#12436),#12454,.F.);
#12436 = FACE_BOUND('',#12437,.F.);
#12437 = EDGE_LOOP('',(#12438,#12439,#12447,#12453));
#12438 = ORIENTED_EDGE('',*,*,#12424,.T.);
#12439 = ORIENTED_EDGE('',*,*,#12440,.T.);
#12440 = EDGE_CURVE('',#12417,#12441,#12443,.T.);
#12441 = VERTEX_POINT('',#12442);
#12442 = CARTESIAN_POINT('',(230.50398,71.141016,1.7));
#12443 = LINE('',#12444,#12445);
#12444 = CARTESIAN_POINT('',(230.492779,71.113965,1.7));
#12445 = VECTOR('',#12446,1.);
#12446 = DIRECTION('',(0.382569992546,0.923926512664,0.));
#12447 = ORIENTED_EDGE('',*,*,#12448,.F.);
#12448 = EDGE_CURVE('',#3525,#12441,#12449,.T.);
#12449 = LINE('',#12450,#12451);
#12450 = CARTESIAN_POINT('',(230.50398,71.141016,0.));
#12451 = VECTOR('',#12452,1.);
#12452 = DIRECTION('',(0.,0.,1.));
#12453 = ORIENTED_EDGE('',*,*,#3524,.F.);
#12454 = PLANE('',#12455);
#12455 = AXIS2_PLACEMENT_3D('',#12456,#12457,#12458);
#12456 = CARTESIAN_POINT('',(230.492779,71.113965,0.));
#12457 = DIRECTION('',(-0.923926512664,0.382569992546,0.));
#12458 = DIRECTION('',(0.382569992546,0.923926512664,0.));
#12459 = ADVANCED_FACE('',(#12460),#12478,.F.);
#12460 = FACE_BOUND('',#12461,.F.);
#12461 = EDGE_LOOP('',(#12462,#12463,#12471,#12477));
#12462 = ORIENTED_EDGE('',*,*,#12448,.T.);
#12463 = ORIENTED_EDGE('',*,*,#12464,.T.);
#12464 = EDGE_CURVE('',#12441,#12465,#12467,.T.);
#12465 = VERTEX_POINT('',#12466);
#12466 = CARTESIAN_POINT('',(230.524656,71.161692,1.7));
#12467 = LINE('',#12468,#12469);
#12468 = CARTESIAN_POINT('',(230.50398,71.141016,1.7));
#12469 = VECTOR('',#12470,1.);
#12470 = DIRECTION('',(0.707106781186,0.707106781187,0.));
#12471 = ORIENTED_EDGE('',*,*,#12472,.F.);
#12472 = EDGE_CURVE('',#3533,#12465,#12473,.T.);
#12473 = LINE('',#12474,#12475);
#12474 = CARTESIAN_POINT('',(230.524656,71.161692,0.));
#12475 = VECTOR('',#12476,1.);
#12476 = DIRECTION('',(0.,0.,1.));
#12477 = ORIENTED_EDGE('',*,*,#3532,.F.);
#12478 = PLANE('',#12479);
#12479 = AXIS2_PLACEMENT_3D('',#12480,#12481,#12482);
#12480 = CARTESIAN_POINT('',(230.50398,71.141016,0.));
#12481 = DIRECTION('',(-0.707106781187,0.707106781186,0.));
#12482 = DIRECTION('',(0.707106781186,0.707106781187,0.));
#12483 = ADVANCED_FACE('',(#12484),#12502,.F.);
#12484 = FACE_BOUND('',#12485,.F.);
#12485 = EDGE_LOOP('',(#12486,#12487,#12495,#12501));
#12486 = ORIENTED_EDGE('',*,*,#12472,.T.);
#12487 = ORIENTED_EDGE('',*,*,#12488,.T.);
#12488 = EDGE_CURVE('',#12465,#12489,#12491,.T.);
#12489 = VERTEX_POINT('',#12490);
#12490 = CARTESIAN_POINT('',(230.551707,71.172893,1.7));
#12491 = LINE('',#12492,#12493);
#12492 = CARTESIAN_POINT('',(230.524656,71.161692,1.7));
#12493 = VECTOR('',#12494,1.);
#12494 = DIRECTION('',(0.923926512664,0.382569992546,0.));
#12495 = ORIENTED_EDGE('',*,*,#12496,.F.);
#12496 = EDGE_CURVE('',#3541,#12489,#12497,.T.);
#12497 = LINE('',#12498,#12499);
#12498 = CARTESIAN_POINT('',(230.551707,71.172893,0.));
#12499 = VECTOR('',#12500,1.);
#12500 = DIRECTION('',(0.,0.,1.));
#12501 = ORIENTED_EDGE('',*,*,#3540,.F.);
#12502 = PLANE('',#12503);
#12503 = AXIS2_PLACEMENT_3D('',#12504,#12505,#12506);
#12504 = CARTESIAN_POINT('',(230.524656,71.161692,0.));
#12505 = DIRECTION('',(-0.382569992546,0.923926512664,0.));
#12506 = DIRECTION('',(0.923926512664,0.382569992546,0.));
#12507 = ADVANCED_FACE('',(#12508),#12526,.F.);
#12508 = FACE_BOUND('',#12509,.F.);
#12509 = EDGE_LOOP('',(#12510,#12511,#12519,#12525));
#12510 = ORIENTED_EDGE('',*,*,#12496,.T.);
#12511 = ORIENTED_EDGE('',*,*,#12512,.T.);
#12512 = EDGE_CURVE('',#12489,#12513,#12515,.T.);
#12513 = VERTEX_POINT('',#12514);
#12514 = CARTESIAN_POINT('',(230.566337,71.174341,1.7));
#12515 = LINE('',#12516,#12517);
#12516 = CARTESIAN_POINT('',(230.551707,71.172893,1.7));
#12517 = VECTOR('',#12518,1.);
#12518 = DIRECTION('',(0.995137697729,9.849346454594E-02,0.));
#12519 = ORIENTED_EDGE('',*,*,#12520,.F.);
#12520 = EDGE_CURVE('',#3549,#12513,#12521,.T.);
#12521 = LINE('',#12522,#12523);
#12522 = CARTESIAN_POINT('',(230.566337,71.174341,0.));
#12523 = VECTOR('',#12524,1.);
#12524 = DIRECTION('',(0.,0.,1.));
#12525 = ORIENTED_EDGE('',*,*,#3548,.F.);
#12526 = PLANE('',#12527);
#12527 = AXIS2_PLACEMENT_3D('',#12528,#12529,#12530);
#12528 = CARTESIAN_POINT('',(230.551707,71.172893,0.));
#12529 = DIRECTION('',(-9.849346454594E-02,0.995137697729,0.));
#12530 = DIRECTION('',(0.995137697729,9.849346454594E-02,0.));
#12531 = ADVANCED_FACE('',(#12532),#12550,.F.);
#12532 = FACE_BOUND('',#12533,.F.);
#12533 = EDGE_LOOP('',(#12534,#12535,#12543,#12549));
#12534 = ORIENTED_EDGE('',*,*,#12520,.T.);
#12535 = ORIENTED_EDGE('',*,*,#12536,.T.);
#12536 = EDGE_CURVE('',#12513,#12537,#12539,.T.);
#12537 = VERTEX_POINT('',#12538);
#12538 = CARTESIAN_POINT('',(244.666335,71.174341,1.7));
#12539 = LINE('',#12540,#12541);
#12540 = CARTESIAN_POINT('',(230.566337,71.174341,1.7));
#12541 = VECTOR('',#12542,1.);
#12542 = DIRECTION('',(1.,0.,0.));
#12543 = ORIENTED_EDGE('',*,*,#12544,.F.);
#12544 = EDGE_CURVE('',#3557,#12537,#12545,.T.);
#12545 = LINE('',#12546,#12547);
#12546 = CARTESIAN_POINT('',(244.666335,71.174341,0.));
#12547 = VECTOR('',#12548,1.);
#12548 = DIRECTION('',(0.,0.,1.));
#12549 = ORIENTED_EDGE('',*,*,#3556,.F.);
#12550 = PLANE('',#12551);
#12551 = AXIS2_PLACEMENT_3D('',#12552,#12553,#12554);
#12552 = CARTESIAN_POINT('',(230.566337,71.174341,0.));
#12553 = DIRECTION('',(0.,1.,0.));
#12554 = DIRECTION('',(1.,0.,0.));
#12555 = ADVANCED_FACE('',(#12556),#12567,.F.);
#12556 = FACE_BOUND('',#12557,.F.);
#12557 = EDGE_LOOP('',(#12558,#12559,#12565,#12566));
#12558 = ORIENTED_EDGE('',*,*,#12544,.T.);
#12559 = ORIENTED_EDGE('',*,*,#12560,.T.);
#12560 = EDGE_CURVE('',#12537,#12001,#12561,.T.);
#12561 = LINE('',#12562,#12563);
#12562 = CARTESIAN_POINT('',(244.666335,71.174341,1.7));
#12563 = VECTOR('',#12564,1.);
#12564 = DIRECTION('',(0.995137697729,-9.849346454613E-02,0.));
#12565 = ORIENTED_EDGE('',*,*,#12000,.F.);
#12566 = ORIENTED_EDGE('',*,*,#3564,.F.);
#12567 = PLANE('',#12568);
#12568 = AXIS2_PLACEMENT_3D('',#12569,#12570,#12571);
#12569 = CARTESIAN_POINT('',(244.666335,71.174341,0.));
#12570 = DIRECTION('',(9.849346454613E-02,0.995137697729,0.));
#12571 = DIRECTION('',(0.995137697729,-9.849346454613E-02,0.));
#12572 = ADVANCED_FACE('',(#12573),#12598,.F.);
#12573 = FACE_BOUND('',#12574,.F.);
#12574 = EDGE_LOOP('',(#12575,#12583,#12591,#12597));
#12575 = ORIENTED_EDGE('',*,*,#12576,.T.);
#12576 = EDGE_CURVE('',#3573,#12577,#12579,.T.);
#12577 = VERTEX_POINT('',#12578);
#12578 = CARTESIAN_POINT('',(225.630965,71.172893,1.7));
#12579 = LINE('',#12580,#12581);
#12580 = CARTESIAN_POINT('',(225.630965,71.172893,0.));
#12581 = VECTOR('',#12582,1.);
#12582 = DIRECTION('',(0.,0.,1.));
#12583 = ORIENTED_EDGE('',*,*,#12584,.T.);
#12584 = EDGE_CURVE('',#12577,#12585,#12587,.T.);
#12585 = VERTEX_POINT('',#12586);
#12586 = CARTESIAN_POINT('',(225.658016,71.161692,1.7));
#12587 = LINE('',#12588,#12589);
#12588 = CARTESIAN_POINT('',(225.630965,71.172893,1.7));
#12589 = VECTOR('',#12590,1.);
#12590 = DIRECTION('',(0.923926512664,-0.382569992546,0.));
#12591 = ORIENTED_EDGE('',*,*,#12592,.F.);
#12592 = EDGE_CURVE('',#3575,#12585,#12593,.T.);
#12593 = LINE('',#12594,#12595);
#12594 = CARTESIAN_POINT('',(225.658016,71.161692,0.));
#12595 = VECTOR('',#12596,1.);
#12596 = DIRECTION('',(0.,0.,1.));
#12597 = ORIENTED_EDGE('',*,*,#3572,.F.);
#12598 = PLANE('',#12599);
#12599 = AXIS2_PLACEMENT_3D('',#12600,#12601,#12602);
#12600 = CARTESIAN_POINT('',(225.630965,71.172893,0.));
#12601 = DIRECTION('',(0.382569992546,0.923926512664,0.));
#12602 = DIRECTION('',(0.923926512664,-0.382569992546,0.));
#12603 = ADVANCED_FACE('',(#12604),#12622,.F.);
#12604 = FACE_BOUND('',#12605,.F.);
#12605 = EDGE_LOOP('',(#12606,#12607,#12615,#12621));
#12606 = ORIENTED_EDGE('',*,*,#12592,.T.);
#12607 = ORIENTED_EDGE('',*,*,#12608,.T.);
#12608 = EDGE_CURVE('',#12585,#12609,#12611,.T.);
#12609 = VERTEX_POINT('',#12610);
#12610 = CARTESIAN_POINT('',(225.678692,71.141016,1.7));
#12611 = LINE('',#12612,#12613);
#12612 = CARTESIAN_POINT('',(225.658016,71.161692,1.7));
#12613 = VECTOR('',#12614,1.);
#12614 = DIRECTION('',(0.707106781187,-0.707106781187,0.));
#12615 = ORIENTED_EDGE('',*,*,#12616,.F.);
#12616 = EDGE_CURVE('',#3583,#12609,#12617,.T.);
#12617 = LINE('',#12618,#12619);
#12618 = CARTESIAN_POINT('',(225.678692,71.141016,0.));
#12619 = VECTOR('',#12620,1.);
#12620 = DIRECTION('',(0.,0.,1.));
#12621 = ORIENTED_EDGE('',*,*,#3582,.F.);
#12622 = PLANE('',#12623);
#12623 = AXIS2_PLACEMENT_3D('',#12624,#12625,#12626);
#12624 = CARTESIAN_POINT('',(225.658016,71.161692,0.));
#12625 = DIRECTION('',(0.707106781187,0.707106781187,0.));
#12626 = DIRECTION('',(0.707106781187,-0.707106781187,0.));
#12627 = ADVANCED_FACE('',(#12628),#12646,.F.);
#12628 = FACE_BOUND('',#12629,.F.);
#12629 = EDGE_LOOP('',(#12630,#12631,#12639,#12645));
#12630 = ORIENTED_EDGE('',*,*,#12616,.T.);
#12631 = ORIENTED_EDGE('',*,*,#12632,.T.);
#12632 = EDGE_CURVE('',#12609,#12633,#12635,.T.);
#12633 = VERTEX_POINT('',#12634);
#12634 = CARTESIAN_POINT('',(225.689893,71.113965,1.7));
#12635 = LINE('',#12636,#12637);
#12636 = CARTESIAN_POINT('',(225.678692,71.141016,1.7));
#12637 = VECTOR('',#12638,1.);
#12638 = DIRECTION('',(0.382569992546,-0.923926512664,0.));
#12639 = ORIENTED_EDGE('',*,*,#12640,.F.);
#12640 = EDGE_CURVE('',#3591,#12633,#12641,.T.);
#12641 = LINE('',#12642,#12643);
#12642 = CARTESIAN_POINT('',(225.689893,71.113965,0.));
#12643 = VECTOR('',#12644,1.);
#12644 = DIRECTION('',(0.,0.,1.));
#12645 = ORIENTED_EDGE('',*,*,#3590,.F.);
#12646 = PLANE('',#12647);
#12647 = AXIS2_PLACEMENT_3D('',#12648,#12649,#12650);
#12648 = CARTESIAN_POINT('',(225.678692,71.141016,0.));
#12649 = DIRECTION('',(0.923926512664,0.382569992546,0.));
#12650 = DIRECTION('',(0.382569992546,-0.923926512664,0.));
#12651 = ADVANCED_FACE('',(#12652),#12670,.F.);
#12652 = FACE_BOUND('',#12653,.F.);
#12653 = EDGE_LOOP('',(#12654,#12655,#12663,#12669));
#12654 = ORIENTED_EDGE('',*,*,#12640,.T.);
#12655 = ORIENTED_EDGE('',*,*,#12656,.T.);
#12656 = EDGE_CURVE('',#12633,#12657,#12659,.T.);
#12657 = VERTEX_POINT('',#12658);
#12658 = CARTESIAN_POINT('',(225.691341,71.099335,1.7));
#12659 = LINE('',#12660,#12661);
#12660 = CARTESIAN_POINT('',(225.689893,71.113965,1.7));
#12661 = VECTOR('',#12662,1.);
#12662 = DIRECTION('',(9.849346454508E-02,-0.995137697729,0.));
#12663 = ORIENTED_EDGE('',*,*,#12664,.F.);
#12664 = EDGE_CURVE('',#3599,#12657,#12665,.T.);
#12665 = LINE('',#12666,#12667);
#12666 = CARTESIAN_POINT('',(225.691341,71.099335,0.));
#12667 = VECTOR('',#12668,1.);
#12668 = DIRECTION('',(0.,0.,1.));
#12669 = ORIENTED_EDGE('',*,*,#3598,.F.);
#12670 = PLANE('',#12671);
#12671 = AXIS2_PLACEMENT_3D('',#12672,#12673,#12674);
#12672 = CARTESIAN_POINT('',(225.689893,71.113965,0.));
#12673 = DIRECTION('',(0.995137697729,9.849346454508E-02,0.));
#12674 = DIRECTION('',(9.849346454508E-02,-0.995137697729,0.));
#12675 = ADVANCED_FACE('',(#12676),#12694,.F.);
#12676 = FACE_BOUND('',#12677,.F.);
#12677 = EDGE_LOOP('',(#12678,#12679,#12687,#12693));
#12678 = ORIENTED_EDGE('',*,*,#12664,.T.);
#12679 = ORIENTED_EDGE('',*,*,#12680,.T.);
#12680 = EDGE_CURVE('',#12657,#12681,#12683,.T.);
#12681 = VERTEX_POINT('',#12682);
#12682 = CARTESIAN_POINT('',(225.691341,56.999338,1.7));
#12683 = LINE('',#12684,#12685);
#12684 = CARTESIAN_POINT('',(225.691341,71.099335,1.7));
#12685 = VECTOR('',#12686,1.);
#12686 = DIRECTION('',(0.,-1.,0.));
#12687 = ORIENTED_EDGE('',*,*,#12688,.F.);
#12688 = EDGE_CURVE('',#3607,#12681,#12689,.T.);
#12689 = LINE('',#12690,#12691);
#12690 = CARTESIAN_POINT('',(225.691341,56.999338,0.));
#12691 = VECTOR('',#12692,1.);
#12692 = DIRECTION('',(0.,0.,1.));
#12693 = ORIENTED_EDGE('',*,*,#3606,.F.);
#12694 = PLANE('',#12695);
#12695 = AXIS2_PLACEMENT_3D('',#12696,#12697,#12698);
#12696 = CARTESIAN_POINT('',(225.691341,71.099335,0.));
#12697 = DIRECTION('',(1.,0.,0.));
#12698 = DIRECTION('',(0.,-1.,0.));
#12699 = ADVANCED_FACE('',(#12700),#12718,.F.);
#12700 = FACE_BOUND('',#12701,.F.);
#12701 = EDGE_LOOP('',(#12702,#12703,#12711,#12717));
#12702 = ORIENTED_EDGE('',*,*,#12688,.T.);
#12703 = ORIENTED_EDGE('',*,*,#12704,.T.);
#12704 = EDGE_CURVE('',#12681,#12705,#12707,.T.);
#12705 = VERTEX_POINT('',#12706);
#12706 = CARTESIAN_POINT('',(225.689893,56.984707,1.7));
#12707 = LINE('',#12708,#12709);
#12708 = CARTESIAN_POINT('',(225.691341,56.999338,1.7));
#12709 = VECTOR('',#12710,1.);
#12710 = DIRECTION('',(-9.84867980096E-02,-0.995138357525,0.));
#12711 = ORIENTED_EDGE('',*,*,#12712,.F.);
#12712 = EDGE_CURVE('',#3615,#12705,#12713,.T.);
#12713 = LINE('',#12714,#12715);
#12714 = CARTESIAN_POINT('',(225.689893,56.984707,0.));
#12715 = VECTOR('',#12716,1.);
#12716 = DIRECTION('',(0.,0.,1.));
#12717 = ORIENTED_EDGE('',*,*,#3614,.F.);
#12718 = PLANE('',#12719);
#12719 = AXIS2_PLACEMENT_3D('',#12720,#12721,#12722);
#12720 = CARTESIAN_POINT('',(225.691341,56.999338,0.));
#12721 = DIRECTION('',(0.995138357525,-9.84867980096E-02,0.));
#12722 = DIRECTION('',(-9.84867980096E-02,-0.995138357525,0.));
#12723 = ADVANCED_FACE('',(#12724),#12742,.F.);
#12724 = FACE_BOUND('',#12725,.F.);
#12725 = EDGE_LOOP('',(#12726,#12727,#12735,#12741));
#12726 = ORIENTED_EDGE('',*,*,#12712,.T.);
#12727 = ORIENTED_EDGE('',*,*,#12728,.T.);
#12728 = EDGE_CURVE('',#12705,#12729,#12731,.T.);
#12729 = VERTEX_POINT('',#12730);
#12730 = CARTESIAN_POINT('',(225.678692,56.957656,1.7));
#12731 = LINE('',#12732,#12733);
#12732 = CARTESIAN_POINT('',(225.689893,56.984707,1.7));
#12733 = VECTOR('',#12734,1.);
#12734 = DIRECTION('',(-0.382569992546,-0.923926512664,0.));
#12735 = ORIENTED_EDGE('',*,*,#12736,.F.);
#12736 = EDGE_CURVE('',#3623,#12729,#12737,.T.);
#12737 = LINE('',#12738,#12739);
#12738 = CARTESIAN_POINT('',(225.678692,56.957656,0.));
#12739 = VECTOR('',#12740,1.);
#12740 = DIRECTION('',(0.,0.,1.));
#12741 = ORIENTED_EDGE('',*,*,#3622,.F.);
#12742 = PLANE('',#12743);
#12743 = AXIS2_PLACEMENT_3D('',#12744,#12745,#12746);
#12744 = CARTESIAN_POINT('',(225.689893,56.984707,0.));
#12745 = DIRECTION('',(0.923926512664,-0.382569992546,0.));
#12746 = DIRECTION('',(-0.382569992546,-0.923926512664,0.));
#12747 = ADVANCED_FACE('',(#12748),#12766,.F.);
#12748 = FACE_BOUND('',#12749,.F.);
#12749 = EDGE_LOOP('',(#12750,#12751,#12759,#12765));
#12750 = ORIENTED_EDGE('',*,*,#12736,.T.);
#12751 = ORIENTED_EDGE('',*,*,#12752,.T.);
#12752 = EDGE_CURVE('',#12729,#12753,#12755,.T.);
#12753 = VERTEX_POINT('',#12754);
#12754 = CARTESIAN_POINT('',(225.658016,56.936981,1.7));
#12755 = LINE('',#12756,#12757);
#12756 = CARTESIAN_POINT('',(225.678692,56.957656,1.7));
#12757 = VECTOR('',#12758,1.);
#12758 = DIRECTION('',(-0.707123881093,-0.707089680866,0.));
#12759 = ORIENTED_EDGE('',*,*,#12760,.F.);
#12760 = EDGE_CURVE('',#3631,#12753,#12761,.T.);
#12761 = LINE('',#12762,#12763);
#12762 = CARTESIAN_POINT('',(225.658016,56.936981,0.));
#12763 = VECTOR('',#12764,1.);
#12764 = DIRECTION('',(0.,0.,1.));
#12765 = ORIENTED_EDGE('',*,*,#3630,.F.);
#12766 = PLANE('',#12767);
#12767 = AXIS2_PLACEMENT_3D('',#12768,#12769,#12770);
#12768 = CARTESIAN_POINT('',(225.678692,56.957656,0.));
#12769 = DIRECTION('',(0.707089680866,-0.707123881093,0.));
#12770 = DIRECTION('',(-0.707123881093,-0.707089680866,0.));
#12771 = ADVANCED_FACE('',(#12772),#12790,.F.);
#12772 = FACE_BOUND('',#12773,.F.);
#12773 = EDGE_LOOP('',(#12774,#12775,#12783,#12789));
#12774 = ORIENTED_EDGE('',*,*,#12760,.T.);
#12775 = ORIENTED_EDGE('',*,*,#12776,.T.);
#12776 = EDGE_CURVE('',#12753,#12777,#12779,.T.);
#12777 = VERTEX_POINT('',#12778);
#12778 = CARTESIAN_POINT('',(225.630965,56.925779,1.7));
#12779 = LINE('',#12780,#12781);
#12780 = CARTESIAN_POINT('',(225.658016,56.936981,1.7));
#12781 = VECTOR('',#12782,1.);
#12782 = DIRECTION('',(-0.923914439717,-0.382599148043,0.));
#12783 = ORIENTED_EDGE('',*,*,#12784,.F.);
#12784 = EDGE_CURVE('',#3639,#12777,#12785,.T.);
#12785 = LINE('',#12786,#12787);
#12786 = CARTESIAN_POINT('',(225.630965,56.925779,0.));
#12787 = VECTOR('',#12788,1.);
#12788 = DIRECTION('',(0.,0.,1.));
#12789 = ORIENTED_EDGE('',*,*,#3638,.F.);
#12790 = PLANE('',#12791);
#12791 = AXIS2_PLACEMENT_3D('',#12792,#12793,#12794);
#12792 = CARTESIAN_POINT('',(225.658016,56.936981,0.));
#12793 = DIRECTION('',(0.382599148043,-0.923914439717,0.));
#12794 = DIRECTION('',(-0.923914439717,-0.382599148043,0.));
#12795 = ADVANCED_FACE('',(#12796),#12814,.F.);
#12796 = FACE_BOUND('',#12797,.F.);
#12797 = EDGE_LOOP('',(#12798,#12799,#12807,#12813));
#12798 = ORIENTED_EDGE('',*,*,#12784,.T.);
#12799 = ORIENTED_EDGE('',*,*,#12800,.T.);
#12800 = EDGE_CURVE('',#12777,#12801,#12803,.T.);
#12801 = VERTEX_POINT('',#12802);
#12802 = CARTESIAN_POINT('',(225.616335,56.924331,1.7));
#12803 = LINE('',#12804,#12805);
#12804 = CARTESIAN_POINT('',(225.630965,56.925779,1.7));
#12805 = VECTOR('',#12806,1.);
#12806 = DIRECTION('',(-0.995137697729,-9.849346454594E-02,0.));
#12807 = ORIENTED_EDGE('',*,*,#12808,.F.);
#12808 = EDGE_CURVE('',#3647,#12801,#12809,.T.);
#12809 = LINE('',#12810,#12811);
#12810 = CARTESIAN_POINT('',(225.616335,56.924331,0.));
#12811 = VECTOR('',#12812,1.);
#12812 = DIRECTION('',(0.,0.,1.));
#12813 = ORIENTED_EDGE('',*,*,#3646,.F.);
#12814 = PLANE('',#12815);
#12815 = AXIS2_PLACEMENT_3D('',#12816,#12817,#12818);
#12816 = CARTESIAN_POINT('',(225.630965,56.925779,0.));
#12817 = DIRECTION('',(9.849346454594E-02,-0.995137697729,0.));
#12818 = DIRECTION('',(-0.995137697729,-9.849346454594E-02,0.));
#12819 = ADVANCED_FACE('',(#12820),#12838,.F.);
#12820 = FACE_BOUND('',#12821,.F.);
#12821 = EDGE_LOOP('',(#12822,#12823,#12831,#12837));
#12822 = ORIENTED_EDGE('',*,*,#12808,.T.);
#12823 = ORIENTED_EDGE('',*,*,#12824,.T.);
#12824 = EDGE_CURVE('',#12801,#12825,#12827,.T.);
#12825 = VERTEX_POINT('',#12826);
#12826 = CARTESIAN_POINT('',(211.516337,56.924331,1.7));
#12827 = LINE('',#12828,#12829);
#12828 = CARTESIAN_POINT('',(225.616335,56.924331,1.7));
#12829 = VECTOR('',#12830,1.);
#12830 = DIRECTION('',(-1.,0.,0.));
#12831 = ORIENTED_EDGE('',*,*,#12832,.F.);
#12832 = EDGE_CURVE('',#3655,#12825,#12833,.T.);
#12833 = LINE('',#12834,#12835);
#12834 = CARTESIAN_POINT('',(211.516337,56.924331,0.));
#12835 = VECTOR('',#12836,1.);
#12836 = DIRECTION('',(0.,0.,1.));
#12837 = ORIENTED_EDGE('',*,*,#3654,.F.);
#12838 = PLANE('',#12839);
#12839 = AXIS2_PLACEMENT_3D('',#12840,#12841,#12842);
#12840 = CARTESIAN_POINT('',(225.616335,56.924331,0.));
#12841 = DIRECTION('',(0.,-1.,0.));
#12842 = DIRECTION('',(-1.,0.,0.));
#12843 = ADVANCED_FACE('',(#12844),#12862,.F.);
#12844 = FACE_BOUND('',#12845,.F.);
#12845 = EDGE_LOOP('',(#12846,#12847,#12855,#12861));
#12846 = ORIENTED_EDGE('',*,*,#12832,.T.);
#12847 = ORIENTED_EDGE('',*,*,#12848,.T.);
#12848 = EDGE_CURVE('',#12825,#12849,#12851,.T.);
#12849 = VERTEX_POINT('',#12850);
#12850 = CARTESIAN_POINT('',(211.501707,56.925779,1.7));
#12851 = LINE('',#12852,#12853);
#12852 = CARTESIAN_POINT('',(211.516337,56.924331,1.7));
#12853 = VECTOR('',#12854,1.);
#12854 = DIRECTION('',(-0.995137697729,9.849346454613E-02,0.));
#12855 = ORIENTED_EDGE('',*,*,#12856,.F.);
#12856 = EDGE_CURVE('',#3663,#12849,#12857,.T.);
#12857 = LINE('',#12858,#12859);
#12858 = CARTESIAN_POINT('',(211.501707,56.925779,0.));
#12859 = VECTOR('',#12860,1.);
#12860 = DIRECTION('',(0.,0.,1.));
#12861 = ORIENTED_EDGE('',*,*,#3662,.F.);
#12862 = PLANE('',#12863);
#12863 = AXIS2_PLACEMENT_3D('',#12864,#12865,#12866);
#12864 = CARTESIAN_POINT('',(211.516337,56.924331,0.));
#12865 = DIRECTION('',(-9.849346454613E-02,-0.995137697729,0.));
#12866 = DIRECTION('',(-0.995137697729,9.849346454613E-02,0.));
#12867 = ADVANCED_FACE('',(#12868),#12886,.F.);
#12868 = FACE_BOUND('',#12869,.F.);
#12869 = EDGE_LOOP('',(#12870,#12871,#12879,#12885));
#12870 = ORIENTED_EDGE('',*,*,#12856,.T.);
#12871 = ORIENTED_EDGE('',*,*,#12872,.T.);
#12872 = EDGE_CURVE('',#12849,#12873,#12875,.T.);
#12873 = VERTEX_POINT('',#12874);
#12874 = CARTESIAN_POINT('',(211.474656,56.936981,1.7));
#12875 = LINE('',#12876,#12877);
#12876 = CARTESIAN_POINT('',(211.501707,56.925779,1.7));
#12877 = VECTOR('',#12878,1.);
#12878 = DIRECTION('',(-0.923914439717,0.382599148043,0.));
#12879 = ORIENTED_EDGE('',*,*,#12880,.F.);
#12880 = EDGE_CURVE('',#3671,#12873,#12881,.T.);
#12881 = LINE('',#12882,#12883);
#12882 = CARTESIAN_POINT('',(211.474656,56.936981,0.));
#12883 = VECTOR('',#12884,1.);
#12884 = DIRECTION('',(0.,0.,1.));
#12885 = ORIENTED_EDGE('',*,*,#3670,.F.);
#12886 = PLANE('',#12887);
#12887 = AXIS2_PLACEMENT_3D('',#12888,#12889,#12890);
#12888 = CARTESIAN_POINT('',(211.501707,56.925779,0.));
#12889 = DIRECTION('',(-0.382599148043,-0.923914439717,0.));
#12890 = DIRECTION('',(-0.923914439717,0.382599148043,0.));
#12891 = ADVANCED_FACE('',(#12892),#12910,.F.);
#12892 = FACE_BOUND('',#12893,.F.);
#12893 = EDGE_LOOP('',(#12894,#12895,#12903,#12909));
#12894 = ORIENTED_EDGE('',*,*,#12880,.T.);
#12895 = ORIENTED_EDGE('',*,*,#12896,.T.);
#12896 = EDGE_CURVE('',#12873,#12897,#12899,.T.);
#12897 = VERTEX_POINT('',#12898);
#12898 = CARTESIAN_POINT('',(211.45398,56.957656,1.7));
#12899 = LINE('',#12900,#12901);
#12900 = CARTESIAN_POINT('',(211.474656,56.936981,1.7));
#12901 = VECTOR('',#12902,1.);
#12902 = DIRECTION('',(-0.707123881093,0.707089680866,0.));
#12903 = ORIENTED_EDGE('',*,*,#12904,.F.);
#12904 = EDGE_CURVE('',#3679,#12897,#12905,.T.);
#12905 = LINE('',#12906,#12907);
#12906 = CARTESIAN_POINT('',(211.45398,56.957656,0.));
#12907 = VECTOR('',#12908,1.);
#12908 = DIRECTION('',(0.,0.,1.));
#12909 = ORIENTED_EDGE('',*,*,#3678,.F.);
#12910 = PLANE('',#12911);
#12911 = AXIS2_PLACEMENT_3D('',#12912,#12913,#12914);
#12912 = CARTESIAN_POINT('',(211.474656,56.936981,0.));
#12913 = DIRECTION('',(-0.707089680866,-0.707123881093,0.));
#12914 = DIRECTION('',(-0.707123881093,0.707089680866,0.));
#12915 = ADVANCED_FACE('',(#12916),#12934,.F.);
#12916 = FACE_BOUND('',#12917,.F.);
#12917 = EDGE_LOOP('',(#12918,#12919,#12927,#12933));
#12918 = ORIENTED_EDGE('',*,*,#12904,.T.);
#12919 = ORIENTED_EDGE('',*,*,#12920,.T.);
#12920 = EDGE_CURVE('',#12897,#12921,#12923,.T.);
#12921 = VERTEX_POINT('',#12922);
#12922 = CARTESIAN_POINT('',(211.442779,56.984707,1.7));
#12923 = LINE('',#12924,#12925);
#12924 = CARTESIAN_POINT('',(211.45398,56.957656,1.7));
#12925 = VECTOR('',#12926,1.);
#12926 = DIRECTION('',(-0.382569992546,0.923926512664,0.));
#12927 = ORIENTED_EDGE('',*,*,#12928,.F.);
#12928 = EDGE_CURVE('',#3687,#12921,#12929,.T.);
#12929 = LINE('',#12930,#12931);
#12930 = CARTESIAN_POINT('',(211.442779,56.984707,0.));
#12931 = VECTOR('',#12932,1.);
#12932 = DIRECTION('',(0.,0.,1.));
#12933 = ORIENTED_EDGE('',*,*,#3686,.F.);
#12934 = PLANE('',#12935);
#12935 = AXIS2_PLACEMENT_3D('',#12936,#12937,#12938);
#12936 = CARTESIAN_POINT('',(211.45398,56.957656,0.));
#12937 = DIRECTION('',(-0.923926512664,-0.382569992546,0.));
#12938 = DIRECTION('',(-0.382569992546,0.923926512664,0.));
#12939 = ADVANCED_FACE('',(#12940),#12958,.F.);
#12940 = FACE_BOUND('',#12941,.F.);
#12941 = EDGE_LOOP('',(#12942,#12943,#12951,#12957));
#12942 = ORIENTED_EDGE('',*,*,#12928,.T.);
#12943 = ORIENTED_EDGE('',*,*,#12944,.T.);
#12944 = EDGE_CURVE('',#12921,#12945,#12947,.T.);
#12945 = VERTEX_POINT('',#12946);
#12946 = CARTESIAN_POINT('',(211.441331,56.999338,1.7));
#12947 = LINE('',#12948,#12949);
#12948 = CARTESIAN_POINT('',(211.442779,56.984707,1.7));
#12949 = VECTOR('',#12950,1.);
#12950 = DIRECTION('',(-9.848679801152E-02,0.995138357525,0.));
#12951 = ORIENTED_EDGE('',*,*,#12952,.F.);
#12952 = EDGE_CURVE('',#3695,#12945,#12953,.T.);
#12953 = LINE('',#12954,#12955);
#12954 = CARTESIAN_POINT('',(211.441331,56.999338,0.));
#12955 = VECTOR('',#12956,1.);
#12956 = DIRECTION('',(0.,0.,1.));
#12957 = ORIENTED_EDGE('',*,*,#3694,.F.);
#12958 = PLANE('',#12959);
#12959 = AXIS2_PLACEMENT_3D('',#12960,#12961,#12962);
#12960 = CARTESIAN_POINT('',(211.442779,56.984707,0.));
#12961 = DIRECTION('',(-0.995138357525,-9.848679801152E-02,0.));
#12962 = DIRECTION('',(-9.848679801152E-02,0.995138357525,0.));
#12963 = ADVANCED_FACE('',(#12964),#12982,.F.);
#12964 = FACE_BOUND('',#12965,.F.);
#12965 = EDGE_LOOP('',(#12966,#12967,#12975,#12981));
#12966 = ORIENTED_EDGE('',*,*,#12952,.T.);
#12967 = ORIENTED_EDGE('',*,*,#12968,.T.);
#12968 = EDGE_CURVE('',#12945,#12969,#12971,.T.);
#12969 = VERTEX_POINT('',#12970);
#12970 = CARTESIAN_POINT('',(211.441331,71.099335,1.7));
#12971 = LINE('',#12972,#12973);
#12972 = CARTESIAN_POINT('',(211.441331,56.999338,1.7));
#12973 = VECTOR('',#12974,1.);
#12974 = DIRECTION('',(0.,1.,0.));
#12975 = ORIENTED_EDGE('',*,*,#12976,.F.);
#12976 = EDGE_CURVE('',#3703,#12969,#12977,.T.);
#12977 = LINE('',#12978,#12979);
#12978 = CARTESIAN_POINT('',(211.441331,71.099335,0.));
#12979 = VECTOR('',#12980,1.);
#12980 = DIRECTION('',(0.,0.,1.));
#12981 = ORIENTED_EDGE('',*,*,#3702,.F.);
#12982 = PLANE('',#12983);
#12983 = AXIS2_PLACEMENT_3D('',#12984,#12985,#12986);
#12984 = CARTESIAN_POINT('',(211.441331,56.999338,0.));
#12985 = DIRECTION('',(-1.,0.,0.));
#12986 = DIRECTION('',(0.,1.,0.));
#12987 = ADVANCED_FACE('',(#12988),#13006,.F.);
#12988 = FACE_BOUND('',#12989,.F.);
#12989 = EDGE_LOOP('',(#12990,#12991,#12999,#13005));
#12990 = ORIENTED_EDGE('',*,*,#12976,.T.);
#12991 = ORIENTED_EDGE('',*,*,#12992,.T.);
#12992 = EDGE_CURVE('',#12969,#12993,#12995,.T.);
#12993 = VERTEX_POINT('',#12994);
#12994 = CARTESIAN_POINT('',(211.442779,71.113965,1.7));
#12995 = LINE('',#12996,#12997);
#12996 = CARTESIAN_POINT('',(211.441331,71.099335,1.7));
#12997 = VECTOR('',#12998,1.);
#12998 = DIRECTION('',(9.849346454699E-02,0.995137697729,0.));
#12999 = ORIENTED_EDGE('',*,*,#13000,.F.);
#13000 = EDGE_CURVE('',#3711,#12993,#13001,.T.);
#13001 = LINE('',#13002,#13003);
#13002 = CARTESIAN_POINT('',(211.442779,71.113965,0.));
#13003 = VECTOR('',#13004,1.);
#13004 = DIRECTION('',(0.,0.,1.));
#13005 = ORIENTED_EDGE('',*,*,#3710,.F.);
#13006 = PLANE('',#13007);
#13007 = AXIS2_PLACEMENT_3D('',#13008,#13009,#13010);
#13008 = CARTESIAN_POINT('',(211.441331,71.099335,0.));
#13009 = DIRECTION('',(-0.995137697729,9.849346454699E-02,0.));
#13010 = DIRECTION('',(9.849346454699E-02,0.995137697729,0.));
#13011 = ADVANCED_FACE('',(#13012),#13030,.F.);
#13012 = FACE_BOUND('',#13013,.F.);
#13013 = EDGE_LOOP('',(#13014,#13015,#13023,#13029));
#13014 = ORIENTED_EDGE('',*,*,#13000,.T.);
#13015 = ORIENTED_EDGE('',*,*,#13016,.T.);
#13016 = EDGE_CURVE('',#12993,#13017,#13019,.T.);
#13017 = VERTEX_POINT('',#13018);
#13018 = CARTESIAN_POINT('',(211.45398,71.141016,1.7));
#13019 = LINE('',#13020,#13021);
#13020 = CARTESIAN_POINT('',(211.442779,71.113965,1.7));
#13021 = VECTOR('',#13022,1.);
#13022 = DIRECTION('',(0.382569992546,0.923926512664,0.));
#13023 = ORIENTED_EDGE('',*,*,#13024,.F.);
#13024 = EDGE_CURVE('',#3719,#13017,#13025,.T.);
#13025 = LINE('',#13026,#13027);
#13026 = CARTESIAN_POINT('',(211.45398,71.141016,0.));
#13027 = VECTOR('',#13028,1.);
#13028 = DIRECTION('',(0.,0.,1.));
#13029 = ORIENTED_EDGE('',*,*,#3718,.F.);
#13030 = PLANE('',#13031);
#13031 = AXIS2_PLACEMENT_3D('',#13032,#13033,#13034);
#13032 = CARTESIAN_POINT('',(211.442779,71.113965,0.));
#13033 = DIRECTION('',(-0.923926512664,0.382569992546,0.));
#13034 = DIRECTION('',(0.382569992546,0.923926512664,0.));
#13035 = ADVANCED_FACE('',(#13036),#13054,.F.);
#13036 = FACE_BOUND('',#13037,.F.);
#13037 = EDGE_LOOP('',(#13038,#13039,#13047,#13053));
#13038 = ORIENTED_EDGE('',*,*,#13024,.T.);
#13039 = ORIENTED_EDGE('',*,*,#13040,.T.);
#13040 = EDGE_CURVE('',#13017,#13041,#13043,.T.);
#13041 = VERTEX_POINT('',#13042);
#13042 = CARTESIAN_POINT('',(211.474656,71.161692,1.7));
#13043 = LINE('',#13044,#13045);
#13044 = CARTESIAN_POINT('',(211.45398,71.141016,1.7));
#13045 = VECTOR('',#13046,1.);
#13046 = DIRECTION('',(0.707106781187,0.707106781187,0.));
#13047 = ORIENTED_EDGE('',*,*,#13048,.F.);
#13048 = EDGE_CURVE('',#3727,#13041,#13049,.T.);
#13049 = LINE('',#13050,#13051);
#13050 = CARTESIAN_POINT('',(211.474656,71.161692,0.));
#13051 = VECTOR('',#13052,1.);
#13052 = DIRECTION('',(0.,0.,1.));
#13053 = ORIENTED_EDGE('',*,*,#3726,.F.);
#13054 = PLANE('',#13055);
#13055 = AXIS2_PLACEMENT_3D('',#13056,#13057,#13058);
#13056 = CARTESIAN_POINT('',(211.45398,71.141016,0.));
#13057 = DIRECTION('',(-0.707106781187,0.707106781187,0.));
#13058 = DIRECTION('',(0.707106781187,0.707106781187,0.));
#13059 = ADVANCED_FACE('',(#13060),#13078,.F.);
#13060 = FACE_BOUND('',#13061,.F.);
#13061 = EDGE_LOOP('',(#13062,#13063,#13071,#13077));
#13062 = ORIENTED_EDGE('',*,*,#13048,.T.);
#13063 = ORIENTED_EDGE('',*,*,#13064,.T.);
#13064 = EDGE_CURVE('',#13041,#13065,#13067,.T.);
#13065 = VERTEX_POINT('',#13066);
#13066 = CARTESIAN_POINT('',(211.501707,71.172893,1.7));
#13067 = LINE('',#13068,#13069);
#13068 = CARTESIAN_POINT('',(211.474656,71.161692,1.7));
#13069 = VECTOR('',#13070,1.);
#13070 = DIRECTION('',(0.923926512664,0.382569992546,0.));
#13071 = ORIENTED_EDGE('',*,*,#13072,.F.);
#13072 = EDGE_CURVE('',#3735,#13065,#13073,.T.);
#13073 = LINE('',#13074,#13075);
#13074 = CARTESIAN_POINT('',(211.501707,71.172893,0.));
#13075 = VECTOR('',#13076,1.);
#13076 = DIRECTION('',(0.,0.,1.));
#13077 = ORIENTED_EDGE('',*,*,#3734,.F.);
#13078 = PLANE('',#13079);
#13079 = AXIS2_PLACEMENT_3D('',#13080,#13081,#13082);
#13080 = CARTESIAN_POINT('',(211.474656,71.161692,0.));
#13081 = DIRECTION('',(-0.382569992546,0.923926512664,0.));
#13082 = DIRECTION('',(0.923926512664,0.382569992546,0.));
#13083 = ADVANCED_FACE('',(#13084),#13102,.F.);
#13084 = FACE_BOUND('',#13085,.F.);
#13085 = EDGE_LOOP('',(#13086,#13087,#13095,#13101));
#13086 = ORIENTED_EDGE('',*,*,#13072,.T.);
#13087 = ORIENTED_EDGE('',*,*,#13088,.T.);
#13088 = EDGE_CURVE('',#13065,#13089,#13091,.T.);
#13089 = VERTEX_POINT('',#13090);
#13090 = CARTESIAN_POINT('',(211.516337,71.174341,1.7));
#13091 = LINE('',#13092,#13093);
#13092 = CARTESIAN_POINT('',(211.501707,71.172893,1.7));
#13093 = VECTOR('',#13094,1.);
#13094 = DIRECTION('',(0.995137697729,9.849346454613E-02,0.));
#13095 = ORIENTED_EDGE('',*,*,#13096,.F.);
#13096 = EDGE_CURVE('',#3743,#13089,#13097,.T.);
#13097 = LINE('',#13098,#13099);
#13098 = CARTESIAN_POINT('',(211.516337,71.174341,0.));
#13099 = VECTOR('',#13100,1.);
#13100 = DIRECTION('',(0.,0.,1.));
#13101 = ORIENTED_EDGE('',*,*,#3742,.F.);
#13102 = PLANE('',#13103);
#13103 = AXIS2_PLACEMENT_3D('',#13104,#13105,#13106);
#13104 = CARTESIAN_POINT('',(211.501707,71.172893,0.));
#13105 = DIRECTION('',(-9.849346454613E-02,0.995137697729,0.));
#13106 = DIRECTION('',(0.995137697729,9.849346454613E-02,0.));
#13107 = ADVANCED_FACE('',(#13108),#13126,.F.);
#13108 = FACE_BOUND('',#13109,.F.);
#13109 = EDGE_LOOP('',(#13110,#13111,#13119,#13125));
#13110 = ORIENTED_EDGE('',*,*,#13096,.T.);
#13111 = ORIENTED_EDGE('',*,*,#13112,.T.);
#13112 = EDGE_CURVE('',#13089,#13113,#13115,.T.);
#13113 = VERTEX_POINT('',#13114);
#13114 = CARTESIAN_POINT('',(225.616335,71.174341,1.7));
#13115 = LINE('',#13116,#13117);
#13116 = CARTESIAN_POINT('',(211.516337,71.174341,1.7));
#13117 = VECTOR('',#13118,1.);
#13118 = DIRECTION('',(1.,0.,0.));
#13119 = ORIENTED_EDGE('',*,*,#13120,.F.);
#13120 = EDGE_CURVE('',#3751,#13113,#13121,.T.);
#13121 = LINE('',#13122,#13123);
#13122 = CARTESIAN_POINT('',(225.616335,71.174341,0.));
#13123 = VECTOR('',#13124,1.);
#13124 = DIRECTION('',(0.,0.,1.));
#13125 = ORIENTED_EDGE('',*,*,#3750,.F.);
#13126 = PLANE('',#13127);
#13127 = AXIS2_PLACEMENT_3D('',#13128,#13129,#13130);
#13128 = CARTESIAN_POINT('',(211.516337,71.174341,0.));
#13129 = DIRECTION('',(0.,1.,0.));
#13130 = DIRECTION('',(1.,0.,0.));
#13131 = ADVANCED_FACE('',(#13132),#13143,.F.);
#13132 = FACE_BOUND('',#13133,.F.);
#13133 = EDGE_LOOP('',(#13134,#13135,#13141,#13142));
#13134 = ORIENTED_EDGE('',*,*,#13120,.T.);
#13135 = ORIENTED_EDGE('',*,*,#13136,.T.);
#13136 = EDGE_CURVE('',#13113,#12577,#13137,.T.);
#13137 = LINE('',#13138,#13139);
#13138 = CARTESIAN_POINT('',(225.616335,71.174341,1.7));
#13139 = VECTOR('',#13140,1.);
#13140 = DIRECTION('',(0.995137697729,-9.849346454594E-02,0.));
#13141 = ORIENTED_EDGE('',*,*,#12576,.F.);
#13142 = ORIENTED_EDGE('',*,*,#3758,.F.);
#13143 = PLANE('',#13144);
#13144 = AXIS2_PLACEMENT_3D('',#13145,#13146,#13147);
#13145 = CARTESIAN_POINT('',(225.616335,71.174341,0.));
#13146 = DIRECTION('',(9.849346454594E-02,0.995137697729,0.));
#13147 = DIRECTION('',(0.995137697729,-9.849346454594E-02,0.));
#13148 = ADVANCED_FACE('',(#13149),#13174,.F.);
#13149 = FACE_BOUND('',#13150,.F.);
#13150 = EDGE_LOOP('',(#13151,#13159,#13167,#13173));
#13151 = ORIENTED_EDGE('',*,*,#13152,.T.);
#13152 = EDGE_CURVE('',#3767,#13153,#13155,.T.);
#13153 = VERTEX_POINT('',#13154);
#13154 = CARTESIAN_POINT('',(206.580965,71.172893,1.7));
#13155 = LINE('',#13156,#13157);
#13156 = CARTESIAN_POINT('',(206.580965,71.172893,0.));
#13157 = VECTOR('',#13158,1.);
#13158 = DIRECTION('',(0.,0.,1.));
#13159 = ORIENTED_EDGE('',*,*,#13160,.T.);
#13160 = EDGE_CURVE('',#13153,#13161,#13163,.T.);
#13161 = VERTEX_POINT('',#13162);
#13162 = CARTESIAN_POINT('',(206.608016,71.161692,1.7));
#13163 = LINE('',#13164,#13165);
#13164 = CARTESIAN_POINT('',(206.580965,71.172893,1.7));
#13165 = VECTOR('',#13166,1.);
#13166 = DIRECTION('',(0.923926512664,-0.382569992546,0.));
#13167 = ORIENTED_EDGE('',*,*,#13168,.F.);
#13168 = EDGE_CURVE('',#3769,#13161,#13169,.T.);
#13169 = LINE('',#13170,#13171);
#13170 = CARTESIAN_POINT('',(206.608016,71.161692,0.));
#13171 = VECTOR('',#13172,1.);
#13172 = DIRECTION('',(0.,0.,1.));
#13173 = ORIENTED_EDGE('',*,*,#3766,.F.);
#13174 = PLANE('',#13175);
#13175 = AXIS2_PLACEMENT_3D('',#13176,#13177,#13178);
#13176 = CARTESIAN_POINT('',(206.580965,71.172893,0.));
#13177 = DIRECTION('',(0.382569992546,0.923926512664,0.));
#13178 = DIRECTION('',(0.923926512664,-0.382569992546,0.));
#13179 = ADVANCED_FACE('',(#13180),#13198,.F.);
#13180 = FACE_BOUND('',#13181,.F.);
#13181 = EDGE_LOOP('',(#13182,#13183,#13191,#13197));
#13182 = ORIENTED_EDGE('',*,*,#13168,.T.);
#13183 = ORIENTED_EDGE('',*,*,#13184,.T.);
#13184 = EDGE_CURVE('',#13161,#13185,#13187,.T.);
#13185 = VERTEX_POINT('',#13186);
#13186 = CARTESIAN_POINT('',(206.628692,71.141016,1.7));
#13187 = LINE('',#13188,#13189);
#13188 = CARTESIAN_POINT('',(206.608016,71.161692,1.7));
#13189 = VECTOR('',#13190,1.);
#13190 = DIRECTION('',(0.707106781187,-0.707106781187,0.));
#13191 = ORIENTED_EDGE('',*,*,#13192,.F.);
#13192 = EDGE_CURVE('',#3777,#13185,#13193,.T.);
#13193 = LINE('',#13194,#13195);
#13194 = CARTESIAN_POINT('',(206.628692,71.141016,0.));
#13195 = VECTOR('',#13196,1.);
#13196 = DIRECTION('',(0.,0.,1.));
#13197 = ORIENTED_EDGE('',*,*,#3776,.F.);
#13198 = PLANE('',#13199);
#13199 = AXIS2_PLACEMENT_3D('',#13200,#13201,#13202);
#13200 = CARTESIAN_POINT('',(206.608016,71.161692,0.));
#13201 = DIRECTION('',(0.707106781187,0.707106781187,0.));
#13202 = DIRECTION('',(0.707106781187,-0.707106781187,0.));
#13203 = ADVANCED_FACE('',(#13204),#13222,.F.);
#13204 = FACE_BOUND('',#13205,.F.);
#13205 = EDGE_LOOP('',(#13206,#13207,#13215,#13221));
#13206 = ORIENTED_EDGE('',*,*,#13192,.T.);
#13207 = ORIENTED_EDGE('',*,*,#13208,.T.);
#13208 = EDGE_CURVE('',#13185,#13209,#13211,.T.);
#13209 = VERTEX_POINT('',#13210);
#13210 = CARTESIAN_POINT('',(206.639893,71.113965,1.7));
#13211 = LINE('',#13212,#13213);
#13212 = CARTESIAN_POINT('',(206.628692,71.141016,1.7));
#13213 = VECTOR('',#13214,1.);
#13214 = DIRECTION('',(0.382569992546,-0.923926512664,0.));
#13215 = ORIENTED_EDGE('',*,*,#13216,.F.);
#13216 = EDGE_CURVE('',#3785,#13209,#13217,.T.);
#13217 = LINE('',#13218,#13219);
#13218 = CARTESIAN_POINT('',(206.639893,71.113965,0.));
#13219 = VECTOR('',#13220,1.);
#13220 = DIRECTION('',(0.,0.,1.));
#13221 = ORIENTED_EDGE('',*,*,#3784,.F.);
#13222 = PLANE('',#13223);
#13223 = AXIS2_PLACEMENT_3D('',#13224,#13225,#13226);
#13224 = CARTESIAN_POINT('',(206.628692,71.141016,0.));
#13225 = DIRECTION('',(0.923926512664,0.382569992546,0.));
#13226 = DIRECTION('',(0.382569992546,-0.923926512664,0.));
#13227 = ADVANCED_FACE('',(#13228),#13246,.F.);
#13228 = FACE_BOUND('',#13229,.F.);
#13229 = EDGE_LOOP('',(#13230,#13231,#13239,#13245));
#13230 = ORIENTED_EDGE('',*,*,#13216,.T.);
#13231 = ORIENTED_EDGE('',*,*,#13232,.T.);
#13232 = EDGE_CURVE('',#13209,#13233,#13235,.T.);
#13233 = VERTEX_POINT('',#13234);
#13234 = CARTESIAN_POINT('',(206.641341,71.099335,1.7));
#13235 = LINE('',#13236,#13237);
#13236 = CARTESIAN_POINT('',(206.639893,71.113965,1.7));
#13237 = VECTOR('',#13238,1.);
#13238 = DIRECTION('',(9.849346454699E-02,-0.995137697729,0.));
#13239 = ORIENTED_EDGE('',*,*,#13240,.F.);
#13240 = EDGE_CURVE('',#3793,#13233,#13241,.T.);
#13241 = LINE('',#13242,#13243);
#13242 = CARTESIAN_POINT('',(206.641341,71.099335,0.));
#13243 = VECTOR('',#13244,1.);
#13244 = DIRECTION('',(0.,0.,1.));
#13245 = ORIENTED_EDGE('',*,*,#3792,.F.);
#13246 = PLANE('',#13247);
#13247 = AXIS2_PLACEMENT_3D('',#13248,#13249,#13250);
#13248 = CARTESIAN_POINT('',(206.639893,71.113965,0.));
#13249 = DIRECTION('',(0.995137697729,9.849346454699E-02,0.));
#13250 = DIRECTION('',(9.849346454699E-02,-0.995137697729,0.));
#13251 = ADVANCED_FACE('',(#13252),#13270,.F.);
#13252 = FACE_BOUND('',#13253,.F.);
#13253 = EDGE_LOOP('',(#13254,#13255,#13263,#13269));
#13254 = ORIENTED_EDGE('',*,*,#13240,.T.);
#13255 = ORIENTED_EDGE('',*,*,#13256,.T.);
#13256 = EDGE_CURVE('',#13233,#13257,#13259,.T.);
#13257 = VERTEX_POINT('',#13258);
#13258 = CARTESIAN_POINT('',(206.641341,56.999338,1.7));
#13259 = LINE('',#13260,#13261);
#13260 = CARTESIAN_POINT('',(206.641341,71.099335,1.7));
#13261 = VECTOR('',#13262,1.);
#13262 = DIRECTION('',(0.,-1.,0.));
#13263 = ORIENTED_EDGE('',*,*,#13264,.F.);
#13264 = EDGE_CURVE('',#3801,#13257,#13265,.T.);
#13265 = LINE('',#13266,#13267);
#13266 = CARTESIAN_POINT('',(206.641341,56.999338,0.));
#13267 = VECTOR('',#13268,1.);
#13268 = DIRECTION('',(0.,0.,1.));
#13269 = ORIENTED_EDGE('',*,*,#3800,.F.);
#13270 = PLANE('',#13271);
#13271 = AXIS2_PLACEMENT_3D('',#13272,#13273,#13274);
#13272 = CARTESIAN_POINT('',(206.641341,71.099335,0.));
#13273 = DIRECTION('',(1.,0.,0.));
#13274 = DIRECTION('',(0.,-1.,0.));
#13275 = ADVANCED_FACE('',(#13276),#13294,.F.);
#13276 = FACE_BOUND('',#13277,.F.);
#13277 = EDGE_LOOP('',(#13278,#13279,#13287,#13293));
#13278 = ORIENTED_EDGE('',*,*,#13264,.T.);
#13279 = ORIENTED_EDGE('',*,*,#13280,.T.);
#13280 = EDGE_CURVE('',#13257,#13281,#13283,.T.);
#13281 = VERTEX_POINT('',#13282);
#13282 = CARTESIAN_POINT('',(206.639893,56.984707,1.7));
#13283 = LINE('',#13284,#13285);
#13284 = CARTESIAN_POINT('',(206.641341,56.999338,1.7));
#13285 = VECTOR('',#13286,1.);
#13286 = DIRECTION('',(-9.848679801152E-02,-0.995138357525,0.));
#13287 = ORIENTED_EDGE('',*,*,#13288,.F.);
#13288 = EDGE_CURVE('',#3809,#13281,#13289,.T.);
#13289 = LINE('',#13290,#13291);
#13290 = CARTESIAN_POINT('',(206.639893,56.984707,0.));
#13291 = VECTOR('',#13292,1.);
#13292 = DIRECTION('',(0.,0.,1.));
#13293 = ORIENTED_EDGE('',*,*,#3808,.F.);
#13294 = PLANE('',#13295);
#13295 = AXIS2_PLACEMENT_3D('',#13296,#13297,#13298);
#13296 = CARTESIAN_POINT('',(206.641341,56.999338,0.));
#13297 = DIRECTION('',(0.995138357525,-9.848679801152E-02,0.));
#13298 = DIRECTION('',(-9.848679801152E-02,-0.995138357525,0.));
#13299 = ADVANCED_FACE('',(#13300),#13318,.F.);
#13300 = FACE_BOUND('',#13301,.F.);
#13301 = EDGE_LOOP('',(#13302,#13303,#13311,#13317));
#13302 = ORIENTED_EDGE('',*,*,#13288,.T.);
#13303 = ORIENTED_EDGE('',*,*,#13304,.T.);
#13304 = EDGE_CURVE('',#13281,#13305,#13307,.T.);
#13305 = VERTEX_POINT('',#13306);
#13306 = CARTESIAN_POINT('',(206.628692,56.957656,1.7));
#13307 = LINE('',#13308,#13309);
#13308 = CARTESIAN_POINT('',(206.639893,56.984707,1.7));
#13309 = VECTOR('',#13310,1.);
#13310 = DIRECTION('',(-0.382569992546,-0.923926512664,0.));
#13311 = ORIENTED_EDGE('',*,*,#13312,.F.);
#13312 = EDGE_CURVE('',#3817,#13305,#13313,.T.);
#13313 = LINE('',#13314,#13315);
#13314 = CARTESIAN_POINT('',(206.628692,56.957656,0.));
#13315 = VECTOR('',#13316,1.);
#13316 = DIRECTION('',(0.,0.,1.));
#13317 = ORIENTED_EDGE('',*,*,#3816,.F.);
#13318 = PLANE('',#13319);
#13319 = AXIS2_PLACEMENT_3D('',#13320,#13321,#13322);
#13320 = CARTESIAN_POINT('',(206.639893,56.984707,0.));
#13321 = DIRECTION('',(0.923926512664,-0.382569992546,0.));
#13322 = DIRECTION('',(-0.382569992546,-0.923926512664,0.));
#13323 = ADVANCED_FACE('',(#13324),#13342,.F.);
#13324 = FACE_BOUND('',#13325,.F.);
#13325 = EDGE_LOOP('',(#13326,#13327,#13335,#13341));
#13326 = ORIENTED_EDGE('',*,*,#13312,.T.);
#13327 = ORIENTED_EDGE('',*,*,#13328,.T.);
#13328 = EDGE_CURVE('',#13305,#13329,#13331,.T.);
#13329 = VERTEX_POINT('',#13330);
#13330 = CARTESIAN_POINT('',(206.608016,56.936981,1.7));
#13331 = LINE('',#13332,#13333);
#13332 = CARTESIAN_POINT('',(206.628692,56.957656,1.7));
#13333 = VECTOR('',#13334,1.);
#13334 = DIRECTION('',(-0.707123881093,-0.707089680866,0.));
#13335 = ORIENTED_EDGE('',*,*,#13336,.F.);
#13336 = EDGE_CURVE('',#3825,#13329,#13337,.T.);
#13337 = LINE('',#13338,#13339);
#13338 = CARTESIAN_POINT('',(206.608016,56.936981,0.));
#13339 = VECTOR('',#13340,1.);
#13340 = DIRECTION('',(0.,0.,1.));
#13341 = ORIENTED_EDGE('',*,*,#3824,.F.);
#13342 = PLANE('',#13343);
#13343 = AXIS2_PLACEMENT_3D('',#13344,#13345,#13346);
#13344 = CARTESIAN_POINT('',(206.628692,56.957656,0.));
#13345 = DIRECTION('',(0.707089680866,-0.707123881093,0.));
#13346 = DIRECTION('',(-0.707123881093,-0.707089680866,0.));
#13347 = ADVANCED_FACE('',(#13348),#13366,.F.);
#13348 = FACE_BOUND('',#13349,.F.);
#13349 = EDGE_LOOP('',(#13350,#13351,#13359,#13365));
#13350 = ORIENTED_EDGE('',*,*,#13336,.T.);
#13351 = ORIENTED_EDGE('',*,*,#13352,.T.);
#13352 = EDGE_CURVE('',#13329,#13353,#13355,.T.);
#13353 = VERTEX_POINT('',#13354);
#13354 = CARTESIAN_POINT('',(206.580965,56.925779,1.7));
#13355 = LINE('',#13356,#13357);
#13356 = CARTESIAN_POINT('',(206.608016,56.936981,1.7));
#13357 = VECTOR('',#13358,1.);
#13358 = DIRECTION('',(-0.923914439717,-0.382599148043,0.));
#13359 = ORIENTED_EDGE('',*,*,#13360,.F.);
#13360 = EDGE_CURVE('',#3833,#13353,#13361,.T.);
#13361 = LINE('',#13362,#13363);
#13362 = CARTESIAN_POINT('',(206.580965,56.925779,0.));
#13363 = VECTOR('',#13364,1.);
#13364 = DIRECTION('',(0.,0.,1.));
#13365 = ORIENTED_EDGE('',*,*,#3832,.F.);
#13366 = PLANE('',#13367);
#13367 = AXIS2_PLACEMENT_3D('',#13368,#13369,#13370);
#13368 = CARTESIAN_POINT('',(206.608016,56.936981,0.));
#13369 = DIRECTION('',(0.382599148043,-0.923914439717,0.));
#13370 = DIRECTION('',(-0.923914439717,-0.382599148043,0.));
#13371 = ADVANCED_FACE('',(#13372),#13390,.F.);
#13372 = FACE_BOUND('',#13373,.F.);
#13373 = EDGE_LOOP('',(#13374,#13375,#13383,#13389));
#13374 = ORIENTED_EDGE('',*,*,#13360,.T.);
#13375 = ORIENTED_EDGE('',*,*,#13376,.T.);
#13376 = EDGE_CURVE('',#13353,#13377,#13379,.T.);
#13377 = VERTEX_POINT('',#13378);
#13378 = CARTESIAN_POINT('',(206.566335,56.924331,1.7));
#13379 = LINE('',#13380,#13381);
#13380 = CARTESIAN_POINT('',(206.580965,56.925779,1.7));
#13381 = VECTOR('',#13382,1.);
#13382 = DIRECTION('',(-0.995137697729,-9.849346454613E-02,0.));
#13383 = ORIENTED_EDGE('',*,*,#13384,.F.);
#13384 = EDGE_CURVE('',#3841,#13377,#13385,.T.);
#13385 = LINE('',#13386,#13387);
#13386 = CARTESIAN_POINT('',(206.566335,56.924331,0.));
#13387 = VECTOR('',#13388,1.);
#13388 = DIRECTION('',(0.,0.,1.));
#13389 = ORIENTED_EDGE('',*,*,#3840,.F.);
#13390 = PLANE('',#13391);
#13391 = AXIS2_PLACEMENT_3D('',#13392,#13393,#13394);
#13392 = CARTESIAN_POINT('',(206.580965,56.925779,0.));
#13393 = DIRECTION('',(9.849346454613E-02,-0.995137697729,0.));
#13394 = DIRECTION('',(-0.995137697729,-9.849346454613E-02,0.));
#13395 = ADVANCED_FACE('',(#13396),#13414,.F.);
#13396 = FACE_BOUND('',#13397,.F.);
#13397 = EDGE_LOOP('',(#13398,#13399,#13407,#13413));
#13398 = ORIENTED_EDGE('',*,*,#13384,.T.);
#13399 = ORIENTED_EDGE('',*,*,#13400,.T.);
#13400 = EDGE_CURVE('',#13377,#13401,#13403,.T.);
#13401 = VERTEX_POINT('',#13402);
#13402 = CARTESIAN_POINT('',(192.466337,56.924331,1.7));
#13403 = LINE('',#13404,#13405);
#13404 = CARTESIAN_POINT('',(206.566335,56.924331,1.7));
#13405 = VECTOR('',#13406,1.);
#13406 = DIRECTION('',(-1.,0.,0.));
#13407 = ORIENTED_EDGE('',*,*,#13408,.F.);
#13408 = EDGE_CURVE('',#3849,#13401,#13409,.T.);
#13409 = LINE('',#13410,#13411);
#13410 = CARTESIAN_POINT('',(192.466337,56.924331,0.));
#13411 = VECTOR('',#13412,1.);
#13412 = DIRECTION('',(0.,0.,1.));
#13413 = ORIENTED_EDGE('',*,*,#3848,.F.);
#13414 = PLANE('',#13415);
#13415 = AXIS2_PLACEMENT_3D('',#13416,#13417,#13418);
#13416 = CARTESIAN_POINT('',(206.566335,56.924331,0.));
#13417 = DIRECTION('',(0.,-1.,0.));
#13418 = DIRECTION('',(-1.,0.,0.));
#13419 = ADVANCED_FACE('',(#13420),#13438,.F.);
#13420 = FACE_BOUND('',#13421,.F.);
#13421 = EDGE_LOOP('',(#13422,#13423,#13431,#13437));
#13422 = ORIENTED_EDGE('',*,*,#13408,.T.);
#13423 = ORIENTED_EDGE('',*,*,#13424,.T.);
#13424 = EDGE_CURVE('',#13401,#13425,#13427,.T.);
#13425 = VERTEX_POINT('',#13426);
#13426 = CARTESIAN_POINT('',(192.451707,56.925779,1.7));
#13427 = LINE('',#13428,#13429);
#13428 = CARTESIAN_POINT('',(192.466337,56.924331,1.7));
#13429 = VECTOR('',#13430,1.);
#13430 = DIRECTION('',(-0.995137697729,9.849346454594E-02,0.));
#13431 = ORIENTED_EDGE('',*,*,#13432,.F.);
#13432 = EDGE_CURVE('',#3857,#13425,#13433,.T.);
#13433 = LINE('',#13434,#13435);
#13434 = CARTESIAN_POINT('',(192.451707,56.925779,0.));
#13435 = VECTOR('',#13436,1.);
#13436 = DIRECTION('',(0.,0.,1.));
#13437 = ORIENTED_EDGE('',*,*,#3856,.F.);
#13438 = PLANE('',#13439);
#13439 = AXIS2_PLACEMENT_3D('',#13440,#13441,#13442);
#13440 = CARTESIAN_POINT('',(192.466337,56.924331,0.));
#13441 = DIRECTION('',(-9.849346454594E-02,-0.995137697729,0.));
#13442 = DIRECTION('',(-0.995137697729,9.849346454594E-02,0.));
#13443 = ADVANCED_FACE('',(#13444),#13462,.F.);
#13444 = FACE_BOUND('',#13445,.F.);
#13445 = EDGE_LOOP('',(#13446,#13447,#13455,#13461));
#13446 = ORIENTED_EDGE('',*,*,#13432,.T.);
#13447 = ORIENTED_EDGE('',*,*,#13448,.T.);
#13448 = EDGE_CURVE('',#13425,#13449,#13451,.T.);
#13449 = VERTEX_POINT('',#13450);
#13450 = CARTESIAN_POINT('',(192.424656,56.936981,1.7));
#13451 = LINE('',#13452,#13453);
#13452 = CARTESIAN_POINT('',(192.451707,56.925779,1.7));
#13453 = VECTOR('',#13454,1.);
#13454 = DIRECTION('',(-0.923914439717,0.382599148043,0.));
#13455 = ORIENTED_EDGE('',*,*,#13456,.F.);
#13456 = EDGE_CURVE('',#3865,#13449,#13457,.T.);
#13457 = LINE('',#13458,#13459);
#13458 = CARTESIAN_POINT('',(192.424656,56.936981,0.));
#13459 = VECTOR('',#13460,1.);
#13460 = DIRECTION('',(0.,0.,1.));
#13461 = ORIENTED_EDGE('',*,*,#3864,.F.);
#13462 = PLANE('',#13463);
#13463 = AXIS2_PLACEMENT_3D('',#13464,#13465,#13466);
#13464 = CARTESIAN_POINT('',(192.451707,56.925779,0.));
#13465 = DIRECTION('',(-0.382599148043,-0.923914439717,0.));
#13466 = DIRECTION('',(-0.923914439717,0.382599148043,0.));
#13467 = ADVANCED_FACE('',(#13468),#13486,.F.);
#13468 = FACE_BOUND('',#13469,.F.);
#13469 = EDGE_LOOP('',(#13470,#13471,#13479,#13485));
#13470 = ORIENTED_EDGE('',*,*,#13456,.T.);
#13471 = ORIENTED_EDGE('',*,*,#13472,.T.);
#13472 = EDGE_CURVE('',#13449,#13473,#13475,.T.);
#13473 = VERTEX_POINT('',#13474);
#13474 = CARTESIAN_POINT('',(192.40398,56.957656,1.7));
#13475 = LINE('',#13476,#13477);
#13476 = CARTESIAN_POINT('',(192.424656,56.936981,1.7));
#13477 = VECTOR('',#13478,1.);
#13478 = DIRECTION('',(-0.707123881093,0.707089680866,0.));
#13479 = ORIENTED_EDGE('',*,*,#13480,.F.);
#13480 = EDGE_CURVE('',#3873,#13473,#13481,.T.);
#13481 = LINE('',#13482,#13483);
#13482 = CARTESIAN_POINT('',(192.40398,56.957656,0.));
#13483 = VECTOR('',#13484,1.);
#13484 = DIRECTION('',(0.,0.,1.));
#13485 = ORIENTED_EDGE('',*,*,#3872,.F.);
#13486 = PLANE('',#13487);
#13487 = AXIS2_PLACEMENT_3D('',#13488,#13489,#13490);
#13488 = CARTESIAN_POINT('',(192.424656,56.936981,0.));
#13489 = DIRECTION('',(-0.707089680866,-0.707123881093,0.));
#13490 = DIRECTION('',(-0.707123881093,0.707089680866,0.));
#13491 = ADVANCED_FACE('',(#13492),#13510,.F.);
#13492 = FACE_BOUND('',#13493,.F.);
#13493 = EDGE_LOOP('',(#13494,#13495,#13503,#13509));
#13494 = ORIENTED_EDGE('',*,*,#13480,.T.);
#13495 = ORIENTED_EDGE('',*,*,#13496,.T.);
#13496 = EDGE_CURVE('',#13473,#13497,#13499,.T.);
#13497 = VERTEX_POINT('',#13498);
#13498 = CARTESIAN_POINT('',(192.392779,56.984707,1.7));
#13499 = LINE('',#13500,#13501);
#13500 = CARTESIAN_POINT('',(192.40398,56.957656,1.7));
#13501 = VECTOR('',#13502,1.);
#13502 = DIRECTION('',(-0.382569992546,0.923926512664,0.));
#13503 = ORIENTED_EDGE('',*,*,#13504,.F.);
#13504 = EDGE_CURVE('',#3881,#13497,#13505,.T.);
#13505 = LINE('',#13506,#13507);
#13506 = CARTESIAN_POINT('',(192.392779,56.984707,0.));
#13507 = VECTOR('',#13508,1.);
#13508 = DIRECTION('',(0.,0.,1.));
#13509 = ORIENTED_EDGE('',*,*,#3880,.F.);
#13510 = PLANE('',#13511);
#13511 = AXIS2_PLACEMENT_3D('',#13512,#13513,#13514);
#13512 = CARTESIAN_POINT('',(192.40398,56.957656,0.));
#13513 = DIRECTION('',(-0.923926512664,-0.382569992546,0.));
#13514 = DIRECTION('',(-0.382569992546,0.923926512664,0.));
#13515 = ADVANCED_FACE('',(#13516),#13534,.F.);
#13516 = FACE_BOUND('',#13517,.F.);
#13517 = EDGE_LOOP('',(#13518,#13519,#13527,#13533));
#13518 = ORIENTED_EDGE('',*,*,#13504,.T.);
#13519 = ORIENTED_EDGE('',*,*,#13520,.T.);
#13520 = EDGE_CURVE('',#13497,#13521,#13523,.T.);
#13521 = VERTEX_POINT('',#13522);
#13522 = CARTESIAN_POINT('',(192.391331,56.999338,1.7));
#13523 = LINE('',#13524,#13525);
#13524 = CARTESIAN_POINT('',(192.392779,56.984707,1.7));
#13525 = VECTOR('',#13526,1.);
#13526 = DIRECTION('',(-9.84867980096E-02,0.995138357525,0.));
#13527 = ORIENTED_EDGE('',*,*,#13528,.F.);
#13528 = EDGE_CURVE('',#3889,#13521,#13529,.T.);
#13529 = LINE('',#13530,#13531);
#13530 = CARTESIAN_POINT('',(192.391331,56.999338,0.));
#13531 = VECTOR('',#13532,1.);
#13532 = DIRECTION('',(0.,0.,1.));
#13533 = ORIENTED_EDGE('',*,*,#3888,.F.);
#13534 = PLANE('',#13535);
#13535 = AXIS2_PLACEMENT_3D('',#13536,#13537,#13538);
#13536 = CARTESIAN_POINT('',(192.392779,56.984707,0.));
#13537 = DIRECTION('',(-0.995138357525,-9.84867980096E-02,0.));
#13538 = DIRECTION('',(-9.84867980096E-02,0.995138357525,0.));
#13539 = ADVANCED_FACE('',(#13540),#13558,.F.);
#13540 = FACE_BOUND('',#13541,.F.);
#13541 = EDGE_LOOP('',(#13542,#13543,#13551,#13557));
#13542 = ORIENTED_EDGE('',*,*,#13528,.T.);
#13543 = ORIENTED_EDGE('',*,*,#13544,.T.);
#13544 = EDGE_CURVE('',#13521,#13545,#13547,.T.);
#13545 = VERTEX_POINT('',#13546);
#13546 = CARTESIAN_POINT('',(192.391331,71.099335,1.7));
#13547 = LINE('',#13548,#13549);
#13548 = CARTESIAN_POINT('',(192.391331,56.999338,1.7));
#13549 = VECTOR('',#13550,1.);
#13550 = DIRECTION('',(0.,1.,0.));
#13551 = ORIENTED_EDGE('',*,*,#13552,.F.);
#13552 = EDGE_CURVE('',#3897,#13545,#13553,.T.);
#13553 = LINE('',#13554,#13555);
#13554 = CARTESIAN_POINT('',(192.391331,71.099335,0.));
#13555 = VECTOR('',#13556,1.);
#13556 = DIRECTION('',(0.,0.,1.));
#13557 = ORIENTED_EDGE('',*,*,#3896,.F.);
#13558 = PLANE('',#13559);
#13559 = AXIS2_PLACEMENT_3D('',#13560,#13561,#13562);
#13560 = CARTESIAN_POINT('',(192.391331,56.999338,0.));
#13561 = DIRECTION('',(-1.,0.,0.));
#13562 = DIRECTION('',(0.,1.,0.));
#13563 = ADVANCED_FACE('',(#13564),#13582,.F.);
#13564 = FACE_BOUND('',#13565,.F.);
#13565 = EDGE_LOOP('',(#13566,#13567,#13575,#13581));
#13566 = ORIENTED_EDGE('',*,*,#13552,.T.);
#13567 = ORIENTED_EDGE('',*,*,#13568,.T.);
#13568 = EDGE_CURVE('',#13545,#13569,#13571,.T.);
#13569 = VERTEX_POINT('',#13570);
#13570 = CARTESIAN_POINT('',(192.392779,71.113965,1.7));
#13571 = LINE('',#13572,#13573);
#13572 = CARTESIAN_POINT('',(192.391331,71.099335,1.7));
#13573 = VECTOR('',#13574,1.);
#13574 = DIRECTION('',(9.849346454508E-02,0.995137697729,0.));
#13575 = ORIENTED_EDGE('',*,*,#13576,.F.);
#13576 = EDGE_CURVE('',#3905,#13569,#13577,.T.);
#13577 = LINE('',#13578,#13579);
#13578 = CARTESIAN_POINT('',(192.392779,71.113965,0.));
#13579 = VECTOR('',#13580,1.);
#13580 = DIRECTION('',(0.,0.,1.));
#13581 = ORIENTED_EDGE('',*,*,#3904,.F.);
#13582 = PLANE('',#13583);
#13583 = AXIS2_PLACEMENT_3D('',#13584,#13585,#13586);
#13584 = CARTESIAN_POINT('',(192.391331,71.099335,0.));
#13585 = DIRECTION('',(-0.995137697729,9.849346454508E-02,0.));
#13586 = DIRECTION('',(9.849346454508E-02,0.995137697729,0.));
#13587 = ADVANCED_FACE('',(#13588),#13606,.F.);
#13588 = FACE_BOUND('',#13589,.F.);
#13589 = EDGE_LOOP('',(#13590,#13591,#13599,#13605));
#13590 = ORIENTED_EDGE('',*,*,#13576,.T.);
#13591 = ORIENTED_EDGE('',*,*,#13592,.T.);
#13592 = EDGE_CURVE('',#13569,#13593,#13595,.T.);
#13593 = VERTEX_POINT('',#13594);
#13594 = CARTESIAN_POINT('',(192.40398,71.141016,1.7));
#13595 = LINE('',#13596,#13597);
#13596 = CARTESIAN_POINT('',(192.392779,71.113965,1.7));
#13597 = VECTOR('',#13598,1.);
#13598 = DIRECTION('',(0.382569992546,0.923926512664,0.));
#13599 = ORIENTED_EDGE('',*,*,#13600,.F.);
#13600 = EDGE_CURVE('',#3913,#13593,#13601,.T.);
#13601 = LINE('',#13602,#13603);
#13602 = CARTESIAN_POINT('',(192.40398,71.141016,0.));
#13603 = VECTOR('',#13604,1.);
#13604 = DIRECTION('',(0.,0.,1.));
#13605 = ORIENTED_EDGE('',*,*,#3912,.F.);
#13606 = PLANE('',#13607);
#13607 = AXIS2_PLACEMENT_3D('',#13608,#13609,#13610);
#13608 = CARTESIAN_POINT('',(192.392779,71.113965,0.));
#13609 = DIRECTION('',(-0.923926512664,0.382569992546,0.));
#13610 = DIRECTION('',(0.382569992546,0.923926512664,0.));
#13611 = ADVANCED_FACE('',(#13612),#13630,.F.);
#13612 = FACE_BOUND('',#13613,.F.);
#13613 = EDGE_LOOP('',(#13614,#13615,#13623,#13629));
#13614 = ORIENTED_EDGE('',*,*,#13600,.T.);
#13615 = ORIENTED_EDGE('',*,*,#13616,.T.);
#13616 = EDGE_CURVE('',#13593,#13617,#13619,.T.);
#13617 = VERTEX_POINT('',#13618);
#13618 = CARTESIAN_POINT('',(192.424656,71.161692,1.7));
#13619 = LINE('',#13620,#13621);
#13620 = CARTESIAN_POINT('',(192.40398,71.141016,1.7));
#13621 = VECTOR('',#13622,1.);
#13622 = DIRECTION('',(0.707106781187,0.707106781187,0.));
#13623 = ORIENTED_EDGE('',*,*,#13624,.F.);
#13624 = EDGE_CURVE('',#3921,#13617,#13625,.T.);
#13625 = LINE('',#13626,#13627);
#13626 = CARTESIAN_POINT('',(192.424656,71.161692,0.));
#13627 = VECTOR('',#13628,1.);
#13628 = DIRECTION('',(0.,0.,1.));
#13629 = ORIENTED_EDGE('',*,*,#3920,.F.);
#13630 = PLANE('',#13631);
#13631 = AXIS2_PLACEMENT_3D('',#13632,#13633,#13634);
#13632 = CARTESIAN_POINT('',(192.40398,71.141016,0.));
#13633 = DIRECTION('',(-0.707106781187,0.707106781187,0.));
#13634 = DIRECTION('',(0.707106781187,0.707106781187,0.));
#13635 = ADVANCED_FACE('',(#13636),#13654,.F.);
#13636 = FACE_BOUND('',#13637,.F.);
#13637 = EDGE_LOOP('',(#13638,#13639,#13647,#13653));
#13638 = ORIENTED_EDGE('',*,*,#13624,.T.);
#13639 = ORIENTED_EDGE('',*,*,#13640,.T.);
#13640 = EDGE_CURVE('',#13617,#13641,#13643,.T.);
#13641 = VERTEX_POINT('',#13642);
#13642 = CARTESIAN_POINT('',(192.451707,71.172893,1.7));
#13643 = LINE('',#13644,#13645);
#13644 = CARTESIAN_POINT('',(192.424656,71.161692,1.7));
#13645 = VECTOR('',#13646,1.);
#13646 = DIRECTION('',(0.923926512664,0.382569992546,0.));
#13647 = ORIENTED_EDGE('',*,*,#13648,.F.);
#13648 = EDGE_CURVE('',#3929,#13641,#13649,.T.);
#13649 = LINE('',#13650,#13651);
#13650 = CARTESIAN_POINT('',(192.451707,71.172893,0.));
#13651 = VECTOR('',#13652,1.);
#13652 = DIRECTION('',(0.,0.,1.));
#13653 = ORIENTED_EDGE('',*,*,#3928,.F.);
#13654 = PLANE('',#13655);
#13655 = AXIS2_PLACEMENT_3D('',#13656,#13657,#13658);
#13656 = CARTESIAN_POINT('',(192.424656,71.161692,0.));
#13657 = DIRECTION('',(-0.382569992546,0.923926512664,0.));
#13658 = DIRECTION('',(0.923926512664,0.382569992546,0.));
#13659 = ADVANCED_FACE('',(#13660),#13678,.F.);
#13660 = FACE_BOUND('',#13661,.F.);
#13661 = EDGE_LOOP('',(#13662,#13663,#13671,#13677));
#13662 = ORIENTED_EDGE('',*,*,#13648,.T.);
#13663 = ORIENTED_EDGE('',*,*,#13664,.T.);
#13664 = EDGE_CURVE('',#13641,#13665,#13667,.T.);
#13665 = VERTEX_POINT('',#13666);
#13666 = CARTESIAN_POINT('',(192.466337,71.174341,1.7));
#13667 = LINE('',#13668,#13669);
#13668 = CARTESIAN_POINT('',(192.451707,71.172893,1.7));
#13669 = VECTOR('',#13670,1.);
#13670 = DIRECTION('',(0.995137697729,9.849346454594E-02,0.));
#13671 = ORIENTED_EDGE('',*,*,#13672,.F.);
#13672 = EDGE_CURVE('',#3937,#13665,#13673,.T.);
#13673 = LINE('',#13674,#13675);
#13674 = CARTESIAN_POINT('',(192.466337,71.174341,0.));
#13675 = VECTOR('',#13676,1.);
#13676 = DIRECTION('',(0.,0.,1.));
#13677 = ORIENTED_EDGE('',*,*,#3936,.F.);
#13678 = PLANE('',#13679);
#13679 = AXIS2_PLACEMENT_3D('',#13680,#13681,#13682);
#13680 = CARTESIAN_POINT('',(192.451707,71.172893,0.));
#13681 = DIRECTION('',(-9.849346454594E-02,0.995137697729,0.));
#13682 = DIRECTION('',(0.995137697729,9.849346454594E-02,0.));
#13683 = ADVANCED_FACE('',(#13684),#13702,.F.);
#13684 = FACE_BOUND('',#13685,.F.);
#13685 = EDGE_LOOP('',(#13686,#13687,#13695,#13701));
#13686 = ORIENTED_EDGE('',*,*,#13672,.T.);
#13687 = ORIENTED_EDGE('',*,*,#13688,.T.);
#13688 = EDGE_CURVE('',#13665,#13689,#13691,.T.);
#13689 = VERTEX_POINT('',#13690);
#13690 = CARTESIAN_POINT('',(206.566335,71.174341,1.7));
#13691 = LINE('',#13692,#13693);
#13692 = CARTESIAN_POINT('',(192.466337,71.174341,1.7));
#13693 = VECTOR('',#13694,1.);
#13694 = DIRECTION('',(1.,0.,0.));
#13695 = ORIENTED_EDGE('',*,*,#13696,.F.);
#13696 = EDGE_CURVE('',#3945,#13689,#13697,.T.);
#13697 = LINE('',#13698,#13699);
#13698 = CARTESIAN_POINT('',(206.566335,71.174341,0.));
#13699 = VECTOR('',#13700,1.);
#13700 = DIRECTION('',(0.,0.,1.));
#13701 = ORIENTED_EDGE('',*,*,#3944,.F.);
#13702 = PLANE('',#13703);
#13703 = AXIS2_PLACEMENT_3D('',#13704,#13705,#13706);
#13704 = CARTESIAN_POINT('',(192.466337,71.174341,0.));
#13705 = DIRECTION('',(0.,1.,0.));
#13706 = DIRECTION('',(1.,0.,0.));
#13707 = ADVANCED_FACE('',(#13708),#13719,.F.);
#13708 = FACE_BOUND('',#13709,.F.);
#13709 = EDGE_LOOP('',(#13710,#13711,#13717,#13718));
#13710 = ORIENTED_EDGE('',*,*,#13696,.T.);
#13711 = ORIENTED_EDGE('',*,*,#13712,.T.);
#13712 = EDGE_CURVE('',#13689,#13153,#13713,.T.);
#13713 = LINE('',#13714,#13715);
#13714 = CARTESIAN_POINT('',(206.566335,71.174341,1.7));
#13715 = VECTOR('',#13716,1.);
#13716 = DIRECTION('',(0.995137697729,-9.849346454613E-02,0.));
#13717 = ORIENTED_EDGE('',*,*,#13152,.F.);
#13718 = ORIENTED_EDGE('',*,*,#3952,.F.);
#13719 = PLANE('',#13720);
#13720 = AXIS2_PLACEMENT_3D('',#13721,#13722,#13723);
#13721 = CARTESIAN_POINT('',(206.566335,71.174341,0.));
#13722 = DIRECTION('',(9.849346454613E-02,0.995137697729,0.));
#13723 = DIRECTION('',(0.995137697729,-9.849346454613E-02,0.));
#13724 = ADVANCED_FACE('',(#13725),#13750,.F.);
#13725 = FACE_BOUND('',#13726,.F.);
#13726 = EDGE_LOOP('',(#13727,#13735,#13743,#13749));
#13727 = ORIENTED_EDGE('',*,*,#13728,.T.);
#13728 = EDGE_CURVE('',#3961,#13729,#13731,.T.);
#13729 = VERTEX_POINT('',#13730);
#13730 = CARTESIAN_POINT('',(244.680965,90.222893,1.7));
#13731 = LINE('',#13732,#13733);
#13732 = CARTESIAN_POINT('',(244.680965,90.222893,0.));
#13733 = VECTOR('',#13734,1.);
#13734 = DIRECTION('',(0.,0.,1.));
#13735 = ORIENTED_EDGE('',*,*,#13736,.T.);
#13736 = EDGE_CURVE('',#13729,#13737,#13739,.T.);
#13737 = VERTEX_POINT('',#13738);
#13738 = CARTESIAN_POINT('',(244.708016,90.211692,1.7));
#13739 = LINE('',#13740,#13741);
#13740 = CARTESIAN_POINT('',(244.680965,90.222893,1.7));
#13741 = VECTOR('',#13742,1.);
#13742 = DIRECTION('',(0.923926512664,-0.382569992546,0.));
#13743 = ORIENTED_EDGE('',*,*,#13744,.F.);
#13744 = EDGE_CURVE('',#3963,#13737,#13745,.T.);
#13745 = LINE('',#13746,#13747);
#13746 = CARTESIAN_POINT('',(244.708016,90.211692,0.));
#13747 = VECTOR('',#13748,1.);
#13748 = DIRECTION('',(0.,0.,1.));
#13749 = ORIENTED_EDGE('',*,*,#3960,.F.);
#13750 = PLANE('',#13751);
#13751 = AXIS2_PLACEMENT_3D('',#13752,#13753,#13754);
#13752 = CARTESIAN_POINT('',(244.680965,90.222893,0.));
#13753 = DIRECTION('',(0.382569992546,0.923926512664,0.));
#13754 = DIRECTION('',(0.923926512664,-0.382569992546,0.));
#13755 = ADVANCED_FACE('',(#13756),#13774,.F.);
#13756 = FACE_BOUND('',#13757,.F.);
#13757 = EDGE_LOOP('',(#13758,#13759,#13767,#13773));
#13758 = ORIENTED_EDGE('',*,*,#13744,.T.);
#13759 = ORIENTED_EDGE('',*,*,#13760,.T.);
#13760 = EDGE_CURVE('',#13737,#13761,#13763,.T.);
#13761 = VERTEX_POINT('',#13762);
#13762 = CARTESIAN_POINT('',(244.728692,90.191016,1.7));
#13763 = LINE('',#13764,#13765);
#13764 = CARTESIAN_POINT('',(244.708016,90.211692,1.7));
#13765 = VECTOR('',#13766,1.);
#13766 = DIRECTION('',(0.707106781187,-0.707106781186,0.));
#13767 = ORIENTED_EDGE('',*,*,#13768,.F.);
#13768 = EDGE_CURVE('',#3971,#13761,#13769,.T.);
#13769 = LINE('',#13770,#13771);
#13770 = CARTESIAN_POINT('',(244.728692,90.191016,0.));
#13771 = VECTOR('',#13772,1.);
#13772 = DIRECTION('',(0.,0.,1.));
#13773 = ORIENTED_EDGE('',*,*,#3970,.F.);
#13774 = PLANE('',#13775);
#13775 = AXIS2_PLACEMENT_3D('',#13776,#13777,#13778);
#13776 = CARTESIAN_POINT('',(244.708016,90.211692,0.));
#13777 = DIRECTION('',(0.707106781186,0.707106781187,0.));
#13778 = DIRECTION('',(0.707106781187,-0.707106781186,0.));
#13779 = ADVANCED_FACE('',(#13780),#13798,.F.);
#13780 = FACE_BOUND('',#13781,.F.);
#13781 = EDGE_LOOP('',(#13782,#13783,#13791,#13797));
#13782 = ORIENTED_EDGE('',*,*,#13768,.T.);
#13783 = ORIENTED_EDGE('',*,*,#13784,.T.);
#13784 = EDGE_CURVE('',#13761,#13785,#13787,.T.);
#13785 = VERTEX_POINT('',#13786);
#13786 = CARTESIAN_POINT('',(244.739893,90.163965,1.7));
#13787 = LINE('',#13788,#13789);
#13788 = CARTESIAN_POINT('',(244.728692,90.191016,1.7));
#13789 = VECTOR('',#13790,1.);
#13790 = DIRECTION('',(0.382569992546,-0.923926512664,0.));
#13791 = ORIENTED_EDGE('',*,*,#13792,.F.);
#13792 = EDGE_CURVE('',#3979,#13785,#13793,.T.);
#13793 = LINE('',#13794,#13795);
#13794 = CARTESIAN_POINT('',(244.739893,90.163965,0.));
#13795 = VECTOR('',#13796,1.);
#13796 = DIRECTION('',(0.,0.,1.));
#13797 = ORIENTED_EDGE('',*,*,#3978,.F.);
#13798 = PLANE('',#13799);
#13799 = AXIS2_PLACEMENT_3D('',#13800,#13801,#13802);
#13800 = CARTESIAN_POINT('',(244.728692,90.191016,0.));
#13801 = DIRECTION('',(0.923926512664,0.382569992546,0.));
#13802 = DIRECTION('',(0.382569992546,-0.923926512664,0.));
#13803 = ADVANCED_FACE('',(#13804),#13822,.F.);
#13804 = FACE_BOUND('',#13805,.F.);
#13805 = EDGE_LOOP('',(#13806,#13807,#13815,#13821));
#13806 = ORIENTED_EDGE('',*,*,#13792,.T.);
#13807 = ORIENTED_EDGE('',*,*,#13808,.T.);
#13808 = EDGE_CURVE('',#13785,#13809,#13811,.T.);
#13809 = VERTEX_POINT('',#13810);
#13810 = CARTESIAN_POINT('',(244.741341,90.149335,1.7));
#13811 = LINE('',#13812,#13813);
#13812 = CARTESIAN_POINT('',(244.739893,90.163965,1.7));
#13813 = VECTOR('',#13814,1.);
#13814 = DIRECTION('',(9.84934645469E-02,-0.995137697729,0.));
#13815 = ORIENTED_EDGE('',*,*,#13816,.F.);
#13816 = EDGE_CURVE('',#3987,#13809,#13817,.T.);
#13817 = LINE('',#13818,#13819);
#13818 = CARTESIAN_POINT('',(244.741341,90.149335,0.));
#13819 = VECTOR('',#13820,1.);
#13820 = DIRECTION('',(0.,0.,1.));
#13821 = ORIENTED_EDGE('',*,*,#3986,.F.);
#13822 = PLANE('',#13823);
#13823 = AXIS2_PLACEMENT_3D('',#13824,#13825,#13826);
#13824 = CARTESIAN_POINT('',(244.739893,90.163965,0.));
#13825 = DIRECTION('',(0.995137697729,9.84934645469E-02,0.));
#13826 = DIRECTION('',(9.84934645469E-02,-0.995137697729,0.));
#13827 = ADVANCED_FACE('',(#13828),#13846,.F.);
#13828 = FACE_BOUND('',#13829,.F.);
#13829 = EDGE_LOOP('',(#13830,#13831,#13839,#13845));
#13830 = ORIENTED_EDGE('',*,*,#13816,.T.);
#13831 = ORIENTED_EDGE('',*,*,#13832,.T.);
#13832 = EDGE_CURVE('',#13809,#13833,#13835,.T.);
#13833 = VERTEX_POINT('',#13834);
#13834 = CARTESIAN_POINT('',(244.741341,76.049338,1.7));
#13835 = LINE('',#13836,#13837);
#13836 = CARTESIAN_POINT('',(244.741341,90.149335,1.7));
#13837 = VECTOR('',#13838,1.);
#13838 = DIRECTION('',(0.,-1.,0.));
#13839 = ORIENTED_EDGE('',*,*,#13840,.F.);
#13840 = EDGE_CURVE('',#3995,#13833,#13841,.T.);
#13841 = LINE('',#13842,#13843);
#13842 = CARTESIAN_POINT('',(244.741341,76.049338,0.));
#13843 = VECTOR('',#13844,1.);
#13844 = DIRECTION('',(0.,0.,1.));
#13845 = ORIENTED_EDGE('',*,*,#3994,.F.);
#13846 = PLANE('',#13847);
#13847 = AXIS2_PLACEMENT_3D('',#13848,#13849,#13850);
#13848 = CARTESIAN_POINT('',(244.741341,90.149335,0.));
#13849 = DIRECTION('',(1.,0.,0.));
#13850 = DIRECTION('',(0.,-1.,0.));
#13851 = ADVANCED_FACE('',(#13852),#13870,.F.);
#13852 = FACE_BOUND('',#13853,.F.);
#13853 = EDGE_LOOP('',(#13854,#13855,#13863,#13869));
#13854 = ORIENTED_EDGE('',*,*,#13840,.T.);
#13855 = ORIENTED_EDGE('',*,*,#13856,.T.);
#13856 = EDGE_CURVE('',#13833,#13857,#13859,.T.);
#13857 = VERTEX_POINT('',#13858);
#13858 = CARTESIAN_POINT('',(244.739893,76.034707,1.7));
#13859 = LINE('',#13860,#13861);
#13860 = CARTESIAN_POINT('',(244.741341,76.049338,1.7));
#13861 = VECTOR('',#13862,1.);
#13862 = DIRECTION('',(-9.848679801147E-02,-0.995138357525,0.));
#13863 = ORIENTED_EDGE('',*,*,#13864,.F.);
#13864 = EDGE_CURVE('',#4003,#13857,#13865,.T.);
#13865 = LINE('',#13866,#13867);
#13866 = CARTESIAN_POINT('',(244.739893,76.034707,0.));
#13867 = VECTOR('',#13868,1.);
#13868 = DIRECTION('',(0.,0.,1.));
#13869 = ORIENTED_EDGE('',*,*,#4002,.F.);
#13870 = PLANE('',#13871);
#13871 = AXIS2_PLACEMENT_3D('',#13872,#13873,#13874);
#13872 = CARTESIAN_POINT('',(244.741341,76.049338,0.));
#13873 = DIRECTION('',(0.995138357525,-9.848679801147E-02,0.));
#13874 = DIRECTION('',(-9.848679801147E-02,-0.995138357525,0.));
#13875 = ADVANCED_FACE('',(#13876),#13894,.F.);
#13876 = FACE_BOUND('',#13877,.F.);
#13877 = EDGE_LOOP('',(#13878,#13879,#13887,#13893));
#13878 = ORIENTED_EDGE('',*,*,#13864,.T.);
#13879 = ORIENTED_EDGE('',*,*,#13880,.T.);
#13880 = EDGE_CURVE('',#13857,#13881,#13883,.T.);
#13881 = VERTEX_POINT('',#13882);
#13882 = CARTESIAN_POINT('',(244.728692,76.007656,1.7));
#13883 = LINE('',#13884,#13885);
#13884 = CARTESIAN_POINT('',(244.739893,76.034707,1.7));
#13885 = VECTOR('',#13886,1.);
#13886 = DIRECTION('',(-0.382569992546,-0.923926512664,0.));
#13887 = ORIENTED_EDGE('',*,*,#13888,.F.);
#13888 = EDGE_CURVE('',#4011,#13881,#13889,.T.);
#13889 = LINE('',#13890,#13891);
#13890 = CARTESIAN_POINT('',(244.728692,76.007656,0.));
#13891 = VECTOR('',#13892,1.);
#13892 = DIRECTION('',(0.,0.,1.));
#13893 = ORIENTED_EDGE('',*,*,#4010,.F.);
#13894 = PLANE('',#13895);
#13895 = AXIS2_PLACEMENT_3D('',#13896,#13897,#13898);
#13896 = CARTESIAN_POINT('',(244.739893,76.034707,0.));
#13897 = DIRECTION('',(0.923926512664,-0.382569992546,0.));
#13898 = DIRECTION('',(-0.382569992546,-0.923926512664,0.));
#13899 = ADVANCED_FACE('',(#13900),#13918,.F.);
#13900 = FACE_BOUND('',#13901,.F.);
#13901 = EDGE_LOOP('',(#13902,#13903,#13911,#13917));
#13902 = ORIENTED_EDGE('',*,*,#13888,.T.);
#13903 = ORIENTED_EDGE('',*,*,#13904,.T.);
#13904 = EDGE_CURVE('',#13881,#13905,#13907,.T.);
#13905 = VERTEX_POINT('',#13906);
#13906 = CARTESIAN_POINT('',(244.708016,75.986981,1.7));
#13907 = LINE('',#13908,#13909);
#13908 = CARTESIAN_POINT('',(244.728692,76.007656,1.7));
#13909 = VECTOR('',#13910,1.);
#13910 = DIRECTION('',(-0.707123881093,-0.707089680866,0.));
#13911 = ORIENTED_EDGE('',*,*,#13912,.F.);
#13912 = EDGE_CURVE('',#4019,#13905,#13913,.T.);
#13913 = LINE('',#13914,#13915);
#13914 = CARTESIAN_POINT('',(244.708016,75.986981,0.));
#13915 = VECTOR('',#13916,1.);
#13916 = DIRECTION('',(0.,0.,1.));
#13917 = ORIENTED_EDGE('',*,*,#4018,.F.);
#13918 = PLANE('',#13919);
#13919 = AXIS2_PLACEMENT_3D('',#13920,#13921,#13922);
#13920 = CARTESIAN_POINT('',(244.728692,76.007656,0.));
#13921 = DIRECTION('',(0.707089680866,-0.707123881093,0.));
#13922 = DIRECTION('',(-0.707123881093,-0.707089680866,0.));
#13923 = ADVANCED_FACE('',(#13924),#13942,.F.);
#13924 = FACE_BOUND('',#13925,.F.);
#13925 = EDGE_LOOP('',(#13926,#13927,#13935,#13941));
#13926 = ORIENTED_EDGE('',*,*,#13912,.T.);
#13927 = ORIENTED_EDGE('',*,*,#13928,.T.);
#13928 = EDGE_CURVE('',#13905,#13929,#13931,.T.);
#13929 = VERTEX_POINT('',#13930);
#13930 = CARTESIAN_POINT('',(244.680965,75.975779,1.7));
#13931 = LINE('',#13932,#13933);
#13932 = CARTESIAN_POINT('',(244.708016,75.986981,1.7));
#13933 = VECTOR('',#13934,1.);
#13934 = DIRECTION('',(-0.923914439717,-0.382599148043,0.));
#13935 = ORIENTED_EDGE('',*,*,#13936,.F.);
#13936 = EDGE_CURVE('',#4027,#13929,#13937,.T.);
#13937 = LINE('',#13938,#13939);
#13938 = CARTESIAN_POINT('',(244.680965,75.975779,0.));
#13939 = VECTOR('',#13940,1.);
#13940 = DIRECTION('',(0.,0.,1.));
#13941 = ORIENTED_EDGE('',*,*,#4026,.F.);
#13942 = PLANE('',#13943);
#13943 = AXIS2_PLACEMENT_3D('',#13944,#13945,#13946);
#13944 = CARTESIAN_POINT('',(244.708016,75.986981,0.));
#13945 = DIRECTION('',(0.382599148043,-0.923914439717,0.));
#13946 = DIRECTION('',(-0.923914439717,-0.382599148043,0.));
#13947 = ADVANCED_FACE('',(#13948),#13966,.F.);
#13948 = FACE_BOUND('',#13949,.F.);
#13949 = EDGE_LOOP('',(#13950,#13951,#13959,#13965));
#13950 = ORIENTED_EDGE('',*,*,#13936,.T.);
#13951 = ORIENTED_EDGE('',*,*,#13952,.T.);
#13952 = EDGE_CURVE('',#13929,#13953,#13955,.T.);
#13953 = VERTEX_POINT('',#13954);
#13954 = CARTESIAN_POINT('',(244.666335,75.974331,1.7));
#13955 = LINE('',#13956,#13957);
#13956 = CARTESIAN_POINT('',(244.680965,75.975779,1.7));
#13957 = VECTOR('',#13958,1.);
#13958 = DIRECTION('',(-0.995137697729,-9.849346454613E-02,0.));
#13959 = ORIENTED_EDGE('',*,*,#13960,.F.);
#13960 = EDGE_CURVE('',#4035,#13953,#13961,.T.);
#13961 = LINE('',#13962,#13963);
#13962 = CARTESIAN_POINT('',(244.666335,75.974331,0.));
#13963 = VECTOR('',#13964,1.);
#13964 = DIRECTION('',(0.,0.,1.));
#13965 = ORIENTED_EDGE('',*,*,#4034,.F.);
#13966 = PLANE('',#13967);
#13967 = AXIS2_PLACEMENT_3D('',#13968,#13969,#13970);
#13968 = CARTESIAN_POINT('',(244.680965,75.975779,0.));
#13969 = DIRECTION('',(9.849346454613E-02,-0.995137697729,0.));
#13970 = DIRECTION('',(-0.995137697729,-9.849346454613E-02,0.));
#13971 = ADVANCED_FACE('',(#13972),#13990,.F.);
#13972 = FACE_BOUND('',#13973,.F.);
#13973 = EDGE_LOOP('',(#13974,#13975,#13983,#13989));
#13974 = ORIENTED_EDGE('',*,*,#13960,.T.);
#13975 = ORIENTED_EDGE('',*,*,#13976,.T.);
#13976 = EDGE_CURVE('',#13953,#13977,#13979,.T.);
#13977 = VERTEX_POINT('',#13978);
#13978 = CARTESIAN_POINT('',(230.566337,75.974331,1.7));
#13979 = LINE('',#13980,#13981);
#13980 = CARTESIAN_POINT('',(244.666335,75.974331,1.7));
#13981 = VECTOR('',#13982,1.);
#13982 = DIRECTION('',(-1.,0.,0.));
#13983 = ORIENTED_EDGE('',*,*,#13984,.F.);
#13984 = EDGE_CURVE('',#4043,#13977,#13985,.T.);
#13985 = LINE('',#13986,#13987);
#13986 = CARTESIAN_POINT('',(230.566337,75.974331,0.));
#13987 = VECTOR('',#13988,1.);
#13988 = DIRECTION('',(0.,0.,1.));
#13989 = ORIENTED_EDGE('',*,*,#4042,.F.);
#13990 = PLANE('',#13991);
#13991 = AXIS2_PLACEMENT_3D('',#13992,#13993,#13994);
#13992 = CARTESIAN_POINT('',(244.666335,75.974331,0.));
#13993 = DIRECTION('',(0.,-1.,0.));
#13994 = DIRECTION('',(-1.,0.,0.));
#13995 = ADVANCED_FACE('',(#13996),#14014,.F.);
#13996 = FACE_BOUND('',#13997,.F.);
#13997 = EDGE_LOOP('',(#13998,#13999,#14007,#14013));
#13998 = ORIENTED_EDGE('',*,*,#13984,.T.);
#13999 = ORIENTED_EDGE('',*,*,#14000,.T.);
#14000 = EDGE_CURVE('',#13977,#14001,#14003,.T.);
#14001 = VERTEX_POINT('',#14002);
#14002 = CARTESIAN_POINT('',(230.551707,75.975779,1.7));
#14003 = LINE('',#14004,#14005);
#14004 = CARTESIAN_POINT('',(230.566337,75.974331,1.7));
#14005 = VECTOR('',#14006,1.);
#14006 = DIRECTION('',(-0.995137697729,9.849346454594E-02,0.));
#14007 = ORIENTED_EDGE('',*,*,#14008,.F.);
#14008 = EDGE_CURVE('',#4051,#14001,#14009,.T.);
#14009 = LINE('',#14010,#14011);
#14010 = CARTESIAN_POINT('',(230.551707,75.975779,0.));
#14011 = VECTOR('',#14012,1.);
#14012 = DIRECTION('',(0.,0.,1.));
#14013 = ORIENTED_EDGE('',*,*,#4050,.F.);
#14014 = PLANE('',#14015);
#14015 = AXIS2_PLACEMENT_3D('',#14016,#14017,#14018);
#14016 = CARTESIAN_POINT('',(230.566337,75.974331,0.));
#14017 = DIRECTION('',(-9.849346454594E-02,-0.995137697729,0.));
#14018 = DIRECTION('',(-0.995137697729,9.849346454594E-02,0.));
#14019 = ADVANCED_FACE('',(#14020),#14038,.F.);
#14020 = FACE_BOUND('',#14021,.F.);
#14021 = EDGE_LOOP('',(#14022,#14023,#14031,#14037));
#14022 = ORIENTED_EDGE('',*,*,#14008,.T.);
#14023 = ORIENTED_EDGE('',*,*,#14024,.T.);
#14024 = EDGE_CURVE('',#14001,#14025,#14027,.T.);
#14025 = VERTEX_POINT('',#14026);
#14026 = CARTESIAN_POINT('',(230.524656,75.986981,1.7));
#14027 = LINE('',#14028,#14029);
#14028 = CARTESIAN_POINT('',(230.551707,75.975779,1.7));
#14029 = VECTOR('',#14030,1.);
#14030 = DIRECTION('',(-0.923914439717,0.382599148043,0.));
#14031 = ORIENTED_EDGE('',*,*,#14032,.F.);
#14032 = EDGE_CURVE('',#4059,#14025,#14033,.T.);
#14033 = LINE('',#14034,#14035);
#14034 = CARTESIAN_POINT('',(230.524656,75.986981,0.));
#14035 = VECTOR('',#14036,1.);
#14036 = DIRECTION('',(0.,0.,1.));
#14037 = ORIENTED_EDGE('',*,*,#4058,.F.);
#14038 = PLANE('',#14039);
#14039 = AXIS2_PLACEMENT_3D('',#14040,#14041,#14042);
#14040 = CARTESIAN_POINT('',(230.551707,75.975779,0.));
#14041 = DIRECTION('',(-0.382599148043,-0.923914439717,0.));
#14042 = DIRECTION('',(-0.923914439717,0.382599148043,0.));
#14043 = ADVANCED_FACE('',(#14044),#14062,.F.);
#14044 = FACE_BOUND('',#14045,.F.);
#14045 = EDGE_LOOP('',(#14046,#14047,#14055,#14061));
#14046 = ORIENTED_EDGE('',*,*,#14032,.T.);
#14047 = ORIENTED_EDGE('',*,*,#14048,.T.);
#14048 = EDGE_CURVE('',#14025,#14049,#14051,.T.);
#14049 = VERTEX_POINT('',#14050);
#14050 = CARTESIAN_POINT('',(230.50398,76.007656,1.7));
#14051 = LINE('',#14052,#14053);
#14052 = CARTESIAN_POINT('',(230.524656,75.986981,1.7));
#14053 = VECTOR('',#14054,1.);
#14054 = DIRECTION('',(-0.707123881093,0.707089680867,0.));
#14055 = ORIENTED_EDGE('',*,*,#14056,.F.);
#14056 = EDGE_CURVE('',#4067,#14049,#14057,.T.);
#14057 = LINE('',#14058,#14059);
#14058 = CARTESIAN_POINT('',(230.50398,76.007656,0.));
#14059 = VECTOR('',#14060,1.);
#14060 = DIRECTION('',(0.,0.,1.));
#14061 = ORIENTED_EDGE('',*,*,#4066,.F.);
#14062 = PLANE('',#14063);
#14063 = AXIS2_PLACEMENT_3D('',#14064,#14065,#14066);
#14064 = CARTESIAN_POINT('',(230.524656,75.986981,0.));
#14065 = DIRECTION('',(-0.707089680867,-0.707123881093,0.));
#14066 = DIRECTION('',(-0.707123881093,0.707089680867,0.));
#14067 = ADVANCED_FACE('',(#14068),#14086,.F.);
#14068 = FACE_BOUND('',#14069,.F.);
#14069 = EDGE_LOOP('',(#14070,#14071,#14079,#14085));
#14070 = ORIENTED_EDGE('',*,*,#14056,.T.);
#14071 = ORIENTED_EDGE('',*,*,#14072,.T.);
#14072 = EDGE_CURVE('',#14049,#14073,#14075,.T.);
#14073 = VERTEX_POINT('',#14074);
#14074 = CARTESIAN_POINT('',(230.492779,76.034707,1.7));
#14075 = LINE('',#14076,#14077);
#14076 = CARTESIAN_POINT('',(230.50398,76.007656,1.7));
#14077 = VECTOR('',#14078,1.);
#14078 = DIRECTION('',(-0.382569992546,0.923926512664,0.));
#14079 = ORIENTED_EDGE('',*,*,#14080,.F.);
#14080 = EDGE_CURVE('',#4075,#14073,#14081,.T.);
#14081 = LINE('',#14082,#14083);
#14082 = CARTESIAN_POINT('',(230.492779,76.034707,0.));
#14083 = VECTOR('',#14084,1.);
#14084 = DIRECTION('',(0.,0.,1.));
#14085 = ORIENTED_EDGE('',*,*,#4074,.F.);
#14086 = PLANE('',#14087);
#14087 = AXIS2_PLACEMENT_3D('',#14088,#14089,#14090);
#14088 = CARTESIAN_POINT('',(230.50398,76.007656,0.));
#14089 = DIRECTION('',(-0.923926512664,-0.382569992546,0.));
#14090 = DIRECTION('',(-0.382569992546,0.923926512664,0.));
#14091 = ADVANCED_FACE('',(#14092),#14110,.F.);
#14092 = FACE_BOUND('',#14093,.F.);
#14093 = EDGE_LOOP('',(#14094,#14095,#14103,#14109));
#14094 = ORIENTED_EDGE('',*,*,#14080,.T.);
#14095 = ORIENTED_EDGE('',*,*,#14096,.T.);
#14096 = EDGE_CURVE('',#14073,#14097,#14099,.T.);
#14097 = VERTEX_POINT('',#14098);
#14098 = CARTESIAN_POINT('',(230.491331,76.049338,1.7));
#14099 = LINE('',#14100,#14101);
#14100 = CARTESIAN_POINT('',(230.492779,76.034707,1.7));
#14101 = VECTOR('',#14102,1.);
#14102 = DIRECTION('',(-9.848679801147E-02,0.995138357525,0.));
#14103 = ORIENTED_EDGE('',*,*,#14104,.F.);
#14104 = EDGE_CURVE('',#4083,#14097,#14105,.T.);
#14105 = LINE('',#14106,#14107);
#14106 = CARTESIAN_POINT('',(230.491331,76.049338,0.));
#14107 = VECTOR('',#14108,1.);
#14108 = DIRECTION('',(0.,0.,1.));
#14109 = ORIENTED_EDGE('',*,*,#4082,.F.);
#14110 = PLANE('',#14111);
#14111 = AXIS2_PLACEMENT_3D('',#14112,#14113,#14114);
#14112 = CARTESIAN_POINT('',(230.492779,76.034707,0.));
#14113 = DIRECTION('',(-0.995138357525,-9.848679801147E-02,0.));
#14114 = DIRECTION('',(-9.848679801147E-02,0.995138357525,0.));
#14115 = ADVANCED_FACE('',(#14116),#14134,.F.);
#14116 = FACE_BOUND('',#14117,.F.);
#14117 = EDGE_LOOP('',(#14118,#14119,#14127,#14133));
#14118 = ORIENTED_EDGE('',*,*,#14104,.T.);
#14119 = ORIENTED_EDGE('',*,*,#14120,.T.);
#14120 = EDGE_CURVE('',#14097,#14121,#14123,.T.);
#14121 = VERTEX_POINT('',#14122);
#14122 = CARTESIAN_POINT('',(230.491331,90.149335,1.7));
#14123 = LINE('',#14124,#14125);
#14124 = CARTESIAN_POINT('',(230.491331,76.049338,1.7));
#14125 = VECTOR('',#14126,1.);
#14126 = DIRECTION('',(0.,1.,0.));
#14127 = ORIENTED_EDGE('',*,*,#14128,.F.);
#14128 = EDGE_CURVE('',#4091,#14121,#14129,.T.);
#14129 = LINE('',#14130,#14131);
#14130 = CARTESIAN_POINT('',(230.491331,90.149335,0.));
#14131 = VECTOR('',#14132,1.);
#14132 = DIRECTION('',(0.,0.,1.));
#14133 = ORIENTED_EDGE('',*,*,#4090,.F.);
#14134 = PLANE('',#14135);
#14135 = AXIS2_PLACEMENT_3D('',#14136,#14137,#14138);
#14136 = CARTESIAN_POINT('',(230.491331,76.049338,0.));
#14137 = DIRECTION('',(-1.,0.,0.));
#14138 = DIRECTION('',(0.,1.,0.));
#14139 = ADVANCED_FACE('',(#14140),#14158,.F.);
#14140 = FACE_BOUND('',#14141,.F.);
#14141 = EDGE_LOOP('',(#14142,#14143,#14151,#14157));
#14142 = ORIENTED_EDGE('',*,*,#14128,.T.);
#14143 = ORIENTED_EDGE('',*,*,#14144,.T.);
#14144 = EDGE_CURVE('',#14121,#14145,#14147,.T.);
#14145 = VERTEX_POINT('',#14146);
#14146 = CARTESIAN_POINT('',(230.492779,90.163965,1.7));
#14147 = LINE('',#14148,#14149);
#14148 = CARTESIAN_POINT('',(230.491331,90.149335,1.7));
#14149 = VECTOR('',#14150,1.);
#14150 = DIRECTION('',(9.84934645469E-02,0.995137697729,0.));
#14151 = ORIENTED_EDGE('',*,*,#14152,.F.);
#14152 = EDGE_CURVE('',#4099,#14145,#14153,.T.);
#14153 = LINE('',#14154,#14155);
#14154 = CARTESIAN_POINT('',(230.492779,90.163965,0.));
#14155 = VECTOR('',#14156,1.);
#14156 = DIRECTION('',(0.,0.,1.));
#14157 = ORIENTED_EDGE('',*,*,#4098,.F.);
#14158 = PLANE('',#14159);
#14159 = AXIS2_PLACEMENT_3D('',#14160,#14161,#14162);
#14160 = CARTESIAN_POINT('',(230.491331,90.149335,0.));
#14161 = DIRECTION('',(-0.995137697729,9.84934645469E-02,0.));
#14162 = DIRECTION('',(9.84934645469E-02,0.995137697729,0.));
#14163 = ADVANCED_FACE('',(#14164),#14182,.F.);
#14164 = FACE_BOUND('',#14165,.F.);
#14165 = EDGE_LOOP('',(#14166,#14167,#14175,#14181));
#14166 = ORIENTED_EDGE('',*,*,#14152,.T.);
#14167 = ORIENTED_EDGE('',*,*,#14168,.T.);
#14168 = EDGE_CURVE('',#14145,#14169,#14171,.T.);
#14169 = VERTEX_POINT('',#14170);
#14170 = CARTESIAN_POINT('',(230.50398,90.191016,1.7));
#14171 = LINE('',#14172,#14173);
#14172 = CARTESIAN_POINT('',(230.492779,90.163965,1.7));
#14173 = VECTOR('',#14174,1.);
#14174 = DIRECTION('',(0.382569992546,0.923926512664,0.));
#14175 = ORIENTED_EDGE('',*,*,#14176,.F.);
#14176 = EDGE_CURVE('',#4107,#14169,#14177,.T.);
#14177 = LINE('',#14178,#14179);
#14178 = CARTESIAN_POINT('',(230.50398,90.191016,0.));
#14179 = VECTOR('',#14180,1.);
#14180 = DIRECTION('',(0.,0.,1.));
#14181 = ORIENTED_EDGE('',*,*,#4106,.F.);
#14182 = PLANE('',#14183);
#14183 = AXIS2_PLACEMENT_3D('',#14184,#14185,#14186);
#14184 = CARTESIAN_POINT('',(230.492779,90.163965,0.));
#14185 = DIRECTION('',(-0.923926512664,0.382569992546,0.));
#14186 = DIRECTION('',(0.382569992546,0.923926512664,0.));
#14187 = ADVANCED_FACE('',(#14188),#14206,.F.);
#14188 = FACE_BOUND('',#14189,.F.);
#14189 = EDGE_LOOP('',(#14190,#14191,#14199,#14205));
#14190 = ORIENTED_EDGE('',*,*,#14176,.T.);
#14191 = ORIENTED_EDGE('',*,*,#14192,.T.);
#14192 = EDGE_CURVE('',#14169,#14193,#14195,.T.);
#14193 = VERTEX_POINT('',#14194);
#14194 = CARTESIAN_POINT('',(230.524656,90.211692,1.7));
#14195 = LINE('',#14196,#14197);
#14196 = CARTESIAN_POINT('',(230.50398,90.191016,1.7));
#14197 = VECTOR('',#14198,1.);
#14198 = DIRECTION('',(0.707106781186,0.707106781187,0.));
#14199 = ORIENTED_EDGE('',*,*,#14200,.F.);
#14200 = EDGE_CURVE('',#4115,#14193,#14201,.T.);
#14201 = LINE('',#14202,#14203);
#14202 = CARTESIAN_POINT('',(230.524656,90.211692,0.));
#14203 = VECTOR('',#14204,1.);
#14204 = DIRECTION('',(0.,0.,1.));
#14205 = ORIENTED_EDGE('',*,*,#4114,.F.);
#14206 = PLANE('',#14207);
#14207 = AXIS2_PLACEMENT_3D('',#14208,#14209,#14210);
#14208 = CARTESIAN_POINT('',(230.50398,90.191016,0.));
#14209 = DIRECTION('',(-0.707106781187,0.707106781186,0.));
#14210 = DIRECTION('',(0.707106781186,0.707106781187,0.));
#14211 = ADVANCED_FACE('',(#14212),#14230,.F.);
#14212 = FACE_BOUND('',#14213,.F.);
#14213 = EDGE_LOOP('',(#14214,#14215,#14223,#14229));
#14214 = ORIENTED_EDGE('',*,*,#14200,.T.);
#14215 = ORIENTED_EDGE('',*,*,#14216,.T.);
#14216 = EDGE_CURVE('',#14193,#14217,#14219,.T.);
#14217 = VERTEX_POINT('',#14218);
#14218 = CARTESIAN_POINT('',(230.551707,90.222893,1.7));
#14219 = LINE('',#14220,#14221);
#14220 = CARTESIAN_POINT('',(230.524656,90.211692,1.7));
#14221 = VECTOR('',#14222,1.);
#14222 = DIRECTION('',(0.923926512664,0.382569992546,0.));
#14223 = ORIENTED_EDGE('',*,*,#14224,.F.);
#14224 = EDGE_CURVE('',#4123,#14217,#14225,.T.);
#14225 = LINE('',#14226,#14227);
#14226 = CARTESIAN_POINT('',(230.551707,90.222893,0.));
#14227 = VECTOR('',#14228,1.);
#14228 = DIRECTION('',(0.,0.,1.));
#14229 = ORIENTED_EDGE('',*,*,#4122,.F.);
#14230 = PLANE('',#14231);
#14231 = AXIS2_PLACEMENT_3D('',#14232,#14233,#14234);
#14232 = CARTESIAN_POINT('',(230.524656,90.211692,0.));
#14233 = DIRECTION('',(-0.382569992546,0.923926512664,0.));
#14234 = DIRECTION('',(0.923926512664,0.382569992546,0.));
#14235 = ADVANCED_FACE('',(#14236),#14254,.F.);
#14236 = FACE_BOUND('',#14237,.F.);
#14237 = EDGE_LOOP('',(#14238,#14239,#14247,#14253));
#14238 = ORIENTED_EDGE('',*,*,#14224,.T.);
#14239 = ORIENTED_EDGE('',*,*,#14240,.T.);
#14240 = EDGE_CURVE('',#14217,#14241,#14243,.T.);
#14241 = VERTEX_POINT('',#14242);
#14242 = CARTESIAN_POINT('',(230.566337,90.224341,1.7));
#14243 = LINE('',#14244,#14245);
#14244 = CARTESIAN_POINT('',(230.551707,90.222893,1.7));
#14245 = VECTOR('',#14246,1.);
#14246 = DIRECTION('',(0.995137697729,9.849346454594E-02,0.));
#14247 = ORIENTED_EDGE('',*,*,#14248,.F.);
#14248 = EDGE_CURVE('',#4131,#14241,#14249,.T.);
#14249 = LINE('',#14250,#14251);
#14250 = CARTESIAN_POINT('',(230.566337,90.224341,0.));
#14251 = VECTOR('',#14252,1.);
#14252 = DIRECTION('',(0.,0.,1.));
#14253 = ORIENTED_EDGE('',*,*,#4130,.F.);
#14254 = PLANE('',#14255);
#14255 = AXIS2_PLACEMENT_3D('',#14256,#14257,#14258);
#14256 = CARTESIAN_POINT('',(230.551707,90.222893,0.));
#14257 = DIRECTION('',(-9.849346454594E-02,0.995137697729,0.));
#14258 = DIRECTION('',(0.995137697729,9.849346454594E-02,0.));
#14259 = ADVANCED_FACE('',(#14260),#14278,.F.);
#14260 = FACE_BOUND('',#14261,.F.);
#14261 = EDGE_LOOP('',(#14262,#14263,#14271,#14277));
#14262 = ORIENTED_EDGE('',*,*,#14248,.T.);
#14263 = ORIENTED_EDGE('',*,*,#14264,.T.);
#14264 = EDGE_CURVE('',#14241,#14265,#14267,.T.);
#14265 = VERTEX_POINT('',#14266);
#14266 = CARTESIAN_POINT('',(244.666335,90.224341,1.7));
#14267 = LINE('',#14268,#14269);
#14268 = CARTESIAN_POINT('',(230.566337,90.224341,1.7));
#14269 = VECTOR('',#14270,1.);
#14270 = DIRECTION('',(1.,0.,0.));
#14271 = ORIENTED_EDGE('',*,*,#14272,.F.);
#14272 = EDGE_CURVE('',#4139,#14265,#14273,.T.);
#14273 = LINE('',#14274,#14275);
#14274 = CARTESIAN_POINT('',(244.666335,90.224341,0.));
#14275 = VECTOR('',#14276,1.);
#14276 = DIRECTION('',(0.,0.,1.));
#14277 = ORIENTED_EDGE('',*,*,#4138,.F.);
#14278 = PLANE('',#14279);
#14279 = AXIS2_PLACEMENT_3D('',#14280,#14281,#14282);
#14280 = CARTESIAN_POINT('',(230.566337,90.224341,0.));
#14281 = DIRECTION('',(0.,1.,0.));
#14282 = DIRECTION('',(1.,0.,0.));
#14283 = ADVANCED_FACE('',(#14284),#14295,.F.);
#14284 = FACE_BOUND('',#14285,.F.);
#14285 = EDGE_LOOP('',(#14286,#14287,#14293,#14294));
#14286 = ORIENTED_EDGE('',*,*,#14272,.T.);
#14287 = ORIENTED_EDGE('',*,*,#14288,.T.);
#14288 = EDGE_CURVE('',#14265,#13729,#14289,.T.);
#14289 = LINE('',#14290,#14291);
#14290 = CARTESIAN_POINT('',(244.666335,90.224341,1.7));
#14291 = VECTOR('',#14292,1.);
#14292 = DIRECTION('',(0.995137697729,-9.849346454613E-02,0.));
#14293 = ORIENTED_EDGE('',*,*,#13728,.F.);
#14294 = ORIENTED_EDGE('',*,*,#4146,.F.);
#14295 = PLANE('',#14296);
#14296 = AXIS2_PLACEMENT_3D('',#14297,#14298,#14299);
#14297 = CARTESIAN_POINT('',(244.666335,90.224341,0.));
#14298 = DIRECTION('',(9.849346454613E-02,0.995137697729,0.));
#14299 = DIRECTION('',(0.995137697729,-9.849346454613E-02,0.));
#14300 = ADVANCED_FACE('',(#14301),#14326,.F.);
#14301 = FACE_BOUND('',#14302,.F.);
#14302 = EDGE_LOOP('',(#14303,#14311,#14319,#14325));
#14303 = ORIENTED_EDGE('',*,*,#14304,.T.);
#14304 = EDGE_CURVE('',#4155,#14305,#14307,.T.);
#14305 = VERTEX_POINT('',#14306);
#14306 = CARTESIAN_POINT('',(225.630965,90.222893,1.7));
#14307 = LINE('',#14308,#14309);
#14308 = CARTESIAN_POINT('',(225.630965,90.222893,0.));
#14309 = VECTOR('',#14310,1.);
#14310 = DIRECTION('',(0.,0.,1.));
#14311 = ORIENTED_EDGE('',*,*,#14312,.T.);
#14312 = EDGE_CURVE('',#14305,#14313,#14315,.T.);
#14313 = VERTEX_POINT('',#14314);
#14314 = CARTESIAN_POINT('',(225.658016,90.211692,1.7));
#14315 = LINE('',#14316,#14317);
#14316 = CARTESIAN_POINT('',(225.630965,90.222893,1.7));
#14317 = VECTOR('',#14318,1.);
#14318 = DIRECTION('',(0.923926512664,-0.382569992546,0.));
#14319 = ORIENTED_EDGE('',*,*,#14320,.F.);
#14320 = EDGE_CURVE('',#4157,#14313,#14321,.T.);
#14321 = LINE('',#14322,#14323);
#14322 = CARTESIAN_POINT('',(225.658016,90.211692,0.));
#14323 = VECTOR('',#14324,1.);
#14324 = DIRECTION('',(0.,0.,1.));
#14325 = ORIENTED_EDGE('',*,*,#4154,.F.);
#14326 = PLANE('',#14327);
#14327 = AXIS2_PLACEMENT_3D('',#14328,#14329,#14330);
#14328 = CARTESIAN_POINT('',(225.630965,90.222893,0.));
#14329 = DIRECTION('',(0.382569992546,0.923926512664,0.));
#14330 = DIRECTION('',(0.923926512664,-0.382569992546,0.));
#14331 = ADVANCED_FACE('',(#14332),#14350,.F.);
#14332 = FACE_BOUND('',#14333,.F.);
#14333 = EDGE_LOOP('',(#14334,#14335,#14343,#14349));
#14334 = ORIENTED_EDGE('',*,*,#14320,.T.);
#14335 = ORIENTED_EDGE('',*,*,#14336,.T.);
#14336 = EDGE_CURVE('',#14313,#14337,#14339,.T.);
#14337 = VERTEX_POINT('',#14338);
#14338 = CARTESIAN_POINT('',(225.678692,90.191016,1.7));
#14339 = LINE('',#14340,#14341);
#14340 = CARTESIAN_POINT('',(225.658016,90.211692,1.7));
#14341 = VECTOR('',#14342,1.);
#14342 = DIRECTION('',(0.707106781187,-0.707106781186,0.));
#14343 = ORIENTED_EDGE('',*,*,#14344,.F.);
#14344 = EDGE_CURVE('',#4165,#14337,#14345,.T.);
#14345 = LINE('',#14346,#14347);
#14346 = CARTESIAN_POINT('',(225.678692,90.191016,0.));
#14347 = VECTOR('',#14348,1.);
#14348 = DIRECTION('',(0.,0.,1.));
#14349 = ORIENTED_EDGE('',*,*,#4164,.F.);
#14350 = PLANE('',#14351);
#14351 = AXIS2_PLACEMENT_3D('',#14352,#14353,#14354);
#14352 = CARTESIAN_POINT('',(225.658016,90.211692,0.));
#14353 = DIRECTION('',(0.707106781186,0.707106781187,0.));
#14354 = DIRECTION('',(0.707106781187,-0.707106781186,0.));
#14355 = ADVANCED_FACE('',(#14356),#14374,.F.);
#14356 = FACE_BOUND('',#14357,.F.);
#14357 = EDGE_LOOP('',(#14358,#14359,#14367,#14373));
#14358 = ORIENTED_EDGE('',*,*,#14344,.T.);
#14359 = ORIENTED_EDGE('',*,*,#14360,.T.);
#14360 = EDGE_CURVE('',#14337,#14361,#14363,.T.);
#14361 = VERTEX_POINT('',#14362);
#14362 = CARTESIAN_POINT('',(225.689893,90.163965,1.7));
#14363 = LINE('',#14364,#14365);
#14364 = CARTESIAN_POINT('',(225.678692,90.191016,1.7));
#14365 = VECTOR('',#14366,1.);
#14366 = DIRECTION('',(0.382569992546,-0.923926512664,0.));
#14367 = ORIENTED_EDGE('',*,*,#14368,.F.);
#14368 = EDGE_CURVE('',#4173,#14361,#14369,.T.);
#14369 = LINE('',#14370,#14371);
#14370 = CARTESIAN_POINT('',(225.689893,90.163965,0.));
#14371 = VECTOR('',#14372,1.);
#14372 = DIRECTION('',(0.,0.,1.));
#14373 = ORIENTED_EDGE('',*,*,#4172,.F.);
#14374 = PLANE('',#14375);
#14375 = AXIS2_PLACEMENT_3D('',#14376,#14377,#14378);
#14376 = CARTESIAN_POINT('',(225.678692,90.191016,0.));
#14377 = DIRECTION('',(0.923926512664,0.382569992546,0.));
#14378 = DIRECTION('',(0.382569992546,-0.923926512664,0.));
#14379 = ADVANCED_FACE('',(#14380),#14398,.F.);
#14380 = FACE_BOUND('',#14381,.F.);
#14381 = EDGE_LOOP('',(#14382,#14383,#14391,#14397));
#14382 = ORIENTED_EDGE('',*,*,#14368,.T.);
#14383 = ORIENTED_EDGE('',*,*,#14384,.T.);
#14384 = EDGE_CURVE('',#14361,#14385,#14387,.T.);
#14385 = VERTEX_POINT('',#14386);
#14386 = CARTESIAN_POINT('',(225.691341,90.149335,1.7));
#14387 = LINE('',#14388,#14389);
#14388 = CARTESIAN_POINT('',(225.689893,90.163965,1.7));
#14389 = VECTOR('',#14390,1.);
#14390 = DIRECTION('',(9.849346454498E-02,-0.995137697729,0.));
#14391 = ORIENTED_EDGE('',*,*,#14392,.F.);
#14392 = EDGE_CURVE('',#4181,#14385,#14393,.T.);
#14393 = LINE('',#14394,#14395);
#14394 = CARTESIAN_POINT('',(225.691341,90.149335,0.));
#14395 = VECTOR('',#14396,1.);
#14396 = DIRECTION('',(0.,0.,1.));
#14397 = ORIENTED_EDGE('',*,*,#4180,.F.);
#14398 = PLANE('',#14399);
#14399 = AXIS2_PLACEMENT_3D('',#14400,#14401,#14402);
#14400 = CARTESIAN_POINT('',(225.689893,90.163965,0.));
#14401 = DIRECTION('',(0.995137697729,9.849346454498E-02,0.));
#14402 = DIRECTION('',(9.849346454498E-02,-0.995137697729,0.));
#14403 = ADVANCED_FACE('',(#14404),#14422,.F.);
#14404 = FACE_BOUND('',#14405,.F.);
#14405 = EDGE_LOOP('',(#14406,#14407,#14415,#14421));
#14406 = ORIENTED_EDGE('',*,*,#14392,.T.);
#14407 = ORIENTED_EDGE('',*,*,#14408,.T.);
#14408 = EDGE_CURVE('',#14385,#14409,#14411,.T.);
#14409 = VERTEX_POINT('',#14410);
#14410 = CARTESIAN_POINT('',(225.691341,76.049338,1.7));
#14411 = LINE('',#14412,#14413);
#14412 = CARTESIAN_POINT('',(225.691341,90.149335,1.7));
#14413 = VECTOR('',#14414,1.);
#14414 = DIRECTION('',(0.,-1.,0.));
#14415 = ORIENTED_EDGE('',*,*,#14416,.F.);
#14416 = EDGE_CURVE('',#4189,#14409,#14417,.T.);
#14417 = LINE('',#14418,#14419);
#14418 = CARTESIAN_POINT('',(225.691341,76.049338,0.));
#14419 = VECTOR('',#14420,1.);
#14420 = DIRECTION('',(0.,0.,1.));
#14421 = ORIENTED_EDGE('',*,*,#4188,.F.);
#14422 = PLANE('',#14423);
#14423 = AXIS2_PLACEMENT_3D('',#14424,#14425,#14426);
#14424 = CARTESIAN_POINT('',(225.691341,90.149335,0.));
#14425 = DIRECTION('',(1.,0.,0.));
#14426 = DIRECTION('',(0.,-1.,0.));
#14427 = ADVANCED_FACE('',(#14428),#14446,.F.);
#14428 = FACE_BOUND('',#14429,.F.);
#14429 = EDGE_LOOP('',(#14430,#14431,#14439,#14445));
#14430 = ORIENTED_EDGE('',*,*,#14416,.T.);
#14431 = ORIENTED_EDGE('',*,*,#14432,.T.);
#14432 = EDGE_CURVE('',#14409,#14433,#14435,.T.);
#14433 = VERTEX_POINT('',#14434);
#14434 = CARTESIAN_POINT('',(225.689893,76.034707,1.7));
#14435 = LINE('',#14436,#14437);
#14436 = CARTESIAN_POINT('',(225.691341,76.049338,1.7));
#14437 = VECTOR('',#14438,1.);
#14438 = DIRECTION('',(-9.848679800955E-02,-0.995138357525,0.));
#14439 = ORIENTED_EDGE('',*,*,#14440,.F.);
#14440 = EDGE_CURVE('',#4197,#14433,#14441,.T.);
#14441 = LINE('',#14442,#14443);
#14442 = CARTESIAN_POINT('',(225.689893,76.034707,0.));
#14443 = VECTOR('',#14444,1.);
#14444 = DIRECTION('',(0.,0.,1.));
#14445 = ORIENTED_EDGE('',*,*,#4196,.F.);
#14446 = PLANE('',#14447);
#14447 = AXIS2_PLACEMENT_3D('',#14448,#14449,#14450);
#14448 = CARTESIAN_POINT('',(225.691341,76.049338,0.));
#14449 = DIRECTION('',(0.995138357525,-9.848679800955E-02,0.));
#14450 = DIRECTION('',(-9.848679800955E-02,-0.995138357525,0.));
#14451 = ADVANCED_FACE('',(#14452),#14470,.F.);
#14452 = FACE_BOUND('',#14453,.F.);
#14453 = EDGE_LOOP('',(#14454,#14455,#14463,#14469));
#14454 = ORIENTED_EDGE('',*,*,#14440,.T.);
#14455 = ORIENTED_EDGE('',*,*,#14456,.T.);
#14456 = EDGE_CURVE('',#14433,#14457,#14459,.T.);
#14457 = VERTEX_POINT('',#14458);
#14458 = CARTESIAN_POINT('',(225.678692,76.007656,1.7));
#14459 = LINE('',#14460,#14461);
#14460 = CARTESIAN_POINT('',(225.689893,76.034707,1.7));
#14461 = VECTOR('',#14462,1.);
#14462 = DIRECTION('',(-0.382569992546,-0.923926512664,0.));
#14463 = ORIENTED_EDGE('',*,*,#14464,.F.);
#14464 = EDGE_CURVE('',#4205,#14457,#14465,.T.);
#14465 = LINE('',#14466,#14467);
#14466 = CARTESIAN_POINT('',(225.678692,76.007656,0.));
#14467 = VECTOR('',#14468,1.);
#14468 = DIRECTION('',(0.,0.,1.));
#14469 = ORIENTED_EDGE('',*,*,#4204,.F.);
#14470 = PLANE('',#14471);
#14471 = AXIS2_PLACEMENT_3D('',#14472,#14473,#14474);
#14472 = CARTESIAN_POINT('',(225.689893,76.034707,0.));
#14473 = DIRECTION('',(0.923926512664,-0.382569992546,0.));
#14474 = DIRECTION('',(-0.382569992546,-0.923926512664,0.));
#14475 = ADVANCED_FACE('',(#14476),#14494,.F.);
#14476 = FACE_BOUND('',#14477,.F.);
#14477 = EDGE_LOOP('',(#14478,#14479,#14487,#14493));
#14478 = ORIENTED_EDGE('',*,*,#14464,.T.);
#14479 = ORIENTED_EDGE('',*,*,#14480,.T.);
#14480 = EDGE_CURVE('',#14457,#14481,#14483,.T.);
#14481 = VERTEX_POINT('',#14482);
#14482 = CARTESIAN_POINT('',(225.658016,75.986981,1.7));
#14483 = LINE('',#14484,#14485);
#14484 = CARTESIAN_POINT('',(225.678692,76.007656,1.7));
#14485 = VECTOR('',#14486,1.);
#14486 = DIRECTION('',(-0.707123881093,-0.707089680866,0.));
#14487 = ORIENTED_EDGE('',*,*,#14488,.F.);
#14488 = EDGE_CURVE('',#4213,#14481,#14489,.T.);
#14489 = LINE('',#14490,#14491);
#14490 = CARTESIAN_POINT('',(225.658016,75.986981,0.));
#14491 = VECTOR('',#14492,1.);
#14492 = DIRECTION('',(0.,0.,1.));
#14493 = ORIENTED_EDGE('',*,*,#4212,.F.);
#14494 = PLANE('',#14495);
#14495 = AXIS2_PLACEMENT_3D('',#14496,#14497,#14498);
#14496 = CARTESIAN_POINT('',(225.678692,76.007656,0.));
#14497 = DIRECTION('',(0.707089680866,-0.707123881093,0.));
#14498 = DIRECTION('',(-0.707123881093,-0.707089680866,0.));
#14499 = ADVANCED_FACE('',(#14500),#14518,.F.);
#14500 = FACE_BOUND('',#14501,.F.);
#14501 = EDGE_LOOP('',(#14502,#14503,#14511,#14517));
#14502 = ORIENTED_EDGE('',*,*,#14488,.T.);
#14503 = ORIENTED_EDGE('',*,*,#14504,.T.);
#14504 = EDGE_CURVE('',#14481,#14505,#14507,.T.);
#14505 = VERTEX_POINT('',#14506);
#14506 = CARTESIAN_POINT('',(225.630965,75.975779,1.7));
#14507 = LINE('',#14508,#14509);
#14508 = CARTESIAN_POINT('',(225.658016,75.986981,1.7));
#14509 = VECTOR('',#14510,1.);
#14510 = DIRECTION('',(-0.923914439717,-0.382599148043,0.));
#14511 = ORIENTED_EDGE('',*,*,#14512,.F.);
#14512 = EDGE_CURVE('',#4221,#14505,#14513,.T.);
#14513 = LINE('',#14514,#14515);
#14514 = CARTESIAN_POINT('',(225.630965,75.975779,0.));
#14515 = VECTOR('',#14516,1.);
#14516 = DIRECTION('',(0.,0.,1.));
#14517 = ORIENTED_EDGE('',*,*,#4220,.F.);
#14518 = PLANE('',#14519);
#14519 = AXIS2_PLACEMENT_3D('',#14520,#14521,#14522);
#14520 = CARTESIAN_POINT('',(225.658016,75.986981,0.));
#14521 = DIRECTION('',(0.382599148043,-0.923914439717,0.));
#14522 = DIRECTION('',(-0.923914439717,-0.382599148043,0.));
#14523 = ADVANCED_FACE('',(#14524),#14542,.F.);
#14524 = FACE_BOUND('',#14525,.F.);
#14525 = EDGE_LOOP('',(#14526,#14527,#14535,#14541));
#14526 = ORIENTED_EDGE('',*,*,#14512,.T.);
#14527 = ORIENTED_EDGE('',*,*,#14528,.T.);
#14528 = EDGE_CURVE('',#14505,#14529,#14531,.T.);
#14529 = VERTEX_POINT('',#14530);
#14530 = CARTESIAN_POINT('',(225.616335,75.974331,1.7));
#14531 = LINE('',#14532,#14533);
#14532 = CARTESIAN_POINT('',(225.630965,75.975779,1.7));
#14533 = VECTOR('',#14534,1.);
#14534 = DIRECTION('',(-0.995137697729,-9.849346454594E-02,0.));
#14535 = ORIENTED_EDGE('',*,*,#14536,.F.);
#14536 = EDGE_CURVE('',#4229,#14529,#14537,.T.);
#14537 = LINE('',#14538,#14539);
#14538 = CARTESIAN_POINT('',(225.616335,75.974331,0.));
#14539 = VECTOR('',#14540,1.);
#14540 = DIRECTION('',(0.,0.,1.));
#14541 = ORIENTED_EDGE('',*,*,#4228,.F.);
#14542 = PLANE('',#14543);
#14543 = AXIS2_PLACEMENT_3D('',#14544,#14545,#14546);
#14544 = CARTESIAN_POINT('',(225.630965,75.975779,0.));
#14545 = DIRECTION('',(9.849346454594E-02,-0.995137697729,0.));
#14546 = DIRECTION('',(-0.995137697729,-9.849346454594E-02,0.));
#14547 = ADVANCED_FACE('',(#14548),#14566,.F.);
#14548 = FACE_BOUND('',#14549,.F.);
#14549 = EDGE_LOOP('',(#14550,#14551,#14559,#14565));
#14550 = ORIENTED_EDGE('',*,*,#14536,.T.);
#14551 = ORIENTED_EDGE('',*,*,#14552,.T.);
#14552 = EDGE_CURVE('',#14529,#14553,#14555,.T.);
#14553 = VERTEX_POINT('',#14554);
#14554 = CARTESIAN_POINT('',(211.516337,75.974331,1.7));
#14555 = LINE('',#14556,#14557);
#14556 = CARTESIAN_POINT('',(225.616335,75.974331,1.7));
#14557 = VECTOR('',#14558,1.);
#14558 = DIRECTION('',(-1.,0.,0.));
#14559 = ORIENTED_EDGE('',*,*,#14560,.F.);
#14560 = EDGE_CURVE('',#4237,#14553,#14561,.T.);
#14561 = LINE('',#14562,#14563);
#14562 = CARTESIAN_POINT('',(211.516337,75.974331,0.));
#14563 = VECTOR('',#14564,1.);
#14564 = DIRECTION('',(0.,0.,1.));
#14565 = ORIENTED_EDGE('',*,*,#4236,.F.);
#14566 = PLANE('',#14567);
#14567 = AXIS2_PLACEMENT_3D('',#14568,#14569,#14570);
#14568 = CARTESIAN_POINT('',(225.616335,75.974331,0.));
#14569 = DIRECTION('',(0.,-1.,0.));
#14570 = DIRECTION('',(-1.,0.,0.));
#14571 = ADVANCED_FACE('',(#14572),#14590,.F.);
#14572 = FACE_BOUND('',#14573,.F.);
#14573 = EDGE_LOOP('',(#14574,#14575,#14583,#14589));
#14574 = ORIENTED_EDGE('',*,*,#14560,.T.);
#14575 = ORIENTED_EDGE('',*,*,#14576,.T.);
#14576 = EDGE_CURVE('',#14553,#14577,#14579,.T.);
#14577 = VERTEX_POINT('',#14578);
#14578 = CARTESIAN_POINT('',(211.501707,75.975779,1.7));
#14579 = LINE('',#14580,#14581);
#14580 = CARTESIAN_POINT('',(211.516337,75.974331,1.7));
#14581 = VECTOR('',#14582,1.);
#14582 = DIRECTION('',(-0.995137697729,9.849346454613E-02,0.));
#14583 = ORIENTED_EDGE('',*,*,#14584,.F.);
#14584 = EDGE_CURVE('',#4245,#14577,#14585,.T.);
#14585 = LINE('',#14586,#14587);
#14586 = CARTESIAN_POINT('',(211.501707,75.975779,0.));
#14587 = VECTOR('',#14588,1.);
#14588 = DIRECTION('',(0.,0.,1.));
#14589 = ORIENTED_EDGE('',*,*,#4244,.F.);
#14590 = PLANE('',#14591);
#14591 = AXIS2_PLACEMENT_3D('',#14592,#14593,#14594);
#14592 = CARTESIAN_POINT('',(211.516337,75.974331,0.));
#14593 = DIRECTION('',(-9.849346454613E-02,-0.995137697729,0.));
#14594 = DIRECTION('',(-0.995137697729,9.849346454613E-02,0.));
#14595 = ADVANCED_FACE('',(#14596),#14614,.F.);
#14596 = FACE_BOUND('',#14597,.F.);
#14597 = EDGE_LOOP('',(#14598,#14599,#14607,#14613));
#14598 = ORIENTED_EDGE('',*,*,#14584,.T.);
#14599 = ORIENTED_EDGE('',*,*,#14600,.T.);
#14600 = EDGE_CURVE('',#14577,#14601,#14603,.T.);
#14601 = VERTEX_POINT('',#14602);
#14602 = CARTESIAN_POINT('',(211.474656,75.986981,1.7));
#14603 = LINE('',#14604,#14605);
#14604 = CARTESIAN_POINT('',(211.501707,75.975779,1.7));
#14605 = VECTOR('',#14606,1.);
#14606 = DIRECTION('',(-0.923914439717,0.382599148043,0.));
#14607 = ORIENTED_EDGE('',*,*,#14608,.F.);
#14608 = EDGE_CURVE('',#4253,#14601,#14609,.T.);
#14609 = LINE('',#14610,#14611);
#14610 = CARTESIAN_POINT('',(211.474656,75.986981,0.));
#14611 = VECTOR('',#14612,1.);
#14612 = DIRECTION('',(0.,0.,1.));
#14613 = ORIENTED_EDGE('',*,*,#4252,.F.);
#14614 = PLANE('',#14615);
#14615 = AXIS2_PLACEMENT_3D('',#14616,#14617,#14618);
#14616 = CARTESIAN_POINT('',(211.501707,75.975779,0.));
#14617 = DIRECTION('',(-0.382599148043,-0.923914439717,0.));
#14618 = DIRECTION('',(-0.923914439717,0.382599148043,0.));
#14619 = ADVANCED_FACE('',(#14620),#14638,.F.);
#14620 = FACE_BOUND('',#14621,.F.);
#14621 = EDGE_LOOP('',(#14622,#14623,#14631,#14637));
#14622 = ORIENTED_EDGE('',*,*,#14608,.T.);
#14623 = ORIENTED_EDGE('',*,*,#14624,.T.);
#14624 = EDGE_CURVE('',#14601,#14625,#14627,.T.);
#14625 = VERTEX_POINT('',#14626);
#14626 = CARTESIAN_POINT('',(211.45398,76.007656,1.7));
#14627 = LINE('',#14628,#14629);
#14628 = CARTESIAN_POINT('',(211.474656,75.986981,1.7));
#14629 = VECTOR('',#14630,1.);
#14630 = DIRECTION('',(-0.707123881093,0.707089680866,0.));
#14631 = ORIENTED_EDGE('',*,*,#14632,.F.);
#14632 = EDGE_CURVE('',#4261,#14625,#14633,.T.);
#14633 = LINE('',#14634,#14635);
#14634 = CARTESIAN_POINT('',(211.45398,76.007656,0.));
#14635 = VECTOR('',#14636,1.);
#14636 = DIRECTION('',(0.,0.,1.));
#14637 = ORIENTED_EDGE('',*,*,#4260,.F.);
#14638 = PLANE('',#14639);
#14639 = AXIS2_PLACEMENT_3D('',#14640,#14641,#14642);
#14640 = CARTESIAN_POINT('',(211.474656,75.986981,0.));
#14641 = DIRECTION('',(-0.707089680866,-0.707123881093,0.));
#14642 = DIRECTION('',(-0.707123881093,0.707089680866,0.));
#14643 = ADVANCED_FACE('',(#14644),#14662,.F.);
#14644 = FACE_BOUND('',#14645,.F.);
#14645 = EDGE_LOOP('',(#14646,#14647,#14655,#14661));
#14646 = ORIENTED_EDGE('',*,*,#14632,.T.);
#14647 = ORIENTED_EDGE('',*,*,#14648,.T.);
#14648 = EDGE_CURVE('',#14625,#14649,#14651,.T.);
#14649 = VERTEX_POINT('',#14650);
#14650 = CARTESIAN_POINT('',(211.442779,76.034707,1.7));
#14651 = LINE('',#14652,#14653);
#14652 = CARTESIAN_POINT('',(211.45398,76.007656,1.7));
#14653 = VECTOR('',#14654,1.);
#14654 = DIRECTION('',(-0.382569992546,0.923926512664,0.));
#14655 = ORIENTED_EDGE('',*,*,#14656,.F.);
#14656 = EDGE_CURVE('',#4269,#14649,#14657,.T.);
#14657 = LINE('',#14658,#14659);
#14658 = CARTESIAN_POINT('',(211.442779,76.034707,0.));
#14659 = VECTOR('',#14660,1.);
#14660 = DIRECTION('',(0.,0.,1.));
#14661 = ORIENTED_EDGE('',*,*,#4268,.F.);
#14662 = PLANE('',#14663);
#14663 = AXIS2_PLACEMENT_3D('',#14664,#14665,#14666);
#14664 = CARTESIAN_POINT('',(211.45398,76.007656,0.));
#14665 = DIRECTION('',(-0.923926512664,-0.382569992546,0.));
#14666 = DIRECTION('',(-0.382569992546,0.923926512664,0.));
#14667 = ADVANCED_FACE('',(#14668),#14686,.F.);
#14668 = FACE_BOUND('',#14669,.F.);
#14669 = EDGE_LOOP('',(#14670,#14671,#14679,#14685));
#14670 = ORIENTED_EDGE('',*,*,#14656,.T.);
#14671 = ORIENTED_EDGE('',*,*,#14672,.T.);
#14672 = EDGE_CURVE('',#14649,#14673,#14675,.T.);
#14673 = VERTEX_POINT('',#14674);
#14674 = CARTESIAN_POINT('',(211.441331,76.049338,1.7));
#14675 = LINE('',#14676,#14677);
#14676 = CARTESIAN_POINT('',(211.442779,76.034707,1.7));
#14677 = VECTOR('',#14678,1.);
#14678 = DIRECTION('',(-9.848679801147E-02,0.995138357525,0.));
#14679 = ORIENTED_EDGE('',*,*,#14680,.F.);
#14680 = EDGE_CURVE('',#4277,#14673,#14681,.T.);
#14681 = LINE('',#14682,#14683);
#14682 = CARTESIAN_POINT('',(211.441331,76.049338,0.));
#14683 = VECTOR('',#14684,1.);
#14684 = DIRECTION('',(0.,0.,1.));
#14685 = ORIENTED_EDGE('',*,*,#4276,.F.);
#14686 = PLANE('',#14687);
#14687 = AXIS2_PLACEMENT_3D('',#14688,#14689,#14690);
#14688 = CARTESIAN_POINT('',(211.442779,76.034707,0.));
#14689 = DIRECTION('',(-0.995138357525,-9.848679801147E-02,0.));
#14690 = DIRECTION('',(-9.848679801147E-02,0.995138357525,0.));
#14691 = ADVANCED_FACE('',(#14692),#14710,.F.);
#14692 = FACE_BOUND('',#14693,.F.);
#14693 = EDGE_LOOP('',(#14694,#14695,#14703,#14709));
#14694 = ORIENTED_EDGE('',*,*,#14680,.T.);
#14695 = ORIENTED_EDGE('',*,*,#14696,.T.);
#14696 = EDGE_CURVE('',#14673,#14697,#14699,.T.);
#14697 = VERTEX_POINT('',#14698);
#14698 = CARTESIAN_POINT('',(211.441331,90.149335,1.7));
#14699 = LINE('',#14700,#14701);
#14700 = CARTESIAN_POINT('',(211.441331,76.049338,1.7));
#14701 = VECTOR('',#14702,1.);
#14702 = DIRECTION('',(0.,1.,0.));
#14703 = ORIENTED_EDGE('',*,*,#14704,.F.);
#14704 = EDGE_CURVE('',#4285,#14697,#14705,.T.);
#14705 = LINE('',#14706,#14707);
#14706 = CARTESIAN_POINT('',(211.441331,90.149335,0.));
#14707 = VECTOR('',#14708,1.);
#14708 = DIRECTION('',(0.,0.,1.));
#14709 = ORIENTED_EDGE('',*,*,#4284,.F.);
#14710 = PLANE('',#14711);
#14711 = AXIS2_PLACEMENT_3D('',#14712,#14713,#14714);
#14712 = CARTESIAN_POINT('',(211.441331,76.049338,0.));
#14713 = DIRECTION('',(-1.,0.,0.));
#14714 = DIRECTION('',(0.,1.,0.));
#14715 = ADVANCED_FACE('',(#14716),#14734,.F.);
#14716 = FACE_BOUND('',#14717,.F.);
#14717 = EDGE_LOOP('',(#14718,#14719,#14727,#14733));
#14718 = ORIENTED_EDGE('',*,*,#14704,.T.);
#14719 = ORIENTED_EDGE('',*,*,#14720,.T.);
#14720 = EDGE_CURVE('',#14697,#14721,#14723,.T.);
#14721 = VERTEX_POINT('',#14722);
#14722 = CARTESIAN_POINT('',(211.442779,90.163965,1.7));
#14723 = LINE('',#14724,#14725);
#14724 = CARTESIAN_POINT('',(211.441331,90.149335,1.7));
#14725 = VECTOR('',#14726,1.);
#14726 = DIRECTION('',(9.84934645469E-02,0.995137697729,0.));
#14727 = ORIENTED_EDGE('',*,*,#14728,.F.);
#14728 = EDGE_CURVE('',#4293,#14721,#14729,.T.);
#14729 = LINE('',#14730,#14731);
#14730 = CARTESIAN_POINT('',(211.442779,90.163965,0.));
#14731 = VECTOR('',#14732,1.);
#14732 = DIRECTION('',(0.,0.,1.));
#14733 = ORIENTED_EDGE('',*,*,#4292,.F.);
#14734 = PLANE('',#14735);
#14735 = AXIS2_PLACEMENT_3D('',#14736,#14737,#14738);
#14736 = CARTESIAN_POINT('',(211.441331,90.149335,0.));
#14737 = DIRECTION('',(-0.995137697729,9.84934645469E-02,0.));
#14738 = DIRECTION('',(9.84934645469E-02,0.995137697729,0.));
#14739 = ADVANCED_FACE('',(#14740),#14758,.F.);
#14740 = FACE_BOUND('',#14741,.F.);
#14741 = EDGE_LOOP('',(#14742,#14743,#14751,#14757));
#14742 = ORIENTED_EDGE('',*,*,#14728,.T.);
#14743 = ORIENTED_EDGE('',*,*,#14744,.T.);
#14744 = EDGE_CURVE('',#14721,#14745,#14747,.T.);
#14745 = VERTEX_POINT('',#14746);
#14746 = CARTESIAN_POINT('',(211.45398,90.191016,1.7));
#14747 = LINE('',#14748,#14749);
#14748 = CARTESIAN_POINT('',(211.442779,90.163965,1.7));
#14749 = VECTOR('',#14750,1.);
#14750 = DIRECTION('',(0.382569992546,0.923926512664,0.));
#14751 = ORIENTED_EDGE('',*,*,#14752,.F.);
#14752 = EDGE_CURVE('',#4301,#14745,#14753,.T.);
#14753 = LINE('',#14754,#14755);
#14754 = CARTESIAN_POINT('',(211.45398,90.191016,0.));
#14755 = VECTOR('',#14756,1.);
#14756 = DIRECTION('',(0.,0.,1.));
#14757 = ORIENTED_EDGE('',*,*,#4300,.F.);
#14758 = PLANE('',#14759);
#14759 = AXIS2_PLACEMENT_3D('',#14760,#14761,#14762);
#14760 = CARTESIAN_POINT('',(211.442779,90.163965,0.));
#14761 = DIRECTION('',(-0.923926512664,0.382569992546,0.));
#14762 = DIRECTION('',(0.382569992546,0.923926512664,0.));
#14763 = ADVANCED_FACE('',(#14764),#14782,.F.);
#14764 = FACE_BOUND('',#14765,.F.);
#14765 = EDGE_LOOP('',(#14766,#14767,#14775,#14781));
#14766 = ORIENTED_EDGE('',*,*,#14752,.T.);
#14767 = ORIENTED_EDGE('',*,*,#14768,.T.);
#14768 = EDGE_CURVE('',#14745,#14769,#14771,.T.);
#14769 = VERTEX_POINT('',#14770);
#14770 = CARTESIAN_POINT('',(211.474656,90.211692,1.7));
#14771 = LINE('',#14772,#14773);
#14772 = CARTESIAN_POINT('',(211.45398,90.191016,1.7));
#14773 = VECTOR('',#14774,1.);
#14774 = DIRECTION('',(0.707106781187,0.707106781186,0.));
#14775 = ORIENTED_EDGE('',*,*,#14776,.F.);
#14776 = EDGE_CURVE('',#4309,#14769,#14777,.T.);
#14777 = LINE('',#14778,#14779);
#14778 = CARTESIAN_POINT('',(211.474656,90.211692,0.));
#14779 = VECTOR('',#14780,1.);
#14780 = DIRECTION('',(0.,0.,1.));
#14781 = ORIENTED_EDGE('',*,*,#4308,.F.);
#14782 = PLANE('',#14783);
#14783 = AXIS2_PLACEMENT_3D('',#14784,#14785,#14786);
#14784 = CARTESIAN_POINT('',(211.45398,90.191016,0.));
#14785 = DIRECTION('',(-0.707106781186,0.707106781187,0.));
#14786 = DIRECTION('',(0.707106781187,0.707106781186,0.));
#14787 = ADVANCED_FACE('',(#14788),#14806,.F.);
#14788 = FACE_BOUND('',#14789,.F.);
#14789 = EDGE_LOOP('',(#14790,#14791,#14799,#14805));
#14790 = ORIENTED_EDGE('',*,*,#14776,.T.);
#14791 = ORIENTED_EDGE('',*,*,#14792,.T.);
#14792 = EDGE_CURVE('',#14769,#14793,#14795,.T.);
#14793 = VERTEX_POINT('',#14794);
#14794 = CARTESIAN_POINT('',(211.501707,90.222893,1.7));
#14795 = LINE('',#14796,#14797);
#14796 = CARTESIAN_POINT('',(211.474656,90.211692,1.7));
#14797 = VECTOR('',#14798,1.);
#14798 = DIRECTION('',(0.923926512664,0.382569992546,0.));
#14799 = ORIENTED_EDGE('',*,*,#14800,.F.);
#14800 = EDGE_CURVE('',#4317,#14793,#14801,.T.);
#14801 = LINE('',#14802,#14803);
#14802 = CARTESIAN_POINT('',(211.501707,90.222893,0.));
#14803 = VECTOR('',#14804,1.);
#14804 = DIRECTION('',(0.,0.,1.));
#14805 = ORIENTED_EDGE('',*,*,#4316,.F.);
#14806 = PLANE('',#14807);
#14807 = AXIS2_PLACEMENT_3D('',#14808,#14809,#14810);
#14808 = CARTESIAN_POINT('',(211.474656,90.211692,0.));
#14809 = DIRECTION('',(-0.382569992546,0.923926512664,0.));
#14810 = DIRECTION('',(0.923926512664,0.382569992546,0.));
#14811 = ADVANCED_FACE('',(#14812),#14830,.F.);
#14812 = FACE_BOUND('',#14813,.F.);
#14813 = EDGE_LOOP('',(#14814,#14815,#14823,#14829));
#14814 = ORIENTED_EDGE('',*,*,#14800,.T.);
#14815 = ORIENTED_EDGE('',*,*,#14816,.T.);
#14816 = EDGE_CURVE('',#14793,#14817,#14819,.T.);
#14817 = VERTEX_POINT('',#14818);
#14818 = CARTESIAN_POINT('',(211.516337,90.224341,1.7));
#14819 = LINE('',#14820,#14821);
#14820 = CARTESIAN_POINT('',(211.501707,90.222893,1.7));
#14821 = VECTOR('',#14822,1.);
#14822 = DIRECTION('',(0.995137697729,9.849346454613E-02,0.));
#14823 = ORIENTED_EDGE('',*,*,#14824,.F.);
#14824 = EDGE_CURVE('',#4325,#14817,#14825,.T.);
#14825 = LINE('',#14826,#14827);
#14826 = CARTESIAN_POINT('',(211.516337,90.224341,0.));
#14827 = VECTOR('',#14828,1.);
#14828 = DIRECTION('',(0.,0.,1.));
#14829 = ORIENTED_EDGE('',*,*,#4324,.F.);
#14830 = PLANE('',#14831);
#14831 = AXIS2_PLACEMENT_3D('',#14832,#14833,#14834);
#14832 = CARTESIAN_POINT('',(211.501707,90.222893,0.));
#14833 = DIRECTION('',(-9.849346454613E-02,0.995137697729,0.));
#14834 = DIRECTION('',(0.995137697729,9.849346454613E-02,0.));
#14835 = ADVANCED_FACE('',(#14836),#14854,.F.);
#14836 = FACE_BOUND('',#14837,.F.);
#14837 = EDGE_LOOP('',(#14838,#14839,#14847,#14853));
#14838 = ORIENTED_EDGE('',*,*,#14824,.T.);
#14839 = ORIENTED_EDGE('',*,*,#14840,.T.);
#14840 = EDGE_CURVE('',#14817,#14841,#14843,.T.);
#14841 = VERTEX_POINT('',#14842);
#14842 = CARTESIAN_POINT('',(225.616335,90.224341,1.7));
#14843 = LINE('',#14844,#14845);
#14844 = CARTESIAN_POINT('',(211.516337,90.224341,1.7));
#14845 = VECTOR('',#14846,1.);
#14846 = DIRECTION('',(1.,0.,0.));
#14847 = ORIENTED_EDGE('',*,*,#14848,.F.);
#14848 = EDGE_CURVE('',#4333,#14841,#14849,.T.);
#14849 = LINE('',#14850,#14851);
#14850 = CARTESIAN_POINT('',(225.616335,90.224341,0.));
#14851 = VECTOR('',#14852,1.);
#14852 = DIRECTION('',(0.,0.,1.));
#14853 = ORIENTED_EDGE('',*,*,#4332,.F.);
#14854 = PLANE('',#14855);
#14855 = AXIS2_PLACEMENT_3D('',#14856,#14857,#14858);
#14856 = CARTESIAN_POINT('',(211.516337,90.224341,0.));
#14857 = DIRECTION('',(0.,1.,0.));
#14858 = DIRECTION('',(1.,0.,0.));
#14859 = ADVANCED_FACE('',(#14860),#14871,.F.);
#14860 = FACE_BOUND('',#14861,.F.);
#14861 = EDGE_LOOP('',(#14862,#14863,#14869,#14870));
#14862 = ORIENTED_EDGE('',*,*,#14848,.T.);
#14863 = ORIENTED_EDGE('',*,*,#14864,.T.);
#14864 = EDGE_CURVE('',#14841,#14305,#14865,.T.);
#14865 = LINE('',#14866,#14867);
#14866 = CARTESIAN_POINT('',(225.616335,90.224341,1.7));
#14867 = VECTOR('',#14868,1.);
#14868 = DIRECTION('',(0.995137697729,-9.849346454594E-02,0.));
#14869 = ORIENTED_EDGE('',*,*,#14304,.F.);
#14870 = ORIENTED_EDGE('',*,*,#4340,.F.);
#14871 = PLANE('',#14872);
#14872 = AXIS2_PLACEMENT_3D('',#14873,#14874,#14875);
#14873 = CARTESIAN_POINT('',(225.616335,90.224341,0.));
#14874 = DIRECTION('',(9.849346454594E-02,0.995137697729,0.));
#14875 = DIRECTION('',(0.995137697729,-9.849346454594E-02,0.));
#14876 = ADVANCED_FACE('',(#14877),#14902,.F.);
#14877 = FACE_BOUND('',#14878,.F.);
#14878 = EDGE_LOOP('',(#14879,#14887,#14895,#14901));
#14879 = ORIENTED_EDGE('',*,*,#14880,.T.);
#14880 = EDGE_CURVE('',#4349,#14881,#14883,.T.);
#14881 = VERTEX_POINT('',#14882);
#14882 = CARTESIAN_POINT('',(206.580965,90.222893,1.7));
#14883 = LINE('',#14884,#14885);
#14884 = CARTESIAN_POINT('',(206.580965,90.222893,0.));
#14885 = VECTOR('',#14886,1.);
#14886 = DIRECTION('',(0.,0.,1.));
#14887 = ORIENTED_EDGE('',*,*,#14888,.T.);
#14888 = EDGE_CURVE('',#14881,#14889,#14891,.T.);
#14889 = VERTEX_POINT('',#14890);
#14890 = CARTESIAN_POINT('',(206.608016,90.211692,1.7));
#14891 = LINE('',#14892,#14893);
#14892 = CARTESIAN_POINT('',(206.580965,90.222893,1.7));
#14893 = VECTOR('',#14894,1.);
#14894 = DIRECTION('',(0.923926512664,-0.382569992546,0.));
#14895 = ORIENTED_EDGE('',*,*,#14896,.F.);
#14896 = EDGE_CURVE('',#4351,#14889,#14897,.T.);
#14897 = LINE('',#14898,#14899);
#14898 = CARTESIAN_POINT('',(206.608016,90.211692,0.));
#14899 = VECTOR('',#14900,1.);
#14900 = DIRECTION('',(0.,0.,1.));
#14901 = ORIENTED_EDGE('',*,*,#4348,.F.);
#14902 = PLANE('',#14903);
#14903 = AXIS2_PLACEMENT_3D('',#14904,#14905,#14906);
#14904 = CARTESIAN_POINT('',(206.580965,90.222893,0.));
#14905 = DIRECTION('',(0.382569992546,0.923926512664,0.));
#14906 = DIRECTION('',(0.923926512664,-0.382569992546,0.));
#14907 = ADVANCED_FACE('',(#14908),#14926,.F.);
#14908 = FACE_BOUND('',#14909,.F.);
#14909 = EDGE_LOOP('',(#14910,#14911,#14919,#14925));
#14910 = ORIENTED_EDGE('',*,*,#14896,.T.);
#14911 = ORIENTED_EDGE('',*,*,#14912,.T.);
#14912 = EDGE_CURVE('',#14889,#14913,#14915,.T.);
#14913 = VERTEX_POINT('',#14914);
#14914 = CARTESIAN_POINT('',(206.628692,90.191016,1.7));
#14915 = LINE('',#14916,#14917);
#14916 = CARTESIAN_POINT('',(206.608016,90.211692,1.7));
#14917 = VECTOR('',#14918,1.);
#14918 = DIRECTION('',(0.707106781187,-0.707106781186,0.));
#14919 = ORIENTED_EDGE('',*,*,#14920,.F.);
#14920 = EDGE_CURVE('',#4359,#14913,#14921,.T.);
#14921 = LINE('',#14922,#14923);
#14922 = CARTESIAN_POINT('',(206.628692,90.191016,0.));
#14923 = VECTOR('',#14924,1.);
#14924 = DIRECTION('',(0.,0.,1.));
#14925 = ORIENTED_EDGE('',*,*,#4358,.F.);
#14926 = PLANE('',#14927);
#14927 = AXIS2_PLACEMENT_3D('',#14928,#14929,#14930);
#14928 = CARTESIAN_POINT('',(206.608016,90.211692,0.));
#14929 = DIRECTION('',(0.707106781186,0.707106781187,0.));
#14930 = DIRECTION('',(0.707106781187,-0.707106781186,0.));
#14931 = ADVANCED_FACE('',(#14932),#14950,.F.);
#14932 = FACE_BOUND('',#14933,.F.);
#14933 = EDGE_LOOP('',(#14934,#14935,#14943,#14949));
#14934 = ORIENTED_EDGE('',*,*,#14920,.T.);
#14935 = ORIENTED_EDGE('',*,*,#14936,.T.);
#14936 = EDGE_CURVE('',#14913,#14937,#14939,.T.);
#14937 = VERTEX_POINT('',#14938);
#14938 = CARTESIAN_POINT('',(206.639893,90.163965,1.7));
#14939 = LINE('',#14940,#14941);
#14940 = CARTESIAN_POINT('',(206.628692,90.191016,1.7));
#14941 = VECTOR('',#14942,1.);
#14942 = DIRECTION('',(0.382569992546,-0.923926512664,0.));
#14943 = ORIENTED_EDGE('',*,*,#14944,.F.);
#14944 = EDGE_CURVE('',#4367,#14937,#14945,.T.);
#14945 = LINE('',#14946,#14947);
#14946 = CARTESIAN_POINT('',(206.639893,90.163965,0.));
#14947 = VECTOR('',#14948,1.);
#14948 = DIRECTION('',(0.,0.,1.));
#14949 = ORIENTED_EDGE('',*,*,#4366,.F.);
#14950 = PLANE('',#14951);
#14951 = AXIS2_PLACEMENT_3D('',#14952,#14953,#14954);
#14952 = CARTESIAN_POINT('',(206.628692,90.191016,0.));
#14953 = DIRECTION('',(0.923926512664,0.382569992546,0.));
#14954 = DIRECTION('',(0.382569992546,-0.923926512664,0.));
#14955 = ADVANCED_FACE('',(#14956),#14974,.F.);
#14956 = FACE_BOUND('',#14957,.F.);
#14957 = EDGE_LOOP('',(#14958,#14959,#14967,#14973));
#14958 = ORIENTED_EDGE('',*,*,#14944,.T.);
#14959 = ORIENTED_EDGE('',*,*,#14960,.T.);
#14960 = EDGE_CURVE('',#14937,#14961,#14963,.T.);
#14961 = VERTEX_POINT('',#14962);
#14962 = CARTESIAN_POINT('',(206.641341,90.149335,1.7));
#14963 = LINE('',#14964,#14965);
#14964 = CARTESIAN_POINT('',(206.639893,90.163965,1.7));
#14965 = VECTOR('',#14966,1.);
#14966 = DIRECTION('',(9.84934645469E-02,-0.995137697729,0.));
#14967 = ORIENTED_EDGE('',*,*,#14968,.F.);
#14968 = EDGE_CURVE('',#4375,#14961,#14969,.T.);
#14969 = LINE('',#14970,#14971);
#14970 = CARTESIAN_POINT('',(206.641341,90.149335,0.));
#14971 = VECTOR('',#14972,1.);
#14972 = DIRECTION('',(0.,0.,1.));
#14973 = ORIENTED_EDGE('',*,*,#4374,.F.);
#14974 = PLANE('',#14975);
#14975 = AXIS2_PLACEMENT_3D('',#14976,#14977,#14978);
#14976 = CARTESIAN_POINT('',(206.639893,90.163965,0.));
#14977 = DIRECTION('',(0.995137697729,9.84934645469E-02,0.));
#14978 = DIRECTION('',(9.84934645469E-02,-0.995137697729,0.));
#14979 = ADVANCED_FACE('',(#14980),#14998,.F.);
#14980 = FACE_BOUND('',#14981,.F.);
#14981 = EDGE_LOOP('',(#14982,#14983,#14991,#14997));
#14982 = ORIENTED_EDGE('',*,*,#14968,.T.);
#14983 = ORIENTED_EDGE('',*,*,#14984,.T.);
#14984 = EDGE_CURVE('',#14961,#14985,#14987,.T.);
#14985 = VERTEX_POINT('',#14986);
#14986 = CARTESIAN_POINT('',(206.641341,76.049338,1.7));
#14987 = LINE('',#14988,#14989);
#14988 = CARTESIAN_POINT('',(206.641341,90.149335,1.7));
#14989 = VECTOR('',#14990,1.);
#14990 = DIRECTION('',(0.,-1.,0.));
#14991 = ORIENTED_EDGE('',*,*,#14992,.F.);
#14992 = EDGE_CURVE('',#4383,#14985,#14993,.T.);
#14993 = LINE('',#14994,#14995);
#14994 = CARTESIAN_POINT('',(206.641341,76.049338,0.));
#14995 = VECTOR('',#14996,1.);
#14996 = DIRECTION('',(0.,0.,1.));
#14997 = ORIENTED_EDGE('',*,*,#4382,.F.);
#14998 = PLANE('',#14999);
#14999 = AXIS2_PLACEMENT_3D('',#15000,#15001,#15002);
#15000 = CARTESIAN_POINT('',(206.641341,90.149335,0.));
#15001 = DIRECTION('',(1.,0.,0.));
#15002 = DIRECTION('',(0.,-1.,0.));
#15003 = ADVANCED_FACE('',(#15004),#15022,.F.);
#15004 = FACE_BOUND('',#15005,.F.);
#15005 = EDGE_LOOP('',(#15006,#15007,#15015,#15021));
#15006 = ORIENTED_EDGE('',*,*,#14992,.T.);
#15007 = ORIENTED_EDGE('',*,*,#15008,.T.);
#15008 = EDGE_CURVE('',#14985,#15009,#15011,.T.);
#15009 = VERTEX_POINT('',#15010);
#15010 = CARTESIAN_POINT('',(206.639893,76.034707,1.7));
#15011 = LINE('',#15012,#15013);
#15012 = CARTESIAN_POINT('',(206.641341,76.049338,1.7));
#15013 = VECTOR('',#15014,1.);
#15014 = DIRECTION('',(-9.848679801147E-02,-0.995138357525,0.));
#15015 = ORIENTED_EDGE('',*,*,#15016,.F.);
#15016 = EDGE_CURVE('',#4391,#15009,#15017,.T.);
#15017 = LINE('',#15018,#15019);
#15018 = CARTESIAN_POINT('',(206.639893,76.034707,0.));
#15019 = VECTOR('',#15020,1.);
#15020 = DIRECTION('',(0.,0.,1.));
#15021 = ORIENTED_EDGE('',*,*,#4390,.F.);
#15022 = PLANE('',#15023);
#15023 = AXIS2_PLACEMENT_3D('',#15024,#15025,#15026);
#15024 = CARTESIAN_POINT('',(206.641341,76.049338,0.));
#15025 = DIRECTION('',(0.995138357525,-9.848679801147E-02,0.));
#15026 = DIRECTION('',(-9.848679801147E-02,-0.995138357525,0.));
#15027 = ADVANCED_FACE('',(#15028),#15046,.F.);
#15028 = FACE_BOUND('',#15029,.F.);
#15029 = EDGE_LOOP('',(#15030,#15031,#15039,#15045));
#15030 = ORIENTED_EDGE('',*,*,#15016,.T.);
#15031 = ORIENTED_EDGE('',*,*,#15032,.T.);
#15032 = EDGE_CURVE('',#15009,#15033,#15035,.T.);
#15033 = VERTEX_POINT('',#15034);
#15034 = CARTESIAN_POINT('',(206.628692,76.007656,1.7));
#15035 = LINE('',#15036,#15037);
#15036 = CARTESIAN_POINT('',(206.639893,76.034707,1.7));
#15037 = VECTOR('',#15038,1.);
#15038 = DIRECTION('',(-0.382569992546,-0.923926512664,0.));
#15039 = ORIENTED_EDGE('',*,*,#15040,.F.);
#15040 = EDGE_CURVE('',#4399,#15033,#15041,.T.);
#15041 = LINE('',#15042,#15043);
#15042 = CARTESIAN_POINT('',(206.628692,76.007656,0.));
#15043 = VECTOR('',#15044,1.);
#15044 = DIRECTION('',(0.,0.,1.));
#15045 = ORIENTED_EDGE('',*,*,#4398,.F.);
#15046 = PLANE('',#15047);
#15047 = AXIS2_PLACEMENT_3D('',#15048,#15049,#15050);
#15048 = CARTESIAN_POINT('',(206.639893,76.034707,0.));
#15049 = DIRECTION('',(0.923926512664,-0.382569992546,0.));
#15050 = DIRECTION('',(-0.382569992546,-0.923926512664,0.));
#15051 = ADVANCED_FACE('',(#15052),#15070,.F.);
#15052 = FACE_BOUND('',#15053,.F.);
#15053 = EDGE_LOOP('',(#15054,#15055,#15063,#15069));
#15054 = ORIENTED_EDGE('',*,*,#15040,.T.);
#15055 = ORIENTED_EDGE('',*,*,#15056,.T.);
#15056 = EDGE_CURVE('',#15033,#15057,#15059,.T.);
#15057 = VERTEX_POINT('',#15058);
#15058 = CARTESIAN_POINT('',(206.608016,75.986981,1.7));
#15059 = LINE('',#15060,#15061);
#15060 = CARTESIAN_POINT('',(206.628692,76.007656,1.7));
#15061 = VECTOR('',#15062,1.);
#15062 = DIRECTION('',(-0.707123881093,-0.707089680866,0.));
#15063 = ORIENTED_EDGE('',*,*,#15064,.F.);
#15064 = EDGE_CURVE('',#4407,#15057,#15065,.T.);
#15065 = LINE('',#15066,#15067);
#15066 = CARTESIAN_POINT('',(206.608016,75.986981,0.));
#15067 = VECTOR('',#15068,1.);
#15068 = DIRECTION('',(0.,0.,1.));
#15069 = ORIENTED_EDGE('',*,*,#4406,.F.);
#15070 = PLANE('',#15071);
#15071 = AXIS2_PLACEMENT_3D('',#15072,#15073,#15074);
#15072 = CARTESIAN_POINT('',(206.628692,76.007656,0.));
#15073 = DIRECTION('',(0.707089680866,-0.707123881093,0.));
#15074 = DIRECTION('',(-0.707123881093,-0.707089680866,0.));
#15075 = ADVANCED_FACE('',(#15076),#15094,.F.);
#15076 = FACE_BOUND('',#15077,.F.);
#15077 = EDGE_LOOP('',(#15078,#15079,#15087,#15093));
#15078 = ORIENTED_EDGE('',*,*,#15064,.T.);
#15079 = ORIENTED_EDGE('',*,*,#15080,.T.);
#15080 = EDGE_CURVE('',#15057,#15081,#15083,.T.);
#15081 = VERTEX_POINT('',#15082);
#15082 = CARTESIAN_POINT('',(206.580965,75.975779,1.7));
#15083 = LINE('',#15084,#15085);
#15084 = CARTESIAN_POINT('',(206.608016,75.986981,1.7));
#15085 = VECTOR('',#15086,1.);
#15086 = DIRECTION('',(-0.923914439717,-0.382599148043,0.));
#15087 = ORIENTED_EDGE('',*,*,#15088,.F.);
#15088 = EDGE_CURVE('',#4415,#15081,#15089,.T.);
#15089 = LINE('',#15090,#15091);
#15090 = CARTESIAN_POINT('',(206.580965,75.975779,0.));
#15091 = VECTOR('',#15092,1.);
#15092 = DIRECTION('',(0.,0.,1.));
#15093 = ORIENTED_EDGE('',*,*,#4414,.F.);
#15094 = PLANE('',#15095);
#15095 = AXIS2_PLACEMENT_3D('',#15096,#15097,#15098);
#15096 = CARTESIAN_POINT('',(206.608016,75.986981,0.));
#15097 = DIRECTION('',(0.382599148043,-0.923914439717,0.));
#15098 = DIRECTION('',(-0.923914439717,-0.382599148043,0.));
#15099 = ADVANCED_FACE('',(#15100),#15118,.F.);
#15100 = FACE_BOUND('',#15101,.F.);
#15101 = EDGE_LOOP('',(#15102,#15103,#15111,#15117));
#15102 = ORIENTED_EDGE('',*,*,#15088,.T.);
#15103 = ORIENTED_EDGE('',*,*,#15104,.T.);
#15104 = EDGE_CURVE('',#15081,#15105,#15107,.T.);
#15105 = VERTEX_POINT('',#15106);
#15106 = CARTESIAN_POINT('',(206.566335,75.974331,1.7));
#15107 = LINE('',#15108,#15109);
#15108 = CARTESIAN_POINT('',(206.580965,75.975779,1.7));
#15109 = VECTOR('',#15110,1.);
#15110 = DIRECTION('',(-0.995137697729,-9.849346454613E-02,0.));
#15111 = ORIENTED_EDGE('',*,*,#15112,.F.);
#15112 = EDGE_CURVE('',#4423,#15105,#15113,.T.);
#15113 = LINE('',#15114,#15115);
#15114 = CARTESIAN_POINT('',(206.566335,75.974331,0.));
#15115 = VECTOR('',#15116,1.);
#15116 = DIRECTION('',(0.,0.,1.));
#15117 = ORIENTED_EDGE('',*,*,#4422,.F.);
#15118 = PLANE('',#15119);
#15119 = AXIS2_PLACEMENT_3D('',#15120,#15121,#15122);
#15120 = CARTESIAN_POINT('',(206.580965,75.975779,0.));
#15121 = DIRECTION('',(9.849346454613E-02,-0.995137697729,0.));
#15122 = DIRECTION('',(-0.995137697729,-9.849346454613E-02,0.));
#15123 = ADVANCED_FACE('',(#15124),#15142,.F.);
#15124 = FACE_BOUND('',#15125,.F.);
#15125 = EDGE_LOOP('',(#15126,#15127,#15135,#15141));
#15126 = ORIENTED_EDGE('',*,*,#15112,.T.);
#15127 = ORIENTED_EDGE('',*,*,#15128,.T.);
#15128 = EDGE_CURVE('',#15105,#15129,#15131,.T.);
#15129 = VERTEX_POINT('',#15130);
#15130 = CARTESIAN_POINT('',(192.466337,75.974331,1.7));
#15131 = LINE('',#15132,#15133);
#15132 = CARTESIAN_POINT('',(206.566335,75.974331,1.7));
#15133 = VECTOR('',#15134,1.);
#15134 = DIRECTION('',(-1.,0.,0.));
#15135 = ORIENTED_EDGE('',*,*,#15136,.F.);
#15136 = EDGE_CURVE('',#4431,#15129,#15137,.T.);
#15137 = LINE('',#15138,#15139);
#15138 = CARTESIAN_POINT('',(192.466337,75.974331,0.));
#15139 = VECTOR('',#15140,1.);
#15140 = DIRECTION('',(0.,0.,1.));
#15141 = ORIENTED_EDGE('',*,*,#4430,.F.);
#15142 = PLANE('',#15143);
#15143 = AXIS2_PLACEMENT_3D('',#15144,#15145,#15146);
#15144 = CARTESIAN_POINT('',(206.566335,75.974331,0.));
#15145 = DIRECTION('',(0.,-1.,0.));
#15146 = DIRECTION('',(-1.,0.,0.));
#15147 = ADVANCED_FACE('',(#15148),#15166,.F.);
#15148 = FACE_BOUND('',#15149,.F.);
#15149 = EDGE_LOOP('',(#15150,#15151,#15159,#15165));
#15150 = ORIENTED_EDGE('',*,*,#15136,.T.);
#15151 = ORIENTED_EDGE('',*,*,#15152,.T.);
#15152 = EDGE_CURVE('',#15129,#15153,#15155,.T.);
#15153 = VERTEX_POINT('',#15154);
#15154 = CARTESIAN_POINT('',(192.451707,75.975779,1.7));
#15155 = LINE('',#15156,#15157);
#15156 = CARTESIAN_POINT('',(192.466337,75.974331,1.7));
#15157 = VECTOR('',#15158,1.);
#15158 = DIRECTION('',(-0.995137697729,9.849346454594E-02,0.));
#15159 = ORIENTED_EDGE('',*,*,#15160,.F.);
#15160 = EDGE_CURVE('',#4439,#15153,#15161,.T.);
#15161 = LINE('',#15162,#15163);
#15162 = CARTESIAN_POINT('',(192.451707,75.975779,0.));
#15163 = VECTOR('',#15164,1.);
#15164 = DIRECTION('',(0.,0.,1.));
#15165 = ORIENTED_EDGE('',*,*,#4438,.F.);
#15166 = PLANE('',#15167);
#15167 = AXIS2_PLACEMENT_3D('',#15168,#15169,#15170);
#15168 = CARTESIAN_POINT('',(192.466337,75.974331,0.));
#15169 = DIRECTION('',(-9.849346454594E-02,-0.995137697729,0.));
#15170 = DIRECTION('',(-0.995137697729,9.849346454594E-02,0.));
#15171 = ADVANCED_FACE('',(#15172),#15190,.F.);
#15172 = FACE_BOUND('',#15173,.F.);
#15173 = EDGE_LOOP('',(#15174,#15175,#15183,#15189));
#15174 = ORIENTED_EDGE('',*,*,#15160,.T.);
#15175 = ORIENTED_EDGE('',*,*,#15176,.T.);
#15176 = EDGE_CURVE('',#15153,#15177,#15179,.T.);
#15177 = VERTEX_POINT('',#15178);
#15178 = CARTESIAN_POINT('',(192.424656,75.986981,1.7));
#15179 = LINE('',#15180,#15181);
#15180 = CARTESIAN_POINT('',(192.451707,75.975779,1.7));
#15181 = VECTOR('',#15182,1.);
#15182 = DIRECTION('',(-0.923914439717,0.382599148043,0.));
#15183 = ORIENTED_EDGE('',*,*,#15184,.F.);
#15184 = EDGE_CURVE('',#4447,#15177,#15185,.T.);
#15185 = LINE('',#15186,#15187);
#15186 = CARTESIAN_POINT('',(192.424656,75.986981,0.));
#15187 = VECTOR('',#15188,1.);
#15188 = DIRECTION('',(0.,0.,1.));
#15189 = ORIENTED_EDGE('',*,*,#4446,.F.);
#15190 = PLANE('',#15191);
#15191 = AXIS2_PLACEMENT_3D('',#15192,#15193,#15194);
#15192 = CARTESIAN_POINT('',(192.451707,75.975779,0.));
#15193 = DIRECTION('',(-0.382599148043,-0.923914439717,0.));
#15194 = DIRECTION('',(-0.923914439717,0.382599148043,0.));
#15195 = ADVANCED_FACE('',(#15196),#15214,.F.);
#15196 = FACE_BOUND('',#15197,.F.);
#15197 = EDGE_LOOP('',(#15198,#15199,#15207,#15213));
#15198 = ORIENTED_EDGE('',*,*,#15184,.T.);
#15199 = ORIENTED_EDGE('',*,*,#15200,.T.);
#15200 = EDGE_CURVE('',#15177,#15201,#15203,.T.);
#15201 = VERTEX_POINT('',#15202);
#15202 = CARTESIAN_POINT('',(192.40398,76.007656,1.7));
#15203 = LINE('',#15204,#15205);
#15204 = CARTESIAN_POINT('',(192.424656,75.986981,1.7));
#15205 = VECTOR('',#15206,1.);
#15206 = DIRECTION('',(-0.707123881093,0.707089680866,0.));
#15207 = ORIENTED_EDGE('',*,*,#15208,.F.);
#15208 = EDGE_CURVE('',#4455,#15201,#15209,.T.);
#15209 = LINE('',#15210,#15211);
#15210 = CARTESIAN_POINT('',(192.40398,76.007656,0.));
#15211 = VECTOR('',#15212,1.);
#15212 = DIRECTION('',(0.,0.,1.));
#15213 = ORIENTED_EDGE('',*,*,#4454,.F.);
#15214 = PLANE('',#15215);
#15215 = AXIS2_PLACEMENT_3D('',#15216,#15217,#15218);
#15216 = CARTESIAN_POINT('',(192.424656,75.986981,0.));
#15217 = DIRECTION('',(-0.707089680866,-0.707123881093,0.));
#15218 = DIRECTION('',(-0.707123881093,0.707089680866,0.));
#15219 = ADVANCED_FACE('',(#15220),#15238,.F.);
#15220 = FACE_BOUND('',#15221,.F.);
#15221 = EDGE_LOOP('',(#15222,#15223,#15231,#15237));
#15222 = ORIENTED_EDGE('',*,*,#15208,.T.);
#15223 = ORIENTED_EDGE('',*,*,#15224,.T.);
#15224 = EDGE_CURVE('',#15201,#15225,#15227,.T.);
#15225 = VERTEX_POINT('',#15226);
#15226 = CARTESIAN_POINT('',(192.392779,76.034707,1.7));
#15227 = LINE('',#15228,#15229);
#15228 = CARTESIAN_POINT('',(192.40398,76.007656,1.7));
#15229 = VECTOR('',#15230,1.);
#15230 = DIRECTION('',(-0.382569992546,0.923926512664,0.));
#15231 = ORIENTED_EDGE('',*,*,#15232,.F.);
#15232 = EDGE_CURVE('',#4463,#15225,#15233,.T.);
#15233 = LINE('',#15234,#15235);
#15234 = CARTESIAN_POINT('',(192.392779,76.034707,0.));
#15235 = VECTOR('',#15236,1.);
#15236 = DIRECTION('',(0.,0.,1.));
#15237 = ORIENTED_EDGE('',*,*,#4462,.F.);
#15238 = PLANE('',#15239);
#15239 = AXIS2_PLACEMENT_3D('',#15240,#15241,#15242);
#15240 = CARTESIAN_POINT('',(192.40398,76.007656,0.));
#15241 = DIRECTION('',(-0.923926512664,-0.382569992546,0.));
#15242 = DIRECTION('',(-0.382569992546,0.923926512664,0.));
#15243 = ADVANCED_FACE('',(#15244),#15262,.F.);
#15244 = FACE_BOUND('',#15245,.F.);
#15245 = EDGE_LOOP('',(#15246,#15247,#15255,#15261));
#15246 = ORIENTED_EDGE('',*,*,#15232,.T.);
#15247 = ORIENTED_EDGE('',*,*,#15248,.T.);
#15248 = EDGE_CURVE('',#15225,#15249,#15251,.T.);
#15249 = VERTEX_POINT('',#15250);
#15250 = CARTESIAN_POINT('',(192.391331,76.049338,1.7));
#15251 = LINE('',#15252,#15253);
#15252 = CARTESIAN_POINT('',(192.392779,76.034707,1.7));
#15253 = VECTOR('',#15254,1.);
#15254 = DIRECTION('',(-9.848679800955E-02,0.995138357525,0.));
#15255 = ORIENTED_EDGE('',*,*,#15256,.F.);
#15256 = EDGE_CURVE('',#4471,#15249,#15257,.T.);
#15257 = LINE('',#15258,#15259);
#15258 = CARTESIAN_POINT('',(192.391331,76.049338,0.));
#15259 = VECTOR('',#15260,1.);
#15260 = DIRECTION('',(0.,0.,1.));
#15261 = ORIENTED_EDGE('',*,*,#4470,.F.);
#15262 = PLANE('',#15263);
#15263 = AXIS2_PLACEMENT_3D('',#15264,#15265,#15266);
#15264 = CARTESIAN_POINT('',(192.392779,76.034707,0.));
#15265 = DIRECTION('',(-0.995138357525,-9.848679800955E-02,0.));
#15266 = DIRECTION('',(-9.848679800955E-02,0.995138357525,0.));
#15267 = ADVANCED_FACE('',(#15268),#15286,.F.);
#15268 = FACE_BOUND('',#15269,.F.);
#15269 = EDGE_LOOP('',(#15270,#15271,#15279,#15285));
#15270 = ORIENTED_EDGE('',*,*,#15256,.T.);
#15271 = ORIENTED_EDGE('',*,*,#15272,.T.);
#15272 = EDGE_CURVE('',#15249,#15273,#15275,.T.);
#15273 = VERTEX_POINT('',#15274);
#15274 = CARTESIAN_POINT('',(192.391331,90.149335,1.7));
#15275 = LINE('',#15276,#15277);
#15276 = CARTESIAN_POINT('',(192.391331,76.049338,1.7));
#15277 = VECTOR('',#15278,1.);
#15278 = DIRECTION('',(0.,1.,0.));
#15279 = ORIENTED_EDGE('',*,*,#15280,.F.);
#15280 = EDGE_CURVE('',#4479,#15273,#15281,.T.);
#15281 = LINE('',#15282,#15283);
#15282 = CARTESIAN_POINT('',(192.391331,90.149335,0.));
#15283 = VECTOR('',#15284,1.);
#15284 = DIRECTION('',(0.,0.,1.));
#15285 = ORIENTED_EDGE('',*,*,#4478,.F.);
#15286 = PLANE('',#15287);
#15287 = AXIS2_PLACEMENT_3D('',#15288,#15289,#15290);
#15288 = CARTESIAN_POINT('',(192.391331,76.049338,0.));
#15289 = DIRECTION('',(-1.,0.,0.));
#15290 = DIRECTION('',(0.,1.,0.));
#15291 = ADVANCED_FACE('',(#15292),#15310,.F.);
#15292 = FACE_BOUND('',#15293,.F.);
#15293 = EDGE_LOOP('',(#15294,#15295,#15303,#15309));
#15294 = ORIENTED_EDGE('',*,*,#15280,.T.);
#15295 = ORIENTED_EDGE('',*,*,#15296,.T.);
#15296 = EDGE_CURVE('',#15273,#15297,#15299,.T.);
#15297 = VERTEX_POINT('',#15298);
#15298 = CARTESIAN_POINT('',(192.392779,90.163965,1.7));
#15299 = LINE('',#15300,#15301);
#15300 = CARTESIAN_POINT('',(192.391331,90.149335,1.7));
#15301 = VECTOR('',#15302,1.);
#15302 = DIRECTION('',(9.849346454498E-02,0.995137697729,0.));
#15303 = ORIENTED_EDGE('',*,*,#15304,.F.);
#15304 = EDGE_CURVE('',#4487,#15297,#15305,.T.);
#15305 = LINE('',#15306,#15307);
#15306 = CARTESIAN_POINT('',(192.392779,90.163965,0.));
#15307 = VECTOR('',#15308,1.);
#15308 = DIRECTION('',(0.,0.,1.));
#15309 = ORIENTED_EDGE('',*,*,#4486,.F.);
#15310 = PLANE('',#15311);
#15311 = AXIS2_PLACEMENT_3D('',#15312,#15313,#15314);
#15312 = CARTESIAN_POINT('',(192.391331,90.149335,0.));
#15313 = DIRECTION('',(-0.995137697729,9.849346454498E-02,0.));
#15314 = DIRECTION('',(9.849346454498E-02,0.995137697729,0.));
#15315 = ADVANCED_FACE('',(#15316),#15334,.F.);
#15316 = FACE_BOUND('',#15317,.F.);
#15317 = EDGE_LOOP('',(#15318,#15319,#15327,#15333));
#15318 = ORIENTED_EDGE('',*,*,#15304,.T.);
#15319 = ORIENTED_EDGE('',*,*,#15320,.T.);
#15320 = EDGE_CURVE('',#15297,#15321,#15323,.T.);
#15321 = VERTEX_POINT('',#15322);
#15322 = CARTESIAN_POINT('',(192.40398,90.191016,1.7));
#15323 = LINE('',#15324,#15325);
#15324 = CARTESIAN_POINT('',(192.392779,90.163965,1.7));
#15325 = VECTOR('',#15326,1.);
#15326 = DIRECTION('',(0.382569992546,0.923926512664,0.));
#15327 = ORIENTED_EDGE('',*,*,#15328,.F.);
#15328 = EDGE_CURVE('',#4495,#15321,#15329,.T.);
#15329 = LINE('',#15330,#15331);
#15330 = CARTESIAN_POINT('',(192.40398,90.191016,0.));
#15331 = VECTOR('',#15332,1.);
#15332 = DIRECTION('',(0.,0.,1.));
#15333 = ORIENTED_EDGE('',*,*,#4494,.F.);
#15334 = PLANE('',#15335);
#15335 = AXIS2_PLACEMENT_3D('',#15336,#15337,#15338);
#15336 = CARTESIAN_POINT('',(192.392779,90.163965,0.));
#15337 = DIRECTION('',(-0.923926512664,0.382569992546,0.));
#15338 = DIRECTION('',(0.382569992546,0.923926512664,0.));
#15339 = ADVANCED_FACE('',(#15340),#15358,.F.);
#15340 = FACE_BOUND('',#15341,.F.);
#15341 = EDGE_LOOP('',(#15342,#15343,#15351,#15357));
#15342 = ORIENTED_EDGE('',*,*,#15328,.T.);
#15343 = ORIENTED_EDGE('',*,*,#15344,.T.);
#15344 = EDGE_CURVE('',#15321,#15345,#15347,.T.);
#15345 = VERTEX_POINT('',#15346);
#15346 = CARTESIAN_POINT('',(192.424656,90.211692,1.7));
#15347 = LINE('',#15348,#15349);
#15348 = CARTESIAN_POINT('',(192.40398,90.191016,1.7));
#15349 = VECTOR('',#15350,1.);
#15350 = DIRECTION('',(0.707106781187,0.707106781186,0.));
#15351 = ORIENTED_EDGE('',*,*,#15352,.F.);
#15352 = EDGE_CURVE('',#4503,#15345,#15353,.T.);
#15353 = LINE('',#15354,#15355);
#15354 = CARTESIAN_POINT('',(192.424656,90.211692,0.));
#15355 = VECTOR('',#15356,1.);
#15356 = DIRECTION('',(0.,0.,1.));
#15357 = ORIENTED_EDGE('',*,*,#4502,.F.);
#15358 = PLANE('',#15359);
#15359 = AXIS2_PLACEMENT_3D('',#15360,#15361,#15362);
#15360 = CARTESIAN_POINT('',(192.40398,90.191016,0.));
#15361 = DIRECTION('',(-0.707106781186,0.707106781187,0.));
#15362 = DIRECTION('',(0.707106781187,0.707106781186,0.));
#15363 = ADVANCED_FACE('',(#15364),#15382,.F.);
#15364 = FACE_BOUND('',#15365,.F.);
#15365 = EDGE_LOOP('',(#15366,#15367,#15375,#15381));
#15366 = ORIENTED_EDGE('',*,*,#15352,.T.);
#15367 = ORIENTED_EDGE('',*,*,#15368,.T.);
#15368 = EDGE_CURVE('',#15345,#15369,#15371,.T.);
#15369 = VERTEX_POINT('',#15370);
#15370 = CARTESIAN_POINT('',(192.451707,90.222893,1.7));
#15371 = LINE('',#15372,#15373);
#15372 = CARTESIAN_POINT('',(192.424656,90.211692,1.7));
#15373 = VECTOR('',#15374,1.);
#15374 = DIRECTION('',(0.923926512664,0.382569992546,0.));
#15375 = ORIENTED_EDGE('',*,*,#15376,.F.);
#15376 = EDGE_CURVE('',#4511,#15369,#15377,.T.);
#15377 = LINE('',#15378,#15379);
#15378 = CARTESIAN_POINT('',(192.451707,90.222893,0.));
#15379 = VECTOR('',#15380,1.);
#15380 = DIRECTION('',(0.,0.,1.));
#15381 = ORIENTED_EDGE('',*,*,#4510,.F.);
#15382 = PLANE('',#15383);
#15383 = AXIS2_PLACEMENT_3D('',#15384,#15385,#15386);
#15384 = CARTESIAN_POINT('',(192.424656,90.211692,0.));
#15385 = DIRECTION('',(-0.382569992546,0.923926512664,0.));
#15386 = DIRECTION('',(0.923926512664,0.382569992546,0.));
#15387 = ADVANCED_FACE('',(#15388),#15406,.F.);
#15388 = FACE_BOUND('',#15389,.F.);
#15389 = EDGE_LOOP('',(#15390,#15391,#15399,#15405));
#15390 = ORIENTED_EDGE('',*,*,#15376,.T.);
#15391 = ORIENTED_EDGE('',*,*,#15392,.T.);
#15392 = EDGE_CURVE('',#15369,#15393,#15395,.T.);
#15393 = VERTEX_POINT('',#15394);
#15394 = CARTESIAN_POINT('',(192.466337,90.224341,1.7));
#15395 = LINE('',#15396,#15397);
#15396 = CARTESIAN_POINT('',(192.451707,90.222893,1.7));
#15397 = VECTOR('',#15398,1.);
#15398 = DIRECTION('',(0.995137697729,9.849346454594E-02,0.));
#15399 = ORIENTED_EDGE('',*,*,#15400,.F.);
#15400 = EDGE_CURVE('',#4519,#15393,#15401,.T.);
#15401 = LINE('',#15402,#15403);
#15402 = CARTESIAN_POINT('',(192.466337,90.224341,0.));
#15403 = VECTOR('',#15404,1.);
#15404 = DIRECTION('',(0.,0.,1.));
#15405 = ORIENTED_EDGE('',*,*,#4518,.F.);
#15406 = PLANE('',#15407);
#15407 = AXIS2_PLACEMENT_3D('',#15408,#15409,#15410);
#15408 = CARTESIAN_POINT('',(192.451707,90.222893,0.));
#15409 = DIRECTION('',(-9.849346454594E-02,0.995137697729,0.));
#15410 = DIRECTION('',(0.995137697729,9.849346454594E-02,0.));
#15411 = ADVANCED_FACE('',(#15412),#15430,.F.);
#15412 = FACE_BOUND('',#15413,.F.);
#15413 = EDGE_LOOP('',(#15414,#15415,#15423,#15429));
#15414 = ORIENTED_EDGE('',*,*,#15400,.T.);
#15415 = ORIENTED_EDGE('',*,*,#15416,.T.);
#15416 = EDGE_CURVE('',#15393,#15417,#15419,.T.);
#15417 = VERTEX_POINT('',#15418);
#15418 = CARTESIAN_POINT('',(206.566335,90.224341,1.7));
#15419 = LINE('',#15420,#15421);
#15420 = CARTESIAN_POINT('',(192.466337,90.224341,1.7));
#15421 = VECTOR('',#15422,1.);
#15422 = DIRECTION('',(1.,0.,0.));
#15423 = ORIENTED_EDGE('',*,*,#15424,.F.);
#15424 = EDGE_CURVE('',#4527,#15417,#15425,.T.);
#15425 = LINE('',#15426,#15427);
#15426 = CARTESIAN_POINT('',(206.566335,90.224341,0.));
#15427 = VECTOR('',#15428,1.);
#15428 = DIRECTION('',(0.,0.,1.));
#15429 = ORIENTED_EDGE('',*,*,#4526,.F.);
#15430 = PLANE('',#15431);
#15431 = AXIS2_PLACEMENT_3D('',#15432,#15433,#15434);
#15432 = CARTESIAN_POINT('',(192.466337,90.224341,0.));
#15433 = DIRECTION('',(0.,1.,0.));
#15434 = DIRECTION('',(1.,0.,0.));
#15435 = ADVANCED_FACE('',(#15436),#15447,.F.);
#15436 = FACE_BOUND('',#15437,.F.);
#15437 = EDGE_LOOP('',(#15438,#15439,#15445,#15446));
#15438 = ORIENTED_EDGE('',*,*,#15424,.T.);
#15439 = ORIENTED_EDGE('',*,*,#15440,.T.);
#15440 = EDGE_CURVE('',#15417,#14881,#15441,.T.);
#15441 = LINE('',#15442,#15443);
#15442 = CARTESIAN_POINT('',(206.566335,90.224341,1.7));
#15443 = VECTOR('',#15444,1.);
#15444 = DIRECTION('',(0.995137697729,-9.849346454613E-02,0.));
#15445 = ORIENTED_EDGE('',*,*,#14880,.F.);
#15446 = ORIENTED_EDGE('',*,*,#4534,.F.);
#15447 = PLANE('',#15448);
#15448 = AXIS2_PLACEMENT_3D('',#15449,#15450,#15451);
#15449 = CARTESIAN_POINT('',(206.566335,90.224341,0.));
#15450 = DIRECTION('',(9.849346454613E-02,0.995137697729,0.));
#15451 = DIRECTION('',(0.995137697729,-9.849346454613E-02,0.));
#15452 = ADVANCED_FACE('',(#15453),#15478,.F.);
#15453 = FACE_BOUND('',#15454,.F.);
#15454 = EDGE_LOOP('',(#15455,#15463,#15471,#15477));
#15455 = ORIENTED_EDGE('',*,*,#15456,.T.);
#15456 = EDGE_CURVE('',#4543,#15457,#15459,.T.);
#15457 = VERTEX_POINT('',#15458);
#15458 = CARTESIAN_POINT('',(282.780965,52.122893,1.7));
#15459 = LINE('',#15460,#15461);
#15460 = CARTESIAN_POINT('',(282.780965,52.122893,0.));
#15461 = VECTOR('',#15462,1.);
#15462 = DIRECTION('',(0.,0.,1.));
#15463 = ORIENTED_EDGE('',*,*,#15464,.T.);
#15464 = EDGE_CURVE('',#15457,#15465,#15467,.T.);
#15465 = VERTEX_POINT('',#15466);
#15466 = CARTESIAN_POINT('',(282.808016,52.111692,1.7));
#15467 = LINE('',#15468,#15469);
#15468 = CARTESIAN_POINT('',(282.780965,52.122893,1.7));
#15469 = VECTOR('',#15470,1.);
#15470 = DIRECTION('',(0.923926512664,-0.382569992545,0.));
#15471 = ORIENTED_EDGE('',*,*,#15472,.F.);
#15472 = EDGE_CURVE('',#4545,#15465,#15473,.T.);
#15473 = LINE('',#15474,#15475);
#15474 = CARTESIAN_POINT('',(282.808016,52.111692,0.));
#15475 = VECTOR('',#15476,1.);
#15476 = DIRECTION('',(0.,0.,1.));
#15477 = ORIENTED_EDGE('',*,*,#4542,.F.);
#15478 = PLANE('',#15479);
#15479 = AXIS2_PLACEMENT_3D('',#15480,#15481,#15482);
#15480 = CARTESIAN_POINT('',(282.780965,52.122893,0.));
#15481 = DIRECTION('',(0.382569992545,0.923926512664,0.));
#15482 = DIRECTION('',(0.923926512664,-0.382569992545,0.));
#15483 = ADVANCED_FACE('',(#15484),#15502,.F.);
#15484 = FACE_BOUND('',#15485,.F.);
#15485 = EDGE_LOOP('',(#15486,#15487,#15495,#15501));
#15486 = ORIENTED_EDGE('',*,*,#15472,.T.);
#15487 = ORIENTED_EDGE('',*,*,#15488,.T.);
#15488 = EDGE_CURVE('',#15465,#15489,#15491,.T.);
#15489 = VERTEX_POINT('',#15490);
#15490 = CARTESIAN_POINT('',(282.828692,52.091016,1.7));
#15491 = LINE('',#15492,#15493);
#15492 = CARTESIAN_POINT('',(282.808016,52.111692,1.7));
#15493 = VECTOR('',#15494,1.);
#15494 = DIRECTION('',(0.707106781186,-0.707106781187,0.));
#15495 = ORIENTED_EDGE('',*,*,#15496,.F.);
#15496 = EDGE_CURVE('',#4553,#15489,#15497,.T.);
#15497 = LINE('',#15498,#15499);
#15498 = CARTESIAN_POINT('',(282.828692,52.091016,0.));
#15499 = VECTOR('',#15500,1.);
#15500 = DIRECTION('',(0.,0.,1.));
#15501 = ORIENTED_EDGE('',*,*,#4552,.F.);
#15502 = PLANE('',#15503);
#15503 = AXIS2_PLACEMENT_3D('',#15504,#15505,#15506);
#15504 = CARTESIAN_POINT('',(282.808016,52.111692,0.));
#15505 = DIRECTION('',(0.707106781187,0.707106781186,0.));
#15506 = DIRECTION('',(0.707106781186,-0.707106781187,0.));
#15507 = ADVANCED_FACE('',(#15508),#15526,.F.);
#15508 = FACE_BOUND('',#15509,.F.);
#15509 = EDGE_LOOP('',(#15510,#15511,#15519,#15525));
#15510 = ORIENTED_EDGE('',*,*,#15496,.T.);
#15511 = ORIENTED_EDGE('',*,*,#15512,.T.);
#15512 = EDGE_CURVE('',#15489,#15513,#15515,.T.);
#15513 = VERTEX_POINT('',#15514);
#15514 = CARTESIAN_POINT('',(282.839893,52.063965,1.7));
#15515 = LINE('',#15516,#15517);
#15516 = CARTESIAN_POINT('',(282.828692,52.091016,1.7));
#15517 = VECTOR('',#15518,1.);
#15518 = DIRECTION('',(0.382569992546,-0.923926512664,0.));
#15519 = ORIENTED_EDGE('',*,*,#15520,.F.);
#15520 = EDGE_CURVE('',#4561,#15513,#15521,.T.);
#15521 = LINE('',#15522,#15523);
#15522 = CARTESIAN_POINT('',(282.839893,52.063965,0.));
#15523 = VECTOR('',#15524,1.);
#15524 = DIRECTION('',(0.,0.,1.));
#15525 = ORIENTED_EDGE('',*,*,#4560,.F.);
#15526 = PLANE('',#15527);
#15527 = AXIS2_PLACEMENT_3D('',#15528,#15529,#15530);
#15528 = CARTESIAN_POINT('',(282.828692,52.091016,0.));
#15529 = DIRECTION('',(0.923926512664,0.382569992546,0.));
#15530 = DIRECTION('',(0.382569992546,-0.923926512664,0.));
#15531 = ADVANCED_FACE('',(#15532),#15550,.F.);
#15532 = FACE_BOUND('',#15533,.F.);
#15533 = EDGE_LOOP('',(#15534,#15535,#15543,#15549));
#15534 = ORIENTED_EDGE('',*,*,#15520,.T.);
#15535 = ORIENTED_EDGE('',*,*,#15536,.T.);
#15536 = EDGE_CURVE('',#15513,#15537,#15539,.T.);
#15537 = VERTEX_POINT('',#15538);
#15538 = CARTESIAN_POINT('',(282.841341,52.049335,1.7));
#15539 = LINE('',#15540,#15541);
#15540 = CARTESIAN_POINT('',(282.839893,52.063965,1.7));
#15541 = VECTOR('',#15542,1.);
#15542 = DIRECTION('',(9.849346454503E-02,-0.995137697729,0.));
#15543 = ORIENTED_EDGE('',*,*,#15544,.F.);
#15544 = EDGE_CURVE('',#4569,#15537,#15545,.T.);
#15545 = LINE('',#15546,#15547);
#15546 = CARTESIAN_POINT('',(282.841341,52.049335,0.));
#15547 = VECTOR('',#15548,1.);
#15548 = DIRECTION('',(0.,0.,1.));
#15549 = ORIENTED_EDGE('',*,*,#4568,.F.);
#15550 = PLANE('',#15551);
#15551 = AXIS2_PLACEMENT_3D('',#15552,#15553,#15554);
#15552 = CARTESIAN_POINT('',(282.839893,52.063965,0.));
#15553 = DIRECTION('',(0.995137697729,9.849346454503E-02,0.));
#15554 = DIRECTION('',(9.849346454503E-02,-0.995137697729,0.));
#15555 = ADVANCED_FACE('',(#15556),#15574,.F.);
#15556 = FACE_BOUND('',#15557,.F.);
#15557 = EDGE_LOOP('',(#15558,#15559,#15567,#15573));
#15558 = ORIENTED_EDGE('',*,*,#15544,.T.);
#15559 = ORIENTED_EDGE('',*,*,#15560,.T.);
#15560 = EDGE_CURVE('',#15537,#15561,#15563,.T.);
#15561 = VERTEX_POINT('',#15562);
#15562 = CARTESIAN_POINT('',(282.841341,37.949338,1.7));
#15563 = LINE('',#15564,#15565);
#15564 = CARTESIAN_POINT('',(282.841341,52.049335,1.7));
#15565 = VECTOR('',#15566,1.);
#15566 = DIRECTION('',(0.,-1.,0.));
#15567 = ORIENTED_EDGE('',*,*,#15568,.F.);
#15568 = EDGE_CURVE('',#4577,#15561,#15569,.T.);
#15569 = LINE('',#15570,#15571);
#15570 = CARTESIAN_POINT('',(282.841341,37.949338,0.));
#15571 = VECTOR('',#15572,1.);
#15572 = DIRECTION('',(0.,0.,1.));
#15573 = ORIENTED_EDGE('',*,*,#4576,.F.);
#15574 = PLANE('',#15575);
#15575 = AXIS2_PLACEMENT_3D('',#15576,#15577,#15578);
#15576 = CARTESIAN_POINT('',(282.841341,52.049335,0.));
#15577 = DIRECTION('',(1.,0.,0.));
#15578 = DIRECTION('',(0.,-1.,0.));
#15579 = ADVANCED_FACE('',(#15580),#15598,.F.);
#15580 = FACE_BOUND('',#15581,.F.);
#15581 = EDGE_LOOP('',(#15582,#15583,#15591,#15597));
#15582 = ORIENTED_EDGE('',*,*,#15568,.T.);
#15583 = ORIENTED_EDGE('',*,*,#15584,.T.);
#15584 = EDGE_CURVE('',#15561,#15585,#15587,.T.);
#15585 = VERTEX_POINT('',#15586);
#15586 = CARTESIAN_POINT('',(282.839893,37.934707,1.7));
#15587 = LINE('',#15588,#15589);
#15588 = CARTESIAN_POINT('',(282.841341,37.949338,1.7));
#15589 = VECTOR('',#15590,1.);
#15590 = DIRECTION('',(-9.848679800965E-02,-0.995138357525,0.));
#15591 = ORIENTED_EDGE('',*,*,#15592,.F.);
#15592 = EDGE_CURVE('',#4585,#15585,#15593,.T.);
#15593 = LINE('',#15594,#15595);
#15594 = CARTESIAN_POINT('',(282.839893,37.934707,0.));
#15595 = VECTOR('',#15596,1.);
#15596 = DIRECTION('',(0.,0.,1.));
#15597 = ORIENTED_EDGE('',*,*,#4584,.F.);
#15598 = PLANE('',#15599);
#15599 = AXIS2_PLACEMENT_3D('',#15600,#15601,#15602);
#15600 = CARTESIAN_POINT('',(282.841341,37.949338,0.));
#15601 = DIRECTION('',(0.995138357525,-9.848679800965E-02,0.));
#15602 = DIRECTION('',(-9.848679800965E-02,-0.995138357525,0.));
#15603 = ADVANCED_FACE('',(#15604),#15622,.F.);
#15604 = FACE_BOUND('',#15605,.F.);
#15605 = EDGE_LOOP('',(#15606,#15607,#15615,#15621));
#15606 = ORIENTED_EDGE('',*,*,#15592,.T.);
#15607 = ORIENTED_EDGE('',*,*,#15608,.T.);
#15608 = EDGE_CURVE('',#15585,#15609,#15611,.T.);
#15609 = VERTEX_POINT('',#15610);
#15610 = CARTESIAN_POINT('',(282.828692,37.907656,1.7));
#15611 = LINE('',#15612,#15613);
#15612 = CARTESIAN_POINT('',(282.839893,37.934707,1.7));
#15613 = VECTOR('',#15614,1.);
#15614 = DIRECTION('',(-0.382569992546,-0.923926512664,0.));
#15615 = ORIENTED_EDGE('',*,*,#15616,.F.);
#15616 = EDGE_CURVE('',#4593,#15609,#15617,.T.);
#15617 = LINE('',#15618,#15619);
#15618 = CARTESIAN_POINT('',(282.828692,37.907656,0.));
#15619 = VECTOR('',#15620,1.);
#15620 = DIRECTION('',(0.,0.,1.));
#15621 = ORIENTED_EDGE('',*,*,#4592,.F.);
#15622 = PLANE('',#15623);
#15623 = AXIS2_PLACEMENT_3D('',#15624,#15625,#15626);
#15624 = CARTESIAN_POINT('',(282.839893,37.934707,0.));
#15625 = DIRECTION('',(0.923926512664,-0.382569992546,0.));
#15626 = DIRECTION('',(-0.382569992546,-0.923926512664,0.));
#15627 = ADVANCED_FACE('',(#15628),#15646,.F.);
#15628 = FACE_BOUND('',#15629,.F.);
#15629 = EDGE_LOOP('',(#15630,#15631,#15639,#15645));
#15630 = ORIENTED_EDGE('',*,*,#15616,.T.);
#15631 = ORIENTED_EDGE('',*,*,#15632,.T.);
#15632 = EDGE_CURVE('',#15609,#15633,#15635,.T.);
#15633 = VERTEX_POINT('',#15634);
#15634 = CARTESIAN_POINT('',(282.808016,37.886981,1.7));
#15635 = LINE('',#15636,#15637);
#15636 = CARTESIAN_POINT('',(282.828692,37.907656,1.7));
#15637 = VECTOR('',#15638,1.);
#15638 = DIRECTION('',(-0.707123881093,-0.707089680867,0.));
#15639 = ORIENTED_EDGE('',*,*,#15640,.F.);
#15640 = EDGE_CURVE('',#4601,#15633,#15641,.T.);
#15641 = LINE('',#15642,#15643);
#15642 = CARTESIAN_POINT('',(282.808016,37.886981,0.));
#15643 = VECTOR('',#15644,1.);
#15644 = DIRECTION('',(0.,0.,1.));
#15645 = ORIENTED_EDGE('',*,*,#4600,.F.);
#15646 = PLANE('',#15647);
#15647 = AXIS2_PLACEMENT_3D('',#15648,#15649,#15650);
#15648 = CARTESIAN_POINT('',(282.828692,37.907656,0.));
#15649 = DIRECTION('',(0.707089680867,-0.707123881093,0.));
#15650 = DIRECTION('',(-0.707123881093,-0.707089680867,0.));
#15651 = ADVANCED_FACE('',(#15652),#15670,.F.);
#15652 = FACE_BOUND('',#15653,.F.);
#15653 = EDGE_LOOP('',(#15654,#15655,#15663,#15669));
#15654 = ORIENTED_EDGE('',*,*,#15640,.T.);
#15655 = ORIENTED_EDGE('',*,*,#15656,.T.);
#15656 = EDGE_CURVE('',#15633,#15657,#15659,.T.);
#15657 = VERTEX_POINT('',#15658);
#15658 = CARTESIAN_POINT('',(282.780965,37.875779,1.7));
#15659 = LINE('',#15660,#15661);
#15660 = CARTESIAN_POINT('',(282.808016,37.886981,1.7));
#15661 = VECTOR('',#15662,1.);
#15662 = DIRECTION('',(-0.923914439717,-0.382599148042,0.));
#15663 = ORIENTED_EDGE('',*,*,#15664,.F.);
#15664 = EDGE_CURVE('',#4609,#15657,#15665,.T.);
#15665 = LINE('',#15666,#15667);
#15666 = CARTESIAN_POINT('',(282.780965,37.875779,0.));
#15667 = VECTOR('',#15668,1.);
#15668 = DIRECTION('',(0.,0.,1.));
#15669 = ORIENTED_EDGE('',*,*,#4608,.F.);
#15670 = PLANE('',#15671);
#15671 = AXIS2_PLACEMENT_3D('',#15672,#15673,#15674);
#15672 = CARTESIAN_POINT('',(282.808016,37.886981,0.));
#15673 = DIRECTION('',(0.382599148042,-0.923914439717,0.));
#15674 = DIRECTION('',(-0.923914439717,-0.382599148042,0.));
#15675 = ADVANCED_FACE('',(#15676),#15694,.F.);
#15676 = FACE_BOUND('',#15677,.F.);
#15677 = EDGE_LOOP('',(#15678,#15679,#15687,#15693));
#15678 = ORIENTED_EDGE('',*,*,#15664,.T.);
#15679 = ORIENTED_EDGE('',*,*,#15680,.T.);
#15680 = EDGE_CURVE('',#15657,#15681,#15683,.T.);
#15681 = VERTEX_POINT('',#15682);
#15682 = CARTESIAN_POINT('',(282.766335,37.874331,1.7));
#15683 = LINE('',#15684,#15685);
#15684 = CARTESIAN_POINT('',(282.780965,37.875779,1.7));
#15685 = VECTOR('',#15686,1.);
#15686 = DIRECTION('',(-0.995137697729,-9.84934645468E-02,0.));
#15687 = ORIENTED_EDGE('',*,*,#15688,.F.);
#15688 = EDGE_CURVE('',#4617,#15681,#15689,.T.);
#15689 = LINE('',#15690,#15691);
#15690 = CARTESIAN_POINT('',(282.766335,37.874331,0.));
#15691 = VECTOR('',#15692,1.);
#15692 = DIRECTION('',(0.,0.,1.));
#15693 = ORIENTED_EDGE('',*,*,#4616,.F.);
#15694 = PLANE('',#15695);
#15695 = AXIS2_PLACEMENT_3D('',#15696,#15697,#15698);
#15696 = CARTESIAN_POINT('',(282.780965,37.875779,0.));
#15697 = DIRECTION('',(9.84934645468E-02,-0.995137697729,0.));
#15698 = DIRECTION('',(-0.995137697729,-9.84934645468E-02,0.));
#15699 = ADVANCED_FACE('',(#15700),#15718,.F.);
#15700 = FACE_BOUND('',#15701,.F.);
#15701 = EDGE_LOOP('',(#15702,#15703,#15711,#15717));
#15702 = ORIENTED_EDGE('',*,*,#15688,.T.);
#15703 = ORIENTED_EDGE('',*,*,#15704,.T.);
#15704 = EDGE_CURVE('',#15681,#15705,#15707,.T.);
#15705 = VERTEX_POINT('',#15706);
#15706 = CARTESIAN_POINT('',(268.666337,37.874331,1.7));
#15707 = LINE('',#15708,#15709);
#15708 = CARTESIAN_POINT('',(282.766335,37.874331,1.7));
#15709 = VECTOR('',#15710,1.);
#15710 = DIRECTION('',(-1.,0.,0.));
#15711 = ORIENTED_EDGE('',*,*,#15712,.F.);
#15712 = EDGE_CURVE('',#4625,#15705,#15713,.T.);
#15713 = LINE('',#15714,#15715);
#15714 = CARTESIAN_POINT('',(268.666337,37.874331,0.));
#15715 = VECTOR('',#15716,1.);
#15716 = DIRECTION('',(0.,0.,1.));
#15717 = ORIENTED_EDGE('',*,*,#4624,.F.);
#15718 = PLANE('',#15719);
#15719 = AXIS2_PLACEMENT_3D('',#15720,#15721,#15722);
#15720 = CARTESIAN_POINT('',(282.766335,37.874331,0.));
#15721 = DIRECTION('',(0.,-1.,0.));
#15722 = DIRECTION('',(-1.,0.,0.));
#15723 = ADVANCED_FACE('',(#15724),#15742,.F.);
#15724 = FACE_BOUND('',#15725,.F.);
#15725 = EDGE_LOOP('',(#15726,#15727,#15735,#15741));
#15726 = ORIENTED_EDGE('',*,*,#15712,.T.);
#15727 = ORIENTED_EDGE('',*,*,#15728,.T.);
#15728 = EDGE_CURVE('',#15705,#15729,#15731,.T.);
#15729 = VERTEX_POINT('',#15730);
#15730 = CARTESIAN_POINT('',(268.651707,37.875779,1.7));
#15731 = LINE('',#15732,#15733);
#15732 = CARTESIAN_POINT('',(268.666337,37.874331,1.7));
#15733 = VECTOR('',#15734,1.);
#15734 = DIRECTION('',(-0.995137697729,9.849346454642E-02,0.));
#15735 = ORIENTED_EDGE('',*,*,#15736,.F.);
#15736 = EDGE_CURVE('',#4633,#15729,#15737,.T.);
#15737 = LINE('',#15738,#15739);
#15738 = CARTESIAN_POINT('',(268.651707,37.875779,0.));
#15739 = VECTOR('',#15740,1.);
#15740 = DIRECTION('',(0.,0.,1.));
#15741 = ORIENTED_EDGE('',*,*,#4632,.F.);
#15742 = PLANE('',#15743);
#15743 = AXIS2_PLACEMENT_3D('',#15744,#15745,#15746);
#15744 = CARTESIAN_POINT('',(268.666337,37.874331,0.));
#15745 = DIRECTION('',(-9.849346454642E-02,-0.995137697729,0.));
#15746 = DIRECTION('',(-0.995137697729,9.849346454642E-02,0.));
#15747 = ADVANCED_FACE('',(#15748),#15766,.F.);
#15748 = FACE_BOUND('',#15749,.F.);
#15749 = EDGE_LOOP('',(#15750,#15751,#15759,#15765));
#15750 = ORIENTED_EDGE('',*,*,#15736,.T.);
#15751 = ORIENTED_EDGE('',*,*,#15752,.T.);
#15752 = EDGE_CURVE('',#15729,#15753,#15755,.T.);
#15753 = VERTEX_POINT('',#15754);
#15754 = CARTESIAN_POINT('',(268.624656,37.886981,1.7));
#15755 = LINE('',#15756,#15757);
#15756 = CARTESIAN_POINT('',(268.651707,37.875779,1.7));
#15757 = VECTOR('',#15758,1.);
#15758 = DIRECTION('',(-0.923914439717,0.382599148043,0.));
#15759 = ORIENTED_EDGE('',*,*,#15760,.F.);
#15760 = EDGE_CURVE('',#4641,#15753,#15761,.T.);
#15761 = LINE('',#15762,#15763);
#15762 = CARTESIAN_POINT('',(268.624656,37.886981,0.));
#15763 = VECTOR('',#15764,1.);
#15764 = DIRECTION('',(0.,0.,1.));
#15765 = ORIENTED_EDGE('',*,*,#4640,.F.);
#15766 = PLANE('',#15767);
#15767 = AXIS2_PLACEMENT_3D('',#15768,#15769,#15770);
#15768 = CARTESIAN_POINT('',(268.651707,37.875779,0.));
#15769 = DIRECTION('',(-0.382599148043,-0.923914439717,0.));
#15770 = DIRECTION('',(-0.923914439717,0.382599148043,0.));
#15771 = ADVANCED_FACE('',(#15772),#15790,.F.);
#15772 = FACE_BOUND('',#15773,.F.);
#15773 = EDGE_LOOP('',(#15774,#15775,#15783,#15789));
#15774 = ORIENTED_EDGE('',*,*,#15760,.T.);
#15775 = ORIENTED_EDGE('',*,*,#15776,.T.);
#15776 = EDGE_CURVE('',#15753,#15777,#15779,.T.);
#15777 = VERTEX_POINT('',#15778);
#15778 = CARTESIAN_POINT('',(268.60398,37.907656,1.7));
#15779 = LINE('',#15780,#15781);
#15780 = CARTESIAN_POINT('',(268.624656,37.886981,1.7));
#15781 = VECTOR('',#15782,1.);
#15782 = DIRECTION('',(-0.707123881094,0.707089680866,0.));
#15783 = ORIENTED_EDGE('',*,*,#15784,.F.);
#15784 = EDGE_CURVE('',#4649,#15777,#15785,.T.);
#15785 = LINE('',#15786,#15787);
#15786 = CARTESIAN_POINT('',(268.60398,37.907656,0.));
#15787 = VECTOR('',#15788,1.);
#15788 = DIRECTION('',(0.,0.,1.));
#15789 = ORIENTED_EDGE('',*,*,#4648,.F.);
#15790 = PLANE('',#15791);
#15791 = AXIS2_PLACEMENT_3D('',#15792,#15793,#15794);
#15792 = CARTESIAN_POINT('',(268.624656,37.886981,0.));
#15793 = DIRECTION('',(-0.707089680866,-0.707123881094,0.));
#15794 = DIRECTION('',(-0.707123881094,0.707089680866,0.));
#15795 = ADVANCED_FACE('',(#15796),#15814,.F.);
#15796 = FACE_BOUND('',#15797,.F.);
#15797 = EDGE_LOOP('',(#15798,#15799,#15807,#15813));
#15798 = ORIENTED_EDGE('',*,*,#15784,.T.);
#15799 = ORIENTED_EDGE('',*,*,#15800,.T.);
#15800 = EDGE_CURVE('',#15777,#15801,#15803,.T.);
#15801 = VERTEX_POINT('',#15802);
#15802 = CARTESIAN_POINT('',(268.592779,37.934707,1.7));
#15803 = LINE('',#15804,#15805);
#15804 = CARTESIAN_POINT('',(268.60398,37.907656,1.7));
#15805 = VECTOR('',#15806,1.);
#15806 = DIRECTION('',(-0.382569992545,0.923926512664,0.));
#15807 = ORIENTED_EDGE('',*,*,#15808,.F.);
#15808 = EDGE_CURVE('',#4657,#15801,#15809,.T.);
#15809 = LINE('',#15810,#15811);
#15810 = CARTESIAN_POINT('',(268.592779,37.934707,0.));
#15811 = VECTOR('',#15812,1.);
#15812 = DIRECTION('',(0.,0.,1.));
#15813 = ORIENTED_EDGE('',*,*,#4656,.F.);
#15814 = PLANE('',#15815);
#15815 = AXIS2_PLACEMENT_3D('',#15816,#15817,#15818);
#15816 = CARTESIAN_POINT('',(268.60398,37.907656,0.));
#15817 = DIRECTION('',(-0.923926512664,-0.382569992545,0.));
#15818 = DIRECTION('',(-0.382569992545,0.923926512664,0.));
#15819 = ADVANCED_FACE('',(#15820),#15838,.F.);
#15820 = FACE_BOUND('',#15821,.F.);
#15821 = EDGE_LOOP('',(#15822,#15823,#15831,#15837));
#15822 = ORIENTED_EDGE('',*,*,#15808,.T.);
#15823 = ORIENTED_EDGE('',*,*,#15824,.T.);
#15824 = EDGE_CURVE('',#15801,#15825,#15827,.T.);
#15825 = VERTEX_POINT('',#15826);
#15826 = CARTESIAN_POINT('',(268.591331,37.949338,1.7));
#15827 = LINE('',#15828,#15829);
#15828 = CARTESIAN_POINT('',(268.592779,37.934707,1.7));
#15829 = VECTOR('',#15830,1.);
#15830 = DIRECTION('',(-9.848679800965E-02,0.995138357525,0.));
#15831 = ORIENTED_EDGE('',*,*,#15832,.F.);
#15832 = EDGE_CURVE('',#4665,#15825,#15833,.T.);
#15833 = LINE('',#15834,#15835);
#15834 = CARTESIAN_POINT('',(268.591331,37.949338,0.));
#15835 = VECTOR('',#15836,1.);
#15836 = DIRECTION('',(0.,0.,1.));
#15837 = ORIENTED_EDGE('',*,*,#4664,.F.);
#15838 = PLANE('',#15839);
#15839 = AXIS2_PLACEMENT_3D('',#15840,#15841,#15842);
#15840 = CARTESIAN_POINT('',(268.592779,37.934707,0.));
#15841 = DIRECTION('',(-0.995138357525,-9.848679800965E-02,0.));
#15842 = DIRECTION('',(-9.848679800965E-02,0.995138357525,0.));
#15843 = ADVANCED_FACE('',(#15844),#15862,.F.);
#15844 = FACE_BOUND('',#15845,.F.);
#15845 = EDGE_LOOP('',(#15846,#15847,#15855,#15861));
#15846 = ORIENTED_EDGE('',*,*,#15832,.T.);
#15847 = ORIENTED_EDGE('',*,*,#15848,.T.);
#15848 = EDGE_CURVE('',#15825,#15849,#15851,.T.);
#15849 = VERTEX_POINT('',#15850);
#15850 = CARTESIAN_POINT('',(268.591331,52.049335,1.7));
#15851 = LINE('',#15852,#15853);
#15852 = CARTESIAN_POINT('',(268.591331,37.949338,1.7));
#15853 = VECTOR('',#15854,1.);
#15854 = DIRECTION('',(0.,1.,0.));
#15855 = ORIENTED_EDGE('',*,*,#15856,.F.);
#15856 = EDGE_CURVE('',#4673,#15849,#15857,.T.);
#15857 = LINE('',#15858,#15859);
#15858 = CARTESIAN_POINT('',(268.591331,52.049335,0.));
#15859 = VECTOR('',#15860,1.);
#15860 = DIRECTION('',(0.,0.,1.));
#15861 = ORIENTED_EDGE('',*,*,#4672,.F.);
#15862 = PLANE('',#15863);
#15863 = AXIS2_PLACEMENT_3D('',#15864,#15865,#15866);
#15864 = CARTESIAN_POINT('',(268.591331,37.949338,0.));
#15865 = DIRECTION('',(-1.,0.,0.));
#15866 = DIRECTION('',(0.,1.,0.));
#15867 = ADVANCED_FACE('',(#15868),#15886,.F.);
#15868 = FACE_BOUND('',#15869,.F.);
#15869 = EDGE_LOOP('',(#15870,#15871,#15879,#15885));
#15870 = ORIENTED_EDGE('',*,*,#15856,.T.);
#15871 = ORIENTED_EDGE('',*,*,#15872,.T.);
#15872 = EDGE_CURVE('',#15849,#15873,#15875,.T.);
#15873 = VERTEX_POINT('',#15874);
#15874 = CARTESIAN_POINT('',(268.592779,52.063965,1.7));
#15875 = LINE('',#15876,#15877);
#15876 = CARTESIAN_POINT('',(268.591331,52.049335,1.7));
#15877 = VECTOR('',#15878,1.);
#15878 = DIRECTION('',(9.849346454503E-02,0.995137697729,0.));
#15879 = ORIENTED_EDGE('',*,*,#15880,.F.);
#15880 = EDGE_CURVE('',#4681,#15873,#15881,.T.);
#15881 = LINE('',#15882,#15883);
#15882 = CARTESIAN_POINT('',(268.592779,52.063965,0.));
#15883 = VECTOR('',#15884,1.);
#15884 = DIRECTION('',(0.,0.,1.));
#15885 = ORIENTED_EDGE('',*,*,#4680,.F.);
#15886 = PLANE('',#15887);
#15887 = AXIS2_PLACEMENT_3D('',#15888,#15889,#15890);
#15888 = CARTESIAN_POINT('',(268.591331,52.049335,0.));
#15889 = DIRECTION('',(-0.995137697729,9.849346454503E-02,0.));
#15890 = DIRECTION('',(9.849346454503E-02,0.995137697729,0.));
#15891 = ADVANCED_FACE('',(#15892),#15910,.F.);
#15892 = FACE_BOUND('',#15893,.F.);
#15893 = EDGE_LOOP('',(#15894,#15895,#15903,#15909));
#15894 = ORIENTED_EDGE('',*,*,#15880,.T.);
#15895 = ORIENTED_EDGE('',*,*,#15896,.T.);
#15896 = EDGE_CURVE('',#15873,#15897,#15899,.T.);
#15897 = VERTEX_POINT('',#15898);
#15898 = CARTESIAN_POINT('',(268.60398,52.091016,1.7));
#15899 = LINE('',#15900,#15901);
#15900 = CARTESIAN_POINT('',(268.592779,52.063965,1.7));
#15901 = VECTOR('',#15902,1.);
#15902 = DIRECTION('',(0.382569992545,0.923926512664,0.));
#15903 = ORIENTED_EDGE('',*,*,#15904,.F.);
#15904 = EDGE_CURVE('',#4689,#15897,#15905,.T.);
#15905 = LINE('',#15906,#15907);
#15906 = CARTESIAN_POINT('',(268.60398,52.091016,0.));
#15907 = VECTOR('',#15908,1.);
#15908 = DIRECTION('',(0.,0.,1.));
#15909 = ORIENTED_EDGE('',*,*,#4688,.F.);
#15910 = PLANE('',#15911);
#15911 = AXIS2_PLACEMENT_3D('',#15912,#15913,#15914);
#15912 = CARTESIAN_POINT('',(268.592779,52.063965,0.));
#15913 = DIRECTION('',(-0.923926512664,0.382569992545,0.));
#15914 = DIRECTION('',(0.382569992545,0.923926512664,0.));
#15915 = ADVANCED_FACE('',(#15916),#15934,.F.);
#15916 = FACE_BOUND('',#15917,.F.);
#15917 = EDGE_LOOP('',(#15918,#15919,#15927,#15933));
#15918 = ORIENTED_EDGE('',*,*,#15904,.T.);
#15919 = ORIENTED_EDGE('',*,*,#15920,.T.);
#15920 = EDGE_CURVE('',#15897,#15921,#15923,.T.);
#15921 = VERTEX_POINT('',#15922);
#15922 = CARTESIAN_POINT('',(268.624656,52.111692,1.7));
#15923 = LINE('',#15924,#15925);
#15924 = CARTESIAN_POINT('',(268.60398,52.091016,1.7));
#15925 = VECTOR('',#15926,1.);
#15926 = DIRECTION('',(0.707106781187,0.707106781186,0.));
#15927 = ORIENTED_EDGE('',*,*,#15928,.F.);
#15928 = EDGE_CURVE('',#4697,#15921,#15929,.T.);
#15929 = LINE('',#15930,#15931);
#15930 = CARTESIAN_POINT('',(268.624656,52.111692,0.));
#15931 = VECTOR('',#15932,1.);
#15932 = DIRECTION('',(0.,0.,1.));
#15933 = ORIENTED_EDGE('',*,*,#4696,.F.);
#15934 = PLANE('',#15935);
#15935 = AXIS2_PLACEMENT_3D('',#15936,#15937,#15938);
#15936 = CARTESIAN_POINT('',(268.60398,52.091016,0.));
#15937 = DIRECTION('',(-0.707106781186,0.707106781187,0.));
#15938 = DIRECTION('',(0.707106781187,0.707106781186,0.));
#15939 = ADVANCED_FACE('',(#15940),#15958,.F.);
#15940 = FACE_BOUND('',#15941,.F.);
#15941 = EDGE_LOOP('',(#15942,#15943,#15951,#15957));
#15942 = ORIENTED_EDGE('',*,*,#15928,.T.);
#15943 = ORIENTED_EDGE('',*,*,#15944,.T.);
#15944 = EDGE_CURVE('',#15921,#15945,#15947,.T.);
#15945 = VERTEX_POINT('',#15946);
#15946 = CARTESIAN_POINT('',(268.651707,52.122893,1.7));
#15947 = LINE('',#15948,#15949);
#15948 = CARTESIAN_POINT('',(268.624656,52.111692,1.7));
#15949 = VECTOR('',#15950,1.);
#15950 = DIRECTION('',(0.923926512664,0.382569992546,0.));
#15951 = ORIENTED_EDGE('',*,*,#15952,.F.);
#15952 = EDGE_CURVE('',#4705,#15945,#15953,.T.);
#15953 = LINE('',#15954,#15955);
#15954 = CARTESIAN_POINT('',(268.651707,52.122893,0.));
#15955 = VECTOR('',#15956,1.);
#15956 = DIRECTION('',(0.,0.,1.));
#15957 = ORIENTED_EDGE('',*,*,#4704,.F.);
#15958 = PLANE('',#15959);
#15959 = AXIS2_PLACEMENT_3D('',#15960,#15961,#15962);
#15960 = CARTESIAN_POINT('',(268.624656,52.111692,0.));
#15961 = DIRECTION('',(-0.382569992546,0.923926512664,0.));
#15962 = DIRECTION('',(0.923926512664,0.382569992546,0.));
#15963 = ADVANCED_FACE('',(#15964),#15982,.F.);
#15964 = FACE_BOUND('',#15965,.F.);
#15965 = EDGE_LOOP('',(#15966,#15967,#15975,#15981));
#15966 = ORIENTED_EDGE('',*,*,#15952,.T.);
#15967 = ORIENTED_EDGE('',*,*,#15968,.T.);
#15968 = EDGE_CURVE('',#15945,#15969,#15971,.T.);
#15969 = VERTEX_POINT('',#15970);
#15970 = CARTESIAN_POINT('',(268.666337,52.124341,1.7));
#15971 = LINE('',#15972,#15973);
#15972 = CARTESIAN_POINT('',(268.651707,52.122893,1.7));
#15973 = VECTOR('',#15974,1.);
#15974 = DIRECTION('',(0.995137697729,9.849346454642E-02,0.));
#15975 = ORIENTED_EDGE('',*,*,#15976,.F.);
#15976 = EDGE_CURVE('',#4713,#15969,#15977,.T.);
#15977 = LINE('',#15978,#15979);
#15978 = CARTESIAN_POINT('',(268.666337,52.124341,0.));
#15979 = VECTOR('',#15980,1.);
#15980 = DIRECTION('',(0.,0.,1.));
#15981 = ORIENTED_EDGE('',*,*,#4712,.F.);
#15982 = PLANE('',#15983);
#15983 = AXIS2_PLACEMENT_3D('',#15984,#15985,#15986);
#15984 = CARTESIAN_POINT('',(268.651707,52.122893,0.));
#15985 = DIRECTION('',(-9.849346454642E-02,0.995137697729,0.));
#15986 = DIRECTION('',(0.995137697729,9.849346454642E-02,0.));
#15987 = ADVANCED_FACE('',(#15988),#16006,.F.);
#15988 = FACE_BOUND('',#15989,.F.);
#15989 = EDGE_LOOP('',(#15990,#15991,#15999,#16005));
#15990 = ORIENTED_EDGE('',*,*,#15976,.T.);
#15991 = ORIENTED_EDGE('',*,*,#15992,.T.);
#15992 = EDGE_CURVE('',#15969,#15993,#15995,.T.);
#15993 = VERTEX_POINT('',#15994);
#15994 = CARTESIAN_POINT('',(282.766335,52.124341,1.7));
#15995 = LINE('',#15996,#15997);
#15996 = CARTESIAN_POINT('',(268.666337,52.124341,1.7));
#15997 = VECTOR('',#15998,1.);
#15998 = DIRECTION('',(1.,0.,0.));
#15999 = ORIENTED_EDGE('',*,*,#16000,.F.);
#16000 = EDGE_CURVE('',#4721,#15993,#16001,.T.);
#16001 = LINE('',#16002,#16003);
#16002 = CARTESIAN_POINT('',(282.766335,52.124341,0.));
#16003 = VECTOR('',#16004,1.);
#16004 = DIRECTION('',(0.,0.,1.));
#16005 = ORIENTED_EDGE('',*,*,#4720,.F.);
#16006 = PLANE('',#16007);
#16007 = AXIS2_PLACEMENT_3D('',#16008,#16009,#16010);
#16008 = CARTESIAN_POINT('',(268.666337,52.124341,0.));
#16009 = DIRECTION('',(0.,1.,0.));
#16010 = DIRECTION('',(1.,0.,0.));
#16011 = ADVANCED_FACE('',(#16012),#16023,.F.);
#16012 = FACE_BOUND('',#16013,.F.);
#16013 = EDGE_LOOP('',(#16014,#16015,#16021,#16022));
#16014 = ORIENTED_EDGE('',*,*,#16000,.T.);
#16015 = ORIENTED_EDGE('',*,*,#16016,.T.);
#16016 = EDGE_CURVE('',#15993,#15457,#16017,.T.);
#16017 = LINE('',#16018,#16019);
#16018 = CARTESIAN_POINT('',(282.766335,52.124341,1.7));
#16019 = VECTOR('',#16020,1.);
#16020 = DIRECTION('',(0.995137697729,-9.84934645468E-02,0.));
#16021 = ORIENTED_EDGE('',*,*,#15456,.F.);
#16022 = ORIENTED_EDGE('',*,*,#4728,.F.);
#16023 = PLANE('',#16024);
#16024 = AXIS2_PLACEMENT_3D('',#16025,#16026,#16027);
#16025 = CARTESIAN_POINT('',(282.766335,52.124341,0.));
#16026 = DIRECTION('',(9.84934645468E-02,0.995137697729,0.));
#16027 = DIRECTION('',(0.995137697729,-9.84934645468E-02,0.));
#16028 = ADVANCED_FACE('',(#16029),#16054,.F.);
#16029 = FACE_BOUND('',#16030,.F.);
#16030 = EDGE_LOOP('',(#16031,#16039,#16047,#16053));
#16031 = ORIENTED_EDGE('',*,*,#16032,.T.);
#16032 = EDGE_CURVE('',#4737,#16033,#16035,.T.);
#16033 = VERTEX_POINT('',#16034);
#16034 = CARTESIAN_POINT('',(263.730965,52.122893,1.7));
#16035 = LINE('',#16036,#16037);
#16036 = CARTESIAN_POINT('',(263.730965,52.122893,0.));
#16037 = VECTOR('',#16038,1.);
#16038 = DIRECTION('',(0.,0.,1.));
#16039 = ORIENTED_EDGE('',*,*,#16040,.T.);
#16040 = EDGE_CURVE('',#16033,#16041,#16043,.T.);
#16041 = VERTEX_POINT('',#16042);
#16042 = CARTESIAN_POINT('',(263.758016,52.111692,1.7));
#16043 = LINE('',#16044,#16045);
#16044 = CARTESIAN_POINT('',(263.730965,52.122893,1.7));
#16045 = VECTOR('',#16046,1.);
#16046 = DIRECTION('',(0.923926512664,-0.382569992546,0.));
#16047 = ORIENTED_EDGE('',*,*,#16048,.F.);
#16048 = EDGE_CURVE('',#4739,#16041,#16049,.T.);
#16049 = LINE('',#16050,#16051);
#16050 = CARTESIAN_POINT('',(263.758016,52.111692,0.));
#16051 = VECTOR('',#16052,1.);
#16052 = DIRECTION('',(0.,0.,1.));
#16053 = ORIENTED_EDGE('',*,*,#4736,.F.);
#16054 = PLANE('',#16055);
#16055 = AXIS2_PLACEMENT_3D('',#16056,#16057,#16058);
#16056 = CARTESIAN_POINT('',(263.730965,52.122893,0.));
#16057 = DIRECTION('',(0.382569992546,0.923926512664,0.));
#16058 = DIRECTION('',(0.923926512664,-0.382569992546,0.));
#16059 = ADVANCED_FACE('',(#16060),#16078,.F.);
#16060 = FACE_BOUND('',#16061,.F.);
#16061 = EDGE_LOOP('',(#16062,#16063,#16071,#16077));
#16062 = ORIENTED_EDGE('',*,*,#16048,.T.);
#16063 = ORIENTED_EDGE('',*,*,#16064,.T.);
#16064 = EDGE_CURVE('',#16041,#16065,#16067,.T.);
#16065 = VERTEX_POINT('',#16066);
#16066 = CARTESIAN_POINT('',(263.778692,52.091016,1.7));
#16067 = LINE('',#16068,#16069);
#16068 = CARTESIAN_POINT('',(263.758016,52.111692,1.7));
#16069 = VECTOR('',#16070,1.);
#16070 = DIRECTION('',(0.707106781186,-0.707106781187,0.));
#16071 = ORIENTED_EDGE('',*,*,#16072,.F.);
#16072 = EDGE_CURVE('',#4747,#16065,#16073,.T.);
#16073 = LINE('',#16074,#16075);
#16074 = CARTESIAN_POINT('',(263.778692,52.091016,0.));
#16075 = VECTOR('',#16076,1.);
#16076 = DIRECTION('',(0.,0.,1.));
#16077 = ORIENTED_EDGE('',*,*,#4746,.F.);
#16078 = PLANE('',#16079);
#16079 = AXIS2_PLACEMENT_3D('',#16080,#16081,#16082);
#16080 = CARTESIAN_POINT('',(263.758016,52.111692,0.));
#16081 = DIRECTION('',(0.707106781187,0.707106781186,0.));
#16082 = DIRECTION('',(0.707106781186,-0.707106781187,0.));
#16083 = ADVANCED_FACE('',(#16084),#16102,.F.);
#16084 = FACE_BOUND('',#16085,.F.);
#16085 = EDGE_LOOP('',(#16086,#16087,#16095,#16101));
#16086 = ORIENTED_EDGE('',*,*,#16072,.T.);
#16087 = ORIENTED_EDGE('',*,*,#16088,.T.);
#16088 = EDGE_CURVE('',#16065,#16089,#16091,.T.);
#16089 = VERTEX_POINT('',#16090);
#16090 = CARTESIAN_POINT('',(263.789893,52.063965,1.7));
#16091 = LINE('',#16092,#16093);
#16092 = CARTESIAN_POINT('',(263.778692,52.091016,1.7));
#16093 = VECTOR('',#16094,1.);
#16094 = DIRECTION('',(0.382569992546,-0.923926512664,0.));
#16095 = ORIENTED_EDGE('',*,*,#16096,.F.);
#16096 = EDGE_CURVE('',#4755,#16089,#16097,.T.);
#16097 = LINE('',#16098,#16099);
#16098 = CARTESIAN_POINT('',(263.789893,52.063965,0.));
#16099 = VECTOR('',#16100,1.);
#16100 = DIRECTION('',(0.,0.,1.));
#16101 = ORIENTED_EDGE('',*,*,#4754,.F.);
#16102 = PLANE('',#16103);
#16103 = AXIS2_PLACEMENT_3D('',#16104,#16105,#16106);
#16104 = CARTESIAN_POINT('',(263.778692,52.091016,0.));
#16105 = DIRECTION('',(0.923926512664,0.382569992546,0.));
#16106 = DIRECTION('',(0.382569992546,-0.923926512664,0.));
#16107 = ADVANCED_FACE('',(#16108),#16126,.F.);
#16108 = FACE_BOUND('',#16109,.F.);
#16109 = EDGE_LOOP('',(#16110,#16111,#16119,#16125));
#16110 = ORIENTED_EDGE('',*,*,#16096,.T.);
#16111 = ORIENTED_EDGE('',*,*,#16112,.T.);
#16112 = EDGE_CURVE('',#16089,#16113,#16115,.T.);
#16113 = VERTEX_POINT('',#16114);
#16114 = CARTESIAN_POINT('',(263.791341,52.049335,1.7));
#16115 = LINE('',#16116,#16117);
#16116 = CARTESIAN_POINT('',(263.789893,52.063965,1.7));
#16117 = VECTOR('',#16118,1.);
#16118 = DIRECTION('',(9.849346454503E-02,-0.995137697729,0.));
#16119 = ORIENTED_EDGE('',*,*,#16120,.F.);
#16120 = EDGE_CURVE('',#4763,#16113,#16121,.T.);
#16121 = LINE('',#16122,#16123);
#16122 = CARTESIAN_POINT('',(263.791341,52.049335,0.));
#16123 = VECTOR('',#16124,1.);
#16124 = DIRECTION('',(0.,0.,1.));
#16125 = ORIENTED_EDGE('',*,*,#4762,.F.);
#16126 = PLANE('',#16127);
#16127 = AXIS2_PLACEMENT_3D('',#16128,#16129,#16130);
#16128 = CARTESIAN_POINT('',(263.789893,52.063965,0.));
#16129 = DIRECTION('',(0.995137697729,9.849346454503E-02,0.));
#16130 = DIRECTION('',(9.849346454503E-02,-0.995137697729,0.));
#16131 = ADVANCED_FACE('',(#16132),#16150,.F.);
#16132 = FACE_BOUND('',#16133,.F.);
#16133 = EDGE_LOOP('',(#16134,#16135,#16143,#16149));
#16134 = ORIENTED_EDGE('',*,*,#16120,.T.);
#16135 = ORIENTED_EDGE('',*,*,#16136,.T.);
#16136 = EDGE_CURVE('',#16113,#16137,#16139,.T.);
#16137 = VERTEX_POINT('',#16138);
#16138 = CARTESIAN_POINT('',(263.791341,37.949338,1.7));
#16139 = LINE('',#16140,#16141);
#16140 = CARTESIAN_POINT('',(263.791341,52.049335,1.7));
#16141 = VECTOR('',#16142,1.);
#16142 = DIRECTION('',(0.,-1.,0.));
#16143 = ORIENTED_EDGE('',*,*,#16144,.F.);
#16144 = EDGE_CURVE('',#4771,#16137,#16145,.T.);
#16145 = LINE('',#16146,#16147);
#16146 = CARTESIAN_POINT('',(263.791341,37.949338,0.));
#16147 = VECTOR('',#16148,1.);
#16148 = DIRECTION('',(0.,0.,1.));
#16149 = ORIENTED_EDGE('',*,*,#4770,.F.);
#16150 = PLANE('',#16151);
#16151 = AXIS2_PLACEMENT_3D('',#16152,#16153,#16154);
#16152 = CARTESIAN_POINT('',(263.791341,52.049335,0.));
#16153 = DIRECTION('',(1.,0.,0.));
#16154 = DIRECTION('',(0.,-1.,0.));
#16155 = ADVANCED_FACE('',(#16156),#16174,.F.);
#16156 = FACE_BOUND('',#16157,.F.);
#16157 = EDGE_LOOP('',(#16158,#16159,#16167,#16173));
#16158 = ORIENTED_EDGE('',*,*,#16144,.T.);
#16159 = ORIENTED_EDGE('',*,*,#16160,.T.);
#16160 = EDGE_CURVE('',#16137,#16161,#16163,.T.);
#16161 = VERTEX_POINT('',#16162);
#16162 = CARTESIAN_POINT('',(263.789893,37.934707,1.7));
#16163 = LINE('',#16164,#16165);
#16164 = CARTESIAN_POINT('',(263.791341,37.949338,1.7));
#16165 = VECTOR('',#16166,1.);
#16166 = DIRECTION('',(-9.848679800965E-02,-0.995138357525,0.));
#16167 = ORIENTED_EDGE('',*,*,#16168,.F.);
#16168 = EDGE_CURVE('',#4779,#16161,#16169,.T.);
#16169 = LINE('',#16170,#16171);
#16170 = CARTESIAN_POINT('',(263.789893,37.934707,0.));
#16171 = VECTOR('',#16172,1.);
#16172 = DIRECTION('',(0.,0.,1.));
#16173 = ORIENTED_EDGE('',*,*,#4778,.F.);
#16174 = PLANE('',#16175);
#16175 = AXIS2_PLACEMENT_3D('',#16176,#16177,#16178);
#16176 = CARTESIAN_POINT('',(263.791341,37.949338,0.));
#16177 = DIRECTION('',(0.995138357525,-9.848679800965E-02,0.));
#16178 = DIRECTION('',(-9.848679800965E-02,-0.995138357525,0.));
#16179 = ADVANCED_FACE('',(#16180),#16198,.F.);
#16180 = FACE_BOUND('',#16181,.F.);
#16181 = EDGE_LOOP('',(#16182,#16183,#16191,#16197));
#16182 = ORIENTED_EDGE('',*,*,#16168,.T.);
#16183 = ORIENTED_EDGE('',*,*,#16184,.T.);
#16184 = EDGE_CURVE('',#16161,#16185,#16187,.T.);
#16185 = VERTEX_POINT('',#16186);
#16186 = CARTESIAN_POINT('',(263.778692,37.907656,1.7));
#16187 = LINE('',#16188,#16189);
#16188 = CARTESIAN_POINT('',(263.789893,37.934707,1.7));
#16189 = VECTOR('',#16190,1.);
#16190 = DIRECTION('',(-0.382569992546,-0.923926512664,0.));
#16191 = ORIENTED_EDGE('',*,*,#16192,.F.);
#16192 = EDGE_CURVE('',#4787,#16185,#16193,.T.);
#16193 = LINE('',#16194,#16195);
#16194 = CARTESIAN_POINT('',(263.778692,37.907656,0.));
#16195 = VECTOR('',#16196,1.);
#16196 = DIRECTION('',(0.,0.,1.));
#16197 = ORIENTED_EDGE('',*,*,#4786,.F.);
#16198 = PLANE('',#16199);
#16199 = AXIS2_PLACEMENT_3D('',#16200,#16201,#16202);
#16200 = CARTESIAN_POINT('',(263.789893,37.934707,0.));
#16201 = DIRECTION('',(0.923926512664,-0.382569992546,0.));
#16202 = DIRECTION('',(-0.382569992546,-0.923926512664,0.));
#16203 = ADVANCED_FACE('',(#16204),#16222,.F.);
#16204 = FACE_BOUND('',#16205,.F.);
#16205 = EDGE_LOOP('',(#16206,#16207,#16215,#16221));
#16206 = ORIENTED_EDGE('',*,*,#16192,.T.);
#16207 = ORIENTED_EDGE('',*,*,#16208,.T.);
#16208 = EDGE_CURVE('',#16185,#16209,#16211,.T.);
#16209 = VERTEX_POINT('',#16210);
#16210 = CARTESIAN_POINT('',(263.758016,37.886981,1.7));
#16211 = LINE('',#16212,#16213);
#16212 = CARTESIAN_POINT('',(263.778692,37.907656,1.7));
#16213 = VECTOR('',#16214,1.);
#16214 = DIRECTION('',(-0.707123881093,-0.707089680867,0.));
#16215 = ORIENTED_EDGE('',*,*,#16216,.F.);
#16216 = EDGE_CURVE('',#4795,#16209,#16217,.T.);
#16217 = LINE('',#16218,#16219);
#16218 = CARTESIAN_POINT('',(263.758016,37.886981,0.));
#16219 = VECTOR('',#16220,1.);
#16220 = DIRECTION('',(0.,0.,1.));
#16221 = ORIENTED_EDGE('',*,*,#4794,.F.);
#16222 = PLANE('',#16223);
#16223 = AXIS2_PLACEMENT_3D('',#16224,#16225,#16226);
#16224 = CARTESIAN_POINT('',(263.778692,37.907656,0.));
#16225 = DIRECTION('',(0.707089680867,-0.707123881093,0.));
#16226 = DIRECTION('',(-0.707123881093,-0.707089680867,0.));
#16227 = ADVANCED_FACE('',(#16228),#16246,.F.);
#16228 = FACE_BOUND('',#16229,.F.);
#16229 = EDGE_LOOP('',(#16230,#16231,#16239,#16245));
#16230 = ORIENTED_EDGE('',*,*,#16216,.T.);
#16231 = ORIENTED_EDGE('',*,*,#16232,.T.);
#16232 = EDGE_CURVE('',#16209,#16233,#16235,.T.);
#16233 = VERTEX_POINT('',#16234);
#16234 = CARTESIAN_POINT('',(263.730965,37.875779,1.7));
#16235 = LINE('',#16236,#16237);
#16236 = CARTESIAN_POINT('',(263.758016,37.886981,1.7));
#16237 = VECTOR('',#16238,1.);
#16238 = DIRECTION('',(-0.923914439717,-0.382599148043,0.));
#16239 = ORIENTED_EDGE('',*,*,#16240,.F.);
#16240 = EDGE_CURVE('',#4803,#16233,#16241,.T.);
#16241 = LINE('',#16242,#16243);
#16242 = CARTESIAN_POINT('',(263.730965,37.875779,0.));
#16243 = VECTOR('',#16244,1.);
#16244 = DIRECTION('',(0.,0.,1.));
#16245 = ORIENTED_EDGE('',*,*,#4802,.F.);
#16246 = PLANE('',#16247);
#16247 = AXIS2_PLACEMENT_3D('',#16248,#16249,#16250);
#16248 = CARTESIAN_POINT('',(263.758016,37.886981,0.));
#16249 = DIRECTION('',(0.382599148043,-0.923914439717,0.));
#16250 = DIRECTION('',(-0.923914439717,-0.382599148043,0.));
#16251 = ADVANCED_FACE('',(#16252),#16270,.F.);
#16252 = FACE_BOUND('',#16253,.F.);
#16253 = EDGE_LOOP('',(#16254,#16255,#16263,#16269));
#16254 = ORIENTED_EDGE('',*,*,#16240,.T.);
#16255 = ORIENTED_EDGE('',*,*,#16256,.T.);
#16256 = EDGE_CURVE('',#16233,#16257,#16259,.T.);
#16257 = VERTEX_POINT('',#16258);
#16258 = CARTESIAN_POINT('',(263.716335,37.874331,1.7));
#16259 = LINE('',#16260,#16261);
#16260 = CARTESIAN_POINT('',(263.730965,37.875779,1.7));
#16261 = VECTOR('',#16262,1.);
#16262 = DIRECTION('',(-0.995137697729,-9.849346454642E-02,0.));
#16263 = ORIENTED_EDGE('',*,*,#16264,.F.);
#16264 = EDGE_CURVE('',#4811,#16257,#16265,.T.);
#16265 = LINE('',#16266,#16267);
#16266 = CARTESIAN_POINT('',(263.716335,37.874331,0.));
#16267 = VECTOR('',#16268,1.);
#16268 = DIRECTION('',(0.,0.,1.));
#16269 = ORIENTED_EDGE('',*,*,#4810,.F.);
#16270 = PLANE('',#16271);
#16271 = AXIS2_PLACEMENT_3D('',#16272,#16273,#16274);
#16272 = CARTESIAN_POINT('',(263.730965,37.875779,0.));
#16273 = DIRECTION('',(9.849346454642E-02,-0.995137697729,0.));
#16274 = DIRECTION('',(-0.995137697729,-9.849346454642E-02,0.));
#16275 = ADVANCED_FACE('',(#16276),#16294,.F.);
#16276 = FACE_BOUND('',#16277,.F.);
#16277 = EDGE_LOOP('',(#16278,#16279,#16287,#16293));
#16278 = ORIENTED_EDGE('',*,*,#16264,.T.);
#16279 = ORIENTED_EDGE('',*,*,#16280,.T.);
#16280 = EDGE_CURVE('',#16257,#16281,#16283,.T.);
#16281 = VERTEX_POINT('',#16282);
#16282 = CARTESIAN_POINT('',(249.616337,37.874331,1.7));
#16283 = LINE('',#16284,#16285);
#16284 = CARTESIAN_POINT('',(263.716335,37.874331,1.7));
#16285 = VECTOR('',#16286,1.);
#16286 = DIRECTION('',(-1.,0.,0.));
#16287 = ORIENTED_EDGE('',*,*,#16288,.F.);
#16288 = EDGE_CURVE('',#4819,#16281,#16289,.T.);
#16289 = LINE('',#16290,#16291);
#16290 = CARTESIAN_POINT('',(249.616337,37.874331,0.));
#16291 = VECTOR('',#16292,1.);
#16292 = DIRECTION('',(0.,0.,1.));
#16293 = ORIENTED_EDGE('',*,*,#4818,.F.);
#16294 = PLANE('',#16295);
#16295 = AXIS2_PLACEMENT_3D('',#16296,#16297,#16298);
#16296 = CARTESIAN_POINT('',(263.716335,37.874331,0.));
#16297 = DIRECTION('',(0.,-1.,0.));
#16298 = DIRECTION('',(-1.,0.,0.));
#16299 = ADVANCED_FACE('',(#16300),#16318,.F.);
#16300 = FACE_BOUND('',#16301,.F.);
#16301 = EDGE_LOOP('',(#16302,#16303,#16311,#16317));
#16302 = ORIENTED_EDGE('',*,*,#16288,.T.);
#16303 = ORIENTED_EDGE('',*,*,#16304,.T.);
#16304 = EDGE_CURVE('',#16281,#16305,#16307,.T.);
#16305 = VERTEX_POINT('',#16306);
#16306 = CARTESIAN_POINT('',(249.601707,37.875779,1.7));
#16307 = LINE('',#16308,#16309);
#16308 = CARTESIAN_POINT('',(249.616337,37.874331,1.7));
#16309 = VECTOR('',#16310,1.);
#16310 = DIRECTION('',(-0.995137697729,9.849346454661E-02,0.));
#16311 = ORIENTED_EDGE('',*,*,#16312,.F.);
#16312 = EDGE_CURVE('',#4827,#16305,#16313,.T.);
#16313 = LINE('',#16314,#16315);
#16314 = CARTESIAN_POINT('',(249.601707,37.875779,0.));
#16315 = VECTOR('',#16316,1.);
#16316 = DIRECTION('',(0.,0.,1.));
#16317 = ORIENTED_EDGE('',*,*,#4826,.F.);
#16318 = PLANE('',#16319);
#16319 = AXIS2_PLACEMENT_3D('',#16320,#16321,#16322);
#16320 = CARTESIAN_POINT('',(249.616337,37.874331,0.));
#16321 = DIRECTION('',(-9.849346454661E-02,-0.995137697729,0.));
#16322 = DIRECTION('',(-0.995137697729,9.849346454661E-02,0.));
#16323 = ADVANCED_FACE('',(#16324),#16342,.F.);
#16324 = FACE_BOUND('',#16325,.F.);
#16325 = EDGE_LOOP('',(#16326,#16327,#16335,#16341));
#16326 = ORIENTED_EDGE('',*,*,#16312,.T.);
#16327 = ORIENTED_EDGE('',*,*,#16328,.T.);
#16328 = EDGE_CURVE('',#16305,#16329,#16331,.T.);
#16329 = VERTEX_POINT('',#16330);
#16330 = CARTESIAN_POINT('',(249.574656,37.886981,1.7));
#16331 = LINE('',#16332,#16333);
#16332 = CARTESIAN_POINT('',(249.601707,37.875779,1.7));
#16333 = VECTOR('',#16334,1.);
#16334 = DIRECTION('',(-0.923914439717,0.382599148043,0.));
#16335 = ORIENTED_EDGE('',*,*,#16336,.F.);
#16336 = EDGE_CURVE('',#4835,#16329,#16337,.T.);
#16337 = LINE('',#16338,#16339);
#16338 = CARTESIAN_POINT('',(249.574656,37.886981,0.));
#16339 = VECTOR('',#16340,1.);
#16340 = DIRECTION('',(0.,0.,1.));
#16341 = ORIENTED_EDGE('',*,*,#4834,.F.);
#16342 = PLANE('',#16343);
#16343 = AXIS2_PLACEMENT_3D('',#16344,#16345,#16346);
#16344 = CARTESIAN_POINT('',(249.601707,37.875779,0.));
#16345 = DIRECTION('',(-0.382599148043,-0.923914439717,0.));
#16346 = DIRECTION('',(-0.923914439717,0.382599148043,0.));
#16347 = ADVANCED_FACE('',(#16348),#16366,.F.);
#16348 = FACE_BOUND('',#16349,.F.);
#16349 = EDGE_LOOP('',(#16350,#16351,#16359,#16365));
#16350 = ORIENTED_EDGE('',*,*,#16336,.T.);
#16351 = ORIENTED_EDGE('',*,*,#16352,.T.);
#16352 = EDGE_CURVE('',#16329,#16353,#16355,.T.);
#16353 = VERTEX_POINT('',#16354);
#16354 = CARTESIAN_POINT('',(249.55398,37.907656,1.7));
#16355 = LINE('',#16356,#16357);
#16356 = CARTESIAN_POINT('',(249.574656,37.886981,1.7));
#16357 = VECTOR('',#16358,1.);
#16358 = DIRECTION('',(-0.707123881093,0.707089680867,0.));
#16359 = ORIENTED_EDGE('',*,*,#16360,.F.);
#16360 = EDGE_CURVE('',#4843,#16353,#16361,.T.);
#16361 = LINE('',#16362,#16363);
#16362 = CARTESIAN_POINT('',(249.55398,37.907656,0.));
#16363 = VECTOR('',#16364,1.);
#16364 = DIRECTION('',(0.,0.,1.));
#16365 = ORIENTED_EDGE('',*,*,#4842,.F.);
#16366 = PLANE('',#16367);
#16367 = AXIS2_PLACEMENT_3D('',#16368,#16369,#16370);
#16368 = CARTESIAN_POINT('',(249.574656,37.886981,0.));
#16369 = DIRECTION('',(-0.707089680867,-0.707123881093,0.));
#16370 = DIRECTION('',(-0.707123881093,0.707089680867,0.));
#16371 = ADVANCED_FACE('',(#16372),#16390,.F.);
#16372 = FACE_BOUND('',#16373,.F.);
#16373 = EDGE_LOOP('',(#16374,#16375,#16383,#16389));
#16374 = ORIENTED_EDGE('',*,*,#16360,.T.);
#16375 = ORIENTED_EDGE('',*,*,#16376,.T.);
#16376 = EDGE_CURVE('',#16353,#16377,#16379,.T.);
#16377 = VERTEX_POINT('',#16378);
#16378 = CARTESIAN_POINT('',(249.542779,37.934707,1.7));
#16379 = LINE('',#16380,#16381);
#16380 = CARTESIAN_POINT('',(249.55398,37.907656,1.7));
#16381 = VECTOR('',#16382,1.);
#16382 = DIRECTION('',(-0.382569992546,0.923926512664,0.));
#16383 = ORIENTED_EDGE('',*,*,#16384,.F.);
#16384 = EDGE_CURVE('',#4851,#16377,#16385,.T.);
#16385 = LINE('',#16386,#16387);
#16386 = CARTESIAN_POINT('',(249.542779,37.934707,0.));
#16387 = VECTOR('',#16388,1.);
#16388 = DIRECTION('',(0.,0.,1.));
#16389 = ORIENTED_EDGE('',*,*,#4850,.F.);
#16390 = PLANE('',#16391);
#16391 = AXIS2_PLACEMENT_3D('',#16392,#16393,#16394);
#16392 = CARTESIAN_POINT('',(249.55398,37.907656,0.));
#16393 = DIRECTION('',(-0.923926512664,-0.382569992546,0.));
#16394 = DIRECTION('',(-0.382569992546,0.923926512664,0.));
#16395 = ADVANCED_FACE('',(#16396),#16414,.F.);
#16396 = FACE_BOUND('',#16397,.F.);
#16397 = EDGE_LOOP('',(#16398,#16399,#16407,#16413));
#16398 = ORIENTED_EDGE('',*,*,#16384,.T.);
#16399 = ORIENTED_EDGE('',*,*,#16400,.T.);
#16400 = EDGE_CURVE('',#16377,#16401,#16403,.T.);
#16401 = VERTEX_POINT('',#16402);
#16402 = CARTESIAN_POINT('',(249.541331,37.949338,1.7));
#16403 = LINE('',#16404,#16405);
#16404 = CARTESIAN_POINT('',(249.542779,37.934707,1.7));
#16405 = VECTOR('',#16406,1.);
#16406 = DIRECTION('',(-9.848679800965E-02,0.995138357525,0.));
#16407 = ORIENTED_EDGE('',*,*,#16408,.F.);
#16408 = EDGE_CURVE('',#4859,#16401,#16409,.T.);
#16409 = LINE('',#16410,#16411);
#16410 = CARTESIAN_POINT('',(249.541331,37.949338,0.));
#16411 = VECTOR('',#16412,1.);
#16412 = DIRECTION('',(0.,0.,1.));
#16413 = ORIENTED_EDGE('',*,*,#4858,.F.);
#16414 = PLANE('',#16415);
#16415 = AXIS2_PLACEMENT_3D('',#16416,#16417,#16418);
#16416 = CARTESIAN_POINT('',(249.542779,37.934707,0.));
#16417 = DIRECTION('',(-0.995138357525,-9.848679800965E-02,0.));
#16418 = DIRECTION('',(-9.848679800965E-02,0.995138357525,0.));
#16419 = ADVANCED_FACE('',(#16420),#16438,.F.);
#16420 = FACE_BOUND('',#16421,.F.);
#16421 = EDGE_LOOP('',(#16422,#16423,#16431,#16437));
#16422 = ORIENTED_EDGE('',*,*,#16408,.T.);
#16423 = ORIENTED_EDGE('',*,*,#16424,.T.);
#16424 = EDGE_CURVE('',#16401,#16425,#16427,.T.);
#16425 = VERTEX_POINT('',#16426);
#16426 = CARTESIAN_POINT('',(249.541331,52.049335,1.7));
#16427 = LINE('',#16428,#16429);
#16428 = CARTESIAN_POINT('',(249.541331,37.949338,1.7));
#16429 = VECTOR('',#16430,1.);
#16430 = DIRECTION('',(0.,1.,0.));
#16431 = ORIENTED_EDGE('',*,*,#16432,.F.);
#16432 = EDGE_CURVE('',#4867,#16425,#16433,.T.);
#16433 = LINE('',#16434,#16435);
#16434 = CARTESIAN_POINT('',(249.541331,52.049335,0.));
#16435 = VECTOR('',#16436,1.);
#16436 = DIRECTION('',(0.,0.,1.));
#16437 = ORIENTED_EDGE('',*,*,#4866,.F.);
#16438 = PLANE('',#16439);
#16439 = AXIS2_PLACEMENT_3D('',#16440,#16441,#16442);
#16440 = CARTESIAN_POINT('',(249.541331,37.949338,0.));
#16441 = DIRECTION('',(-1.,0.,0.));
#16442 = DIRECTION('',(0.,1.,0.));
#16443 = ADVANCED_FACE('',(#16444),#16462,.F.);
#16444 = FACE_BOUND('',#16445,.F.);
#16445 = EDGE_LOOP('',(#16446,#16447,#16455,#16461));
#16446 = ORIENTED_EDGE('',*,*,#16432,.T.);
#16447 = ORIENTED_EDGE('',*,*,#16448,.T.);
#16448 = EDGE_CURVE('',#16425,#16449,#16451,.T.);
#16449 = VERTEX_POINT('',#16450);
#16450 = CARTESIAN_POINT('',(249.542779,52.063965,1.7));
#16451 = LINE('',#16452,#16453);
#16452 = CARTESIAN_POINT('',(249.541331,52.049335,1.7));
#16453 = VECTOR('',#16454,1.);
#16454 = DIRECTION('',(9.849346454503E-02,0.995137697729,0.));
#16455 = ORIENTED_EDGE('',*,*,#16456,.F.);
#16456 = EDGE_CURVE('',#4875,#16449,#16457,.T.);
#16457 = LINE('',#16458,#16459);
#16458 = CARTESIAN_POINT('',(249.542779,52.063965,0.));
#16459 = VECTOR('',#16460,1.);
#16460 = DIRECTION('',(0.,0.,1.));
#16461 = ORIENTED_EDGE('',*,*,#4874,.F.);
#16462 = PLANE('',#16463);
#16463 = AXIS2_PLACEMENT_3D('',#16464,#16465,#16466);
#16464 = CARTESIAN_POINT('',(249.541331,52.049335,0.));
#16465 = DIRECTION('',(-0.995137697729,9.849346454503E-02,0.));
#16466 = DIRECTION('',(9.849346454503E-02,0.995137697729,0.));
#16467 = ADVANCED_FACE('',(#16468),#16486,.F.);
#16468 = FACE_BOUND('',#16469,.F.);
#16469 = EDGE_LOOP('',(#16470,#16471,#16479,#16485));
#16470 = ORIENTED_EDGE('',*,*,#16456,.T.);
#16471 = ORIENTED_EDGE('',*,*,#16472,.T.);
#16472 = EDGE_CURVE('',#16449,#16473,#16475,.T.);
#16473 = VERTEX_POINT('',#16474);
#16474 = CARTESIAN_POINT('',(249.55398,52.091016,1.7));
#16475 = LINE('',#16476,#16477);
#16476 = CARTESIAN_POINT('',(249.542779,52.063965,1.7));
#16477 = VECTOR('',#16478,1.);
#16478 = DIRECTION('',(0.382569992546,0.923926512664,0.));
#16479 = ORIENTED_EDGE('',*,*,#16480,.F.);
#16480 = EDGE_CURVE('',#4883,#16473,#16481,.T.);
#16481 = LINE('',#16482,#16483);
#16482 = CARTESIAN_POINT('',(249.55398,52.091016,0.));
#16483 = VECTOR('',#16484,1.);
#16484 = DIRECTION('',(0.,0.,1.));
#16485 = ORIENTED_EDGE('',*,*,#4882,.F.);
#16486 = PLANE('',#16487);
#16487 = AXIS2_PLACEMENT_3D('',#16488,#16489,#16490);
#16488 = CARTESIAN_POINT('',(249.542779,52.063965,0.));
#16489 = DIRECTION('',(-0.923926512664,0.382569992546,0.));
#16490 = DIRECTION('',(0.382569992546,0.923926512664,0.));
#16491 = ADVANCED_FACE('',(#16492),#16510,.F.);
#16492 = FACE_BOUND('',#16493,.F.);
#16493 = EDGE_LOOP('',(#16494,#16495,#16503,#16509));
#16494 = ORIENTED_EDGE('',*,*,#16480,.T.);
#16495 = ORIENTED_EDGE('',*,*,#16496,.T.);
#16496 = EDGE_CURVE('',#16473,#16497,#16499,.T.);
#16497 = VERTEX_POINT('',#16498);
#16498 = CARTESIAN_POINT('',(249.574656,52.111692,1.7));
#16499 = LINE('',#16500,#16501);
#16500 = CARTESIAN_POINT('',(249.55398,52.091016,1.7));
#16501 = VECTOR('',#16502,1.);
#16502 = DIRECTION('',(0.707106781187,0.707106781186,0.));
#16503 = ORIENTED_EDGE('',*,*,#16504,.F.);
#16504 = EDGE_CURVE('',#4891,#16497,#16505,.T.);
#16505 = LINE('',#16506,#16507);
#16506 = CARTESIAN_POINT('',(249.574656,52.111692,0.));
#16507 = VECTOR('',#16508,1.);
#16508 = DIRECTION('',(0.,0.,1.));
#16509 = ORIENTED_EDGE('',*,*,#4890,.F.);
#16510 = PLANE('',#16511);
#16511 = AXIS2_PLACEMENT_3D('',#16512,#16513,#16514);
#16512 = CARTESIAN_POINT('',(249.55398,52.091016,0.));
#16513 = DIRECTION('',(-0.707106781186,0.707106781187,0.));
#16514 = DIRECTION('',(0.707106781187,0.707106781186,0.));
#16515 = ADVANCED_FACE('',(#16516),#16534,.F.);
#16516 = FACE_BOUND('',#16517,.F.);
#16517 = EDGE_LOOP('',(#16518,#16519,#16527,#16533));
#16518 = ORIENTED_EDGE('',*,*,#16504,.T.);
#16519 = ORIENTED_EDGE('',*,*,#16520,.T.);
#16520 = EDGE_CURVE('',#16497,#16521,#16523,.T.);
#16521 = VERTEX_POINT('',#16522);
#16522 = CARTESIAN_POINT('',(249.601707,52.122893,1.7));
#16523 = LINE('',#16524,#16525);
#16524 = CARTESIAN_POINT('',(249.574656,52.111692,1.7));
#16525 = VECTOR('',#16526,1.);
#16526 = DIRECTION('',(0.923926512664,0.382569992546,0.));
#16527 = ORIENTED_EDGE('',*,*,#16528,.F.);
#16528 = EDGE_CURVE('',#4899,#16521,#16529,.T.);
#16529 = LINE('',#16530,#16531);
#16530 = CARTESIAN_POINT('',(249.601707,52.122893,0.));
#16531 = VECTOR('',#16532,1.);
#16532 = DIRECTION('',(0.,0.,1.));
#16533 = ORIENTED_EDGE('',*,*,#4898,.F.);
#16534 = PLANE('',#16535);
#16535 = AXIS2_PLACEMENT_3D('',#16536,#16537,#16538);
#16536 = CARTESIAN_POINT('',(249.574656,52.111692,0.));
#16537 = DIRECTION('',(-0.382569992546,0.923926512664,0.));
#16538 = DIRECTION('',(0.923926512664,0.382569992546,0.));
#16539 = ADVANCED_FACE('',(#16540),#16558,.F.);
#16540 = FACE_BOUND('',#16541,.F.);
#16541 = EDGE_LOOP('',(#16542,#16543,#16551,#16557));
#16542 = ORIENTED_EDGE('',*,*,#16528,.T.);
#16543 = ORIENTED_EDGE('',*,*,#16544,.T.);
#16544 = EDGE_CURVE('',#16521,#16545,#16547,.T.);
#16545 = VERTEX_POINT('',#16546);
#16546 = CARTESIAN_POINT('',(249.616337,52.124341,1.7));
#16547 = LINE('',#16548,#16549);
#16548 = CARTESIAN_POINT('',(249.601707,52.122893,1.7));
#16549 = VECTOR('',#16550,1.);
#16550 = DIRECTION('',(0.995137697729,9.849346454661E-02,0.));
#16551 = ORIENTED_EDGE('',*,*,#16552,.F.);
#16552 = EDGE_CURVE('',#4907,#16545,#16553,.T.);
#16553 = LINE('',#16554,#16555);
#16554 = CARTESIAN_POINT('',(249.616337,52.124341,0.));
#16555 = VECTOR('',#16556,1.);
#16556 = DIRECTION('',(0.,0.,1.));
#16557 = ORIENTED_EDGE('',*,*,#4906,.F.);
#16558 = PLANE('',#16559);
#16559 = AXIS2_PLACEMENT_3D('',#16560,#16561,#16562);
#16560 = CARTESIAN_POINT('',(249.601707,52.122893,0.));
#16561 = DIRECTION('',(-9.849346454661E-02,0.995137697729,0.));
#16562 = DIRECTION('',(0.995137697729,9.849346454661E-02,0.));
#16563 = ADVANCED_FACE('',(#16564),#16582,.F.);
#16564 = FACE_BOUND('',#16565,.F.);
#16565 = EDGE_LOOP('',(#16566,#16567,#16575,#16581));
#16566 = ORIENTED_EDGE('',*,*,#16552,.T.);
#16567 = ORIENTED_EDGE('',*,*,#16568,.T.);
#16568 = EDGE_CURVE('',#16545,#16569,#16571,.T.);
#16569 = VERTEX_POINT('',#16570);
#16570 = CARTESIAN_POINT('',(263.716335,52.124341,1.7));
#16571 = LINE('',#16572,#16573);
#16572 = CARTESIAN_POINT('',(249.616337,52.124341,1.7));
#16573 = VECTOR('',#16574,1.);
#16574 = DIRECTION('',(1.,0.,0.));
#16575 = ORIENTED_EDGE('',*,*,#16576,.F.);
#16576 = EDGE_CURVE('',#4915,#16569,#16577,.T.);
#16577 = LINE('',#16578,#16579);
#16578 = CARTESIAN_POINT('',(263.716335,52.124341,0.));
#16579 = VECTOR('',#16580,1.);
#16580 = DIRECTION('',(0.,0.,1.));
#16581 = ORIENTED_EDGE('',*,*,#4914,.F.);
#16582 = PLANE('',#16583);
#16583 = AXIS2_PLACEMENT_3D('',#16584,#16585,#16586);
#16584 = CARTESIAN_POINT('',(249.616337,52.124341,0.));
#16585 = DIRECTION('',(0.,1.,0.));
#16586 = DIRECTION('',(1.,0.,0.));
#16587 = ADVANCED_FACE('',(#16588),#16599,.F.);
#16588 = FACE_BOUND('',#16589,.F.);
#16589 = EDGE_LOOP('',(#16590,#16591,#16597,#16598));
#16590 = ORIENTED_EDGE('',*,*,#16576,.T.);
#16591 = ORIENTED_EDGE('',*,*,#16592,.T.);
#16592 = EDGE_CURVE('',#16569,#16033,#16593,.T.);
#16593 = LINE('',#16594,#16595);
#16594 = CARTESIAN_POINT('',(263.716335,52.124341,1.7));
#16595 = VECTOR('',#16596,1.);
#16596 = DIRECTION('',(0.995137697729,-9.849346454642E-02,0.));
#16597 = ORIENTED_EDGE('',*,*,#16032,.F.);
#16598 = ORIENTED_EDGE('',*,*,#4922,.F.);
#16599 = PLANE('',#16600);
#16600 = AXIS2_PLACEMENT_3D('',#16601,#16602,#16603);
#16601 = CARTESIAN_POINT('',(263.716335,52.124341,0.));
#16602 = DIRECTION('',(9.849346454642E-02,0.995137697729,0.));
#16603 = DIRECTION('',(0.995137697729,-9.849346454642E-02,0.));
#16604 = ADVANCED_FACE('',(#16605),#16630,.F.);
#16605 = FACE_BOUND('',#16606,.F.);
#16606 = EDGE_LOOP('',(#16607,#16615,#16623,#16629));
#16607 = ORIENTED_EDGE('',*,*,#16608,.T.);
#16608 = EDGE_CURVE('',#4931,#16609,#16611,.T.);
#16609 = VERTEX_POINT('',#16610);
#16610 = CARTESIAN_POINT('',(228.012215,28.310393,1.7));
#16611 = LINE('',#16612,#16613);
#16612 = CARTESIAN_POINT('',(228.012215,28.310393,0.));
#16613 = VECTOR('',#16614,1.);
#16614 = DIRECTION('',(0.,0.,1.));
#16615 = ORIENTED_EDGE('',*,*,#16616,.T.);
#16616 = EDGE_CURVE('',#16609,#16617,#16619,.T.);
#16617 = VERTEX_POINT('',#16618);
#16618 = CARTESIAN_POINT('',(228.039266,28.299192,1.7));
#16619 = LINE('',#16620,#16621);
#16620 = CARTESIAN_POINT('',(228.012215,28.310393,1.7));
#16621 = VECTOR('',#16622,1.);
#16622 = DIRECTION('',(0.923926512664,-0.382569992546,0.));
#16623 = ORIENTED_EDGE('',*,*,#16624,.F.);
#16624 = EDGE_CURVE('',#4933,#16617,#16625,.T.);
#16625 = LINE('',#16626,#16627);
#16626 = CARTESIAN_POINT('',(228.039266,28.299192,0.));
#16627 = VECTOR('',#16628,1.);
#16628 = DIRECTION('',(0.,0.,1.));
#16629 = ORIENTED_EDGE('',*,*,#4930,.F.);
#16630 = PLANE('',#16631);
#16631 = AXIS2_PLACEMENT_3D('',#16632,#16633,#16634);
#16632 = CARTESIAN_POINT('',(228.012215,28.310393,0.));
#16633 = DIRECTION('',(0.382569992546,0.923926512664,0.));
#16634 = DIRECTION('',(0.923926512664,-0.382569992546,0.));
#16635 = ADVANCED_FACE('',(#16636),#16654,.F.);
#16636 = FACE_BOUND('',#16637,.F.);
#16637 = EDGE_LOOP('',(#16638,#16639,#16647,#16653));
#16638 = ORIENTED_EDGE('',*,*,#16624,.T.);
#16639 = ORIENTED_EDGE('',*,*,#16640,.T.);
#16640 = EDGE_CURVE('',#16617,#16641,#16643,.T.);
#16641 = VERTEX_POINT('',#16642);
#16642 = CARTESIAN_POINT('',(228.059942,28.278516,1.7));
#16643 = LINE('',#16644,#16645);
#16644 = CARTESIAN_POINT('',(228.039266,28.299192,1.7));
#16645 = VECTOR('',#16646,1.);
#16646 = DIRECTION('',(0.707106781187,-0.707106781186,0.));
#16647 = ORIENTED_EDGE('',*,*,#16648,.F.);
#16648 = EDGE_CURVE('',#4941,#16641,#16649,.T.);
#16649 = LINE('',#16650,#16651);
#16650 = CARTESIAN_POINT('',(228.059942,28.278516,0.));
#16651 = VECTOR('',#16652,1.);
#16652 = DIRECTION('',(0.,0.,1.));
#16653 = ORIENTED_EDGE('',*,*,#4940,.F.);
#16654 = PLANE('',#16655);
#16655 = AXIS2_PLACEMENT_3D('',#16656,#16657,#16658);
#16656 = CARTESIAN_POINT('',(228.039266,28.299192,0.));
#16657 = DIRECTION('',(0.707106781186,0.707106781187,0.));
#16658 = DIRECTION('',(0.707106781187,-0.707106781186,0.));
#16659 = ADVANCED_FACE('',(#16660),#16678,.F.);
#16660 = FACE_BOUND('',#16661,.F.);
#16661 = EDGE_LOOP('',(#16662,#16663,#16671,#16677));
#16662 = ORIENTED_EDGE('',*,*,#16648,.T.);
#16663 = ORIENTED_EDGE('',*,*,#16664,.T.);
#16664 = EDGE_CURVE('',#16641,#16665,#16667,.T.);
#16665 = VERTEX_POINT('',#16666);
#16666 = CARTESIAN_POINT('',(228.071143,28.251465,1.7));
#16667 = LINE('',#16668,#16669);
#16668 = CARTESIAN_POINT('',(228.059942,28.278516,1.7));
#16669 = VECTOR('',#16670,1.);
#16670 = DIRECTION('',(0.382569992546,-0.923926512664,0.));
#16671 = ORIENTED_EDGE('',*,*,#16672,.F.);
#16672 = EDGE_CURVE('',#4949,#16665,#16673,.T.);
#16673 = LINE('',#16674,#16675);
#16674 = CARTESIAN_POINT('',(228.071143,28.251465,0.));
#16675 = VECTOR('',#16676,1.);
#16676 = DIRECTION('',(0.,0.,1.));
#16677 = ORIENTED_EDGE('',*,*,#4948,.F.);
#16678 = PLANE('',#16679);
#16679 = AXIS2_PLACEMENT_3D('',#16680,#16681,#16682);
#16680 = CARTESIAN_POINT('',(228.059942,28.278516,0.));
#16681 = DIRECTION('',(0.923926512664,0.382569992546,0.));
#16682 = DIRECTION('',(0.382569992546,-0.923926512664,0.));
#16683 = ADVANCED_FACE('',(#16684),#16702,.F.);
#16684 = FACE_BOUND('',#16685,.F.);
#16685 = EDGE_LOOP('',(#16686,#16687,#16695,#16701));
#16686 = ORIENTED_EDGE('',*,*,#16672,.T.);
#16687 = ORIENTED_EDGE('',*,*,#16688,.T.);
#16688 = EDGE_CURVE('',#16665,#16689,#16691,.T.);
#16689 = VERTEX_POINT('',#16690);
#16690 = CARTESIAN_POINT('',(228.072591,28.236835,1.7));
#16691 = LINE('',#16692,#16693);
#16692 = CARTESIAN_POINT('',(228.071143,28.251465,1.7));
#16693 = VECTOR('',#16694,1.);
#16694 = DIRECTION('',(9.849346454506E-02,-0.995137697729,0.));
#16695 = ORIENTED_EDGE('',*,*,#16696,.F.);
#16696 = EDGE_CURVE('',#4957,#16689,#16697,.T.);
#16697 = LINE('',#16698,#16699);
#16698 = CARTESIAN_POINT('',(228.072591,28.236835,0.));
#16699 = VECTOR('',#16700,1.);
#16700 = DIRECTION('',(0.,0.,1.));
#16701 = ORIENTED_EDGE('',*,*,#4956,.F.);
#16702 = PLANE('',#16703);
#16703 = AXIS2_PLACEMENT_3D('',#16704,#16705,#16706);
#16704 = CARTESIAN_POINT('',(228.071143,28.251465,0.));
#16705 = DIRECTION('',(0.995137697729,9.849346454506E-02,0.));
#16706 = DIRECTION('',(9.849346454506E-02,-0.995137697729,0.));
#16707 = ADVANCED_FACE('',(#16708),#16726,.F.);
#16708 = FACE_BOUND('',#16709,.F.);
#16709 = EDGE_LOOP('',(#16710,#16711,#16719,#16725));
#16710 = ORIENTED_EDGE('',*,*,#16696,.T.);
#16711 = ORIENTED_EDGE('',*,*,#16712,.T.);
#16712 = EDGE_CURVE('',#16689,#16713,#16715,.T.);
#16713 = VERTEX_POINT('',#16714);
#16714 = CARTESIAN_POINT('',(228.072591,14.136838,1.7));
#16715 = LINE('',#16716,#16717);
#16716 = CARTESIAN_POINT('',(228.072591,28.236835,1.7));
#16717 = VECTOR('',#16718,1.);
#16718 = DIRECTION('',(0.,-1.,0.));
#16719 = ORIENTED_EDGE('',*,*,#16720,.F.);
#16720 = EDGE_CURVE('',#4965,#16713,#16721,.T.);
#16721 = LINE('',#16722,#16723);
#16722 = CARTESIAN_POINT('',(228.072591,14.136838,0.));
#16723 = VECTOR('',#16724,1.);
#16724 = DIRECTION('',(0.,0.,1.));
#16725 = ORIENTED_EDGE('',*,*,#4964,.F.);
#16726 = PLANE('',#16727);
#16727 = AXIS2_PLACEMENT_3D('',#16728,#16729,#16730);
#16728 = CARTESIAN_POINT('',(228.072591,28.236835,0.));
#16729 = DIRECTION('',(1.,0.,0.));
#16730 = DIRECTION('',(0.,-1.,0.));
#16731 = ADVANCED_FACE('',(#16732),#16750,.F.);
#16732 = FACE_BOUND('',#16733,.F.);
#16733 = EDGE_LOOP('',(#16734,#16735,#16743,#16749));
#16734 = ORIENTED_EDGE('',*,*,#16720,.T.);
#16735 = ORIENTED_EDGE('',*,*,#16736,.T.);
#16736 = EDGE_CURVE('',#16713,#16737,#16739,.T.);
#16737 = VERTEX_POINT('',#16738);
#16738 = CARTESIAN_POINT('',(228.071143,14.122207,1.7));
#16739 = LINE('',#16740,#16741);
#16740 = CARTESIAN_POINT('',(228.072591,14.136838,1.7));
#16741 = VECTOR('',#16742,1.);
#16742 = DIRECTION('',(-9.848679800961E-02,-0.995138357525,0.));
#16743 = ORIENTED_EDGE('',*,*,#16744,.F.);
#16744 = EDGE_CURVE('',#4973,#16737,#16745,.T.);
#16745 = LINE('',#16746,#16747);
#16746 = CARTESIAN_POINT('',(228.071143,14.122207,0.));
#16747 = VECTOR('',#16748,1.);
#16748 = DIRECTION('',(0.,0.,1.));
#16749 = ORIENTED_EDGE('',*,*,#4972,.F.);
#16750 = PLANE('',#16751);
#16751 = AXIS2_PLACEMENT_3D('',#16752,#16753,#16754);
#16752 = CARTESIAN_POINT('',(228.072591,14.136838,0.));
#16753 = DIRECTION('',(0.995138357525,-9.848679800961E-02,0.));
#16754 = DIRECTION('',(-9.848679800961E-02,-0.995138357525,0.));
#16755 = ADVANCED_FACE('',(#16756),#16774,.F.);
#16756 = FACE_BOUND('',#16757,.F.);
#16757 = EDGE_LOOP('',(#16758,#16759,#16767,#16773));
#16758 = ORIENTED_EDGE('',*,*,#16744,.T.);
#16759 = ORIENTED_EDGE('',*,*,#16760,.T.);
#16760 = EDGE_CURVE('',#16737,#16761,#16763,.T.);
#16761 = VERTEX_POINT('',#16762);
#16762 = CARTESIAN_POINT('',(228.059942,14.095156,1.7));
#16763 = LINE('',#16764,#16765);
#16764 = CARTESIAN_POINT('',(228.071143,14.122207,1.7));
#16765 = VECTOR('',#16766,1.);
#16766 = DIRECTION('',(-0.382569992546,-0.923926512664,0.));
#16767 = ORIENTED_EDGE('',*,*,#16768,.F.);
#16768 = EDGE_CURVE('',#4981,#16761,#16769,.T.);
#16769 = LINE('',#16770,#16771);
#16770 = CARTESIAN_POINT('',(228.059942,14.095156,0.));
#16771 = VECTOR('',#16772,1.);
#16772 = DIRECTION('',(0.,0.,1.));
#16773 = ORIENTED_EDGE('',*,*,#4980,.F.);
#16774 = PLANE('',#16775);
#16775 = AXIS2_PLACEMENT_3D('',#16776,#16777,#16778);
#16776 = CARTESIAN_POINT('',(228.071143,14.122207,0.));
#16777 = DIRECTION('',(0.923926512664,-0.382569992546,0.));
#16778 = DIRECTION('',(-0.382569992546,-0.923926512664,0.));
#16779 = ADVANCED_FACE('',(#16780),#16798,.F.);
#16780 = FACE_BOUND('',#16781,.F.);
#16781 = EDGE_LOOP('',(#16782,#16783,#16791,#16797));
#16782 = ORIENTED_EDGE('',*,*,#16768,.T.);
#16783 = ORIENTED_EDGE('',*,*,#16784,.T.);
#16784 = EDGE_CURVE('',#16761,#16785,#16787,.T.);
#16785 = VERTEX_POINT('',#16786);
#16786 = CARTESIAN_POINT('',(228.039266,14.074481,1.7));
#16787 = LINE('',#16788,#16789);
#16788 = CARTESIAN_POINT('',(228.059942,14.095156,1.7));
#16789 = VECTOR('',#16790,1.);
#16790 = DIRECTION('',(-0.707123881093,-0.707089680866,0.));
#16791 = ORIENTED_EDGE('',*,*,#16792,.F.);
#16792 = EDGE_CURVE('',#4989,#16785,#16793,.T.);
#16793 = LINE('',#16794,#16795);
#16794 = CARTESIAN_POINT('',(228.039266,14.074481,0.));
#16795 = VECTOR('',#16796,1.);
#16796 = DIRECTION('',(0.,0.,1.));
#16797 = ORIENTED_EDGE('',*,*,#4988,.F.);
#16798 = PLANE('',#16799);
#16799 = AXIS2_PLACEMENT_3D('',#16800,#16801,#16802);
#16800 = CARTESIAN_POINT('',(228.059942,14.095156,0.));
#16801 = DIRECTION('',(0.707089680866,-0.707123881093,0.));
#16802 = DIRECTION('',(-0.707123881093,-0.707089680866,0.));
#16803 = ADVANCED_FACE('',(#16804),#16822,.F.);
#16804 = FACE_BOUND('',#16805,.F.);
#16805 = EDGE_LOOP('',(#16806,#16807,#16815,#16821));
#16806 = ORIENTED_EDGE('',*,*,#16792,.T.);
#16807 = ORIENTED_EDGE('',*,*,#16808,.T.);
#16808 = EDGE_CURVE('',#16785,#16809,#16811,.T.);
#16809 = VERTEX_POINT('',#16810);
#16810 = CARTESIAN_POINT('',(228.012215,14.063279,1.7));
#16811 = LINE('',#16812,#16813);
#16812 = CARTESIAN_POINT('',(228.039266,14.074481,1.7));
#16813 = VECTOR('',#16814,1.);
#16814 = DIRECTION('',(-0.923914439717,-0.382599148043,0.));
#16815 = ORIENTED_EDGE('',*,*,#16816,.F.);
#16816 = EDGE_CURVE('',#4997,#16809,#16817,.T.);
#16817 = LINE('',#16818,#16819);
#16818 = CARTESIAN_POINT('',(228.012215,14.063279,0.));
#16819 = VECTOR('',#16820,1.);
#16820 = DIRECTION('',(0.,0.,1.));
#16821 = ORIENTED_EDGE('',*,*,#4996,.F.);
#16822 = PLANE('',#16823);
#16823 = AXIS2_PLACEMENT_3D('',#16824,#16825,#16826);
#16824 = CARTESIAN_POINT('',(228.039266,14.074481,0.));
#16825 = DIRECTION('',(0.382599148043,-0.923914439717,0.));
#16826 = DIRECTION('',(-0.923914439717,-0.382599148043,0.));
#16827 = ADVANCED_FACE('',(#16828),#16846,.F.);
#16828 = FACE_BOUND('',#16829,.F.);
#16829 = EDGE_LOOP('',(#16830,#16831,#16839,#16845));
#16830 = ORIENTED_EDGE('',*,*,#16816,.T.);
#16831 = ORIENTED_EDGE('',*,*,#16832,.T.);
#16832 = EDGE_CURVE('',#16809,#16833,#16835,.T.);
#16833 = VERTEX_POINT('',#16834);
#16834 = CARTESIAN_POINT('',(227.997585,14.061831,1.7));
#16835 = LINE('',#16836,#16837);
#16836 = CARTESIAN_POINT('',(228.012215,14.063279,1.7));
#16837 = VECTOR('',#16838,1.);
#16838 = DIRECTION('',(-0.995137697729,-9.849346454618E-02,0.));
#16839 = ORIENTED_EDGE('',*,*,#16840,.F.);
#16840 = EDGE_CURVE('',#5005,#16833,#16841,.T.);
#16841 = LINE('',#16842,#16843);
#16842 = CARTESIAN_POINT('',(227.997585,14.061831,0.));
#16843 = VECTOR('',#16844,1.);
#16844 = DIRECTION('',(0.,0.,1.));
#16845 = ORIENTED_EDGE('',*,*,#5004,.F.);
#16846 = PLANE('',#16847);
#16847 = AXIS2_PLACEMENT_3D('',#16848,#16849,#16850);
#16848 = CARTESIAN_POINT('',(228.012215,14.063279,0.));
#16849 = DIRECTION('',(9.849346454618E-02,-0.995137697729,0.));
#16850 = DIRECTION('',(-0.995137697729,-9.849346454618E-02,0.));
#16851 = ADVANCED_FACE('',(#16852),#16870,.F.);
#16852 = FACE_BOUND('',#16853,.F.);
#16853 = EDGE_LOOP('',(#16854,#16855,#16863,#16869));
#16854 = ORIENTED_EDGE('',*,*,#16840,.T.);
#16855 = ORIENTED_EDGE('',*,*,#16856,.T.);
#16856 = EDGE_CURVE('',#16833,#16857,#16859,.T.);
#16857 = VERTEX_POINT('',#16858);
#16858 = CARTESIAN_POINT('',(213.897587,14.061831,1.7));
#16859 = LINE('',#16860,#16861);
#16860 = CARTESIAN_POINT('',(227.997585,14.061831,1.7));
#16861 = VECTOR('',#16862,1.);
#16862 = DIRECTION('',(-1.,0.,0.));
#16863 = ORIENTED_EDGE('',*,*,#16864,.F.);
#16864 = EDGE_CURVE('',#5013,#16857,#16865,.T.);
#16865 = LINE('',#16866,#16867);
#16866 = CARTESIAN_POINT('',(213.897587,14.061831,0.));
#16867 = VECTOR('',#16868,1.);
#16868 = DIRECTION('',(0.,0.,1.));
#16869 = ORIENTED_EDGE('',*,*,#5012,.F.);
#16870 = PLANE('',#16871);
#16871 = AXIS2_PLACEMENT_3D('',#16872,#16873,#16874);
#16872 = CARTESIAN_POINT('',(227.997585,14.061831,0.));
#16873 = DIRECTION('',(0.,-1.,0.));
#16874 = DIRECTION('',(-1.,0.,0.));
#16875 = ADVANCED_FACE('',(#16876),#16894,.F.);
#16876 = FACE_BOUND('',#16877,.F.);
#16877 = EDGE_LOOP('',(#16878,#16879,#16887,#16893));
#16878 = ORIENTED_EDGE('',*,*,#16864,.T.);
#16879 = ORIENTED_EDGE('',*,*,#16880,.T.);
#16880 = EDGE_CURVE('',#16857,#16881,#16883,.T.);
#16881 = VERTEX_POINT('',#16882);
#16882 = CARTESIAN_POINT('',(213.882957,14.063279,1.7));
#16883 = LINE('',#16884,#16885);
#16884 = CARTESIAN_POINT('',(213.897587,14.061831,1.7));
#16885 = VECTOR('',#16886,1.);
#16886 = DIRECTION('',(-0.995137697729,9.849346454637E-02,0.));
#16887 = ORIENTED_EDGE('',*,*,#16888,.F.);
#16888 = EDGE_CURVE('',#5021,#16881,#16889,.T.);
#16889 = LINE('',#16890,#16891);
#16890 = CARTESIAN_POINT('',(213.882957,14.063279,0.));
#16891 = VECTOR('',#16892,1.);
#16892 = DIRECTION('',(0.,0.,1.));
#16893 = ORIENTED_EDGE('',*,*,#5020,.F.);
#16894 = PLANE('',#16895);
#16895 = AXIS2_PLACEMENT_3D('',#16896,#16897,#16898);
#16896 = CARTESIAN_POINT('',(213.897587,14.061831,0.));
#16897 = DIRECTION('',(-9.849346454637E-02,-0.995137697729,0.));
#16898 = DIRECTION('',(-0.995137697729,9.849346454637E-02,0.));
#16899 = ADVANCED_FACE('',(#16900),#16918,.F.);
#16900 = FACE_BOUND('',#16901,.F.);
#16901 = EDGE_LOOP('',(#16902,#16903,#16911,#16917));
#16902 = ORIENTED_EDGE('',*,*,#16888,.T.);
#16903 = ORIENTED_EDGE('',*,*,#16904,.T.);
#16904 = EDGE_CURVE('',#16881,#16905,#16907,.T.);
#16905 = VERTEX_POINT('',#16906);
#16906 = CARTESIAN_POINT('',(213.855906,14.074481,1.7));
#16907 = LINE('',#16908,#16909);
#16908 = CARTESIAN_POINT('',(213.882957,14.063279,1.7));
#16909 = VECTOR('',#16910,1.);
#16910 = DIRECTION('',(-0.923914439717,0.382599148043,0.));
#16911 = ORIENTED_EDGE('',*,*,#16912,.F.);
#16912 = EDGE_CURVE('',#5029,#16905,#16913,.T.);
#16913 = LINE('',#16914,#16915);
#16914 = CARTESIAN_POINT('',(213.855906,14.074481,0.));
#16915 = VECTOR('',#16916,1.);
#16916 = DIRECTION('',(0.,0.,1.));
#16917 = ORIENTED_EDGE('',*,*,#5028,.F.);
#16918 = PLANE('',#16919);
#16919 = AXIS2_PLACEMENT_3D('',#16920,#16921,#16922);
#16920 = CARTESIAN_POINT('',(213.882957,14.063279,0.));
#16921 = DIRECTION('',(-0.382599148043,-0.923914439717,0.));
#16922 = DIRECTION('',(-0.923914439717,0.382599148043,0.));
#16923 = ADVANCED_FACE('',(#16924),#16942,.F.);
#16924 = FACE_BOUND('',#16925,.F.);
#16925 = EDGE_LOOP('',(#16926,#16927,#16935,#16941));
#16926 = ORIENTED_EDGE('',*,*,#16912,.T.);
#16927 = ORIENTED_EDGE('',*,*,#16928,.T.);
#16928 = EDGE_CURVE('',#16905,#16929,#16931,.T.);
#16929 = VERTEX_POINT('',#16930);
#16930 = CARTESIAN_POINT('',(213.83523,14.095156,1.7));
#16931 = LINE('',#16932,#16933);
#16932 = CARTESIAN_POINT('',(213.855906,14.074481,1.7));
#16933 = VECTOR('',#16934,1.);
#16934 = DIRECTION('',(-0.707123881093,0.707089680866,0.));
#16935 = ORIENTED_EDGE('',*,*,#16936,.F.);
#16936 = EDGE_CURVE('',#5037,#16929,#16937,.T.);
#16937 = LINE('',#16938,#16939);
#16938 = CARTESIAN_POINT('',(213.83523,14.095156,0.));
#16939 = VECTOR('',#16940,1.);
#16940 = DIRECTION('',(0.,0.,1.));
#16941 = ORIENTED_EDGE('',*,*,#5036,.F.);
#16942 = PLANE('',#16943);
#16943 = AXIS2_PLACEMENT_3D('',#16944,#16945,#16946);
#16944 = CARTESIAN_POINT('',(213.855906,14.074481,0.));
#16945 = DIRECTION('',(-0.707089680866,-0.707123881093,0.));
#16946 = DIRECTION('',(-0.707123881093,0.707089680866,0.));
#16947 = ADVANCED_FACE('',(#16948),#16966,.F.);
#16948 = FACE_BOUND('',#16949,.F.);
#16949 = EDGE_LOOP('',(#16950,#16951,#16959,#16965));
#16950 = ORIENTED_EDGE('',*,*,#16936,.T.);
#16951 = ORIENTED_EDGE('',*,*,#16952,.T.);
#16952 = EDGE_CURVE('',#16929,#16953,#16955,.T.);
#16953 = VERTEX_POINT('',#16954);
#16954 = CARTESIAN_POINT('',(213.824029,14.122207,1.7));
#16955 = LINE('',#16956,#16957);
#16956 = CARTESIAN_POINT('',(213.83523,14.095156,1.7));
#16957 = VECTOR('',#16958,1.);
#16958 = DIRECTION('',(-0.382569992546,0.923926512664,0.));
#16959 = ORIENTED_EDGE('',*,*,#16960,.F.);
#16960 = EDGE_CURVE('',#5045,#16953,#16961,.T.);
#16961 = LINE('',#16962,#16963);
#16962 = CARTESIAN_POINT('',(213.824029,14.122207,0.));
#16963 = VECTOR('',#16964,1.);
#16964 = DIRECTION('',(0.,0.,1.));
#16965 = ORIENTED_EDGE('',*,*,#5044,.F.);
#16966 = PLANE('',#16967);
#16967 = AXIS2_PLACEMENT_3D('',#16968,#16969,#16970);
#16968 = CARTESIAN_POINT('',(213.83523,14.095156,0.));
#16969 = DIRECTION('',(-0.923926512664,-0.382569992546,0.));
#16970 = DIRECTION('',(-0.382569992546,0.923926512664,0.));
#16971 = ADVANCED_FACE('',(#16972),#16990,.F.);
#16972 = FACE_BOUND('',#16973,.F.);
#16973 = EDGE_LOOP('',(#16974,#16975,#16983,#16989));
#16974 = ORIENTED_EDGE('',*,*,#16960,.T.);
#16975 = ORIENTED_EDGE('',*,*,#16976,.T.);
#16976 = EDGE_CURVE('',#16953,#16977,#16979,.T.);
#16977 = VERTEX_POINT('',#16978);
#16978 = CARTESIAN_POINT('',(213.822581,14.136838,1.7));
#16979 = LINE('',#16980,#16981);
#16980 = CARTESIAN_POINT('',(213.824029,14.122207,1.7));
#16981 = VECTOR('',#16982,1.);
#16982 = DIRECTION('',(-9.848679800961E-02,0.995138357525,0.));
#16983 = ORIENTED_EDGE('',*,*,#16984,.F.);
#16984 = EDGE_CURVE('',#5053,#16977,#16985,.T.);
#16985 = LINE('',#16986,#16987);
#16986 = CARTESIAN_POINT('',(213.822581,14.136838,0.));
#16987 = VECTOR('',#16988,1.);
#16988 = DIRECTION('',(0.,0.,1.));
#16989 = ORIENTED_EDGE('',*,*,#5052,.F.);
#16990 = PLANE('',#16991);
#16991 = AXIS2_PLACEMENT_3D('',#16992,#16993,#16994);
#16992 = CARTESIAN_POINT('',(213.824029,14.122207,0.));
#16993 = DIRECTION('',(-0.995138357525,-9.848679800961E-02,0.));
#16994 = DIRECTION('',(-9.848679800961E-02,0.995138357525,0.));
#16995 = ADVANCED_FACE('',(#16996),#17014,.F.);
#16996 = FACE_BOUND('',#16997,.F.);
#16997 = EDGE_LOOP('',(#16998,#16999,#17007,#17013));
#16998 = ORIENTED_EDGE('',*,*,#16984,.T.);
#16999 = ORIENTED_EDGE('',*,*,#17000,.T.);
#17000 = EDGE_CURVE('',#16977,#17001,#17003,.T.);
#17001 = VERTEX_POINT('',#17002);
#17002 = CARTESIAN_POINT('',(213.822581,28.236835,1.7));
#17003 = LINE('',#17004,#17005);
#17004 = CARTESIAN_POINT('',(213.822581,14.136838,1.7));
#17005 = VECTOR('',#17006,1.);
#17006 = DIRECTION('',(0.,1.,0.));
#17007 = ORIENTED_EDGE('',*,*,#17008,.F.);
#17008 = EDGE_CURVE('',#5061,#17001,#17009,.T.);
#17009 = LINE('',#17010,#17011);
#17010 = CARTESIAN_POINT('',(213.822581,28.236835,0.));
#17011 = VECTOR('',#17012,1.);
#17012 = DIRECTION('',(0.,0.,1.));
#17013 = ORIENTED_EDGE('',*,*,#5060,.F.);
#17014 = PLANE('',#17015);
#17015 = AXIS2_PLACEMENT_3D('',#17016,#17017,#17018);
#17016 = CARTESIAN_POINT('',(213.822581,14.136838,0.));
#17017 = DIRECTION('',(-1.,0.,0.));
#17018 = DIRECTION('',(0.,1.,0.));
#17019 = ADVANCED_FACE('',(#17020),#17038,.F.);
#17020 = FACE_BOUND('',#17021,.F.);
#17021 = EDGE_LOOP('',(#17022,#17023,#17031,#17037));
#17022 = ORIENTED_EDGE('',*,*,#17008,.T.);
#17023 = ORIENTED_EDGE('',*,*,#17024,.T.);
#17024 = EDGE_CURVE('',#17001,#17025,#17027,.T.);
#17025 = VERTEX_POINT('',#17026);
#17026 = CARTESIAN_POINT('',(213.824029,28.251465,1.7));
#17027 = LINE('',#17028,#17029);
#17028 = CARTESIAN_POINT('',(213.822581,28.236835,1.7));
#17029 = VECTOR('',#17030,1.);
#17030 = DIRECTION('',(9.849346454506E-02,0.995137697729,0.));
#17031 = ORIENTED_EDGE('',*,*,#17032,.F.);
#17032 = EDGE_CURVE('',#5069,#17025,#17033,.T.);
#17033 = LINE('',#17034,#17035);
#17034 = CARTESIAN_POINT('',(213.824029,28.251465,0.));
#17035 = VECTOR('',#17036,1.);
#17036 = DIRECTION('',(0.,0.,1.));
#17037 = ORIENTED_EDGE('',*,*,#5068,.F.);
#17038 = PLANE('',#17039);
#17039 = AXIS2_PLACEMENT_3D('',#17040,#17041,#17042);
#17040 = CARTESIAN_POINT('',(213.822581,28.236835,0.));
#17041 = DIRECTION('',(-0.995137697729,9.849346454506E-02,0.));
#17042 = DIRECTION('',(9.849346454506E-02,0.995137697729,0.));
#17043 = ADVANCED_FACE('',(#17044),#17062,.F.);
#17044 = FACE_BOUND('',#17045,.F.);
#17045 = EDGE_LOOP('',(#17046,#17047,#17055,#17061));
#17046 = ORIENTED_EDGE('',*,*,#17032,.T.);
#17047 = ORIENTED_EDGE('',*,*,#17048,.T.);
#17048 = EDGE_CURVE('',#17025,#17049,#17051,.T.);
#17049 = VERTEX_POINT('',#17050);
#17050 = CARTESIAN_POINT('',(213.83523,28.278516,1.7));
#17051 = LINE('',#17052,#17053);
#17052 = CARTESIAN_POINT('',(213.824029,28.251465,1.7));
#17053 = VECTOR('',#17054,1.);
#17054 = DIRECTION('',(0.382569992546,0.923926512664,0.));
#17055 = ORIENTED_EDGE('',*,*,#17056,.F.);
#17056 = EDGE_CURVE('',#5077,#17049,#17057,.T.);
#17057 = LINE('',#17058,#17059);
#17058 = CARTESIAN_POINT('',(213.83523,28.278516,0.));
#17059 = VECTOR('',#17060,1.);
#17060 = DIRECTION('',(0.,0.,1.));
#17061 = ORIENTED_EDGE('',*,*,#5076,.F.);
#17062 = PLANE('',#17063);
#17063 = AXIS2_PLACEMENT_3D('',#17064,#17065,#17066);
#17064 = CARTESIAN_POINT('',(213.824029,28.251465,0.));
#17065 = DIRECTION('',(-0.923926512664,0.382569992546,0.));
#17066 = DIRECTION('',(0.382569992546,0.923926512664,0.));
#17067 = ADVANCED_FACE('',(#17068),#17086,.F.);
#17068 = FACE_BOUND('',#17069,.F.);
#17069 = EDGE_LOOP('',(#17070,#17071,#17079,#17085));
#17070 = ORIENTED_EDGE('',*,*,#17056,.T.);
#17071 = ORIENTED_EDGE('',*,*,#17072,.T.);
#17072 = EDGE_CURVE('',#17049,#17073,#17075,.T.);
#17073 = VERTEX_POINT('',#17074);
#17074 = CARTESIAN_POINT('',(213.855906,28.299192,1.7));
#17075 = LINE('',#17076,#17077);
#17076 = CARTESIAN_POINT('',(213.83523,28.278516,1.7));
#17077 = VECTOR('',#17078,1.);
#17078 = DIRECTION('',(0.707106781187,0.707106781186,0.));
#17079 = ORIENTED_EDGE('',*,*,#17080,.F.);
#17080 = EDGE_CURVE('',#5085,#17073,#17081,.T.);
#17081 = LINE('',#17082,#17083);
#17082 = CARTESIAN_POINT('',(213.855906,28.299192,0.));
#17083 = VECTOR('',#17084,1.);
#17084 = DIRECTION('',(0.,0.,1.));
#17085 = ORIENTED_EDGE('',*,*,#5084,.F.);
#17086 = PLANE('',#17087);
#17087 = AXIS2_PLACEMENT_3D('',#17088,#17089,#17090);
#17088 = CARTESIAN_POINT('',(213.83523,28.278516,0.));
#17089 = DIRECTION('',(-0.707106781186,0.707106781187,0.));
#17090 = DIRECTION('',(0.707106781187,0.707106781186,0.));
#17091 = ADVANCED_FACE('',(#17092),#17110,.F.);
#17092 = FACE_BOUND('',#17093,.F.);
#17093 = EDGE_LOOP('',(#17094,#17095,#17103,#17109));
#17094 = ORIENTED_EDGE('',*,*,#17080,.T.);
#17095 = ORIENTED_EDGE('',*,*,#17096,.T.);
#17096 = EDGE_CURVE('',#17073,#17097,#17099,.T.);
#17097 = VERTEX_POINT('',#17098);
#17098 = CARTESIAN_POINT('',(213.882957,28.310393,1.7));
#17099 = LINE('',#17100,#17101);
#17100 = CARTESIAN_POINT('',(213.855906,28.299192,1.7));
#17101 = VECTOR('',#17102,1.);
#17102 = DIRECTION('',(0.923926512664,0.382569992546,0.));
#17103 = ORIENTED_EDGE('',*,*,#17104,.F.);
#17104 = EDGE_CURVE('',#5093,#17097,#17105,.T.);
#17105 = LINE('',#17106,#17107);
#17106 = CARTESIAN_POINT('',(213.882957,28.310393,0.));
#17107 = VECTOR('',#17108,1.);
#17108 = DIRECTION('',(0.,0.,1.));
#17109 = ORIENTED_EDGE('',*,*,#5092,.F.);
#17110 = PLANE('',#17111);
#17111 = AXIS2_PLACEMENT_3D('',#17112,#17113,#17114);
#17112 = CARTESIAN_POINT('',(213.855906,28.299192,0.));
#17113 = DIRECTION('',(-0.382569992546,0.923926512664,0.));
#17114 = DIRECTION('',(0.923926512664,0.382569992546,0.));
#17115 = ADVANCED_FACE('',(#17116),#17134,.F.);
#17116 = FACE_BOUND('',#17117,.F.);
#17117 = EDGE_LOOP('',(#17118,#17119,#17127,#17133));
#17118 = ORIENTED_EDGE('',*,*,#17104,.T.);
#17119 = ORIENTED_EDGE('',*,*,#17120,.T.);
#17120 = EDGE_CURVE('',#17097,#17121,#17123,.T.);
#17121 = VERTEX_POINT('',#17122);
#17122 = CARTESIAN_POINT('',(213.897587,28.311841,1.7));
#17123 = LINE('',#17124,#17125);
#17124 = CARTESIAN_POINT('',(213.882957,28.310393,1.7));
#17125 = VECTOR('',#17126,1.);
#17126 = DIRECTION('',(0.995137697729,9.849346454637E-02,0.));
#17127 = ORIENTED_EDGE('',*,*,#17128,.F.);
#17128 = EDGE_CURVE('',#5101,#17121,#17129,.T.);
#17129 = LINE('',#17130,#17131);
#17130 = CARTESIAN_POINT('',(213.897587,28.311841,0.));
#17131 = VECTOR('',#17132,1.);
#17132 = DIRECTION('',(0.,0.,1.));
#17133 = ORIENTED_EDGE('',*,*,#5100,.F.);
#17134 = PLANE('',#17135);
#17135 = AXIS2_PLACEMENT_3D('',#17136,#17137,#17138);
#17136 = CARTESIAN_POINT('',(213.882957,28.310393,0.));
#17137 = DIRECTION('',(-9.849346454637E-02,0.995137697729,0.));
#17138 = DIRECTION('',(0.995137697729,9.849346454637E-02,0.));
#17139 = ADVANCED_FACE('',(#17140),#17158,.F.);
#17140 = FACE_BOUND('',#17141,.F.);
#17141 = EDGE_LOOP('',(#17142,#17143,#17151,#17157));
#17142 = ORIENTED_EDGE('',*,*,#17128,.T.);
#17143 = ORIENTED_EDGE('',*,*,#17144,.T.);
#17144 = EDGE_CURVE('',#17121,#17145,#17147,.T.);
#17145 = VERTEX_POINT('',#17146);
#17146 = CARTESIAN_POINT('',(227.997585,28.311841,1.7));
#17147 = LINE('',#17148,#17149);
#17148 = CARTESIAN_POINT('',(213.897587,28.311841,1.7));
#17149 = VECTOR('',#17150,1.);
#17150 = DIRECTION('',(1.,0.,0.));
#17151 = ORIENTED_EDGE('',*,*,#17152,.F.);
#17152 = EDGE_CURVE('',#5109,#17145,#17153,.T.);
#17153 = LINE('',#17154,#17155);
#17154 = CARTESIAN_POINT('',(227.997585,28.311841,0.));
#17155 = VECTOR('',#17156,1.);
#17156 = DIRECTION('',(0.,0.,1.));
#17157 = ORIENTED_EDGE('',*,*,#5108,.F.);
#17158 = PLANE('',#17159);
#17159 = AXIS2_PLACEMENT_3D('',#17160,#17161,#17162);
#17160 = CARTESIAN_POINT('',(213.897587,28.311841,0.));
#17161 = DIRECTION('',(0.,1.,0.));
#17162 = DIRECTION('',(1.,0.,0.));
#17163 = ADVANCED_FACE('',(#17164),#17175,.F.);
#17164 = FACE_BOUND('',#17165,.F.);
#17165 = EDGE_LOOP('',(#17166,#17167,#17173,#17174));
#17166 = ORIENTED_EDGE('',*,*,#17152,.T.);
#17167 = ORIENTED_EDGE('',*,*,#17168,.T.);
#17168 = EDGE_CURVE('',#17145,#16609,#17169,.T.);
#17169 = LINE('',#17170,#17171);
#17170 = CARTESIAN_POINT('',(227.997585,28.311841,1.7));
#17171 = VECTOR('',#17172,1.);
#17172 = DIRECTION('',(0.995137697729,-9.849346454618E-02,0.));
#17173 = ORIENTED_EDGE('',*,*,#16608,.F.);
#17174 = ORIENTED_EDGE('',*,*,#5116,.F.);
#17175 = PLANE('',#17176);
#17176 = AXIS2_PLACEMENT_3D('',#17177,#17178,#17179);
#17177 = CARTESIAN_POINT('',(227.997585,28.311841,0.));
#17178 = DIRECTION('',(9.849346454618E-02,0.995137697729,0.));
#17179 = DIRECTION('',(0.995137697729,-9.849346454618E-02,0.));
#17180 = ADVANCED_FACE('',(#17181),#17206,.F.);
#17181 = FACE_BOUND('',#17182,.F.);
#17182 = EDGE_LOOP('',(#17183,#17191,#17199,#17205));
#17183 = ORIENTED_EDGE('',*,*,#17184,.T.);
#17184 = EDGE_CURVE('',#5125,#17185,#17187,.T.);
#17185 = VERTEX_POINT('',#17186);
#17186 = CARTESIAN_POINT('',(282.780965,71.172893,1.7));
#17187 = LINE('',#17188,#17189);
#17188 = CARTESIAN_POINT('',(282.780965,71.172893,0.));
#17189 = VECTOR('',#17190,1.);
#17190 = DIRECTION('',(0.,0.,1.));
#17191 = ORIENTED_EDGE('',*,*,#17192,.T.);
#17192 = EDGE_CURVE('',#17185,#17193,#17195,.T.);
#17193 = VERTEX_POINT('',#17194);
#17194 = CARTESIAN_POINT('',(282.808016,71.161692,1.7));
#17195 = LINE('',#17196,#17197);
#17196 = CARTESIAN_POINT('',(282.780965,71.172893,1.7));
#17197 = VECTOR('',#17198,1.);
#17198 = DIRECTION('',(0.923926512664,-0.382569992545,0.));
#17199 = ORIENTED_EDGE('',*,*,#17200,.F.);
#17200 = EDGE_CURVE('',#5127,#17193,#17201,.T.);
#17201 = LINE('',#17202,#17203);
#17202 = CARTESIAN_POINT('',(282.808016,71.161692,0.));
#17203 = VECTOR('',#17204,1.);
#17204 = DIRECTION('',(0.,0.,1.));
#17205 = ORIENTED_EDGE('',*,*,#5124,.F.);
#17206 = PLANE('',#17207);
#17207 = AXIS2_PLACEMENT_3D('',#17208,#17209,#17210);
#17208 = CARTESIAN_POINT('',(282.780965,71.172893,0.));
#17209 = DIRECTION('',(0.382569992545,0.923926512664,0.));
#17210 = DIRECTION('',(0.923926512664,-0.382569992545,0.));
#17211 = ADVANCED_FACE('',(#17212),#17230,.F.);
#17212 = FACE_BOUND('',#17213,.F.);
#17213 = EDGE_LOOP('',(#17214,#17215,#17223,#17229));
#17214 = ORIENTED_EDGE('',*,*,#17200,.T.);
#17215 = ORIENTED_EDGE('',*,*,#17216,.T.);
#17216 = EDGE_CURVE('',#17193,#17217,#17219,.T.);
#17217 = VERTEX_POINT('',#17218);
#17218 = CARTESIAN_POINT('',(282.828692,71.141016,1.7));
#17219 = LINE('',#17220,#17221);
#17220 = CARTESIAN_POINT('',(282.808016,71.161692,1.7));
#17221 = VECTOR('',#17222,1.);
#17222 = DIRECTION('',(0.707106781186,-0.707106781187,0.));
#17223 = ORIENTED_EDGE('',*,*,#17224,.F.);
#17224 = EDGE_CURVE('',#5135,#17217,#17225,.T.);
#17225 = LINE('',#17226,#17227);
#17226 = CARTESIAN_POINT('',(282.828692,71.141016,0.));
#17227 = VECTOR('',#17228,1.);
#17228 = DIRECTION('',(0.,0.,1.));
#17229 = ORIENTED_EDGE('',*,*,#5134,.F.);
#17230 = PLANE('',#17231);
#17231 = AXIS2_PLACEMENT_3D('',#17232,#17233,#17234);
#17232 = CARTESIAN_POINT('',(282.808016,71.161692,0.));
#17233 = DIRECTION('',(0.707106781187,0.707106781186,0.));
#17234 = DIRECTION('',(0.707106781186,-0.707106781187,0.));
#17235 = ADVANCED_FACE('',(#17236),#17254,.F.);
#17236 = FACE_BOUND('',#17237,.F.);
#17237 = EDGE_LOOP('',(#17238,#17239,#17247,#17253));
#17238 = ORIENTED_EDGE('',*,*,#17224,.T.);
#17239 = ORIENTED_EDGE('',*,*,#17240,.T.);
#17240 = EDGE_CURVE('',#17217,#17241,#17243,.T.);
#17241 = VERTEX_POINT('',#17242);
#17242 = CARTESIAN_POINT('',(282.839893,71.113965,1.7));
#17243 = LINE('',#17244,#17245);
#17244 = CARTESIAN_POINT('',(282.828692,71.141016,1.7));
#17245 = VECTOR('',#17246,1.);
#17246 = DIRECTION('',(0.382569992546,-0.923926512664,0.));
#17247 = ORIENTED_EDGE('',*,*,#17248,.F.);
#17248 = EDGE_CURVE('',#5143,#17241,#17249,.T.);
#17249 = LINE('',#17250,#17251);
#17250 = CARTESIAN_POINT('',(282.839893,71.113965,0.));
#17251 = VECTOR('',#17252,1.);
#17252 = DIRECTION('',(0.,0.,1.));
#17253 = ORIENTED_EDGE('',*,*,#5142,.F.);
#17254 = PLANE('',#17255);
#17255 = AXIS2_PLACEMENT_3D('',#17256,#17257,#17258);
#17256 = CARTESIAN_POINT('',(282.828692,71.141016,0.));
#17257 = DIRECTION('',(0.923926512664,0.382569992546,0.));
#17258 = DIRECTION('',(0.382569992546,-0.923926512664,0.));
#17259 = ADVANCED_FACE('',(#17260),#17278,.F.);
#17260 = FACE_BOUND('',#17261,.F.);
#17261 = EDGE_LOOP('',(#17262,#17263,#17271,#17277));
#17262 = ORIENTED_EDGE('',*,*,#17248,.T.);
#17263 = ORIENTED_EDGE('',*,*,#17264,.T.);
#17264 = EDGE_CURVE('',#17241,#17265,#17267,.T.);
#17265 = VERTEX_POINT('',#17266);
#17266 = CARTESIAN_POINT('',(282.841341,71.099335,1.7));
#17267 = LINE('',#17268,#17269);
#17268 = CARTESIAN_POINT('',(282.839893,71.113965,1.7));
#17269 = VECTOR('',#17270,1.);
#17270 = DIRECTION('',(9.849346454508E-02,-0.995137697729,0.));
#17271 = ORIENTED_EDGE('',*,*,#17272,.F.);
#17272 = EDGE_CURVE('',#5151,#17265,#17273,.T.);
#17273 = LINE('',#17274,#17275);
#17274 = CARTESIAN_POINT('',(282.841341,71.099335,0.));
#17275 = VECTOR('',#17276,1.);
#17276 = DIRECTION('',(0.,0.,1.));
#17277 = ORIENTED_EDGE('',*,*,#5150,.F.);
#17278 = PLANE('',#17279);
#17279 = AXIS2_PLACEMENT_3D('',#17280,#17281,#17282);
#17280 = CARTESIAN_POINT('',(282.839893,71.113965,0.));
#17281 = DIRECTION('',(0.995137697729,9.849346454508E-02,0.));
#17282 = DIRECTION('',(9.849346454508E-02,-0.995137697729,0.));
#17283 = ADVANCED_FACE('',(#17284),#17302,.F.);
#17284 = FACE_BOUND('',#17285,.F.);
#17285 = EDGE_LOOP('',(#17286,#17287,#17295,#17301));
#17286 = ORIENTED_EDGE('',*,*,#17272,.T.);
#17287 = ORIENTED_EDGE('',*,*,#17288,.T.);
#17288 = EDGE_CURVE('',#17265,#17289,#17291,.T.);
#17289 = VERTEX_POINT('',#17290);
#17290 = CARTESIAN_POINT('',(282.841341,56.999338,1.7));
#17291 = LINE('',#17292,#17293);
#17292 = CARTESIAN_POINT('',(282.841341,71.099335,1.7));
#17293 = VECTOR('',#17294,1.);
#17294 = DIRECTION('',(0.,-1.,0.));
#17295 = ORIENTED_EDGE('',*,*,#17296,.F.);
#17296 = EDGE_CURVE('',#5159,#17289,#17297,.T.);
#17297 = LINE('',#17298,#17299);
#17298 = CARTESIAN_POINT('',(282.841341,56.999338,0.));
#17299 = VECTOR('',#17300,1.);
#17300 = DIRECTION('',(0.,0.,1.));
#17301 = ORIENTED_EDGE('',*,*,#5158,.F.);
#17302 = PLANE('',#17303);
#17303 = AXIS2_PLACEMENT_3D('',#17304,#17305,#17306);
#17304 = CARTESIAN_POINT('',(282.841341,71.099335,0.));
#17305 = DIRECTION('',(1.,0.,0.));
#17306 = DIRECTION('',(0.,-1.,0.));
#17307 = ADVANCED_FACE('',(#17308),#17326,.F.);
#17308 = FACE_BOUND('',#17309,.F.);
#17309 = EDGE_LOOP('',(#17310,#17311,#17319,#17325));
#17310 = ORIENTED_EDGE('',*,*,#17296,.T.);
#17311 = ORIENTED_EDGE('',*,*,#17312,.T.);
#17312 = EDGE_CURVE('',#17289,#17313,#17315,.T.);
#17313 = VERTEX_POINT('',#17314);
#17314 = CARTESIAN_POINT('',(282.839893,56.984707,1.7));
#17315 = LINE('',#17316,#17317);
#17316 = CARTESIAN_POINT('',(282.841341,56.999338,1.7));
#17317 = VECTOR('',#17318,1.);
#17318 = DIRECTION('',(-9.84867980096E-02,-0.995138357525,0.));
#17319 = ORIENTED_EDGE('',*,*,#17320,.F.);
#17320 = EDGE_CURVE('',#5167,#17313,#17321,.T.);
#17321 = LINE('',#17322,#17323);
#17322 = CARTESIAN_POINT('',(282.839893,56.984707,0.));
#17323 = VECTOR('',#17324,1.);
#17324 = DIRECTION('',(0.,0.,1.));
#17325 = ORIENTED_EDGE('',*,*,#5166,.F.);
#17326 = PLANE('',#17327);
#17327 = AXIS2_PLACEMENT_3D('',#17328,#17329,#17330);
#17328 = CARTESIAN_POINT('',(282.841341,56.999338,0.));
#17329 = DIRECTION('',(0.995138357525,-9.84867980096E-02,0.));
#17330 = DIRECTION('',(-9.84867980096E-02,-0.995138357525,0.));
#17331 = ADVANCED_FACE('',(#17332),#17350,.F.);
#17332 = FACE_BOUND('',#17333,.F.);
#17333 = EDGE_LOOP('',(#17334,#17335,#17343,#17349));
#17334 = ORIENTED_EDGE('',*,*,#17320,.T.);
#17335 = ORIENTED_EDGE('',*,*,#17336,.T.);
#17336 = EDGE_CURVE('',#17313,#17337,#17339,.T.);
#17337 = VERTEX_POINT('',#17338);
#17338 = CARTESIAN_POINT('',(282.828692,56.957656,1.7));
#17339 = LINE('',#17340,#17341);
#17340 = CARTESIAN_POINT('',(282.839893,56.984707,1.7));
#17341 = VECTOR('',#17342,1.);
#17342 = DIRECTION('',(-0.382569992546,-0.923926512664,0.));
#17343 = ORIENTED_EDGE('',*,*,#17344,.F.);
#17344 = EDGE_CURVE('',#5175,#17337,#17345,.T.);
#17345 = LINE('',#17346,#17347);
#17346 = CARTESIAN_POINT('',(282.828692,56.957656,0.));
#17347 = VECTOR('',#17348,1.);
#17348 = DIRECTION('',(0.,0.,1.));
#17349 = ORIENTED_EDGE('',*,*,#5174,.F.);
#17350 = PLANE('',#17351);
#17351 = AXIS2_PLACEMENT_3D('',#17352,#17353,#17354);
#17352 = CARTESIAN_POINT('',(282.839893,56.984707,0.));
#17353 = DIRECTION('',(0.923926512664,-0.382569992546,0.));
#17354 = DIRECTION('',(-0.382569992546,-0.923926512664,0.));
#17355 = ADVANCED_FACE('',(#17356),#17374,.F.);
#17356 = FACE_BOUND('',#17357,.F.);
#17357 = EDGE_LOOP('',(#17358,#17359,#17367,#17373));
#17358 = ORIENTED_EDGE('',*,*,#17344,.T.);
#17359 = ORIENTED_EDGE('',*,*,#17360,.T.);
#17360 = EDGE_CURVE('',#17337,#17361,#17363,.T.);
#17361 = VERTEX_POINT('',#17362);
#17362 = CARTESIAN_POINT('',(282.808016,56.936981,1.7));
#17363 = LINE('',#17364,#17365);
#17364 = CARTESIAN_POINT('',(282.828692,56.957656,1.7));
#17365 = VECTOR('',#17366,1.);
#17366 = DIRECTION('',(-0.707123881093,-0.707089680867,0.));
#17367 = ORIENTED_EDGE('',*,*,#17368,.F.);
#17368 = EDGE_CURVE('',#5183,#17361,#17369,.T.);
#17369 = LINE('',#17370,#17371);
#17370 = CARTESIAN_POINT('',(282.808016,56.936981,0.));
#17371 = VECTOR('',#17372,1.);
#17372 = DIRECTION('',(0.,0.,1.));
#17373 = ORIENTED_EDGE('',*,*,#5182,.F.);
#17374 = PLANE('',#17375);
#17375 = AXIS2_PLACEMENT_3D('',#17376,#17377,#17378);
#17376 = CARTESIAN_POINT('',(282.828692,56.957656,0.));
#17377 = DIRECTION('',(0.707089680867,-0.707123881093,0.));
#17378 = DIRECTION('',(-0.707123881093,-0.707089680867,0.));
#17379 = ADVANCED_FACE('',(#17380),#17398,.F.);
#17380 = FACE_BOUND('',#17381,.F.);
#17381 = EDGE_LOOP('',(#17382,#17383,#17391,#17397));
#17382 = ORIENTED_EDGE('',*,*,#17368,.T.);
#17383 = ORIENTED_EDGE('',*,*,#17384,.T.);
#17384 = EDGE_CURVE('',#17361,#17385,#17387,.T.);
#17385 = VERTEX_POINT('',#17386);
#17386 = CARTESIAN_POINT('',(282.780965,56.925779,1.7));
#17387 = LINE('',#17388,#17389);
#17388 = CARTESIAN_POINT('',(282.808016,56.936981,1.7));
#17389 = VECTOR('',#17390,1.);
#17390 = DIRECTION('',(-0.923914439717,-0.382599148043,0.));
#17391 = ORIENTED_EDGE('',*,*,#17392,.F.);
#17392 = EDGE_CURVE('',#5191,#17385,#17393,.T.);
#17393 = LINE('',#17394,#17395);
#17394 = CARTESIAN_POINT('',(282.780965,56.925779,0.));
#17395 = VECTOR('',#17396,1.);
#17396 = DIRECTION('',(0.,0.,1.));
#17397 = ORIENTED_EDGE('',*,*,#5190,.F.);
#17398 = PLANE('',#17399);
#17399 = AXIS2_PLACEMENT_3D('',#17400,#17401,#17402);
#17400 = CARTESIAN_POINT('',(282.808016,56.936981,0.));
#17401 = DIRECTION('',(0.382599148043,-0.923914439717,0.));
#17402 = DIRECTION('',(-0.923914439717,-0.382599148043,0.));
#17403 = ADVANCED_FACE('',(#17404),#17422,.F.);
#17404 = FACE_BOUND('',#17405,.F.);
#17405 = EDGE_LOOP('',(#17406,#17407,#17415,#17421));
#17406 = ORIENTED_EDGE('',*,*,#17392,.T.);
#17407 = ORIENTED_EDGE('',*,*,#17408,.T.);
#17408 = EDGE_CURVE('',#17385,#17409,#17411,.T.);
#17409 = VERTEX_POINT('',#17410);
#17410 = CARTESIAN_POINT('',(282.766335,56.924331,1.7));
#17411 = LINE('',#17412,#17413);
#17412 = CARTESIAN_POINT('',(282.780965,56.925779,1.7));
#17413 = VECTOR('',#17414,1.);
#17414 = DIRECTION('',(-0.995137697729,-9.849346454632E-02,0.));
#17415 = ORIENTED_EDGE('',*,*,#17416,.F.);
#17416 = EDGE_CURVE('',#5199,#17409,#17417,.T.);
#17417 = LINE('',#17418,#17419);
#17418 = CARTESIAN_POINT('',(282.766335,56.924331,0.));
#17419 = VECTOR('',#17420,1.);
#17420 = DIRECTION('',(0.,0.,1.));
#17421 = ORIENTED_EDGE('',*,*,#5198,.F.);
#17422 = PLANE('',#17423);
#17423 = AXIS2_PLACEMENT_3D('',#17424,#17425,#17426);
#17424 = CARTESIAN_POINT('',(282.780965,56.925779,0.));
#17425 = DIRECTION('',(9.849346454632E-02,-0.995137697729,0.));
#17426 = DIRECTION('',(-0.995137697729,-9.849346454632E-02,0.));
#17427 = ADVANCED_FACE('',(#17428),#17446,.F.);
#17428 = FACE_BOUND('',#17429,.F.);
#17429 = EDGE_LOOP('',(#17430,#17431,#17439,#17445));
#17430 = ORIENTED_EDGE('',*,*,#17416,.T.);
#17431 = ORIENTED_EDGE('',*,*,#17432,.T.);
#17432 = EDGE_CURVE('',#17409,#17433,#17435,.T.);
#17433 = VERTEX_POINT('',#17434);
#17434 = CARTESIAN_POINT('',(268.666337,56.924331,1.7));
#17435 = LINE('',#17436,#17437);
#17436 = CARTESIAN_POINT('',(282.766335,56.924331,1.7));
#17437 = VECTOR('',#17438,1.);
#17438 = DIRECTION('',(-1.,0.,0.));
#17439 = ORIENTED_EDGE('',*,*,#17440,.F.);
#17440 = EDGE_CURVE('',#5207,#17433,#17441,.T.);
#17441 = LINE('',#17442,#17443);
#17442 = CARTESIAN_POINT('',(268.666337,56.924331,0.));
#17443 = VECTOR('',#17444,1.);
#17444 = DIRECTION('',(0.,0.,1.));
#17445 = ORIENTED_EDGE('',*,*,#5206,.F.);
#17446 = PLANE('',#17447);
#17447 = AXIS2_PLACEMENT_3D('',#17448,#17449,#17450);
#17448 = CARTESIAN_POINT('',(282.766335,56.924331,0.));
#17449 = DIRECTION('',(0.,-1.,0.));
#17450 = DIRECTION('',(-1.,0.,0.));
#17451 = ADVANCED_FACE('',(#17452),#17470,.F.);
#17452 = FACE_BOUND('',#17453,.F.);
#17453 = EDGE_LOOP('',(#17454,#17455,#17463,#17469));
#17454 = ORIENTED_EDGE('',*,*,#17440,.T.);
#17455 = ORIENTED_EDGE('',*,*,#17456,.T.);
#17456 = EDGE_CURVE('',#17433,#17457,#17459,.T.);
#17457 = VERTEX_POINT('',#17458);
#17458 = CARTESIAN_POINT('',(268.651707,56.925779,1.7));
#17459 = LINE('',#17460,#17461);
#17460 = CARTESIAN_POINT('',(268.666337,56.924331,1.7));
#17461 = VECTOR('',#17462,1.);
#17462 = DIRECTION('',(-0.995137697729,9.849346454594E-02,0.));
#17463 = ORIENTED_EDGE('',*,*,#17464,.F.);
#17464 = EDGE_CURVE('',#5215,#17457,#17465,.T.);
#17465 = LINE('',#17466,#17467);
#17466 = CARTESIAN_POINT('',(268.651707,56.925779,0.));
#17467 = VECTOR('',#17468,1.);
#17468 = DIRECTION('',(0.,0.,1.));
#17469 = ORIENTED_EDGE('',*,*,#5214,.F.);
#17470 = PLANE('',#17471);
#17471 = AXIS2_PLACEMENT_3D('',#17472,#17473,#17474);
#17472 = CARTESIAN_POINT('',(268.666337,56.924331,0.));
#17473 = DIRECTION('',(-9.849346454594E-02,-0.995137697729,0.));
#17474 = DIRECTION('',(-0.995137697729,9.849346454594E-02,0.));
#17475 = ADVANCED_FACE('',(#17476),#17494,.F.);
#17476 = FACE_BOUND('',#17477,.F.);
#17477 = EDGE_LOOP('',(#17478,#17479,#17487,#17493));
#17478 = ORIENTED_EDGE('',*,*,#17464,.T.);
#17479 = ORIENTED_EDGE('',*,*,#17480,.T.);
#17480 = EDGE_CURVE('',#17457,#17481,#17483,.T.);
#17481 = VERTEX_POINT('',#17482);
#17482 = CARTESIAN_POINT('',(268.624656,56.936981,1.7));
#17483 = LINE('',#17484,#17485);
#17484 = CARTESIAN_POINT('',(268.651707,56.925779,1.7));
#17485 = VECTOR('',#17486,1.);
#17486 = DIRECTION('',(-0.923914439716,0.382599148043,0.));
#17487 = ORIENTED_EDGE('',*,*,#17488,.F.);
#17488 = EDGE_CURVE('',#5223,#17481,#17489,.T.);
#17489 = LINE('',#17490,#17491);
#17490 = CARTESIAN_POINT('',(268.624656,56.936981,0.));
#17491 = VECTOR('',#17492,1.);
#17492 = DIRECTION('',(0.,0.,1.));
#17493 = ORIENTED_EDGE('',*,*,#5222,.F.);
#17494 = PLANE('',#17495);
#17495 = AXIS2_PLACEMENT_3D('',#17496,#17497,#17498);
#17496 = CARTESIAN_POINT('',(268.651707,56.925779,0.));
#17497 = DIRECTION('',(-0.382599148043,-0.923914439716,0.));
#17498 = DIRECTION('',(-0.923914439716,0.382599148043,0.));
#17499 = ADVANCED_FACE('',(#17500),#17518,.F.);
#17500 = FACE_BOUND('',#17501,.F.);
#17501 = EDGE_LOOP('',(#17502,#17503,#17511,#17517));
#17502 = ORIENTED_EDGE('',*,*,#17488,.T.);
#17503 = ORIENTED_EDGE('',*,*,#17504,.T.);
#17504 = EDGE_CURVE('',#17481,#17505,#17507,.T.);
#17505 = VERTEX_POINT('',#17506);
#17506 = CARTESIAN_POINT('',(268.60398,56.957656,1.7));
#17507 = LINE('',#17508,#17509);
#17508 = CARTESIAN_POINT('',(268.624656,56.936981,1.7));
#17509 = VECTOR('',#17510,1.);
#17510 = DIRECTION('',(-0.707123881094,0.707089680866,0.));
#17511 = ORIENTED_EDGE('',*,*,#17512,.F.);
#17512 = EDGE_CURVE('',#5231,#17505,#17513,.T.);
#17513 = LINE('',#17514,#17515);
#17514 = CARTESIAN_POINT('',(268.60398,56.957656,0.));
#17515 = VECTOR('',#17516,1.);
#17516 = DIRECTION('',(0.,0.,1.));
#17517 = ORIENTED_EDGE('',*,*,#5230,.F.);
#17518 = PLANE('',#17519);
#17519 = AXIS2_PLACEMENT_3D('',#17520,#17521,#17522);
#17520 = CARTESIAN_POINT('',(268.624656,56.936981,0.));
#17521 = DIRECTION('',(-0.707089680866,-0.707123881094,0.));
#17522 = DIRECTION('',(-0.707123881094,0.707089680866,0.));
#17523 = ADVANCED_FACE('',(#17524),#17542,.F.);
#17524 = FACE_BOUND('',#17525,.F.);
#17525 = EDGE_LOOP('',(#17526,#17527,#17535,#17541));
#17526 = ORIENTED_EDGE('',*,*,#17512,.T.);
#17527 = ORIENTED_EDGE('',*,*,#17528,.T.);
#17528 = EDGE_CURVE('',#17505,#17529,#17531,.T.);
#17529 = VERTEX_POINT('',#17530);
#17530 = CARTESIAN_POINT('',(268.592779,56.984707,1.7));
#17531 = LINE('',#17532,#17533);
#17532 = CARTESIAN_POINT('',(268.60398,56.957656,1.7));
#17533 = VECTOR('',#17534,1.);
#17534 = DIRECTION('',(-0.382569992545,0.923926512664,0.));
#17535 = ORIENTED_EDGE('',*,*,#17536,.F.);
#17536 = EDGE_CURVE('',#5239,#17529,#17537,.T.);
#17537 = LINE('',#17538,#17539);
#17538 = CARTESIAN_POINT('',(268.592779,56.984707,0.));
#17539 = VECTOR('',#17540,1.);
#17540 = DIRECTION('',(0.,0.,1.));
#17541 = ORIENTED_EDGE('',*,*,#5238,.F.);
#17542 = PLANE('',#17543);
#17543 = AXIS2_PLACEMENT_3D('',#17544,#17545,#17546);
#17544 = CARTESIAN_POINT('',(268.60398,56.957656,0.));
#17545 = DIRECTION('',(-0.923926512664,-0.382569992545,0.));
#17546 = DIRECTION('',(-0.382569992545,0.923926512664,0.));
#17547 = ADVANCED_FACE('',(#17548),#17566,.F.);
#17548 = FACE_BOUND('',#17549,.F.);
#17549 = EDGE_LOOP('',(#17550,#17551,#17559,#17565));
#17550 = ORIENTED_EDGE('',*,*,#17536,.T.);
#17551 = ORIENTED_EDGE('',*,*,#17552,.T.);
#17552 = EDGE_CURVE('',#17529,#17553,#17555,.T.);
#17553 = VERTEX_POINT('',#17554);
#17554 = CARTESIAN_POINT('',(268.591331,56.999338,1.7));
#17555 = LINE('',#17556,#17557);
#17556 = CARTESIAN_POINT('',(268.592779,56.984707,1.7));
#17557 = VECTOR('',#17558,1.);
#17558 = DIRECTION('',(-9.84867980096E-02,0.995138357525,0.));
#17559 = ORIENTED_EDGE('',*,*,#17560,.F.);
#17560 = EDGE_CURVE('',#5247,#17553,#17561,.T.);
#17561 = LINE('',#17562,#17563);
#17562 = CARTESIAN_POINT('',(268.591331,56.999338,0.));
#17563 = VECTOR('',#17564,1.);
#17564 = DIRECTION('',(0.,0.,1.));
#17565 = ORIENTED_EDGE('',*,*,#5246,.F.);
#17566 = PLANE('',#17567);
#17567 = AXIS2_PLACEMENT_3D('',#17568,#17569,#17570);
#17568 = CARTESIAN_POINT('',(268.592779,56.984707,0.));
#17569 = DIRECTION('',(-0.995138357525,-9.84867980096E-02,0.));
#17570 = DIRECTION('',(-9.84867980096E-02,0.995138357525,0.));
#17571 = ADVANCED_FACE('',(#17572),#17590,.F.);
#17572 = FACE_BOUND('',#17573,.F.);
#17573 = EDGE_LOOP('',(#17574,#17575,#17583,#17589));
#17574 = ORIENTED_EDGE('',*,*,#17560,.T.);
#17575 = ORIENTED_EDGE('',*,*,#17576,.T.);
#17576 = EDGE_CURVE('',#17553,#17577,#17579,.T.);
#17577 = VERTEX_POINT('',#17578);
#17578 = CARTESIAN_POINT('',(268.591331,71.099335,1.7));
#17579 = LINE('',#17580,#17581);
#17580 = CARTESIAN_POINT('',(268.591331,56.999338,1.7));
#17581 = VECTOR('',#17582,1.);
#17582 = DIRECTION('',(0.,1.,0.));
#17583 = ORIENTED_EDGE('',*,*,#17584,.F.);
#17584 = EDGE_CURVE('',#5255,#17577,#17585,.T.);
#17585 = LINE('',#17586,#17587);
#17586 = CARTESIAN_POINT('',(268.591331,71.099335,0.));
#17587 = VECTOR('',#17588,1.);
#17588 = DIRECTION('',(0.,0.,1.));
#17589 = ORIENTED_EDGE('',*,*,#5254,.F.);
#17590 = PLANE('',#17591);
#17591 = AXIS2_PLACEMENT_3D('',#17592,#17593,#17594);
#17592 = CARTESIAN_POINT('',(268.591331,56.999338,0.));
#17593 = DIRECTION('',(-1.,0.,0.));
#17594 = DIRECTION('',(0.,1.,0.));
#17595 = ADVANCED_FACE('',(#17596),#17614,.F.);
#17596 = FACE_BOUND('',#17597,.F.);
#17597 = EDGE_LOOP('',(#17598,#17599,#17607,#17613));
#17598 = ORIENTED_EDGE('',*,*,#17584,.T.);
#17599 = ORIENTED_EDGE('',*,*,#17600,.T.);
#17600 = EDGE_CURVE('',#17577,#17601,#17603,.T.);
#17601 = VERTEX_POINT('',#17602);
#17602 = CARTESIAN_POINT('',(268.592779,71.113965,1.7));
#17603 = LINE('',#17604,#17605);
#17604 = CARTESIAN_POINT('',(268.591331,71.099335,1.7));
#17605 = VECTOR('',#17606,1.);
#17606 = DIRECTION('',(9.849346454508E-02,0.995137697729,0.));
#17607 = ORIENTED_EDGE('',*,*,#17608,.F.);
#17608 = EDGE_CURVE('',#5263,#17601,#17609,.T.);
#17609 = LINE('',#17610,#17611);
#17610 = CARTESIAN_POINT('',(268.592779,71.113965,0.));
#17611 = VECTOR('',#17612,1.);
#17612 = DIRECTION('',(0.,0.,1.));
#17613 = ORIENTED_EDGE('',*,*,#5262,.F.);
#17614 = PLANE('',#17615);
#17615 = AXIS2_PLACEMENT_3D('',#17616,#17617,#17618);
#17616 = CARTESIAN_POINT('',(268.591331,71.099335,0.));
#17617 = DIRECTION('',(-0.995137697729,9.849346454508E-02,0.));
#17618 = DIRECTION('',(9.849346454508E-02,0.995137697729,0.));
#17619 = ADVANCED_FACE('',(#17620),#17638,.F.);
#17620 = FACE_BOUND('',#17621,.F.);
#17621 = EDGE_LOOP('',(#17622,#17623,#17631,#17637));
#17622 = ORIENTED_EDGE('',*,*,#17608,.T.);
#17623 = ORIENTED_EDGE('',*,*,#17624,.T.);
#17624 = EDGE_CURVE('',#17601,#17625,#17627,.T.);
#17625 = VERTEX_POINT('',#17626);
#17626 = CARTESIAN_POINT('',(268.60398,71.141016,1.7));
#17627 = LINE('',#17628,#17629);
#17628 = CARTESIAN_POINT('',(268.592779,71.113965,1.7));
#17629 = VECTOR('',#17630,1.);
#17630 = DIRECTION('',(0.382569992545,0.923926512664,0.));
#17631 = ORIENTED_EDGE('',*,*,#17632,.F.);
#17632 = EDGE_CURVE('',#5271,#17625,#17633,.T.);
#17633 = LINE('',#17634,#17635);
#17634 = CARTESIAN_POINT('',(268.60398,71.141016,0.));
#17635 = VECTOR('',#17636,1.);
#17636 = DIRECTION('',(0.,0.,1.));
#17637 = ORIENTED_EDGE('',*,*,#5270,.F.);
#17638 = PLANE('',#17639);
#17639 = AXIS2_PLACEMENT_3D('',#17640,#17641,#17642);
#17640 = CARTESIAN_POINT('',(268.592779,71.113965,0.));
#17641 = DIRECTION('',(-0.923926512664,0.382569992545,0.));
#17642 = DIRECTION('',(0.382569992545,0.923926512664,0.));
#17643 = ADVANCED_FACE('',(#17644),#17662,.F.);
#17644 = FACE_BOUND('',#17645,.F.);
#17645 = EDGE_LOOP('',(#17646,#17647,#17655,#17661));
#17646 = ORIENTED_EDGE('',*,*,#17632,.T.);
#17647 = ORIENTED_EDGE('',*,*,#17648,.T.);
#17648 = EDGE_CURVE('',#17625,#17649,#17651,.T.);
#17649 = VERTEX_POINT('',#17650);
#17650 = CARTESIAN_POINT('',(268.624656,71.161692,1.7));
#17651 = LINE('',#17652,#17653);
#17652 = CARTESIAN_POINT('',(268.60398,71.141016,1.7));
#17653 = VECTOR('',#17654,1.);
#17654 = DIRECTION('',(0.707106781187,0.707106781186,0.));
#17655 = ORIENTED_EDGE('',*,*,#17656,.F.);
#17656 = EDGE_CURVE('',#5279,#17649,#17657,.T.);
#17657 = LINE('',#17658,#17659);
#17658 = CARTESIAN_POINT('',(268.624656,71.161692,0.));
#17659 = VECTOR('',#17660,1.);
#17660 = DIRECTION('',(0.,0.,1.));
#17661 = ORIENTED_EDGE('',*,*,#5278,.F.);
#17662 = PLANE('',#17663);
#17663 = AXIS2_PLACEMENT_3D('',#17664,#17665,#17666);
#17664 = CARTESIAN_POINT('',(268.60398,71.141016,0.));
#17665 = DIRECTION('',(-0.707106781186,0.707106781187,0.));
#17666 = DIRECTION('',(0.707106781187,0.707106781186,0.));
#17667 = ADVANCED_FACE('',(#17668),#17686,.F.);
#17668 = FACE_BOUND('',#17669,.F.);
#17669 = EDGE_LOOP('',(#17670,#17671,#17679,#17685));
#17670 = ORIENTED_EDGE('',*,*,#17656,.T.);
#17671 = ORIENTED_EDGE('',*,*,#17672,.T.);
#17672 = EDGE_CURVE('',#17649,#17673,#17675,.T.);
#17673 = VERTEX_POINT('',#17674);
#17674 = CARTESIAN_POINT('',(268.651707,71.172893,1.7));
#17675 = LINE('',#17676,#17677);
#17676 = CARTESIAN_POINT('',(268.624656,71.161692,1.7));
#17677 = VECTOR('',#17678,1.);
#17678 = DIRECTION('',(0.923926512664,0.382569992546,0.));
#17679 = ORIENTED_EDGE('',*,*,#17680,.F.);
#17680 = EDGE_CURVE('',#5287,#17673,#17681,.T.);
#17681 = LINE('',#17682,#17683);
#17682 = CARTESIAN_POINT('',(268.651707,71.172893,0.));
#17683 = VECTOR('',#17684,1.);
#17684 = DIRECTION('',(0.,0.,1.));
#17685 = ORIENTED_EDGE('',*,*,#5286,.F.);
#17686 = PLANE('',#17687);
#17687 = AXIS2_PLACEMENT_3D('',#17688,#17689,#17690);
#17688 = CARTESIAN_POINT('',(268.624656,71.161692,0.));
#17689 = DIRECTION('',(-0.382569992546,0.923926512664,0.));
#17690 = DIRECTION('',(0.923926512664,0.382569992546,0.));
#17691 = ADVANCED_FACE('',(#17692),#17710,.F.);
#17692 = FACE_BOUND('',#17693,.F.);
#17693 = EDGE_LOOP('',(#17694,#17695,#17703,#17709));
#17694 = ORIENTED_EDGE('',*,*,#17680,.T.);
#17695 = ORIENTED_EDGE('',*,*,#17696,.T.);
#17696 = EDGE_CURVE('',#17673,#17697,#17699,.T.);
#17697 = VERTEX_POINT('',#17698);
#17698 = CARTESIAN_POINT('',(268.666337,71.174341,1.7));
#17699 = LINE('',#17700,#17701);
#17700 = CARTESIAN_POINT('',(268.651707,71.172893,1.7));
#17701 = VECTOR('',#17702,1.);
#17702 = DIRECTION('',(0.995137697729,9.849346454594E-02,0.));
#17703 = ORIENTED_EDGE('',*,*,#17704,.F.);
#17704 = EDGE_CURVE('',#5295,#17697,#17705,.T.);
#17705 = LINE('',#17706,#17707);
#17706 = CARTESIAN_POINT('',(268.666337,71.174341,0.));
#17707 = VECTOR('',#17708,1.);
#17708 = DIRECTION('',(0.,0.,1.));
#17709 = ORIENTED_EDGE('',*,*,#5294,.F.);
#17710 = PLANE('',#17711);
#17711 = AXIS2_PLACEMENT_3D('',#17712,#17713,#17714);
#17712 = CARTESIAN_POINT('',(268.651707,71.172893,0.));
#17713 = DIRECTION('',(-9.849346454594E-02,0.995137697729,0.));
#17714 = DIRECTION('',(0.995137697729,9.849346454594E-02,0.));
#17715 = ADVANCED_FACE('',(#17716),#17734,.F.);
#17716 = FACE_BOUND('',#17717,.F.);
#17717 = EDGE_LOOP('',(#17718,#17719,#17727,#17733));
#17718 = ORIENTED_EDGE('',*,*,#17704,.T.);
#17719 = ORIENTED_EDGE('',*,*,#17720,.T.);
#17720 = EDGE_CURVE('',#17697,#17721,#17723,.T.);
#17721 = VERTEX_POINT('',#17722);
#17722 = CARTESIAN_POINT('',(282.766335,71.174341,1.7));
#17723 = LINE('',#17724,#17725);
#17724 = CARTESIAN_POINT('',(268.666337,71.174341,1.7));
#17725 = VECTOR('',#17726,1.);
#17726 = DIRECTION('',(1.,0.,0.));
#17727 = ORIENTED_EDGE('',*,*,#17728,.F.);
#17728 = EDGE_CURVE('',#5303,#17721,#17729,.T.);
#17729 = LINE('',#17730,#17731);
#17730 = CARTESIAN_POINT('',(282.766335,71.174341,0.));
#17731 = VECTOR('',#17732,1.);
#17732 = DIRECTION('',(0.,0.,1.));
#17733 = ORIENTED_EDGE('',*,*,#5302,.F.);
#17734 = PLANE('',#17735);
#17735 = AXIS2_PLACEMENT_3D('',#17736,#17737,#17738);
#17736 = CARTESIAN_POINT('',(268.666337,71.174341,0.));
#17737 = DIRECTION('',(0.,1.,0.));
#17738 = DIRECTION('',(1.,0.,0.));
#17739 = ADVANCED_FACE('',(#17740),#17751,.F.);
#17740 = FACE_BOUND('',#17741,.F.);
#17741 = EDGE_LOOP('',(#17742,#17743,#17749,#17750));
#17742 = ORIENTED_EDGE('',*,*,#17728,.T.);
#17743 = ORIENTED_EDGE('',*,*,#17744,.T.);
#17744 = EDGE_CURVE('',#17721,#17185,#17745,.T.);
#17745 = LINE('',#17746,#17747);
#17746 = CARTESIAN_POINT('',(282.766335,71.174341,1.7));
#17747 = VECTOR('',#17748,1.);
#17748 = DIRECTION('',(0.995137697729,-9.849346454632E-02,0.));
#17749 = ORIENTED_EDGE('',*,*,#17184,.F.);
#17750 = ORIENTED_EDGE('',*,*,#5310,.F.);
#17751 = PLANE('',#17752);
#17752 = AXIS2_PLACEMENT_3D('',#17753,#17754,#17755);
#17753 = CARTESIAN_POINT('',(282.766335,71.174341,0.));
#17754 = DIRECTION('',(9.849346454632E-02,0.995137697729,0.));
#17755 = DIRECTION('',(0.995137697729,-9.849346454632E-02,0.));
#17756 = ADVANCED_FACE('',(#17757),#17782,.F.);
#17757 = FACE_BOUND('',#17758,.F.);
#17758 = EDGE_LOOP('',(#17759,#17767,#17775,#17781));
#17759 = ORIENTED_EDGE('',*,*,#17760,.T.);
#17760 = EDGE_CURVE('',#5319,#17761,#17763,.T.);
#17761 = VERTEX_POINT('',#17762);
#17762 = CARTESIAN_POINT('',(263.730965,71.172893,1.7));
#17763 = LINE('',#17764,#17765);
#17764 = CARTESIAN_POINT('',(263.730965,71.172893,0.));
#17765 = VECTOR('',#17766,1.);
#17766 = DIRECTION('',(0.,0.,1.));
#17767 = ORIENTED_EDGE('',*,*,#17768,.T.);
#17768 = EDGE_CURVE('',#17761,#17769,#17771,.T.);
#17769 = VERTEX_POINT('',#17770);
#17770 = CARTESIAN_POINT('',(263.758016,71.161692,1.7));
#17771 = LINE('',#17772,#17773);
#17772 = CARTESIAN_POINT('',(263.730965,71.172893,1.7));
#17773 = VECTOR('',#17774,1.);
#17774 = DIRECTION('',(0.923926512664,-0.382569992546,0.));
#17775 = ORIENTED_EDGE('',*,*,#17776,.F.);
#17776 = EDGE_CURVE('',#5321,#17769,#17777,.T.);
#17777 = LINE('',#17778,#17779);
#17778 = CARTESIAN_POINT('',(263.758016,71.161692,0.));
#17779 = VECTOR('',#17780,1.);
#17780 = DIRECTION('',(0.,0.,1.));
#17781 = ORIENTED_EDGE('',*,*,#5318,.F.);
#17782 = PLANE('',#17783);
#17783 = AXIS2_PLACEMENT_3D('',#17784,#17785,#17786);
#17784 = CARTESIAN_POINT('',(263.730965,71.172893,0.));
#17785 = DIRECTION('',(0.382569992546,0.923926512664,0.));
#17786 = DIRECTION('',(0.923926512664,-0.382569992546,0.));
#17787 = ADVANCED_FACE('',(#17788),#17806,.F.);
#17788 = FACE_BOUND('',#17789,.F.);
#17789 = EDGE_LOOP('',(#17790,#17791,#17799,#17805));
#17790 = ORIENTED_EDGE('',*,*,#17776,.T.);
#17791 = ORIENTED_EDGE('',*,*,#17792,.T.);
#17792 = EDGE_CURVE('',#17769,#17793,#17795,.T.);
#17793 = VERTEX_POINT('',#17794);
#17794 = CARTESIAN_POINT('',(263.778692,71.141016,1.7));
#17795 = LINE('',#17796,#17797);
#17796 = CARTESIAN_POINT('',(263.758016,71.161692,1.7));
#17797 = VECTOR('',#17798,1.);
#17798 = DIRECTION('',(0.707106781186,-0.707106781187,0.));
#17799 = ORIENTED_EDGE('',*,*,#17800,.F.);
#17800 = EDGE_CURVE('',#5329,#17793,#17801,.T.);
#17801 = LINE('',#17802,#17803);
#17802 = CARTESIAN_POINT('',(263.778692,71.141016,0.));
#17803 = VECTOR('',#17804,1.);
#17804 = DIRECTION('',(0.,0.,1.));
#17805 = ORIENTED_EDGE('',*,*,#5328,.F.);
#17806 = PLANE('',#17807);
#17807 = AXIS2_PLACEMENT_3D('',#17808,#17809,#17810);
#17808 = CARTESIAN_POINT('',(263.758016,71.161692,0.));
#17809 = DIRECTION('',(0.707106781187,0.707106781186,0.));
#17810 = DIRECTION('',(0.707106781186,-0.707106781187,0.));
#17811 = ADVANCED_FACE('',(#17812),#17830,.F.);
#17812 = FACE_BOUND('',#17813,.F.);
#17813 = EDGE_LOOP('',(#17814,#17815,#17823,#17829));
#17814 = ORIENTED_EDGE('',*,*,#17800,.T.);
#17815 = ORIENTED_EDGE('',*,*,#17816,.T.);
#17816 = EDGE_CURVE('',#17793,#17817,#17819,.T.);
#17817 = VERTEX_POINT('',#17818);
#17818 = CARTESIAN_POINT('',(263.789893,71.113965,1.7));
#17819 = LINE('',#17820,#17821);
#17820 = CARTESIAN_POINT('',(263.778692,71.141016,1.7));
#17821 = VECTOR('',#17822,1.);
#17822 = DIRECTION('',(0.382569992546,-0.923926512664,0.));
#17823 = ORIENTED_EDGE('',*,*,#17824,.F.);
#17824 = EDGE_CURVE('',#5337,#17817,#17825,.T.);
#17825 = LINE('',#17826,#17827);
#17826 = CARTESIAN_POINT('',(263.789893,71.113965,0.));
#17827 = VECTOR('',#17828,1.);
#17828 = DIRECTION('',(0.,0.,1.));
#17829 = ORIENTED_EDGE('',*,*,#5336,.F.);
#17830 = PLANE('',#17831);
#17831 = AXIS2_PLACEMENT_3D('',#17832,#17833,#17834);
#17832 = CARTESIAN_POINT('',(263.778692,71.141016,0.));
#17833 = DIRECTION('',(0.923926512664,0.382569992546,0.));
#17834 = DIRECTION('',(0.382569992546,-0.923926512664,0.));
#17835 = ADVANCED_FACE('',(#17836),#17854,.F.);
#17836 = FACE_BOUND('',#17837,.F.);
#17837 = EDGE_LOOP('',(#17838,#17839,#17847,#17853));
#17838 = ORIENTED_EDGE('',*,*,#17824,.T.);
#17839 = ORIENTED_EDGE('',*,*,#17840,.T.);
#17840 = EDGE_CURVE('',#17817,#17841,#17843,.T.);
#17841 = VERTEX_POINT('',#17842);
#17842 = CARTESIAN_POINT('',(263.791341,71.099335,1.7));
#17843 = LINE('',#17844,#17845);
#17844 = CARTESIAN_POINT('',(263.789893,71.113965,1.7));
#17845 = VECTOR('',#17846,1.);
#17846 = DIRECTION('',(9.849346454508E-02,-0.995137697729,0.));
#17847 = ORIENTED_EDGE('',*,*,#17848,.F.);
#17848 = EDGE_CURVE('',#5345,#17841,#17849,.T.);
#17849 = LINE('',#17850,#17851);
#17850 = CARTESIAN_POINT('',(263.791341,71.099335,0.));
#17851 = VECTOR('',#17852,1.);
#17852 = DIRECTION('',(0.,0.,1.));
#17853 = ORIENTED_EDGE('',*,*,#5344,.F.);
#17854 = PLANE('',#17855);
#17855 = AXIS2_PLACEMENT_3D('',#17856,#17857,#17858);
#17856 = CARTESIAN_POINT('',(263.789893,71.113965,0.));
#17857 = DIRECTION('',(0.995137697729,9.849346454508E-02,0.));
#17858 = DIRECTION('',(9.849346454508E-02,-0.995137697729,0.));
#17859 = ADVANCED_FACE('',(#17860),#17878,.F.);
#17860 = FACE_BOUND('',#17861,.F.);
#17861 = EDGE_LOOP('',(#17862,#17863,#17871,#17877));
#17862 = ORIENTED_EDGE('',*,*,#17848,.T.);
#17863 = ORIENTED_EDGE('',*,*,#17864,.T.);
#17864 = EDGE_CURVE('',#17841,#17865,#17867,.T.);
#17865 = VERTEX_POINT('',#17866);
#17866 = CARTESIAN_POINT('',(263.791341,56.999338,1.7));
#17867 = LINE('',#17868,#17869);
#17868 = CARTESIAN_POINT('',(263.791341,71.099335,1.7));
#17869 = VECTOR('',#17870,1.);
#17870 = DIRECTION('',(0.,-1.,0.));
#17871 = ORIENTED_EDGE('',*,*,#17872,.F.);
#17872 = EDGE_CURVE('',#5353,#17865,#17873,.T.);
#17873 = LINE('',#17874,#17875);
#17874 = CARTESIAN_POINT('',(263.791341,56.999338,0.));
#17875 = VECTOR('',#17876,1.);
#17876 = DIRECTION('',(0.,0.,1.));
#17877 = ORIENTED_EDGE('',*,*,#5352,.F.);
#17878 = PLANE('',#17879);
#17879 = AXIS2_PLACEMENT_3D('',#17880,#17881,#17882);
#17880 = CARTESIAN_POINT('',(263.791341,71.099335,0.));
#17881 = DIRECTION('',(1.,0.,0.));
#17882 = DIRECTION('',(0.,-1.,0.));
#17883 = ADVANCED_FACE('',(#17884),#17902,.F.);
#17884 = FACE_BOUND('',#17885,.F.);
#17885 = EDGE_LOOP('',(#17886,#17887,#17895,#17901));
#17886 = ORIENTED_EDGE('',*,*,#17872,.T.);
#17887 = ORIENTED_EDGE('',*,*,#17888,.T.);
#17888 = EDGE_CURVE('',#17865,#17889,#17891,.T.);
#17889 = VERTEX_POINT('',#17890);
#17890 = CARTESIAN_POINT('',(263.789893,56.984707,1.7));
#17891 = LINE('',#17892,#17893);
#17892 = CARTESIAN_POINT('',(263.791341,56.999338,1.7));
#17893 = VECTOR('',#17894,1.);
#17894 = DIRECTION('',(-9.84867980096E-02,-0.995138357525,0.));
#17895 = ORIENTED_EDGE('',*,*,#17896,.F.);
#17896 = EDGE_CURVE('',#5361,#17889,#17897,.T.);
#17897 = LINE('',#17898,#17899);
#17898 = CARTESIAN_POINT('',(263.789893,56.984707,0.));
#17899 = VECTOR('',#17900,1.);
#17900 = DIRECTION('',(0.,0.,1.));
#17901 = ORIENTED_EDGE('',*,*,#5360,.F.);
#17902 = PLANE('',#17903);
#17903 = AXIS2_PLACEMENT_3D('',#17904,#17905,#17906);
#17904 = CARTESIAN_POINT('',(263.791341,56.999338,0.));
#17905 = DIRECTION('',(0.995138357525,-9.84867980096E-02,0.));
#17906 = DIRECTION('',(-9.84867980096E-02,-0.995138357525,0.));
#17907 = ADVANCED_FACE('',(#17908),#17926,.F.);
#17908 = FACE_BOUND('',#17909,.F.);
#17909 = EDGE_LOOP('',(#17910,#17911,#17919,#17925));
#17910 = ORIENTED_EDGE('',*,*,#17896,.T.);
#17911 = ORIENTED_EDGE('',*,*,#17912,.T.);
#17912 = EDGE_CURVE('',#17889,#17913,#17915,.T.);
#17913 = VERTEX_POINT('',#17914);
#17914 = CARTESIAN_POINT('',(263.778692,56.957656,1.7));
#17915 = LINE('',#17916,#17917);
#17916 = CARTESIAN_POINT('',(263.789893,56.984707,1.7));
#17917 = VECTOR('',#17918,1.);
#17918 = DIRECTION('',(-0.382569992546,-0.923926512664,0.));
#17919 = ORIENTED_EDGE('',*,*,#17920,.F.);
#17920 = EDGE_CURVE('',#5369,#17913,#17921,.T.);
#17921 = LINE('',#17922,#17923);
#17922 = CARTESIAN_POINT('',(263.778692,56.957656,0.));
#17923 = VECTOR('',#17924,1.);
#17924 = DIRECTION('',(0.,0.,1.));
#17925 = ORIENTED_EDGE('',*,*,#5368,.F.);
#17926 = PLANE('',#17927);
#17927 = AXIS2_PLACEMENT_3D('',#17928,#17929,#17930);
#17928 = CARTESIAN_POINT('',(263.789893,56.984707,0.));
#17929 = DIRECTION('',(0.923926512664,-0.382569992546,0.));
#17930 = DIRECTION('',(-0.382569992546,-0.923926512664,0.));
#17931 = ADVANCED_FACE('',(#17932),#17950,.F.);
#17932 = FACE_BOUND('',#17933,.F.);
#17933 = EDGE_LOOP('',(#17934,#17935,#17943,#17949));
#17934 = ORIENTED_EDGE('',*,*,#17920,.T.);
#17935 = ORIENTED_EDGE('',*,*,#17936,.T.);
#17936 = EDGE_CURVE('',#17913,#17937,#17939,.T.);
#17937 = VERTEX_POINT('',#17938);
#17938 = CARTESIAN_POINT('',(263.758016,56.936981,1.7));
#17939 = LINE('',#17940,#17941);
#17940 = CARTESIAN_POINT('',(263.778692,56.957656,1.7));
#17941 = VECTOR('',#17942,1.);
#17942 = DIRECTION('',(-0.707123881093,-0.707089680867,0.));
#17943 = ORIENTED_EDGE('',*,*,#17944,.F.);
#17944 = EDGE_CURVE('',#5377,#17937,#17945,.T.);
#17945 = LINE('',#17946,#17947);
#17946 = CARTESIAN_POINT('',(263.758016,56.936981,0.));
#17947 = VECTOR('',#17948,1.);
#17948 = DIRECTION('',(0.,0.,1.));
#17949 = ORIENTED_EDGE('',*,*,#5376,.F.);
#17950 = PLANE('',#17951);
#17951 = AXIS2_PLACEMENT_3D('',#17952,#17953,#17954);
#17952 = CARTESIAN_POINT('',(263.778692,56.957656,0.));
#17953 = DIRECTION('',(0.707089680867,-0.707123881093,0.));
#17954 = DIRECTION('',(-0.707123881093,-0.707089680867,0.));
#17955 = ADVANCED_FACE('',(#17956),#17974,.F.);
#17956 = FACE_BOUND('',#17957,.F.);
#17957 = EDGE_LOOP('',(#17958,#17959,#17967,#17973));
#17958 = ORIENTED_EDGE('',*,*,#17944,.T.);
#17959 = ORIENTED_EDGE('',*,*,#17960,.T.);
#17960 = EDGE_CURVE('',#17937,#17961,#17963,.T.);
#17961 = VERTEX_POINT('',#17962);
#17962 = CARTESIAN_POINT('',(263.730965,56.925779,1.7));
#17963 = LINE('',#17964,#17965);
#17964 = CARTESIAN_POINT('',(263.758016,56.936981,1.7));
#17965 = VECTOR('',#17966,1.);
#17966 = DIRECTION('',(-0.923914439716,-0.382599148043,0.));
#17967 = ORIENTED_EDGE('',*,*,#17968,.F.);
#17968 = EDGE_CURVE('',#5385,#17961,#17969,.T.);
#17969 = LINE('',#17970,#17971);
#17970 = CARTESIAN_POINT('',(263.730965,56.925779,0.));
#17971 = VECTOR('',#17972,1.);
#17972 = DIRECTION('',(0.,0.,1.));
#17973 = ORIENTED_EDGE('',*,*,#5384,.F.);
#17974 = PLANE('',#17975);
#17975 = AXIS2_PLACEMENT_3D('',#17976,#17977,#17978);
#17976 = CARTESIAN_POINT('',(263.758016,56.936981,0.));
#17977 = DIRECTION('',(0.382599148043,-0.923914439716,0.));
#17978 = DIRECTION('',(-0.923914439716,-0.382599148043,0.));
#17979 = ADVANCED_FACE('',(#17980),#17998,.F.);
#17980 = FACE_BOUND('',#17981,.F.);
#17981 = EDGE_LOOP('',(#17982,#17983,#17991,#17997));
#17982 = ORIENTED_EDGE('',*,*,#17968,.T.);
#17983 = ORIENTED_EDGE('',*,*,#17984,.T.);
#17984 = EDGE_CURVE('',#17961,#17985,#17987,.T.);
#17985 = VERTEX_POINT('',#17986);
#17986 = CARTESIAN_POINT('',(263.716335,56.924331,1.7));
#17987 = LINE('',#17988,#17989);
#17988 = CARTESIAN_POINT('',(263.730965,56.925779,1.7));
#17989 = VECTOR('',#17990,1.);
#17990 = DIRECTION('',(-0.995137697729,-9.849346454594E-02,0.));
#17991 = ORIENTED_EDGE('',*,*,#17992,.F.);
#17992 = EDGE_CURVE('',#5393,#17985,#17993,.T.);
#17993 = LINE('',#17994,#17995);
#17994 = CARTESIAN_POINT('',(263.716335,56.924331,0.));
#17995 = VECTOR('',#17996,1.);
#17996 = DIRECTION('',(0.,0.,1.));
#17997 = ORIENTED_EDGE('',*,*,#5392,.F.);
#17998 = PLANE('',#17999);
#17999 = AXIS2_PLACEMENT_3D('',#18000,#18001,#18002);
#18000 = CARTESIAN_POINT('',(263.730965,56.925779,0.));
#18001 = DIRECTION('',(9.849346454594E-02,-0.995137697729,0.));
#18002 = DIRECTION('',(-0.995137697729,-9.849346454594E-02,0.));
#18003 = ADVANCED_FACE('',(#18004),#18022,.F.);
#18004 = FACE_BOUND('',#18005,.F.);
#18005 = EDGE_LOOP('',(#18006,#18007,#18015,#18021));
#18006 = ORIENTED_EDGE('',*,*,#17992,.T.);
#18007 = ORIENTED_EDGE('',*,*,#18008,.T.);
#18008 = EDGE_CURVE('',#17985,#18009,#18011,.T.);
#18009 = VERTEX_POINT('',#18010);
#18010 = CARTESIAN_POINT('',(249.616337,56.924331,1.7));
#18011 = LINE('',#18012,#18013);
#18012 = CARTESIAN_POINT('',(263.716335,56.924331,1.7));
#18013 = VECTOR('',#18014,1.);
#18014 = DIRECTION('',(-1.,0.,0.));
#18015 = ORIENTED_EDGE('',*,*,#18016,.F.);
#18016 = EDGE_CURVE('',#5401,#18009,#18017,.T.);
#18017 = LINE('',#18018,#18019);
#18018 = CARTESIAN_POINT('',(249.616337,56.924331,0.));
#18019 = VECTOR('',#18020,1.);
#18020 = DIRECTION('',(0.,0.,1.));
#18021 = ORIENTED_EDGE('',*,*,#5400,.F.);
#18022 = PLANE('',#18023);
#18023 = AXIS2_PLACEMENT_3D('',#18024,#18025,#18026);
#18024 = CARTESIAN_POINT('',(263.716335,56.924331,0.));
#18025 = DIRECTION('',(0.,-1.,0.));
#18026 = DIRECTION('',(-1.,0.,0.));
#18027 = ADVANCED_FACE('',(#18028),#18046,.F.);
#18028 = FACE_BOUND('',#18029,.F.);
#18029 = EDGE_LOOP('',(#18030,#18031,#18039,#18045));
#18030 = ORIENTED_EDGE('',*,*,#18016,.T.);
#18031 = ORIENTED_EDGE('',*,*,#18032,.T.);
#18032 = EDGE_CURVE('',#18009,#18033,#18035,.T.);
#18033 = VERTEX_POINT('',#18034);
#18034 = CARTESIAN_POINT('',(249.601707,56.925779,1.7));
#18035 = LINE('',#18036,#18037);
#18036 = CARTESIAN_POINT('',(249.616337,56.924331,1.7));
#18037 = VECTOR('',#18038,1.);
#18038 = DIRECTION('',(-0.995137697729,9.849346454613E-02,0.));
#18039 = ORIENTED_EDGE('',*,*,#18040,.F.);
#18040 = EDGE_CURVE('',#5409,#18033,#18041,.T.);
#18041 = LINE('',#18042,#18043);
#18042 = CARTESIAN_POINT('',(249.601707,56.925779,0.));
#18043 = VECTOR('',#18044,1.);
#18044 = DIRECTION('',(0.,0.,1.));
#18045 = ORIENTED_EDGE('',*,*,#5408,.F.);
#18046 = PLANE('',#18047);
#18047 = AXIS2_PLACEMENT_3D('',#18048,#18049,#18050);
#18048 = CARTESIAN_POINT('',(249.616337,56.924331,0.));
#18049 = DIRECTION('',(-9.849346454613E-02,-0.995137697729,0.));
#18050 = DIRECTION('',(-0.995137697729,9.849346454613E-02,0.));
#18051 = ADVANCED_FACE('',(#18052),#18070,.F.);
#18052 = FACE_BOUND('',#18053,.F.);
#18053 = EDGE_LOOP('',(#18054,#18055,#18063,#18069));
#18054 = ORIENTED_EDGE('',*,*,#18040,.T.);
#18055 = ORIENTED_EDGE('',*,*,#18056,.T.);
#18056 = EDGE_CURVE('',#18033,#18057,#18059,.T.);
#18057 = VERTEX_POINT('',#18058);
#18058 = CARTESIAN_POINT('',(249.574656,56.936981,1.7));
#18059 = LINE('',#18060,#18061);
#18060 = CARTESIAN_POINT('',(249.601707,56.925779,1.7));
#18061 = VECTOR('',#18062,1.);
#18062 = DIRECTION('',(-0.923914439717,0.382599148043,0.));
#18063 = ORIENTED_EDGE('',*,*,#18064,.F.);
#18064 = EDGE_CURVE('',#5417,#18057,#18065,.T.);
#18065 = LINE('',#18066,#18067);
#18066 = CARTESIAN_POINT('',(249.574656,56.936981,0.));
#18067 = VECTOR('',#18068,1.);
#18068 = DIRECTION('',(0.,0.,1.));
#18069 = ORIENTED_EDGE('',*,*,#5416,.F.);
#18070 = PLANE('',#18071);
#18071 = AXIS2_PLACEMENT_3D('',#18072,#18073,#18074);
#18072 = CARTESIAN_POINT('',(249.601707,56.925779,0.));
#18073 = DIRECTION('',(-0.382599148043,-0.923914439717,0.));
#18074 = DIRECTION('',(-0.923914439717,0.382599148043,0.));
#18075 = ADVANCED_FACE('',(#18076),#18094,.F.);
#18076 = FACE_BOUND('',#18077,.F.);
#18077 = EDGE_LOOP('',(#18078,#18079,#18087,#18093));
#18078 = ORIENTED_EDGE('',*,*,#18064,.T.);
#18079 = ORIENTED_EDGE('',*,*,#18080,.T.);
#18080 = EDGE_CURVE('',#18057,#18081,#18083,.T.);
#18081 = VERTEX_POINT('',#18082);
#18082 = CARTESIAN_POINT('',(249.55398,56.957656,1.7));
#18083 = LINE('',#18084,#18085);
#18084 = CARTESIAN_POINT('',(249.574656,56.936981,1.7));
#18085 = VECTOR('',#18086,1.);
#18086 = DIRECTION('',(-0.707123881093,0.707089680866,0.));
#18087 = ORIENTED_EDGE('',*,*,#18088,.F.);
#18088 = EDGE_CURVE('',#5425,#18081,#18089,.T.);
#18089 = LINE('',#18090,#18091);
#18090 = CARTESIAN_POINT('',(249.55398,56.957656,0.));
#18091 = VECTOR('',#18092,1.);
#18092 = DIRECTION('',(0.,0.,1.));
#18093 = ORIENTED_EDGE('',*,*,#5424,.F.);
#18094 = PLANE('',#18095);
#18095 = AXIS2_PLACEMENT_3D('',#18096,#18097,#18098);
#18096 = CARTESIAN_POINT('',(249.574656,56.936981,0.));
#18097 = DIRECTION('',(-0.707089680866,-0.707123881093,0.));
#18098 = DIRECTION('',(-0.707123881093,0.707089680866,0.));
#18099 = ADVANCED_FACE('',(#18100),#18118,.F.);
#18100 = FACE_BOUND('',#18101,.F.);
#18101 = EDGE_LOOP('',(#18102,#18103,#18111,#18117));
#18102 = ORIENTED_EDGE('',*,*,#18088,.T.);
#18103 = ORIENTED_EDGE('',*,*,#18104,.T.);
#18104 = EDGE_CURVE('',#18081,#18105,#18107,.T.);
#18105 = VERTEX_POINT('',#18106);
#18106 = CARTESIAN_POINT('',(249.542779,56.984707,1.7));
#18107 = LINE('',#18108,#18109);
#18108 = CARTESIAN_POINT('',(249.55398,56.957656,1.7));
#18109 = VECTOR('',#18110,1.);
#18110 = DIRECTION('',(-0.382569992546,0.923926512664,0.));
#18111 = ORIENTED_EDGE('',*,*,#18112,.F.);
#18112 = EDGE_CURVE('',#5433,#18105,#18113,.T.);
#18113 = LINE('',#18114,#18115);
#18114 = CARTESIAN_POINT('',(249.542779,56.984707,0.));
#18115 = VECTOR('',#18116,1.);
#18116 = DIRECTION('',(0.,0.,1.));
#18117 = ORIENTED_EDGE('',*,*,#5432,.F.);
#18118 = PLANE('',#18119);
#18119 = AXIS2_PLACEMENT_3D('',#18120,#18121,#18122);
#18120 = CARTESIAN_POINT('',(249.55398,56.957656,0.));
#18121 = DIRECTION('',(-0.923926512664,-0.382569992546,0.));
#18122 = DIRECTION('',(-0.382569992546,0.923926512664,0.));
#18123 = ADVANCED_FACE('',(#18124),#18142,.F.);
#18124 = FACE_BOUND('',#18125,.F.);
#18125 = EDGE_LOOP('',(#18126,#18127,#18135,#18141));
#18126 = ORIENTED_EDGE('',*,*,#18112,.T.);
#18127 = ORIENTED_EDGE('',*,*,#18128,.T.);
#18128 = EDGE_CURVE('',#18105,#18129,#18131,.T.);
#18129 = VERTEX_POINT('',#18130);
#18130 = CARTESIAN_POINT('',(249.541331,56.999338,1.7));
#18131 = LINE('',#18132,#18133);
#18132 = CARTESIAN_POINT('',(249.542779,56.984707,1.7));
#18133 = VECTOR('',#18134,1.);
#18134 = DIRECTION('',(-9.84867980096E-02,0.995138357525,0.));
#18135 = ORIENTED_EDGE('',*,*,#18136,.F.);
#18136 = EDGE_CURVE('',#5441,#18129,#18137,.T.);
#18137 = LINE('',#18138,#18139);
#18138 = CARTESIAN_POINT('',(249.541331,56.999338,0.));
#18139 = VECTOR('',#18140,1.);
#18140 = DIRECTION('',(0.,0.,1.));
#18141 = ORIENTED_EDGE('',*,*,#5440,.F.);
#18142 = PLANE('',#18143);
#18143 = AXIS2_PLACEMENT_3D('',#18144,#18145,#18146);
#18144 = CARTESIAN_POINT('',(249.542779,56.984707,0.));
#18145 = DIRECTION('',(-0.995138357525,-9.84867980096E-02,0.));
#18146 = DIRECTION('',(-9.84867980096E-02,0.995138357525,0.));
#18147 = ADVANCED_FACE('',(#18148),#18166,.F.);
#18148 = FACE_BOUND('',#18149,.F.);
#18149 = EDGE_LOOP('',(#18150,#18151,#18159,#18165));
#18150 = ORIENTED_EDGE('',*,*,#18136,.T.);
#18151 = ORIENTED_EDGE('',*,*,#18152,.T.);
#18152 = EDGE_CURVE('',#18129,#18153,#18155,.T.);
#18153 = VERTEX_POINT('',#18154);
#18154 = CARTESIAN_POINT('',(249.541331,71.099335,1.7));
#18155 = LINE('',#18156,#18157);
#18156 = CARTESIAN_POINT('',(249.541331,56.999338,1.7));
#18157 = VECTOR('',#18158,1.);
#18158 = DIRECTION('',(0.,1.,0.));
#18159 = ORIENTED_EDGE('',*,*,#18160,.F.);
#18160 = EDGE_CURVE('',#5449,#18153,#18161,.T.);
#18161 = LINE('',#18162,#18163);
#18162 = CARTESIAN_POINT('',(249.541331,71.099335,0.));
#18163 = VECTOR('',#18164,1.);
#18164 = DIRECTION('',(0.,0.,1.));
#18165 = ORIENTED_EDGE('',*,*,#5448,.F.);
#18166 = PLANE('',#18167);
#18167 = AXIS2_PLACEMENT_3D('',#18168,#18169,#18170);
#18168 = CARTESIAN_POINT('',(249.541331,56.999338,0.));
#18169 = DIRECTION('',(-1.,0.,0.));
#18170 = DIRECTION('',(0.,1.,0.));
#18171 = ADVANCED_FACE('',(#18172),#18190,.F.);
#18172 = FACE_BOUND('',#18173,.F.);
#18173 = EDGE_LOOP('',(#18174,#18175,#18183,#18189));
#18174 = ORIENTED_EDGE('',*,*,#18160,.T.);
#18175 = ORIENTED_EDGE('',*,*,#18176,.T.);
#18176 = EDGE_CURVE('',#18153,#18177,#18179,.T.);
#18177 = VERTEX_POINT('',#18178);
#18178 = CARTESIAN_POINT('',(249.542779,71.113965,1.7));
#18179 = LINE('',#18180,#18181);
#18180 = CARTESIAN_POINT('',(249.541331,71.099335,1.7));
#18181 = VECTOR('',#18182,1.);
#18182 = DIRECTION('',(9.849346454508E-02,0.995137697729,0.));
#18183 = ORIENTED_EDGE('',*,*,#18184,.F.);
#18184 = EDGE_CURVE('',#5457,#18177,#18185,.T.);
#18185 = LINE('',#18186,#18187);
#18186 = CARTESIAN_POINT('',(249.542779,71.113965,0.));
#18187 = VECTOR('',#18188,1.);
#18188 = DIRECTION('',(0.,0.,1.));
#18189 = ORIENTED_EDGE('',*,*,#5456,.F.);
#18190 = PLANE('',#18191);
#18191 = AXIS2_PLACEMENT_3D('',#18192,#18193,#18194);
#18192 = CARTESIAN_POINT('',(249.541331,71.099335,0.));
#18193 = DIRECTION('',(-0.995137697729,9.849346454508E-02,0.));
#18194 = DIRECTION('',(9.849346454508E-02,0.995137697729,0.));
#18195 = ADVANCED_FACE('',(#18196),#18214,.F.);
#18196 = FACE_BOUND('',#18197,.F.);
#18197 = EDGE_LOOP('',(#18198,#18199,#18207,#18213));
#18198 = ORIENTED_EDGE('',*,*,#18184,.T.);
#18199 = ORIENTED_EDGE('',*,*,#18200,.T.);
#18200 = EDGE_CURVE('',#18177,#18201,#18203,.T.);
#18201 = VERTEX_POINT('',#18202);
#18202 = CARTESIAN_POINT('',(249.55398,71.141016,1.7));
#18203 = LINE('',#18204,#18205);
#18204 = CARTESIAN_POINT('',(249.542779,71.113965,1.7));
#18205 = VECTOR('',#18206,1.);
#18206 = DIRECTION('',(0.382569992546,0.923926512664,0.));
#18207 = ORIENTED_EDGE('',*,*,#18208,.F.);
#18208 = EDGE_CURVE('',#5465,#18201,#18209,.T.);
#18209 = LINE('',#18210,#18211);
#18210 = CARTESIAN_POINT('',(249.55398,71.141016,0.));
#18211 = VECTOR('',#18212,1.);
#18212 = DIRECTION('',(0.,0.,1.));
#18213 = ORIENTED_EDGE('',*,*,#5464,.F.);
#18214 = PLANE('',#18215);
#18215 = AXIS2_PLACEMENT_3D('',#18216,#18217,#18218);
#18216 = CARTESIAN_POINT('',(249.542779,71.113965,0.));
#18217 = DIRECTION('',(-0.923926512664,0.382569992546,0.));
#18218 = DIRECTION('',(0.382569992546,0.923926512664,0.));
#18219 = ADVANCED_FACE('',(#18220),#18238,.F.);
#18220 = FACE_BOUND('',#18221,.F.);
#18221 = EDGE_LOOP('',(#18222,#18223,#18231,#18237));
#18222 = ORIENTED_EDGE('',*,*,#18208,.T.);
#18223 = ORIENTED_EDGE('',*,*,#18224,.T.);
#18224 = EDGE_CURVE('',#18201,#18225,#18227,.T.);
#18225 = VERTEX_POINT('',#18226);
#18226 = CARTESIAN_POINT('',(249.574656,71.161692,1.7));
#18227 = LINE('',#18228,#18229);
#18228 = CARTESIAN_POINT('',(249.55398,71.141016,1.7));
#18229 = VECTOR('',#18230,1.);
#18230 = DIRECTION('',(0.707106781187,0.707106781187,0.));
#18231 = ORIENTED_EDGE('',*,*,#18232,.F.);
#18232 = EDGE_CURVE('',#5473,#18225,#18233,.T.);
#18233 = LINE('',#18234,#18235);
#18234 = CARTESIAN_POINT('',(249.574656,71.161692,0.));
#18235 = VECTOR('',#18236,1.);
#18236 = DIRECTION('',(0.,0.,1.));
#18237 = ORIENTED_EDGE('',*,*,#5472,.F.);
#18238 = PLANE('',#18239);
#18239 = AXIS2_PLACEMENT_3D('',#18240,#18241,#18242);
#18240 = CARTESIAN_POINT('',(249.55398,71.141016,0.));
#18241 = DIRECTION('',(-0.707106781187,0.707106781187,0.));
#18242 = DIRECTION('',(0.707106781187,0.707106781187,0.));
#18243 = ADVANCED_FACE('',(#18244),#18262,.F.);
#18244 = FACE_BOUND('',#18245,.F.);
#18245 = EDGE_LOOP('',(#18246,#18247,#18255,#18261));
#18246 = ORIENTED_EDGE('',*,*,#18232,.T.);
#18247 = ORIENTED_EDGE('',*,*,#18248,.T.);
#18248 = EDGE_CURVE('',#18225,#18249,#18251,.T.);
#18249 = VERTEX_POINT('',#18250);
#18250 = CARTESIAN_POINT('',(249.601707,71.172893,1.7));
#18251 = LINE('',#18252,#18253);
#18252 = CARTESIAN_POINT('',(249.574656,71.161692,1.7));
#18253 = VECTOR('',#18254,1.);
#18254 = DIRECTION('',(0.923926512664,0.382569992546,0.));
#18255 = ORIENTED_EDGE('',*,*,#18256,.F.);
#18256 = EDGE_CURVE('',#5481,#18249,#18257,.T.);
#18257 = LINE('',#18258,#18259);
#18258 = CARTESIAN_POINT('',(249.601707,71.172893,0.));
#18259 = VECTOR('',#18260,1.);
#18260 = DIRECTION('',(0.,0.,1.));
#18261 = ORIENTED_EDGE('',*,*,#5480,.F.);
#18262 = PLANE('',#18263);
#18263 = AXIS2_PLACEMENT_3D('',#18264,#18265,#18266);
#18264 = CARTESIAN_POINT('',(249.574656,71.161692,0.));
#18265 = DIRECTION('',(-0.382569992546,0.923926512664,0.));
#18266 = DIRECTION('',(0.923926512664,0.382569992546,0.));
#18267 = ADVANCED_FACE('',(#18268),#18286,.F.);
#18268 = FACE_BOUND('',#18269,.F.);
#18269 = EDGE_LOOP('',(#18270,#18271,#18279,#18285));
#18270 = ORIENTED_EDGE('',*,*,#18256,.T.);
#18271 = ORIENTED_EDGE('',*,*,#18272,.T.);
#18272 = EDGE_CURVE('',#18249,#18273,#18275,.T.);
#18273 = VERTEX_POINT('',#18274);
#18274 = CARTESIAN_POINT('',(249.616337,71.174341,1.7));
#18275 = LINE('',#18276,#18277);
#18276 = CARTESIAN_POINT('',(249.601707,71.172893,1.7));
#18277 = VECTOR('',#18278,1.);
#18278 = DIRECTION('',(0.995137697729,9.849346454613E-02,0.));
#18279 = ORIENTED_EDGE('',*,*,#18280,.F.);
#18280 = EDGE_CURVE('',#5489,#18273,#18281,.T.);
#18281 = LINE('',#18282,#18283);
#18282 = CARTESIAN_POINT('',(249.616337,71.174341,0.));
#18283 = VECTOR('',#18284,1.);
#18284 = DIRECTION('',(0.,0.,1.));
#18285 = ORIENTED_EDGE('',*,*,#5488,.F.);
#18286 = PLANE('',#18287);
#18287 = AXIS2_PLACEMENT_3D('',#18288,#18289,#18290);
#18288 = CARTESIAN_POINT('',(249.601707,71.172893,0.));
#18289 = DIRECTION('',(-9.849346454613E-02,0.995137697729,0.));
#18290 = DIRECTION('',(0.995137697729,9.849346454613E-02,0.));
#18291 = ADVANCED_FACE('',(#18292),#18310,.F.);
#18292 = FACE_BOUND('',#18293,.F.);
#18293 = EDGE_LOOP('',(#18294,#18295,#18303,#18309));
#18294 = ORIENTED_EDGE('',*,*,#18280,.T.);
#18295 = ORIENTED_EDGE('',*,*,#18296,.T.);
#18296 = EDGE_CURVE('',#18273,#18297,#18299,.T.);
#18297 = VERTEX_POINT('',#18298);
#18298 = CARTESIAN_POINT('',(263.716335,71.174341,1.7));
#18299 = LINE('',#18300,#18301);
#18300 = CARTESIAN_POINT('',(249.616337,71.174341,1.7));
#18301 = VECTOR('',#18302,1.);
#18302 = DIRECTION('',(1.,0.,0.));
#18303 = ORIENTED_EDGE('',*,*,#18304,.F.);
#18304 = EDGE_CURVE('',#5497,#18297,#18305,.T.);
#18305 = LINE('',#18306,#18307);
#18306 = CARTESIAN_POINT('',(263.716335,71.174341,0.));
#18307 = VECTOR('',#18308,1.);
#18308 = DIRECTION('',(0.,0.,1.));
#18309 = ORIENTED_EDGE('',*,*,#5496,.F.);
#18310 = PLANE('',#18311);
#18311 = AXIS2_PLACEMENT_3D('',#18312,#18313,#18314);
#18312 = CARTESIAN_POINT('',(249.616337,71.174341,0.));
#18313 = DIRECTION('',(0.,1.,0.));
#18314 = DIRECTION('',(1.,0.,0.));
#18315 = ADVANCED_FACE('',(#18316),#18327,.F.);
#18316 = FACE_BOUND('',#18317,.F.);
#18317 = EDGE_LOOP('',(#18318,#18319,#18325,#18326));
#18318 = ORIENTED_EDGE('',*,*,#18304,.T.);
#18319 = ORIENTED_EDGE('',*,*,#18320,.T.);
#18320 = EDGE_CURVE('',#18297,#17761,#18321,.T.);
#18321 = LINE('',#18322,#18323);
#18322 = CARTESIAN_POINT('',(263.716335,71.174341,1.7));
#18323 = VECTOR('',#18324,1.);
#18324 = DIRECTION('',(0.995137697729,-9.849346454594E-02,0.));
#18325 = ORIENTED_EDGE('',*,*,#17760,.F.);
#18326 = ORIENTED_EDGE('',*,*,#5504,.F.);
#18327 = PLANE('',#18328);
#18328 = AXIS2_PLACEMENT_3D('',#18329,#18330,#18331);
#18329 = CARTESIAN_POINT('',(263.716335,71.174341,0.));
#18330 = DIRECTION('',(9.849346454594E-02,0.995137697729,0.));
#18331 = DIRECTION('',(0.995137697729,-9.849346454594E-02,0.));
#18332 = ADVANCED_FACE('',(#18333),#18358,.F.);
#18333 = FACE_BOUND('',#18334,.F.);
#18334 = EDGE_LOOP('',(#18335,#18343,#18351,#18357));
#18335 = ORIENTED_EDGE('',*,*,#18336,.T.);
#18336 = EDGE_CURVE('',#5513,#18337,#18339,.T.);
#18337 = VERTEX_POINT('',#18338);
#18338 = CARTESIAN_POINT('',(282.780965,33.072893,1.7));
#18339 = LINE('',#18340,#18341);
#18340 = CARTESIAN_POINT('',(282.780965,33.072893,0.));
#18341 = VECTOR('',#18342,1.);
#18342 = DIRECTION('',(0.,0.,1.));
#18343 = ORIENTED_EDGE('',*,*,#18344,.T.);
#18344 = EDGE_CURVE('',#18337,#18345,#18347,.T.);
#18345 = VERTEX_POINT('',#18346);
#18346 = CARTESIAN_POINT('',(282.808016,33.061692,1.7));
#18347 = LINE('',#18348,#18349);
#18348 = CARTESIAN_POINT('',(282.780965,33.072893,1.7));
#18349 = VECTOR('',#18350,1.);
#18350 = DIRECTION('',(0.923926512664,-0.382569992545,0.));
#18351 = ORIENTED_EDGE('',*,*,#18352,.F.);
#18352 = EDGE_CURVE('',#5515,#18345,#18353,.T.);
#18353 = LINE('',#18354,#18355);
#18354 = CARTESIAN_POINT('',(282.808016,33.061692,0.));
#18355 = VECTOR('',#18356,1.);
#18356 = DIRECTION('',(0.,0.,1.));
#18357 = ORIENTED_EDGE('',*,*,#5512,.F.);
#18358 = PLANE('',#18359);
#18359 = AXIS2_PLACEMENT_3D('',#18360,#18361,#18362);
#18360 = CARTESIAN_POINT('',(282.780965,33.072893,0.));
#18361 = DIRECTION('',(0.382569992545,0.923926512664,0.));
#18362 = DIRECTION('',(0.923926512664,-0.382569992545,0.));
#18363 = ADVANCED_FACE('',(#18364),#18382,.F.);
#18364 = FACE_BOUND('',#18365,.F.);
#18365 = EDGE_LOOP('',(#18366,#18367,#18375,#18381));
#18366 = ORIENTED_EDGE('',*,*,#18352,.T.);
#18367 = ORIENTED_EDGE('',*,*,#18368,.T.);
#18368 = EDGE_CURVE('',#18345,#18369,#18371,.T.);
#18369 = VERTEX_POINT('',#18370);
#18370 = CARTESIAN_POINT('',(282.828692,33.041016,1.7));
#18371 = LINE('',#18372,#18373);
#18372 = CARTESIAN_POINT('',(282.808016,33.061692,1.7));
#18373 = VECTOR('',#18374,1.);
#18374 = DIRECTION('',(0.707106781186,-0.707106781187,0.));
#18375 = ORIENTED_EDGE('',*,*,#18376,.F.);
#18376 = EDGE_CURVE('',#5523,#18369,#18377,.T.);
#18377 = LINE('',#18378,#18379);
#18378 = CARTESIAN_POINT('',(282.828692,33.041016,0.));
#18379 = VECTOR('',#18380,1.);
#18380 = DIRECTION('',(0.,0.,1.));
#18381 = ORIENTED_EDGE('',*,*,#5522,.F.);
#18382 = PLANE('',#18383);
#18383 = AXIS2_PLACEMENT_3D('',#18384,#18385,#18386);
#18384 = CARTESIAN_POINT('',(282.808016,33.061692,0.));
#18385 = DIRECTION('',(0.707106781187,0.707106781186,0.));
#18386 = DIRECTION('',(0.707106781186,-0.707106781187,0.));
#18387 = ADVANCED_FACE('',(#18388),#18406,.F.);
#18388 = FACE_BOUND('',#18389,.F.);
#18389 = EDGE_LOOP('',(#18390,#18391,#18399,#18405));
#18390 = ORIENTED_EDGE('',*,*,#18376,.T.);
#18391 = ORIENTED_EDGE('',*,*,#18392,.T.);
#18392 = EDGE_CURVE('',#18369,#18393,#18395,.T.);
#18393 = VERTEX_POINT('',#18394);
#18394 = CARTESIAN_POINT('',(282.839893,33.013965,1.7));
#18395 = LINE('',#18396,#18397);
#18396 = CARTESIAN_POINT('',(282.828692,33.041016,1.7));
#18397 = VECTOR('',#18398,1.);
#18398 = DIRECTION('',(0.382569992546,-0.923926512664,0.));
#18399 = ORIENTED_EDGE('',*,*,#18400,.F.);
#18400 = EDGE_CURVE('',#5531,#18393,#18401,.T.);
#18401 = LINE('',#18402,#18403);
#18402 = CARTESIAN_POINT('',(282.839893,33.013965,0.));
#18403 = VECTOR('',#18404,1.);
#18404 = DIRECTION('',(0.,0.,1.));
#18405 = ORIENTED_EDGE('',*,*,#5530,.F.);
#18406 = PLANE('',#18407);
#18407 = AXIS2_PLACEMENT_3D('',#18408,#18409,#18410);
#18408 = CARTESIAN_POINT('',(282.828692,33.041016,0.));
#18409 = DIRECTION('',(0.923926512664,0.382569992546,0.));
#18410 = DIRECTION('',(0.382569992546,-0.923926512664,0.));
#18411 = ADVANCED_FACE('',(#18412),#18430,.F.);
#18412 = FACE_BOUND('',#18413,.F.);
#18413 = EDGE_LOOP('',(#18414,#18415,#18423,#18429));
#18414 = ORIENTED_EDGE('',*,*,#18400,.T.);
#18415 = ORIENTED_EDGE('',*,*,#18416,.T.);
#18416 = EDGE_CURVE('',#18393,#18417,#18419,.T.);
#18417 = VERTEX_POINT('',#18418);
#18418 = CARTESIAN_POINT('',(282.841341,32.999335,1.7));
#18419 = LINE('',#18420,#18421);
#18420 = CARTESIAN_POINT('',(282.839893,33.013965,1.7));
#18421 = VECTOR('',#18422,1.);
#18422 = DIRECTION('',(9.849346454508E-02,-0.995137697729,0.));
#18423 = ORIENTED_EDGE('',*,*,#18424,.F.);
#18424 = EDGE_CURVE('',#5539,#18417,#18425,.T.);
#18425 = LINE('',#18426,#18427);
#18426 = CARTESIAN_POINT('',(282.841341,32.999335,0.));
#18427 = VECTOR('',#18428,1.);
#18428 = DIRECTION('',(0.,0.,1.));
#18429 = ORIENTED_EDGE('',*,*,#5538,.F.);
#18430 = PLANE('',#18431);
#18431 = AXIS2_PLACEMENT_3D('',#18432,#18433,#18434);
#18432 = CARTESIAN_POINT('',(282.839893,33.013965,0.));
#18433 = DIRECTION('',(0.995137697729,9.849346454508E-02,0.));
#18434 = DIRECTION('',(9.849346454508E-02,-0.995137697729,0.));
#18435 = ADVANCED_FACE('',(#18436),#18454,.F.);
#18436 = FACE_BOUND('',#18437,.F.);
#18437 = EDGE_LOOP('',(#18438,#18439,#18447,#18453));
#18438 = ORIENTED_EDGE('',*,*,#18424,.T.);
#18439 = ORIENTED_EDGE('',*,*,#18440,.T.);
#18440 = EDGE_CURVE('',#18417,#18441,#18443,.T.);
#18441 = VERTEX_POINT('',#18442);
#18442 = CARTESIAN_POINT('',(282.841341,18.899338,1.7));
#18443 = LINE('',#18444,#18445);
#18444 = CARTESIAN_POINT('',(282.841341,32.999335,1.7));
#18445 = VECTOR('',#18446,1.);
#18446 = DIRECTION('',(0.,-1.,0.));
#18447 = ORIENTED_EDGE('',*,*,#18448,.F.);
#18448 = EDGE_CURVE('',#5547,#18441,#18449,.T.);
#18449 = LINE('',#18450,#18451);
#18450 = CARTESIAN_POINT('',(282.841341,18.899338,0.));
#18451 = VECTOR('',#18452,1.);
#18452 = DIRECTION('',(0.,0.,1.));
#18453 = ORIENTED_EDGE('',*,*,#5546,.F.);
#18454 = PLANE('',#18455);
#18455 = AXIS2_PLACEMENT_3D('',#18456,#18457,#18458);
#18456 = CARTESIAN_POINT('',(282.841341,32.999335,0.));
#18457 = DIRECTION('',(1.,0.,0.));
#18458 = DIRECTION('',(0.,-1.,0.));
#18459 = ADVANCED_FACE('',(#18460),#18478,.F.);
#18460 = FACE_BOUND('',#18461,.F.);
#18461 = EDGE_LOOP('',(#18462,#18463,#18471,#18477));
#18462 = ORIENTED_EDGE('',*,*,#18448,.T.);
#18463 = ORIENTED_EDGE('',*,*,#18464,.T.);
#18464 = EDGE_CURVE('',#18441,#18465,#18467,.T.);
#18465 = VERTEX_POINT('',#18466);
#18466 = CARTESIAN_POINT('',(282.839893,18.884707,1.7));
#18467 = LINE('',#18468,#18469);
#18468 = CARTESIAN_POINT('',(282.841341,18.899338,1.7));
#18469 = VECTOR('',#18470,1.);
#18470 = DIRECTION('',(-9.84867980096E-02,-0.995138357525,0.));
#18471 = ORIENTED_EDGE('',*,*,#18472,.F.);
#18472 = EDGE_CURVE('',#5555,#18465,#18473,.T.);
#18473 = LINE('',#18474,#18475);
#18474 = CARTESIAN_POINT('',(282.839893,18.884707,0.));
#18475 = VECTOR('',#18476,1.);
#18476 = DIRECTION('',(0.,0.,1.));
#18477 = ORIENTED_EDGE('',*,*,#5554,.F.);
#18478 = PLANE('',#18479);
#18479 = AXIS2_PLACEMENT_3D('',#18480,#18481,#18482);
#18480 = CARTESIAN_POINT('',(282.841341,18.899338,0.));
#18481 = DIRECTION('',(0.995138357525,-9.84867980096E-02,0.));
#18482 = DIRECTION('',(-9.84867980096E-02,-0.995138357525,0.));
#18483 = ADVANCED_FACE('',(#18484),#18502,.F.);
#18484 = FACE_BOUND('',#18485,.F.);
#18485 = EDGE_LOOP('',(#18486,#18487,#18495,#18501));
#18486 = ORIENTED_EDGE('',*,*,#18472,.T.);
#18487 = ORIENTED_EDGE('',*,*,#18488,.T.);
#18488 = EDGE_CURVE('',#18465,#18489,#18491,.T.);
#18489 = VERTEX_POINT('',#18490);
#18490 = CARTESIAN_POINT('',(282.828692,18.857656,1.7));
#18491 = LINE('',#18492,#18493);
#18492 = CARTESIAN_POINT('',(282.839893,18.884707,1.7));
#18493 = VECTOR('',#18494,1.);
#18494 = DIRECTION('',(-0.382569992546,-0.923926512664,0.));
#18495 = ORIENTED_EDGE('',*,*,#18496,.F.);
#18496 = EDGE_CURVE('',#5563,#18489,#18497,.T.);
#18497 = LINE('',#18498,#18499);
#18498 = CARTESIAN_POINT('',(282.828692,18.857656,0.));
#18499 = VECTOR('',#18500,1.);
#18500 = DIRECTION('',(0.,0.,1.));
#18501 = ORIENTED_EDGE('',*,*,#5562,.F.);
#18502 = PLANE('',#18503);
#18503 = AXIS2_PLACEMENT_3D('',#18504,#18505,#18506);
#18504 = CARTESIAN_POINT('',(282.839893,18.884707,0.));
#18505 = DIRECTION('',(0.923926512664,-0.382569992546,0.));
#18506 = DIRECTION('',(-0.382569992546,-0.923926512664,0.));
#18507 = ADVANCED_FACE('',(#18508),#18526,.F.);
#18508 = FACE_BOUND('',#18509,.F.);
#18509 = EDGE_LOOP('',(#18510,#18511,#18519,#18525));
#18510 = ORIENTED_EDGE('',*,*,#18496,.T.);
#18511 = ORIENTED_EDGE('',*,*,#18512,.T.);
#18512 = EDGE_CURVE('',#18489,#18513,#18515,.T.);
#18513 = VERTEX_POINT('',#18514);
#18514 = CARTESIAN_POINT('',(282.808016,18.836981,1.7));
#18515 = LINE('',#18516,#18517);
#18516 = CARTESIAN_POINT('',(282.828692,18.857656,1.7));
#18517 = VECTOR('',#18518,1.);
#18518 = DIRECTION('',(-0.707123881093,-0.707089680867,0.));
#18519 = ORIENTED_EDGE('',*,*,#18520,.F.);
#18520 = EDGE_CURVE('',#5571,#18513,#18521,.T.);
#18521 = LINE('',#18522,#18523);
#18522 = CARTESIAN_POINT('',(282.808016,18.836981,0.));
#18523 = VECTOR('',#18524,1.);
#18524 = DIRECTION('',(0.,0.,1.));
#18525 = ORIENTED_EDGE('',*,*,#5570,.F.);
#18526 = PLANE('',#18527);
#18527 = AXIS2_PLACEMENT_3D('',#18528,#18529,#18530);
#18528 = CARTESIAN_POINT('',(282.828692,18.857656,0.));
#18529 = DIRECTION('',(0.707089680867,-0.707123881093,0.));
#18530 = DIRECTION('',(-0.707123881093,-0.707089680867,0.));
#18531 = ADVANCED_FACE('',(#18532),#18550,.F.);
#18532 = FACE_BOUND('',#18533,.F.);
#18533 = EDGE_LOOP('',(#18534,#18535,#18543,#18549));
#18534 = ORIENTED_EDGE('',*,*,#18520,.T.);
#18535 = ORIENTED_EDGE('',*,*,#18536,.T.);
#18536 = EDGE_CURVE('',#18513,#18537,#18539,.T.);
#18537 = VERTEX_POINT('',#18538);
#18538 = CARTESIAN_POINT('',(282.780965,18.825779,1.7));
#18539 = LINE('',#18540,#18541);
#18540 = CARTESIAN_POINT('',(282.808016,18.836981,1.7));
#18541 = VECTOR('',#18542,1.);
#18542 = DIRECTION('',(-0.923914439717,-0.382599148042,0.));
#18543 = ORIENTED_EDGE('',*,*,#18544,.F.);
#18544 = EDGE_CURVE('',#5579,#18537,#18545,.T.);
#18545 = LINE('',#18546,#18547);
#18546 = CARTESIAN_POINT('',(282.780965,18.825779,0.));
#18547 = VECTOR('',#18548,1.);
#18548 = DIRECTION('',(0.,0.,1.));
#18549 = ORIENTED_EDGE('',*,*,#5578,.F.);
#18550 = PLANE('',#18551);
#18551 = AXIS2_PLACEMENT_3D('',#18552,#18553,#18554);
#18552 = CARTESIAN_POINT('',(282.808016,18.836981,0.));
#18553 = DIRECTION('',(0.382599148042,-0.923914439717,0.));
#18554 = DIRECTION('',(-0.923914439717,-0.382599148042,0.));
#18555 = ADVANCED_FACE('',(#18556),#18574,.F.);
#18556 = FACE_BOUND('',#18557,.F.);
#18557 = EDGE_LOOP('',(#18558,#18559,#18567,#18573));
#18558 = ORIENTED_EDGE('',*,*,#18544,.T.);
#18559 = ORIENTED_EDGE('',*,*,#18560,.T.);
#18560 = EDGE_CURVE('',#18537,#18561,#18563,.T.);
#18561 = VERTEX_POINT('',#18562);
#18562 = CARTESIAN_POINT('',(282.766335,18.824331,1.7));
#18563 = LINE('',#18564,#18565);
#18564 = CARTESIAN_POINT('',(282.780965,18.825779,1.7));
#18565 = VECTOR('',#18566,1.);
#18566 = DIRECTION('',(-0.995137697729,-9.849346454656E-02,0.));
#18567 = ORIENTED_EDGE('',*,*,#18568,.F.);
#18568 = EDGE_CURVE('',#5587,#18561,#18569,.T.);
#18569 = LINE('',#18570,#18571);
#18570 = CARTESIAN_POINT('',(282.766335,18.824331,0.));
#18571 = VECTOR('',#18572,1.);
#18572 = DIRECTION('',(0.,0.,1.));
#18573 = ORIENTED_EDGE('',*,*,#5586,.F.);
#18574 = PLANE('',#18575);
#18575 = AXIS2_PLACEMENT_3D('',#18576,#18577,#18578);
#18576 = CARTESIAN_POINT('',(282.780965,18.825779,0.));
#18577 = DIRECTION('',(9.849346454656E-02,-0.995137697729,0.));
#18578 = DIRECTION('',(-0.995137697729,-9.849346454656E-02,0.));
#18579 = ADVANCED_FACE('',(#18580),#18598,.F.);
#18580 = FACE_BOUND('',#18581,.F.);
#18581 = EDGE_LOOP('',(#18582,#18583,#18591,#18597));
#18582 = ORIENTED_EDGE('',*,*,#18568,.T.);
#18583 = ORIENTED_EDGE('',*,*,#18584,.T.);
#18584 = EDGE_CURVE('',#18561,#18585,#18587,.T.);
#18585 = VERTEX_POINT('',#18586);
#18586 = CARTESIAN_POINT('',(268.666337,18.824331,1.7));
#18587 = LINE('',#18588,#18589);
#18588 = CARTESIAN_POINT('',(282.766335,18.824331,1.7));
#18589 = VECTOR('',#18590,1.);
#18590 = DIRECTION('',(-1.,0.,0.));
#18591 = ORIENTED_EDGE('',*,*,#18592,.F.);
#18592 = EDGE_CURVE('',#5595,#18585,#18593,.T.);
#18593 = LINE('',#18594,#18595);
#18594 = CARTESIAN_POINT('',(268.666337,18.824331,0.));
#18595 = VECTOR('',#18596,1.);
#18596 = DIRECTION('',(0.,0.,1.));
#18597 = ORIENTED_EDGE('',*,*,#5594,.F.);
#18598 = PLANE('',#18599);
#18599 = AXIS2_PLACEMENT_3D('',#18600,#18601,#18602);
#18600 = CARTESIAN_POINT('',(282.766335,18.824331,0.));
#18601 = DIRECTION('',(0.,-1.,0.));
#18602 = DIRECTION('',(-1.,0.,0.));
#18603 = ADVANCED_FACE('',(#18604),#18622,.F.);
#18604 = FACE_BOUND('',#18605,.F.);
#18605 = EDGE_LOOP('',(#18606,#18607,#18615,#18621));
#18606 = ORIENTED_EDGE('',*,*,#18592,.T.);
#18607 = ORIENTED_EDGE('',*,*,#18608,.T.);
#18608 = EDGE_CURVE('',#18585,#18609,#18611,.T.);
#18609 = VERTEX_POINT('',#18610);
#18610 = CARTESIAN_POINT('',(268.651707,18.825779,1.7));
#18611 = LINE('',#18612,#18613);
#18612 = CARTESIAN_POINT('',(268.666337,18.824331,1.7));
#18613 = VECTOR('',#18614,1.);
#18614 = DIRECTION('',(-0.995137697729,9.849346454618E-02,0.));
#18615 = ORIENTED_EDGE('',*,*,#18616,.F.);
#18616 = EDGE_CURVE('',#5603,#18609,#18617,.T.);
#18617 = LINE('',#18618,#18619);
#18618 = CARTESIAN_POINT('',(268.651707,18.825779,0.));
#18619 = VECTOR('',#18620,1.);
#18620 = DIRECTION('',(0.,0.,1.));
#18621 = ORIENTED_EDGE('',*,*,#5602,.F.);
#18622 = PLANE('',#18623);
#18623 = AXIS2_PLACEMENT_3D('',#18624,#18625,#18626);
#18624 = CARTESIAN_POINT('',(268.666337,18.824331,0.));
#18625 = DIRECTION('',(-9.849346454618E-02,-0.995137697729,0.));
#18626 = DIRECTION('',(-0.995137697729,9.849346454618E-02,0.));
#18627 = ADVANCED_FACE('',(#18628),#18646,.F.);
#18628 = FACE_BOUND('',#18629,.F.);
#18629 = EDGE_LOOP('',(#18630,#18631,#18639,#18645));
#18630 = ORIENTED_EDGE('',*,*,#18616,.T.);
#18631 = ORIENTED_EDGE('',*,*,#18632,.T.);
#18632 = EDGE_CURVE('',#18609,#18633,#18635,.T.);
#18633 = VERTEX_POINT('',#18634);
#18634 = CARTESIAN_POINT('',(268.624656,18.836981,1.7));
#18635 = LINE('',#18636,#18637);
#18636 = CARTESIAN_POINT('',(268.651707,18.825779,1.7));
#18637 = VECTOR('',#18638,1.);
#18638 = DIRECTION('',(-0.923914439716,0.382599148043,0.));
#18639 = ORIENTED_EDGE('',*,*,#18640,.F.);
#18640 = EDGE_CURVE('',#5611,#18633,#18641,.T.);
#18641 = LINE('',#18642,#18643);
#18642 = CARTESIAN_POINT('',(268.624656,18.836981,0.));
#18643 = VECTOR('',#18644,1.);
#18644 = DIRECTION('',(0.,0.,1.));
#18645 = ORIENTED_EDGE('',*,*,#5610,.F.);
#18646 = PLANE('',#18647);
#18647 = AXIS2_PLACEMENT_3D('',#18648,#18649,#18650);
#18648 = CARTESIAN_POINT('',(268.651707,18.825779,0.));
#18649 = DIRECTION('',(-0.382599148043,-0.923914439716,0.));
#18650 = DIRECTION('',(-0.923914439716,0.382599148043,0.));
#18651 = ADVANCED_FACE('',(#18652),#18670,.F.);
#18652 = FACE_BOUND('',#18653,.F.);
#18653 = EDGE_LOOP('',(#18654,#18655,#18663,#18669));
#18654 = ORIENTED_EDGE('',*,*,#18640,.T.);
#18655 = ORIENTED_EDGE('',*,*,#18656,.T.);
#18656 = EDGE_CURVE('',#18633,#18657,#18659,.T.);
#18657 = VERTEX_POINT('',#18658);
#18658 = CARTESIAN_POINT('',(268.60398,18.857656,1.7));
#18659 = LINE('',#18660,#18661);
#18660 = CARTESIAN_POINT('',(268.624656,18.836981,1.7));
#18661 = VECTOR('',#18662,1.);
#18662 = DIRECTION('',(-0.707123881094,0.707089680866,0.));
#18663 = ORIENTED_EDGE('',*,*,#18664,.F.);
#18664 = EDGE_CURVE('',#5619,#18657,#18665,.T.);
#18665 = LINE('',#18666,#18667);
#18666 = CARTESIAN_POINT('',(268.60398,18.857656,0.));
#18667 = VECTOR('',#18668,1.);
#18668 = DIRECTION('',(0.,0.,1.));
#18669 = ORIENTED_EDGE('',*,*,#5618,.F.);
#18670 = PLANE('',#18671);
#18671 = AXIS2_PLACEMENT_3D('',#18672,#18673,#18674);
#18672 = CARTESIAN_POINT('',(268.624656,18.836981,0.));
#18673 = DIRECTION('',(-0.707089680866,-0.707123881094,0.));
#18674 = DIRECTION('',(-0.707123881094,0.707089680866,0.));
#18675 = ADVANCED_FACE('',(#18676),#18694,.F.);
#18676 = FACE_BOUND('',#18677,.F.);
#18677 = EDGE_LOOP('',(#18678,#18679,#18687,#18693));
#18678 = ORIENTED_EDGE('',*,*,#18664,.T.);
#18679 = ORIENTED_EDGE('',*,*,#18680,.T.);
#18680 = EDGE_CURVE('',#18657,#18681,#18683,.T.);
#18681 = VERTEX_POINT('',#18682);
#18682 = CARTESIAN_POINT('',(268.592779,18.884707,1.7));
#18683 = LINE('',#18684,#18685);
#18684 = CARTESIAN_POINT('',(268.60398,18.857656,1.7));
#18685 = VECTOR('',#18686,1.);
#18686 = DIRECTION('',(-0.382569992545,0.923926512664,0.));
#18687 = ORIENTED_EDGE('',*,*,#18688,.F.);
#18688 = EDGE_CURVE('',#5627,#18681,#18689,.T.);
#18689 = LINE('',#18690,#18691);
#18690 = CARTESIAN_POINT('',(268.592779,18.884707,0.));
#18691 = VECTOR('',#18692,1.);
#18692 = DIRECTION('',(0.,0.,1.));
#18693 = ORIENTED_EDGE('',*,*,#5626,.F.);
#18694 = PLANE('',#18695);
#18695 = AXIS2_PLACEMENT_3D('',#18696,#18697,#18698);
#18696 = CARTESIAN_POINT('',(268.60398,18.857656,0.));
#18697 = DIRECTION('',(-0.923926512664,-0.382569992545,0.));
#18698 = DIRECTION('',(-0.382569992545,0.923926512664,0.));
#18699 = ADVANCED_FACE('',(#18700),#18718,.F.);
#18700 = FACE_BOUND('',#18701,.F.);
#18701 = EDGE_LOOP('',(#18702,#18703,#18711,#18717));
#18702 = ORIENTED_EDGE('',*,*,#18688,.T.);
#18703 = ORIENTED_EDGE('',*,*,#18704,.T.);
#18704 = EDGE_CURVE('',#18681,#18705,#18707,.T.);
#18705 = VERTEX_POINT('',#18706);
#18706 = CARTESIAN_POINT('',(268.591331,18.899338,1.7));
#18707 = LINE('',#18708,#18709);
#18708 = CARTESIAN_POINT('',(268.592779,18.884707,1.7));
#18709 = VECTOR('',#18710,1.);
#18710 = DIRECTION('',(-9.84867980096E-02,0.995138357525,0.));
#18711 = ORIENTED_EDGE('',*,*,#18712,.F.);
#18712 = EDGE_CURVE('',#5635,#18705,#18713,.T.);
#18713 = LINE('',#18714,#18715);
#18714 = CARTESIAN_POINT('',(268.591331,18.899338,0.));
#18715 = VECTOR('',#18716,1.);
#18716 = DIRECTION('',(0.,0.,1.));
#18717 = ORIENTED_EDGE('',*,*,#5634,.F.);
#18718 = PLANE('',#18719);
#18719 = AXIS2_PLACEMENT_3D('',#18720,#18721,#18722);
#18720 = CARTESIAN_POINT('',(268.592779,18.884707,0.));
#18721 = DIRECTION('',(-0.995138357525,-9.84867980096E-02,0.));
#18722 = DIRECTION('',(-9.84867980096E-02,0.995138357525,0.));
#18723 = ADVANCED_FACE('',(#18724),#18742,.F.);
#18724 = FACE_BOUND('',#18725,.F.);
#18725 = EDGE_LOOP('',(#18726,#18727,#18735,#18741));
#18726 = ORIENTED_EDGE('',*,*,#18712,.T.);
#18727 = ORIENTED_EDGE('',*,*,#18728,.T.);
#18728 = EDGE_CURVE('',#18705,#18729,#18731,.T.);
#18729 = VERTEX_POINT('',#18730);
#18730 = CARTESIAN_POINT('',(268.591331,32.999335,1.7));
#18731 = LINE('',#18732,#18733);
#18732 = CARTESIAN_POINT('',(268.591331,18.899338,1.7));
#18733 = VECTOR('',#18734,1.);
#18734 = DIRECTION('',(0.,1.,0.));
#18735 = ORIENTED_EDGE('',*,*,#18736,.F.);
#18736 = EDGE_CURVE('',#5643,#18729,#18737,.T.);
#18737 = LINE('',#18738,#18739);
#18738 = CARTESIAN_POINT('',(268.591331,32.999335,0.));
#18739 = VECTOR('',#18740,1.);
#18740 = DIRECTION('',(0.,0.,1.));
#18741 = ORIENTED_EDGE('',*,*,#5642,.F.);
#18742 = PLANE('',#18743);
#18743 = AXIS2_PLACEMENT_3D('',#18744,#18745,#18746);
#18744 = CARTESIAN_POINT('',(268.591331,18.899338,0.));
#18745 = DIRECTION('',(-1.,0.,0.));
#18746 = DIRECTION('',(0.,1.,0.));
#18747 = ADVANCED_FACE('',(#18748),#18766,.F.);
#18748 = FACE_BOUND('',#18749,.F.);
#18749 = EDGE_LOOP('',(#18750,#18751,#18759,#18765));
#18750 = ORIENTED_EDGE('',*,*,#18736,.T.);
#18751 = ORIENTED_EDGE('',*,*,#18752,.T.);
#18752 = EDGE_CURVE('',#18729,#18753,#18755,.T.);
#18753 = VERTEX_POINT('',#18754);
#18754 = CARTESIAN_POINT('',(268.592779,33.013965,1.7));
#18755 = LINE('',#18756,#18757);
#18756 = CARTESIAN_POINT('',(268.591331,32.999335,1.7));
#18757 = VECTOR('',#18758,1.);
#18758 = DIRECTION('',(9.849346454508E-02,0.995137697729,0.));
#18759 = ORIENTED_EDGE('',*,*,#18760,.F.);
#18760 = EDGE_CURVE('',#5651,#18753,#18761,.T.);
#18761 = LINE('',#18762,#18763);
#18762 = CARTESIAN_POINT('',(268.592779,33.013965,0.));
#18763 = VECTOR('',#18764,1.);
#18764 = DIRECTION('',(0.,0.,1.));
#18765 = ORIENTED_EDGE('',*,*,#5650,.F.);
#18766 = PLANE('',#18767);
#18767 = AXIS2_PLACEMENT_3D('',#18768,#18769,#18770);
#18768 = CARTESIAN_POINT('',(268.591331,32.999335,0.));
#18769 = DIRECTION('',(-0.995137697729,9.849346454508E-02,0.));
#18770 = DIRECTION('',(9.849346454508E-02,0.995137697729,0.));
#18771 = ADVANCED_FACE('',(#18772),#18790,.F.);
#18772 = FACE_BOUND('',#18773,.F.);
#18773 = EDGE_LOOP('',(#18774,#18775,#18783,#18789));
#18774 = ORIENTED_EDGE('',*,*,#18760,.T.);
#18775 = ORIENTED_EDGE('',*,*,#18776,.T.);
#18776 = EDGE_CURVE('',#18753,#18777,#18779,.T.);
#18777 = VERTEX_POINT('',#18778);
#18778 = CARTESIAN_POINT('',(268.60398,33.041016,1.7));
#18779 = LINE('',#18780,#18781);
#18780 = CARTESIAN_POINT('',(268.592779,33.013965,1.7));
#18781 = VECTOR('',#18782,1.);
#18782 = DIRECTION('',(0.382569992545,0.923926512664,0.));
#18783 = ORIENTED_EDGE('',*,*,#18784,.F.);
#18784 = EDGE_CURVE('',#5659,#18777,#18785,.T.);
#18785 = LINE('',#18786,#18787);
#18786 = CARTESIAN_POINT('',(268.60398,33.041016,0.));
#18787 = VECTOR('',#18788,1.);
#18788 = DIRECTION('',(0.,0.,1.));
#18789 = ORIENTED_EDGE('',*,*,#5658,.F.);
#18790 = PLANE('',#18791);
#18791 = AXIS2_PLACEMENT_3D('',#18792,#18793,#18794);
#18792 = CARTESIAN_POINT('',(268.592779,33.013965,0.));
#18793 = DIRECTION('',(-0.923926512664,0.382569992545,0.));
#18794 = DIRECTION('',(0.382569992545,0.923926512664,0.));
#18795 = ADVANCED_FACE('',(#18796),#18814,.F.);
#18796 = FACE_BOUND('',#18797,.F.);
#18797 = EDGE_LOOP('',(#18798,#18799,#18807,#18813));
#18798 = ORIENTED_EDGE('',*,*,#18784,.T.);
#18799 = ORIENTED_EDGE('',*,*,#18800,.T.);
#18800 = EDGE_CURVE('',#18777,#18801,#18803,.T.);
#18801 = VERTEX_POINT('',#18802);
#18802 = CARTESIAN_POINT('',(268.624656,33.061692,1.7));
#18803 = LINE('',#18804,#18805);
#18804 = CARTESIAN_POINT('',(268.60398,33.041016,1.7));
#18805 = VECTOR('',#18806,1.);
#18806 = DIRECTION('',(0.707106781187,0.707106781186,0.));
#18807 = ORIENTED_EDGE('',*,*,#18808,.F.);
#18808 = EDGE_CURVE('',#5667,#18801,#18809,.T.);
#18809 = LINE('',#18810,#18811);
#18810 = CARTESIAN_POINT('',(268.624656,33.061692,0.));
#18811 = VECTOR('',#18812,1.);
#18812 = DIRECTION('',(0.,0.,1.));
#18813 = ORIENTED_EDGE('',*,*,#5666,.F.);
#18814 = PLANE('',#18815);
#18815 = AXIS2_PLACEMENT_3D('',#18816,#18817,#18818);
#18816 = CARTESIAN_POINT('',(268.60398,33.041016,0.));
#18817 = DIRECTION('',(-0.707106781186,0.707106781187,0.));
#18818 = DIRECTION('',(0.707106781187,0.707106781186,0.));
#18819 = ADVANCED_FACE('',(#18820),#18838,.F.);
#18820 = FACE_BOUND('',#18821,.F.);
#18821 = EDGE_LOOP('',(#18822,#18823,#18831,#18837));
#18822 = ORIENTED_EDGE('',*,*,#18808,.T.);
#18823 = ORIENTED_EDGE('',*,*,#18824,.T.);
#18824 = EDGE_CURVE('',#18801,#18825,#18827,.T.);
#18825 = VERTEX_POINT('',#18826);
#18826 = CARTESIAN_POINT('',(268.651707,33.072893,1.7));
#18827 = LINE('',#18828,#18829);
#18828 = CARTESIAN_POINT('',(268.624656,33.061692,1.7));
#18829 = VECTOR('',#18830,1.);
#18830 = DIRECTION('',(0.923926512664,0.382569992546,0.));
#18831 = ORIENTED_EDGE('',*,*,#18832,.F.);
#18832 = EDGE_CURVE('',#5675,#18825,#18833,.T.);
#18833 = LINE('',#18834,#18835);
#18834 = CARTESIAN_POINT('',(268.651707,33.072893,0.));
#18835 = VECTOR('',#18836,1.);
#18836 = DIRECTION('',(0.,0.,1.));
#18837 = ORIENTED_EDGE('',*,*,#5674,.F.);
#18838 = PLANE('',#18839);
#18839 = AXIS2_PLACEMENT_3D('',#18840,#18841,#18842);
#18840 = CARTESIAN_POINT('',(268.624656,33.061692,0.));
#18841 = DIRECTION('',(-0.382569992546,0.923926512664,0.));
#18842 = DIRECTION('',(0.923926512664,0.382569992546,0.));
#18843 = ADVANCED_FACE('',(#18844),#18862,.F.);
#18844 = FACE_BOUND('',#18845,.F.);
#18845 = EDGE_LOOP('',(#18846,#18847,#18855,#18861));
#18846 = ORIENTED_EDGE('',*,*,#18832,.T.);
#18847 = ORIENTED_EDGE('',*,*,#18848,.T.);
#18848 = EDGE_CURVE('',#18825,#18849,#18851,.T.);
#18849 = VERTEX_POINT('',#18850);
#18850 = CARTESIAN_POINT('',(268.666337,33.074341,1.7));
#18851 = LINE('',#18852,#18853);
#18852 = CARTESIAN_POINT('',(268.651707,33.072893,1.7));
#18853 = VECTOR('',#18854,1.);
#18854 = DIRECTION('',(0.995137697729,9.849346454594E-02,0.));
#18855 = ORIENTED_EDGE('',*,*,#18856,.F.);
#18856 = EDGE_CURVE('',#5683,#18849,#18857,.T.);
#18857 = LINE('',#18858,#18859);
#18858 = CARTESIAN_POINT('',(268.666337,33.074341,0.));
#18859 = VECTOR('',#18860,1.);
#18860 = DIRECTION('',(0.,0.,1.));
#18861 = ORIENTED_EDGE('',*,*,#5682,.F.);
#18862 = PLANE('',#18863);
#18863 = AXIS2_PLACEMENT_3D('',#18864,#18865,#18866);
#18864 = CARTESIAN_POINT('',(268.651707,33.072893,0.));
#18865 = DIRECTION('',(-9.849346454594E-02,0.995137697729,0.));
#18866 = DIRECTION('',(0.995137697729,9.849346454594E-02,0.));
#18867 = ADVANCED_FACE('',(#18868),#18886,.F.);
#18868 = FACE_BOUND('',#18869,.F.);
#18869 = EDGE_LOOP('',(#18870,#18871,#18879,#18885));
#18870 = ORIENTED_EDGE('',*,*,#18856,.T.);
#18871 = ORIENTED_EDGE('',*,*,#18872,.T.);
#18872 = EDGE_CURVE('',#18849,#18873,#18875,.T.);
#18873 = VERTEX_POINT('',#18874);
#18874 = CARTESIAN_POINT('',(282.766335,33.074341,1.7));
#18875 = LINE('',#18876,#18877);
#18876 = CARTESIAN_POINT('',(268.666337,33.074341,1.7));
#18877 = VECTOR('',#18878,1.);
#18878 = DIRECTION('',(1.,0.,0.));
#18879 = ORIENTED_EDGE('',*,*,#18880,.F.);
#18880 = EDGE_CURVE('',#5691,#18873,#18881,.T.);
#18881 = LINE('',#18882,#18883);
#18882 = CARTESIAN_POINT('',(282.766335,33.074341,0.));
#18883 = VECTOR('',#18884,1.);
#18884 = DIRECTION('',(0.,0.,1.));
#18885 = ORIENTED_EDGE('',*,*,#5690,.F.);
#18886 = PLANE('',#18887);
#18887 = AXIS2_PLACEMENT_3D('',#18888,#18889,#18890);
#18888 = CARTESIAN_POINT('',(268.666337,33.074341,0.));
#18889 = DIRECTION('',(0.,1.,0.));
#18890 = DIRECTION('',(1.,0.,0.));
#18891 = ADVANCED_FACE('',(#18892),#18903,.F.);
#18892 = FACE_BOUND('',#18893,.F.);
#18893 = EDGE_LOOP('',(#18894,#18895,#18901,#18902));
#18894 = ORIENTED_EDGE('',*,*,#18880,.T.);
#18895 = ORIENTED_EDGE('',*,*,#18896,.T.);
#18896 = EDGE_CURVE('',#18873,#18337,#18897,.T.);
#18897 = LINE('',#18898,#18899);
#18898 = CARTESIAN_POINT('',(282.766335,33.074341,1.7));
#18899 = VECTOR('',#18900,1.);
#18900 = DIRECTION('',(0.995137697729,-9.849346454632E-02,0.));
#18901 = ORIENTED_EDGE('',*,*,#18336,.F.);
#18902 = ORIENTED_EDGE('',*,*,#5698,.F.);
#18903 = PLANE('',#18904);
#18904 = AXIS2_PLACEMENT_3D('',#18905,#18906,#18907);
#18905 = CARTESIAN_POINT('',(282.766335,33.074341,0.));
#18906 = DIRECTION('',(9.849346454632E-02,0.995137697729,0.));
#18907 = DIRECTION('',(0.995137697729,-9.849346454632E-02,0.));
#18908 = ADVANCED_FACE('',(#18909),#18934,.F.);
#18909 = FACE_BOUND('',#18910,.F.);
#18910 = EDGE_LOOP('',(#18911,#18919,#18927,#18933));
#18911 = ORIENTED_EDGE('',*,*,#18912,.T.);
#18912 = EDGE_CURVE('',#5707,#18913,#18915,.T.);
#18913 = VERTEX_POINT('',#18914);
#18914 = CARTESIAN_POINT('',(263.730965,33.072893,1.7));
#18915 = LINE('',#18916,#18917);
#18916 = CARTESIAN_POINT('',(263.730965,33.072893,0.));
#18917 = VECTOR('',#18918,1.);
#18918 = DIRECTION('',(0.,0.,1.));
#18919 = ORIENTED_EDGE('',*,*,#18920,.T.);
#18920 = EDGE_CURVE('',#18913,#18921,#18923,.T.);
#18921 = VERTEX_POINT('',#18922);
#18922 = CARTESIAN_POINT('',(263.758016,33.061692,1.7));
#18923 = LINE('',#18924,#18925);
#18924 = CARTESIAN_POINT('',(263.730965,33.072893,1.7));
#18925 = VECTOR('',#18926,1.);
#18926 = DIRECTION('',(0.923926512664,-0.382569992546,0.));
#18927 = ORIENTED_EDGE('',*,*,#18928,.F.);
#18928 = EDGE_CURVE('',#5709,#18921,#18929,.T.);
#18929 = LINE('',#18930,#18931);
#18930 = CARTESIAN_POINT('',(263.758016,33.061692,0.));
#18931 = VECTOR('',#18932,1.);
#18932 = DIRECTION('',(0.,0.,1.));
#18933 = ORIENTED_EDGE('',*,*,#5706,.F.);
#18934 = PLANE('',#18935);
#18935 = AXIS2_PLACEMENT_3D('',#18936,#18937,#18938);
#18936 = CARTESIAN_POINT('',(263.730965,33.072893,0.));
#18937 = DIRECTION('',(0.382569992546,0.923926512664,0.));
#18938 = DIRECTION('',(0.923926512664,-0.382569992546,0.));
#18939 = ADVANCED_FACE('',(#18940),#18958,.F.);
#18940 = FACE_BOUND('',#18941,.F.);
#18941 = EDGE_LOOP('',(#18942,#18943,#18951,#18957));
#18942 = ORIENTED_EDGE('',*,*,#18928,.T.);
#18943 = ORIENTED_EDGE('',*,*,#18944,.T.);
#18944 = EDGE_CURVE('',#18921,#18945,#18947,.T.);
#18945 = VERTEX_POINT('',#18946);
#18946 = CARTESIAN_POINT('',(263.778692,33.041016,1.7));
#18947 = LINE('',#18948,#18949);
#18948 = CARTESIAN_POINT('',(263.758016,33.061692,1.7));
#18949 = VECTOR('',#18950,1.);
#18950 = DIRECTION('',(0.707106781186,-0.707106781187,0.));
#18951 = ORIENTED_EDGE('',*,*,#18952,.F.);
#18952 = EDGE_CURVE('',#5717,#18945,#18953,.T.);
#18953 = LINE('',#18954,#18955);
#18954 = CARTESIAN_POINT('',(263.778692,33.041016,0.));
#18955 = VECTOR('',#18956,1.);
#18956 = DIRECTION('',(0.,0.,1.));
#18957 = ORIENTED_EDGE('',*,*,#5716,.F.);
#18958 = PLANE('',#18959);
#18959 = AXIS2_PLACEMENT_3D('',#18960,#18961,#18962);
#18960 = CARTESIAN_POINT('',(263.758016,33.061692,0.));
#18961 = DIRECTION('',(0.707106781187,0.707106781186,0.));
#18962 = DIRECTION('',(0.707106781186,-0.707106781187,0.));
#18963 = ADVANCED_FACE('',(#18964),#18982,.F.);
#18964 = FACE_BOUND('',#18965,.F.);
#18965 = EDGE_LOOP('',(#18966,#18967,#18975,#18981));
#18966 = ORIENTED_EDGE('',*,*,#18952,.T.);
#18967 = ORIENTED_EDGE('',*,*,#18968,.T.);
#18968 = EDGE_CURVE('',#18945,#18969,#18971,.T.);
#18969 = VERTEX_POINT('',#18970);
#18970 = CARTESIAN_POINT('',(263.789893,33.013965,1.7));
#18971 = LINE('',#18972,#18973);
#18972 = CARTESIAN_POINT('',(263.778692,33.041016,1.7));
#18973 = VECTOR('',#18974,1.);
#18974 = DIRECTION('',(0.382569992546,-0.923926512664,0.));
#18975 = ORIENTED_EDGE('',*,*,#18976,.F.);
#18976 = EDGE_CURVE('',#5725,#18969,#18977,.T.);
#18977 = LINE('',#18978,#18979);
#18978 = CARTESIAN_POINT('',(263.789893,33.013965,0.));
#18979 = VECTOR('',#18980,1.);
#18980 = DIRECTION('',(0.,0.,1.));
#18981 = ORIENTED_EDGE('',*,*,#5724,.F.);
#18982 = PLANE('',#18983);
#18983 = AXIS2_PLACEMENT_3D('',#18984,#18985,#18986);
#18984 = CARTESIAN_POINT('',(263.778692,33.041016,0.));
#18985 = DIRECTION('',(0.923926512664,0.382569992546,0.));
#18986 = DIRECTION('',(0.382569992546,-0.923926512664,0.));
#18987 = ADVANCED_FACE('',(#18988),#19006,.F.);
#18988 = FACE_BOUND('',#18989,.F.);
#18989 = EDGE_LOOP('',(#18990,#18991,#18999,#19005));
#18990 = ORIENTED_EDGE('',*,*,#18976,.T.);
#18991 = ORIENTED_EDGE('',*,*,#18992,.T.);
#18992 = EDGE_CURVE('',#18969,#18993,#18995,.T.);
#18993 = VERTEX_POINT('',#18994);
#18994 = CARTESIAN_POINT('',(263.791341,32.999335,1.7));
#18995 = LINE('',#18996,#18997);
#18996 = CARTESIAN_POINT('',(263.789893,33.013965,1.7));
#18997 = VECTOR('',#18998,1.);
#18998 = DIRECTION('',(9.849346454508E-02,-0.995137697729,0.));
#18999 = ORIENTED_EDGE('',*,*,#19000,.F.);
#19000 = EDGE_CURVE('',#5733,#18993,#19001,.T.);
#19001 = LINE('',#19002,#19003);
#19002 = CARTESIAN_POINT('',(263.791341,32.999335,0.));
#19003 = VECTOR('',#19004,1.);
#19004 = DIRECTION('',(0.,0.,1.));
#19005 = ORIENTED_EDGE('',*,*,#5732,.F.);
#19006 = PLANE('',#19007);
#19007 = AXIS2_PLACEMENT_3D('',#19008,#19009,#19010);
#19008 = CARTESIAN_POINT('',(263.789893,33.013965,0.));
#19009 = DIRECTION('',(0.995137697729,9.849346454508E-02,0.));
#19010 = DIRECTION('',(9.849346454508E-02,-0.995137697729,0.));
#19011 = ADVANCED_FACE('',(#19012),#19030,.F.);
#19012 = FACE_BOUND('',#19013,.F.);
#19013 = EDGE_LOOP('',(#19014,#19015,#19023,#19029));
#19014 = ORIENTED_EDGE('',*,*,#19000,.T.);
#19015 = ORIENTED_EDGE('',*,*,#19016,.T.);
#19016 = EDGE_CURVE('',#18993,#19017,#19019,.T.);
#19017 = VERTEX_POINT('',#19018);
#19018 = CARTESIAN_POINT('',(263.791341,18.899338,1.7));
#19019 = LINE('',#19020,#19021);
#19020 = CARTESIAN_POINT('',(263.791341,32.999335,1.7));
#19021 = VECTOR('',#19022,1.);
#19022 = DIRECTION('',(0.,-1.,0.));
#19023 = ORIENTED_EDGE('',*,*,#19024,.F.);
#19024 = EDGE_CURVE('',#5741,#19017,#19025,.T.);
#19025 = LINE('',#19026,#19027);
#19026 = CARTESIAN_POINT('',(263.791341,18.899338,0.));
#19027 = VECTOR('',#19028,1.);
#19028 = DIRECTION('',(0.,0.,1.));
#19029 = ORIENTED_EDGE('',*,*,#5740,.F.);
#19030 = PLANE('',#19031);
#19031 = AXIS2_PLACEMENT_3D('',#19032,#19033,#19034);
#19032 = CARTESIAN_POINT('',(263.791341,32.999335,0.));
#19033 = DIRECTION('',(1.,0.,0.));
#19034 = DIRECTION('',(0.,-1.,0.));
#19035 = ADVANCED_FACE('',(#19036),#19054,.F.);
#19036 = FACE_BOUND('',#19037,.F.);
#19037 = EDGE_LOOP('',(#19038,#19039,#19047,#19053));
#19038 = ORIENTED_EDGE('',*,*,#19024,.T.);
#19039 = ORIENTED_EDGE('',*,*,#19040,.T.);
#19040 = EDGE_CURVE('',#19017,#19041,#19043,.T.);
#19041 = VERTEX_POINT('',#19042);
#19042 = CARTESIAN_POINT('',(263.789893,18.884707,1.7));
#19043 = LINE('',#19044,#19045);
#19044 = CARTESIAN_POINT('',(263.791341,18.899338,1.7));
#19045 = VECTOR('',#19046,1.);
#19046 = DIRECTION('',(-9.84867980096E-02,-0.995138357525,0.));
#19047 = ORIENTED_EDGE('',*,*,#19048,.F.);
#19048 = EDGE_CURVE('',#5749,#19041,#19049,.T.);
#19049 = LINE('',#19050,#19051);
#19050 = CARTESIAN_POINT('',(263.789893,18.884707,0.));
#19051 = VECTOR('',#19052,1.);
#19052 = DIRECTION('',(0.,0.,1.));
#19053 = ORIENTED_EDGE('',*,*,#5748,.F.);
#19054 = PLANE('',#19055);
#19055 = AXIS2_PLACEMENT_3D('',#19056,#19057,#19058);
#19056 = CARTESIAN_POINT('',(263.791341,18.899338,0.));
#19057 = DIRECTION('',(0.995138357525,-9.84867980096E-02,0.));
#19058 = DIRECTION('',(-9.84867980096E-02,-0.995138357525,0.));
#19059 = ADVANCED_FACE('',(#19060),#19078,.F.);
#19060 = FACE_BOUND('',#19061,.F.);
#19061 = EDGE_LOOP('',(#19062,#19063,#19071,#19077));
#19062 = ORIENTED_EDGE('',*,*,#19048,.T.);
#19063 = ORIENTED_EDGE('',*,*,#19064,.T.);
#19064 = EDGE_CURVE('',#19041,#19065,#19067,.T.);
#19065 = VERTEX_POINT('',#19066);
#19066 = CARTESIAN_POINT('',(263.778692,18.857656,1.7));
#19067 = LINE('',#19068,#19069);
#19068 = CARTESIAN_POINT('',(263.789893,18.884707,1.7));
#19069 = VECTOR('',#19070,1.);
#19070 = DIRECTION('',(-0.382569992546,-0.923926512664,0.));
#19071 = ORIENTED_EDGE('',*,*,#19072,.F.);
#19072 = EDGE_CURVE('',#5757,#19065,#19073,.T.);
#19073 = LINE('',#19074,#19075);
#19074 = CARTESIAN_POINT('',(263.778692,18.857656,0.));
#19075 = VECTOR('',#19076,1.);
#19076 = DIRECTION('',(0.,0.,1.));
#19077 = ORIENTED_EDGE('',*,*,#5756,.F.);
#19078 = PLANE('',#19079);
#19079 = AXIS2_PLACEMENT_3D('',#19080,#19081,#19082);
#19080 = CARTESIAN_POINT('',(263.789893,18.884707,0.));
#19081 = DIRECTION('',(0.923926512664,-0.382569992546,0.));
#19082 = DIRECTION('',(-0.382569992546,-0.923926512664,0.));
#19083 = ADVANCED_FACE('',(#19084),#19102,.F.);
#19084 = FACE_BOUND('',#19085,.F.);
#19085 = EDGE_LOOP('',(#19086,#19087,#19095,#19101));
#19086 = ORIENTED_EDGE('',*,*,#19072,.T.);
#19087 = ORIENTED_EDGE('',*,*,#19088,.T.);
#19088 = EDGE_CURVE('',#19065,#19089,#19091,.T.);
#19089 = VERTEX_POINT('',#19090);
#19090 = CARTESIAN_POINT('',(263.758016,18.836981,1.7));
#19091 = LINE('',#19092,#19093);
#19092 = CARTESIAN_POINT('',(263.778692,18.857656,1.7));
#19093 = VECTOR('',#19094,1.);
#19094 = DIRECTION('',(-0.707123881093,-0.707089680867,0.));
#19095 = ORIENTED_EDGE('',*,*,#19096,.F.);
#19096 = EDGE_CURVE('',#5765,#19089,#19097,.T.);
#19097 = LINE('',#19098,#19099);
#19098 = CARTESIAN_POINT('',(263.758016,18.836981,0.));
#19099 = VECTOR('',#19100,1.);
#19100 = DIRECTION('',(0.,0.,1.));
#19101 = ORIENTED_EDGE('',*,*,#5764,.F.);
#19102 = PLANE('',#19103);
#19103 = AXIS2_PLACEMENT_3D('',#19104,#19105,#19106);
#19104 = CARTESIAN_POINT('',(263.778692,18.857656,0.));
#19105 = DIRECTION('',(0.707089680867,-0.707123881093,0.));
#19106 = DIRECTION('',(-0.707123881093,-0.707089680867,0.));
#19107 = ADVANCED_FACE('',(#19108),#19126,.F.);
#19108 = FACE_BOUND('',#19109,.F.);
#19109 = EDGE_LOOP('',(#19110,#19111,#19119,#19125));
#19110 = ORIENTED_EDGE('',*,*,#19096,.T.);
#19111 = ORIENTED_EDGE('',*,*,#19112,.T.);
#19112 = EDGE_CURVE('',#19089,#19113,#19115,.T.);
#19113 = VERTEX_POINT('',#19114);
#19114 = CARTESIAN_POINT('',(263.730965,18.825779,1.7));
#19115 = LINE('',#19116,#19117);
#19116 = CARTESIAN_POINT('',(263.758016,18.836981,1.7));
#19117 = VECTOR('',#19118,1.);
#19118 = DIRECTION('',(-0.923914439716,-0.382599148043,0.));
#19119 = ORIENTED_EDGE('',*,*,#19120,.F.);
#19120 = EDGE_CURVE('',#5773,#19113,#19121,.T.);
#19121 = LINE('',#19122,#19123);
#19122 = CARTESIAN_POINT('',(263.730965,18.825779,0.));
#19123 = VECTOR('',#19124,1.);
#19124 = DIRECTION('',(0.,0.,1.));
#19125 = ORIENTED_EDGE('',*,*,#5772,.F.);
#19126 = PLANE('',#19127);
#19127 = AXIS2_PLACEMENT_3D('',#19128,#19129,#19130);
#19128 = CARTESIAN_POINT('',(263.758016,18.836981,0.));
#19129 = DIRECTION('',(0.382599148043,-0.923914439716,0.));
#19130 = DIRECTION('',(-0.923914439716,-0.382599148043,0.));
#19131 = ADVANCED_FACE('',(#19132),#19150,.F.);
#19132 = FACE_BOUND('',#19133,.F.);
#19133 = EDGE_LOOP('',(#19134,#19135,#19143,#19149));
#19134 = ORIENTED_EDGE('',*,*,#19120,.T.);
#19135 = ORIENTED_EDGE('',*,*,#19136,.T.);
#19136 = EDGE_CURVE('',#19113,#19137,#19139,.T.);
#19137 = VERTEX_POINT('',#19138);
#19138 = CARTESIAN_POINT('',(263.716335,18.824331,1.7));
#19139 = LINE('',#19140,#19141);
#19140 = CARTESIAN_POINT('',(263.730965,18.825779,1.7));
#19141 = VECTOR('',#19142,1.);
#19142 = DIRECTION('',(-0.995137697729,-9.849346454618E-02,0.));
#19143 = ORIENTED_EDGE('',*,*,#19144,.F.);
#19144 = EDGE_CURVE('',#5781,#19137,#19145,.T.);
#19145 = LINE('',#19146,#19147);
#19146 = CARTESIAN_POINT('',(263.716335,18.824331,0.));
#19147 = VECTOR('',#19148,1.);
#19148 = DIRECTION('',(0.,0.,1.));
#19149 = ORIENTED_EDGE('',*,*,#5780,.F.);
#19150 = PLANE('',#19151);
#19151 = AXIS2_PLACEMENT_3D('',#19152,#19153,#19154);
#19152 = CARTESIAN_POINT('',(263.730965,18.825779,0.));
#19153 = DIRECTION('',(9.849346454618E-02,-0.995137697729,0.));
#19154 = DIRECTION('',(-0.995137697729,-9.849346454618E-02,0.));
#19155 = ADVANCED_FACE('',(#19156),#19174,.F.);
#19156 = FACE_BOUND('',#19157,.F.);
#19157 = EDGE_LOOP('',(#19158,#19159,#19167,#19173));
#19158 = ORIENTED_EDGE('',*,*,#19144,.T.);
#19159 = ORIENTED_EDGE('',*,*,#19160,.T.);
#19160 = EDGE_CURVE('',#19137,#19161,#19163,.T.);
#19161 = VERTEX_POINT('',#19162);
#19162 = CARTESIAN_POINT('',(249.616337,18.824331,1.7));
#19163 = LINE('',#19164,#19165);
#19164 = CARTESIAN_POINT('',(263.716335,18.824331,1.7));
#19165 = VECTOR('',#19166,1.);
#19166 = DIRECTION('',(-1.,0.,0.));
#19167 = ORIENTED_EDGE('',*,*,#19168,.F.);
#19168 = EDGE_CURVE('',#5789,#19161,#19169,.T.);
#19169 = LINE('',#19170,#19171);
#19170 = CARTESIAN_POINT('',(249.616337,18.824331,0.));
#19171 = VECTOR('',#19172,1.);
#19172 = DIRECTION('',(0.,0.,1.));
#19173 = ORIENTED_EDGE('',*,*,#5788,.F.);
#19174 = PLANE('',#19175);
#19175 = AXIS2_PLACEMENT_3D('',#19176,#19177,#19178);
#19176 = CARTESIAN_POINT('',(263.716335,18.824331,0.));
#19177 = DIRECTION('',(0.,-1.,0.));
#19178 = DIRECTION('',(-1.,0.,0.));
#19179 = ADVANCED_FACE('',(#19180),#19198,.F.);
#19180 = FACE_BOUND('',#19181,.F.);
#19181 = EDGE_LOOP('',(#19182,#19183,#19191,#19197));
#19182 = ORIENTED_EDGE('',*,*,#19168,.T.);
#19183 = ORIENTED_EDGE('',*,*,#19184,.T.);
#19184 = EDGE_CURVE('',#19161,#19185,#19187,.T.);
#19185 = VERTEX_POINT('',#19186);
#19186 = CARTESIAN_POINT('',(249.601707,18.825779,1.7));
#19187 = LINE('',#19188,#19189);
#19188 = CARTESIAN_POINT('',(249.616337,18.824331,1.7));
#19189 = VECTOR('',#19190,1.);
#19190 = DIRECTION('',(-0.995137697729,9.849346454637E-02,0.));
#19191 = ORIENTED_EDGE('',*,*,#19192,.F.);
#19192 = EDGE_CURVE('',#5797,#19185,#19193,.T.);
#19193 = LINE('',#19194,#19195);
#19194 = CARTESIAN_POINT('',(249.601707,18.825779,0.));
#19195 = VECTOR('',#19196,1.);
#19196 = DIRECTION('',(0.,0.,1.));
#19197 = ORIENTED_EDGE('',*,*,#5796,.F.);
#19198 = PLANE('',#19199);
#19199 = AXIS2_PLACEMENT_3D('',#19200,#19201,#19202);
#19200 = CARTESIAN_POINT('',(249.616337,18.824331,0.));
#19201 = DIRECTION('',(-9.849346454637E-02,-0.995137697729,0.));
#19202 = DIRECTION('',(-0.995137697729,9.849346454637E-02,0.));
#19203 = ADVANCED_FACE('',(#19204),#19222,.F.);
#19204 = FACE_BOUND('',#19205,.F.);
#19205 = EDGE_LOOP('',(#19206,#19207,#19215,#19221));
#19206 = ORIENTED_EDGE('',*,*,#19192,.T.);
#19207 = ORIENTED_EDGE('',*,*,#19208,.T.);
#19208 = EDGE_CURVE('',#19185,#19209,#19211,.T.);
#19209 = VERTEX_POINT('',#19210);
#19210 = CARTESIAN_POINT('',(249.574656,18.836981,1.7));
#19211 = LINE('',#19212,#19213);
#19212 = CARTESIAN_POINT('',(249.601707,18.825779,1.7));
#19213 = VECTOR('',#19214,1.);
#19214 = DIRECTION('',(-0.923914439717,0.382599148043,0.));
#19215 = ORIENTED_EDGE('',*,*,#19216,.F.);
#19216 = EDGE_CURVE('',#5805,#19209,#19217,.T.);
#19217 = LINE('',#19218,#19219);
#19218 = CARTESIAN_POINT('',(249.574656,18.836981,0.));
#19219 = VECTOR('',#19220,1.);
#19220 = DIRECTION('',(0.,0.,1.));
#19221 = ORIENTED_EDGE('',*,*,#5804,.F.);
#19222 = PLANE('',#19223);
#19223 = AXIS2_PLACEMENT_3D('',#19224,#19225,#19226);
#19224 = CARTESIAN_POINT('',(249.601707,18.825779,0.));
#19225 = DIRECTION('',(-0.382599148043,-0.923914439717,0.));
#19226 = DIRECTION('',(-0.923914439717,0.382599148043,0.));
#19227 = ADVANCED_FACE('',(#19228),#19246,.F.);
#19228 = FACE_BOUND('',#19229,.F.);
#19229 = EDGE_LOOP('',(#19230,#19231,#19239,#19245));
#19230 = ORIENTED_EDGE('',*,*,#19216,.T.);
#19231 = ORIENTED_EDGE('',*,*,#19232,.T.);
#19232 = EDGE_CURVE('',#19209,#19233,#19235,.T.);
#19233 = VERTEX_POINT('',#19234);
#19234 = CARTESIAN_POINT('',(249.55398,18.857656,1.7));
#19235 = LINE('',#19236,#19237);
#19236 = CARTESIAN_POINT('',(249.574656,18.836981,1.7));
#19237 = VECTOR('',#19238,1.);
#19238 = DIRECTION('',(-0.707123881093,0.707089680866,0.));
#19239 = ORIENTED_EDGE('',*,*,#19240,.F.);
#19240 = EDGE_CURVE('',#5813,#19233,#19241,.T.);
#19241 = LINE('',#19242,#19243);
#19242 = CARTESIAN_POINT('',(249.55398,18.857656,0.));
#19243 = VECTOR('',#19244,1.);
#19244 = DIRECTION('',(0.,0.,1.));
#19245 = ORIENTED_EDGE('',*,*,#5812,.F.);
#19246 = PLANE('',#19247);
#19247 = AXIS2_PLACEMENT_3D('',#19248,#19249,#19250);
#19248 = CARTESIAN_POINT('',(249.574656,18.836981,0.));
#19249 = DIRECTION('',(-0.707089680866,-0.707123881093,0.));
#19250 = DIRECTION('',(-0.707123881093,0.707089680866,0.));
#19251 = ADVANCED_FACE('',(#19252),#19270,.F.);
#19252 = FACE_BOUND('',#19253,.F.);
#19253 = EDGE_LOOP('',(#19254,#19255,#19263,#19269));
#19254 = ORIENTED_EDGE('',*,*,#19240,.T.);
#19255 = ORIENTED_EDGE('',*,*,#19256,.T.);
#19256 = EDGE_CURVE('',#19233,#19257,#19259,.T.);
#19257 = VERTEX_POINT('',#19258);
#19258 = CARTESIAN_POINT('',(249.542779,18.884707,1.7));
#19259 = LINE('',#19260,#19261);
#19260 = CARTESIAN_POINT('',(249.55398,18.857656,1.7));
#19261 = VECTOR('',#19262,1.);
#19262 = DIRECTION('',(-0.382569992546,0.923926512664,0.));
#19263 = ORIENTED_EDGE('',*,*,#19264,.F.);
#19264 = EDGE_CURVE('',#5821,#19257,#19265,.T.);
#19265 = LINE('',#19266,#19267);
#19266 = CARTESIAN_POINT('',(249.542779,18.884707,0.));
#19267 = VECTOR('',#19268,1.);
#19268 = DIRECTION('',(0.,0.,1.));
#19269 = ORIENTED_EDGE('',*,*,#5820,.F.);
#19270 = PLANE('',#19271);
#19271 = AXIS2_PLACEMENT_3D('',#19272,#19273,#19274);
#19272 = CARTESIAN_POINT('',(249.55398,18.857656,0.));
#19273 = DIRECTION('',(-0.923926512664,-0.382569992546,0.));
#19274 = DIRECTION('',(-0.382569992546,0.923926512664,0.));
#19275 = ADVANCED_FACE('',(#19276),#19294,.F.);
#19276 = FACE_BOUND('',#19277,.F.);
#19277 = EDGE_LOOP('',(#19278,#19279,#19287,#19293));
#19278 = ORIENTED_EDGE('',*,*,#19264,.T.);
#19279 = ORIENTED_EDGE('',*,*,#19280,.T.);
#19280 = EDGE_CURVE('',#19257,#19281,#19283,.T.);
#19281 = VERTEX_POINT('',#19282);
#19282 = CARTESIAN_POINT('',(249.541331,18.899338,1.7));
#19283 = LINE('',#19284,#19285);
#19284 = CARTESIAN_POINT('',(249.542779,18.884707,1.7));
#19285 = VECTOR('',#19286,1.);
#19286 = DIRECTION('',(-9.84867980096E-02,0.995138357525,0.));
#19287 = ORIENTED_EDGE('',*,*,#19288,.F.);
#19288 = EDGE_CURVE('',#5829,#19281,#19289,.T.);
#19289 = LINE('',#19290,#19291);
#19290 = CARTESIAN_POINT('',(249.541331,18.899338,0.));
#19291 = VECTOR('',#19292,1.);
#19292 = DIRECTION('',(0.,0.,1.));
#19293 = ORIENTED_EDGE('',*,*,#5828,.F.);
#19294 = PLANE('',#19295);
#19295 = AXIS2_PLACEMENT_3D('',#19296,#19297,#19298);
#19296 = CARTESIAN_POINT('',(249.542779,18.884707,0.));
#19297 = DIRECTION('',(-0.995138357525,-9.84867980096E-02,0.));
#19298 = DIRECTION('',(-9.84867980096E-02,0.995138357525,0.));
#19299 = ADVANCED_FACE('',(#19300),#19318,.F.);
#19300 = FACE_BOUND('',#19301,.F.);
#19301 = EDGE_LOOP('',(#19302,#19303,#19311,#19317));
#19302 = ORIENTED_EDGE('',*,*,#19288,.T.);
#19303 = ORIENTED_EDGE('',*,*,#19304,.T.);
#19304 = EDGE_CURVE('',#19281,#19305,#19307,.T.);
#19305 = VERTEX_POINT('',#19306);
#19306 = CARTESIAN_POINT('',(249.541331,32.999335,1.7));
#19307 = LINE('',#19308,#19309);
#19308 = CARTESIAN_POINT('',(249.541331,18.899338,1.7));
#19309 = VECTOR('',#19310,1.);
#19310 = DIRECTION('',(0.,1.,0.));
#19311 = ORIENTED_EDGE('',*,*,#19312,.F.);
#19312 = EDGE_CURVE('',#5837,#19305,#19313,.T.);
#19313 = LINE('',#19314,#19315);
#19314 = CARTESIAN_POINT('',(249.541331,32.999335,0.));
#19315 = VECTOR('',#19316,1.);
#19316 = DIRECTION('',(0.,0.,1.));
#19317 = ORIENTED_EDGE('',*,*,#5836,.F.);
#19318 = PLANE('',#19319);
#19319 = AXIS2_PLACEMENT_3D('',#19320,#19321,#19322);
#19320 = CARTESIAN_POINT('',(249.541331,18.899338,0.));
#19321 = DIRECTION('',(-1.,0.,0.));
#19322 = DIRECTION('',(0.,1.,0.));
#19323 = ADVANCED_FACE('',(#19324),#19342,.F.);
#19324 = FACE_BOUND('',#19325,.F.);
#19325 = EDGE_LOOP('',(#19326,#19327,#19335,#19341));
#19326 = ORIENTED_EDGE('',*,*,#19312,.T.);
#19327 = ORIENTED_EDGE('',*,*,#19328,.T.);
#19328 = EDGE_CURVE('',#19305,#19329,#19331,.T.);
#19329 = VERTEX_POINT('',#19330);
#19330 = CARTESIAN_POINT('',(249.542779,33.013965,1.7));
#19331 = LINE('',#19332,#19333);
#19332 = CARTESIAN_POINT('',(249.541331,32.999335,1.7));
#19333 = VECTOR('',#19334,1.);
#19334 = DIRECTION('',(9.849346454508E-02,0.995137697729,0.));
#19335 = ORIENTED_EDGE('',*,*,#19336,.F.);
#19336 = EDGE_CURVE('',#5845,#19329,#19337,.T.);
#19337 = LINE('',#19338,#19339);
#19338 = CARTESIAN_POINT('',(249.542779,33.013965,0.));
#19339 = VECTOR('',#19340,1.);
#19340 = DIRECTION('',(0.,0.,1.));
#19341 = ORIENTED_EDGE('',*,*,#5844,.F.);
#19342 = PLANE('',#19343);
#19343 = AXIS2_PLACEMENT_3D('',#19344,#19345,#19346);
#19344 = CARTESIAN_POINT('',(249.541331,32.999335,0.));
#19345 = DIRECTION('',(-0.995137697729,9.849346454508E-02,0.));
#19346 = DIRECTION('',(9.849346454508E-02,0.995137697729,0.));
#19347 = ADVANCED_FACE('',(#19348),#19366,.F.);
#19348 = FACE_BOUND('',#19349,.F.);
#19349 = EDGE_LOOP('',(#19350,#19351,#19359,#19365));
#19350 = ORIENTED_EDGE('',*,*,#19336,.T.);
#19351 = ORIENTED_EDGE('',*,*,#19352,.T.);
#19352 = EDGE_CURVE('',#19329,#19353,#19355,.T.);
#19353 = VERTEX_POINT('',#19354);
#19354 = CARTESIAN_POINT('',(249.55398,33.041016,1.7));
#19355 = LINE('',#19356,#19357);
#19356 = CARTESIAN_POINT('',(249.542779,33.013965,1.7));
#19357 = VECTOR('',#19358,1.);
#19358 = DIRECTION('',(0.382569992546,0.923926512664,0.));
#19359 = ORIENTED_EDGE('',*,*,#19360,.F.);
#19360 = EDGE_CURVE('',#5853,#19353,#19361,.T.);
#19361 = LINE('',#19362,#19363);
#19362 = CARTESIAN_POINT('',(249.55398,33.041016,0.));
#19363 = VECTOR('',#19364,1.);
#19364 = DIRECTION('',(0.,0.,1.));
#19365 = ORIENTED_EDGE('',*,*,#5852,.F.);
#19366 = PLANE('',#19367);
#19367 = AXIS2_PLACEMENT_3D('',#19368,#19369,#19370);
#19368 = CARTESIAN_POINT('',(249.542779,33.013965,0.));
#19369 = DIRECTION('',(-0.923926512664,0.382569992546,0.));
#19370 = DIRECTION('',(0.382569992546,0.923926512664,0.));
#19371 = ADVANCED_FACE('',(#19372),#19390,.F.);
#19372 = FACE_BOUND('',#19373,.F.);
#19373 = EDGE_LOOP('',(#19374,#19375,#19383,#19389));
#19374 = ORIENTED_EDGE('',*,*,#19360,.T.);
#19375 = ORIENTED_EDGE('',*,*,#19376,.T.);
#19376 = EDGE_CURVE('',#19353,#19377,#19379,.T.);
#19377 = VERTEX_POINT('',#19378);
#19378 = CARTESIAN_POINT('',(249.574656,33.061692,1.7));
#19379 = LINE('',#19380,#19381);
#19380 = CARTESIAN_POINT('',(249.55398,33.041016,1.7));
#19381 = VECTOR('',#19382,1.);
#19382 = DIRECTION('',(0.707106781187,0.707106781186,0.));
#19383 = ORIENTED_EDGE('',*,*,#19384,.F.);
#19384 = EDGE_CURVE('',#5861,#19377,#19385,.T.);
#19385 = LINE('',#19386,#19387);
#19386 = CARTESIAN_POINT('',(249.574656,33.061692,0.));
#19387 = VECTOR('',#19388,1.);
#19388 = DIRECTION('',(0.,0.,1.));
#19389 = ORIENTED_EDGE('',*,*,#5860,.F.);
#19390 = PLANE('',#19391);
#19391 = AXIS2_PLACEMENT_3D('',#19392,#19393,#19394);
#19392 = CARTESIAN_POINT('',(249.55398,33.041016,0.));
#19393 = DIRECTION('',(-0.707106781186,0.707106781187,0.));
#19394 = DIRECTION('',(0.707106781187,0.707106781186,0.));
#19395 = ADVANCED_FACE('',(#19396),#19414,.F.);
#19396 = FACE_BOUND('',#19397,.F.);
#19397 = EDGE_LOOP('',(#19398,#19399,#19407,#19413));
#19398 = ORIENTED_EDGE('',*,*,#19384,.T.);
#19399 = ORIENTED_EDGE('',*,*,#19400,.T.);
#19400 = EDGE_CURVE('',#19377,#19401,#19403,.T.);
#19401 = VERTEX_POINT('',#19402);
#19402 = CARTESIAN_POINT('',(249.601707,33.072893,1.7));
#19403 = LINE('',#19404,#19405);
#19404 = CARTESIAN_POINT('',(249.574656,33.061692,1.7));
#19405 = VECTOR('',#19406,1.);
#19406 = DIRECTION('',(0.923926512664,0.382569992546,0.));
#19407 = ORIENTED_EDGE('',*,*,#19408,.F.);
#19408 = EDGE_CURVE('',#5869,#19401,#19409,.T.);
#19409 = LINE('',#19410,#19411);
#19410 = CARTESIAN_POINT('',(249.601707,33.072893,0.));
#19411 = VECTOR('',#19412,1.);
#19412 = DIRECTION('',(0.,0.,1.));
#19413 = ORIENTED_EDGE('',*,*,#5868,.F.);
#19414 = PLANE('',#19415);
#19415 = AXIS2_PLACEMENT_3D('',#19416,#19417,#19418);
#19416 = CARTESIAN_POINT('',(249.574656,33.061692,0.));
#19417 = DIRECTION('',(-0.382569992546,0.923926512664,0.));
#19418 = DIRECTION('',(0.923926512664,0.382569992546,0.));
#19419 = ADVANCED_FACE('',(#19420),#19438,.F.);
#19420 = FACE_BOUND('',#19421,.F.);
#19421 = EDGE_LOOP('',(#19422,#19423,#19431,#19437));
#19422 = ORIENTED_EDGE('',*,*,#19408,.T.);
#19423 = ORIENTED_EDGE('',*,*,#19424,.T.);
#19424 = EDGE_CURVE('',#19401,#19425,#19427,.T.);
#19425 = VERTEX_POINT('',#19426);
#19426 = CARTESIAN_POINT('',(249.616337,33.074341,1.7));
#19427 = LINE('',#19428,#19429);
#19428 = CARTESIAN_POINT('',(249.601707,33.072893,1.7));
#19429 = VECTOR('',#19430,1.);
#19430 = DIRECTION('',(0.995137697729,9.849346454613E-02,0.));
#19431 = ORIENTED_EDGE('',*,*,#19432,.F.);
#19432 = EDGE_CURVE('',#5877,#19425,#19433,.T.);
#19433 = LINE('',#19434,#19435);
#19434 = CARTESIAN_POINT('',(249.616337,33.074341,0.));
#19435 = VECTOR('',#19436,1.);
#19436 = DIRECTION('',(0.,0.,1.));
#19437 = ORIENTED_EDGE('',*,*,#5876,.F.);
#19438 = PLANE('',#19439);
#19439 = AXIS2_PLACEMENT_3D('',#19440,#19441,#19442);
#19440 = CARTESIAN_POINT('',(249.601707,33.072893,0.));
#19441 = DIRECTION('',(-9.849346454613E-02,0.995137697729,0.));
#19442 = DIRECTION('',(0.995137697729,9.849346454613E-02,0.));
#19443 = ADVANCED_FACE('',(#19444),#19462,.F.);
#19444 = FACE_BOUND('',#19445,.F.);
#19445 = EDGE_LOOP('',(#19446,#19447,#19455,#19461));
#19446 = ORIENTED_EDGE('',*,*,#19432,.T.);
#19447 = ORIENTED_EDGE('',*,*,#19448,.T.);
#19448 = EDGE_CURVE('',#19425,#19449,#19451,.T.);
#19449 = VERTEX_POINT('',#19450);
#19450 = CARTESIAN_POINT('',(263.716335,33.074341,1.7));
#19451 = LINE('',#19452,#19453);
#19452 = CARTESIAN_POINT('',(249.616337,33.074341,1.7));
#19453 = VECTOR('',#19454,1.);
#19454 = DIRECTION('',(1.,0.,0.));
#19455 = ORIENTED_EDGE('',*,*,#19456,.F.);
#19456 = EDGE_CURVE('',#5885,#19449,#19457,.T.);
#19457 = LINE('',#19458,#19459);
#19458 = CARTESIAN_POINT('',(263.716335,33.074341,0.));
#19459 = VECTOR('',#19460,1.);
#19460 = DIRECTION('',(0.,0.,1.));
#19461 = ORIENTED_EDGE('',*,*,#5884,.F.);
#19462 = PLANE('',#19463);
#19463 = AXIS2_PLACEMENT_3D('',#19464,#19465,#19466);
#19464 = CARTESIAN_POINT('',(249.616337,33.074341,0.));
#19465 = DIRECTION('',(0.,1.,0.));
#19466 = DIRECTION('',(1.,0.,0.));
#19467 = ADVANCED_FACE('',(#19468),#19479,.F.);
#19468 = FACE_BOUND('',#19469,.F.);
#19469 = EDGE_LOOP('',(#19470,#19471,#19477,#19478));
#19470 = ORIENTED_EDGE('',*,*,#19456,.T.);
#19471 = ORIENTED_EDGE('',*,*,#19472,.T.);
#19472 = EDGE_CURVE('',#19449,#18913,#19473,.T.);
#19473 = LINE('',#19474,#19475);
#19474 = CARTESIAN_POINT('',(263.716335,33.074341,1.7));
#19475 = VECTOR('',#19476,1.);
#19476 = DIRECTION('',(0.995137697729,-9.849346454594E-02,0.));
#19477 = ORIENTED_EDGE('',*,*,#18912,.F.);
#19478 = ORIENTED_EDGE('',*,*,#5892,.F.);
#19479 = PLANE('',#19480);
#19480 = AXIS2_PLACEMENT_3D('',#19481,#19482,#19483);
#19481 = CARTESIAN_POINT('',(263.716335,33.074341,0.));
#19482 = DIRECTION('',(9.849346454594E-02,0.995137697729,0.));
#19483 = DIRECTION('',(0.995137697729,-9.849346454594E-02,0.));
#19484 = ADVANCED_FACE('',(#19485),#19510,.F.);
#19485 = FACE_BOUND('',#19486,.F.);
#19486 = EDGE_LOOP('',(#19487,#19495,#19503,#19509));
#19487 = ORIENTED_EDGE('',*,*,#19488,.T.);
#19488 = EDGE_CURVE('',#5901,#19489,#19491,.T.);
#19489 = VERTEX_POINT('',#19490);
#19490 = CARTESIAN_POINT('',(282.780965,90.222893,1.7));
#19491 = LINE('',#19492,#19493);
#19492 = CARTESIAN_POINT('',(282.780965,90.222893,0.));
#19493 = VECTOR('',#19494,1.);
#19494 = DIRECTION('',(0.,0.,1.));
#19495 = ORIENTED_EDGE('',*,*,#19496,.T.);
#19496 = EDGE_CURVE('',#19489,#19497,#19499,.T.);
#19497 = VERTEX_POINT('',#19498);
#19498 = CARTESIAN_POINT('',(282.808016,90.211692,1.7));
#19499 = LINE('',#19500,#19501);
#19500 = CARTESIAN_POINT('',(282.780965,90.222893,1.7));
#19501 = VECTOR('',#19502,1.);
#19502 = DIRECTION('',(0.923926512664,-0.382569992545,0.));
#19503 = ORIENTED_EDGE('',*,*,#19504,.F.);
#19504 = EDGE_CURVE('',#5903,#19497,#19505,.T.);
#19505 = LINE('',#19506,#19507);
#19506 = CARTESIAN_POINT('',(282.808016,90.211692,0.));
#19507 = VECTOR('',#19508,1.);
#19508 = DIRECTION('',(0.,0.,1.));
#19509 = ORIENTED_EDGE('',*,*,#5900,.F.);
#19510 = PLANE('',#19511);
#19511 = AXIS2_PLACEMENT_3D('',#19512,#19513,#19514);
#19512 = CARTESIAN_POINT('',(282.780965,90.222893,0.));
#19513 = DIRECTION('',(0.382569992545,0.923926512664,0.));
#19514 = DIRECTION('',(0.923926512664,-0.382569992545,0.));
#19515 = ADVANCED_FACE('',(#19516),#19534,.F.);
#19516 = FACE_BOUND('',#19517,.F.);
#19517 = EDGE_LOOP('',(#19518,#19519,#19527,#19533));
#19518 = ORIENTED_EDGE('',*,*,#19504,.T.);
#19519 = ORIENTED_EDGE('',*,*,#19520,.T.);
#19520 = EDGE_CURVE('',#19497,#19521,#19523,.T.);
#19521 = VERTEX_POINT('',#19522);
#19522 = CARTESIAN_POINT('',(282.828692,90.191016,1.7));
#19523 = LINE('',#19524,#19525);
#19524 = CARTESIAN_POINT('',(282.808016,90.211692,1.7));
#19525 = VECTOR('',#19526,1.);
#19526 = DIRECTION('',(0.707106781186,-0.707106781187,0.));
#19527 = ORIENTED_EDGE('',*,*,#19528,.F.);
#19528 = EDGE_CURVE('',#5911,#19521,#19529,.T.);
#19529 = LINE('',#19530,#19531);
#19530 = CARTESIAN_POINT('',(282.828692,90.191016,0.));
#19531 = VECTOR('',#19532,1.);
#19532 = DIRECTION('',(0.,0.,1.));
#19533 = ORIENTED_EDGE('',*,*,#5910,.F.);
#19534 = PLANE('',#19535);
#19535 = AXIS2_PLACEMENT_3D('',#19536,#19537,#19538);
#19536 = CARTESIAN_POINT('',(282.808016,90.211692,0.));
#19537 = DIRECTION('',(0.707106781187,0.707106781186,0.));
#19538 = DIRECTION('',(0.707106781186,-0.707106781187,0.));
#19539 = ADVANCED_FACE('',(#19540),#19558,.F.);
#19540 = FACE_BOUND('',#19541,.F.);
#19541 = EDGE_LOOP('',(#19542,#19543,#19551,#19557));
#19542 = ORIENTED_EDGE('',*,*,#19528,.T.);
#19543 = ORIENTED_EDGE('',*,*,#19544,.T.);
#19544 = EDGE_CURVE('',#19521,#19545,#19547,.T.);
#19545 = VERTEX_POINT('',#19546);
#19546 = CARTESIAN_POINT('',(282.839893,90.163965,1.7));
#19547 = LINE('',#19548,#19549);
#19548 = CARTESIAN_POINT('',(282.828692,90.191016,1.7));
#19549 = VECTOR('',#19550,1.);
#19550 = DIRECTION('',(0.382569992546,-0.923926512664,0.));
#19551 = ORIENTED_EDGE('',*,*,#19552,.F.);
#19552 = EDGE_CURVE('',#5919,#19545,#19553,.T.);
#19553 = LINE('',#19554,#19555);
#19554 = CARTESIAN_POINT('',(282.839893,90.163965,0.));
#19555 = VECTOR('',#19556,1.);
#19556 = DIRECTION('',(0.,0.,1.));
#19557 = ORIENTED_EDGE('',*,*,#5918,.F.);
#19558 = PLANE('',#19559);
#19559 = AXIS2_PLACEMENT_3D('',#19560,#19561,#19562);
#19560 = CARTESIAN_POINT('',(282.828692,90.191016,0.));
#19561 = DIRECTION('',(0.923926512664,0.382569992546,0.));
#19562 = DIRECTION('',(0.382569992546,-0.923926512664,0.));
#19563 = ADVANCED_FACE('',(#19564),#19582,.F.);
#19564 = FACE_BOUND('',#19565,.F.);
#19565 = EDGE_LOOP('',(#19566,#19567,#19575,#19581));
#19566 = ORIENTED_EDGE('',*,*,#19552,.T.);
#19567 = ORIENTED_EDGE('',*,*,#19568,.T.);
#19568 = EDGE_CURVE('',#19545,#19569,#19571,.T.);
#19569 = VERTEX_POINT('',#19570);
#19570 = CARTESIAN_POINT('',(282.841341,90.149335,1.7));
#19571 = LINE('',#19572,#19573);
#19572 = CARTESIAN_POINT('',(282.839893,90.163965,1.7));
#19573 = VECTOR('',#19574,1.);
#19574 = DIRECTION('',(9.849346454498E-02,-0.995137697729,0.));
#19575 = ORIENTED_EDGE('',*,*,#19576,.F.);
#19576 = EDGE_CURVE('',#5927,#19569,#19577,.T.);
#19577 = LINE('',#19578,#19579);
#19578 = CARTESIAN_POINT('',(282.841341,90.149335,0.));
#19579 = VECTOR('',#19580,1.);
#19580 = DIRECTION('',(0.,0.,1.));
#19581 = ORIENTED_EDGE('',*,*,#5926,.F.);
#19582 = PLANE('',#19583);
#19583 = AXIS2_PLACEMENT_3D('',#19584,#19585,#19586);
#19584 = CARTESIAN_POINT('',(282.839893,90.163965,0.));
#19585 = DIRECTION('',(0.995137697729,9.849346454498E-02,0.));
#19586 = DIRECTION('',(9.849346454498E-02,-0.995137697729,0.));
#19587 = ADVANCED_FACE('',(#19588),#19606,.F.);
#19588 = FACE_BOUND('',#19589,.F.);
#19589 = EDGE_LOOP('',(#19590,#19591,#19599,#19605));
#19590 = ORIENTED_EDGE('',*,*,#19576,.T.);
#19591 = ORIENTED_EDGE('',*,*,#19592,.T.);
#19592 = EDGE_CURVE('',#19569,#19593,#19595,.T.);
#19593 = VERTEX_POINT('',#19594);
#19594 = CARTESIAN_POINT('',(282.841341,76.049338,1.7));
#19595 = LINE('',#19596,#19597);
#19596 = CARTESIAN_POINT('',(282.841341,90.149335,1.7));
#19597 = VECTOR('',#19598,1.);
#19598 = DIRECTION('',(0.,-1.,0.));
#19599 = ORIENTED_EDGE('',*,*,#19600,.F.);
#19600 = EDGE_CURVE('',#5935,#19593,#19601,.T.);
#19601 = LINE('',#19602,#19603);
#19602 = CARTESIAN_POINT('',(282.841341,76.049338,0.));
#19603 = VECTOR('',#19604,1.);
#19604 = DIRECTION('',(0.,0.,1.));
#19605 = ORIENTED_EDGE('',*,*,#5934,.F.);
#19606 = PLANE('',#19607);
#19607 = AXIS2_PLACEMENT_3D('',#19608,#19609,#19610);
#19608 = CARTESIAN_POINT('',(282.841341,90.149335,0.));
#19609 = DIRECTION('',(1.,0.,0.));
#19610 = DIRECTION('',(0.,-1.,0.));
#19611 = ADVANCED_FACE('',(#19612),#19630,.F.);
#19612 = FACE_BOUND('',#19613,.F.);
#19613 = EDGE_LOOP('',(#19614,#19615,#19623,#19629));
#19614 = ORIENTED_EDGE('',*,*,#19600,.T.);
#19615 = ORIENTED_EDGE('',*,*,#19616,.T.);
#19616 = EDGE_CURVE('',#19593,#19617,#19619,.T.);
#19617 = VERTEX_POINT('',#19618);
#19618 = CARTESIAN_POINT('',(282.839893,76.034707,1.7));
#19619 = LINE('',#19620,#19621);
#19620 = CARTESIAN_POINT('',(282.841341,76.049338,1.7));
#19621 = VECTOR('',#19622,1.);
#19622 = DIRECTION('',(-9.848679800955E-02,-0.995138357525,0.));
#19623 = ORIENTED_EDGE('',*,*,#19624,.F.);
#19624 = EDGE_CURVE('',#5943,#19617,#19625,.T.);
#19625 = LINE('',#19626,#19627);
#19626 = CARTESIAN_POINT('',(282.839893,76.034707,0.));
#19627 = VECTOR('',#19628,1.);
#19628 = DIRECTION('',(0.,0.,1.));
#19629 = ORIENTED_EDGE('',*,*,#5942,.F.);
#19630 = PLANE('',#19631);
#19631 = AXIS2_PLACEMENT_3D('',#19632,#19633,#19634);
#19632 = CARTESIAN_POINT('',(282.841341,76.049338,0.));
#19633 = DIRECTION('',(0.995138357525,-9.848679800955E-02,0.));
#19634 = DIRECTION('',(-9.848679800955E-02,-0.995138357525,0.));
#19635 = ADVANCED_FACE('',(#19636),#19654,.F.);
#19636 = FACE_BOUND('',#19637,.F.);
#19637 = EDGE_LOOP('',(#19638,#19639,#19647,#19653));
#19638 = ORIENTED_EDGE('',*,*,#19624,.T.);
#19639 = ORIENTED_EDGE('',*,*,#19640,.T.);
#19640 = EDGE_CURVE('',#19617,#19641,#19643,.T.);
#19641 = VERTEX_POINT('',#19642);
#19642 = CARTESIAN_POINT('',(282.828692,76.007656,1.7));
#19643 = LINE('',#19644,#19645);
#19644 = CARTESIAN_POINT('',(282.839893,76.034707,1.7));
#19645 = VECTOR('',#19646,1.);
#19646 = DIRECTION('',(-0.382569992546,-0.923926512664,0.));
#19647 = ORIENTED_EDGE('',*,*,#19648,.F.);
#19648 = EDGE_CURVE('',#5951,#19641,#19649,.T.);
#19649 = LINE('',#19650,#19651);
#19650 = CARTESIAN_POINT('',(282.828692,76.007656,0.));
#19651 = VECTOR('',#19652,1.);
#19652 = DIRECTION('',(0.,0.,1.));
#19653 = ORIENTED_EDGE('',*,*,#5950,.F.);
#19654 = PLANE('',#19655);
#19655 = AXIS2_PLACEMENT_3D('',#19656,#19657,#19658);
#19656 = CARTESIAN_POINT('',(282.839893,76.034707,0.));
#19657 = DIRECTION('',(0.923926512664,-0.382569992546,0.));
#19658 = DIRECTION('',(-0.382569992546,-0.923926512664,0.));
#19659 = ADVANCED_FACE('',(#19660),#19678,.F.);
#19660 = FACE_BOUND('',#19661,.F.);
#19661 = EDGE_LOOP('',(#19662,#19663,#19671,#19677));
#19662 = ORIENTED_EDGE('',*,*,#19648,.T.);
#19663 = ORIENTED_EDGE('',*,*,#19664,.T.);
#19664 = EDGE_CURVE('',#19641,#19665,#19667,.T.);
#19665 = VERTEX_POINT('',#19666);
#19666 = CARTESIAN_POINT('',(282.808016,75.986981,1.7));
#19667 = LINE('',#19668,#19669);
#19668 = CARTESIAN_POINT('',(282.828692,76.007656,1.7));
#19669 = VECTOR('',#19670,1.);
#19670 = DIRECTION('',(-0.707123881093,-0.707089680867,0.));
#19671 = ORIENTED_EDGE('',*,*,#19672,.F.);
#19672 = EDGE_CURVE('',#5959,#19665,#19673,.T.);
#19673 = LINE('',#19674,#19675);
#19674 = CARTESIAN_POINT('',(282.808016,75.986981,0.));
#19675 = VECTOR('',#19676,1.);
#19676 = DIRECTION('',(0.,0.,1.));
#19677 = ORIENTED_EDGE('',*,*,#5958,.F.);
#19678 = PLANE('',#19679);
#19679 = AXIS2_PLACEMENT_3D('',#19680,#19681,#19682);
#19680 = CARTESIAN_POINT('',(282.828692,76.007656,0.));
#19681 = DIRECTION('',(0.707089680867,-0.707123881093,0.));
#19682 = DIRECTION('',(-0.707123881093,-0.707089680867,0.));
#19683 = ADVANCED_FACE('',(#19684),#19702,.F.);
#19684 = FACE_BOUND('',#19685,.F.);
#19685 = EDGE_LOOP('',(#19686,#19687,#19695,#19701));
#19686 = ORIENTED_EDGE('',*,*,#19672,.T.);
#19687 = ORIENTED_EDGE('',*,*,#19688,.T.);
#19688 = EDGE_CURVE('',#19665,#19689,#19691,.T.);
#19689 = VERTEX_POINT('',#19690);
#19690 = CARTESIAN_POINT('',(282.780965,75.975779,1.7));
#19691 = LINE('',#19692,#19693);
#19692 = CARTESIAN_POINT('',(282.808016,75.986981,1.7));
#19693 = VECTOR('',#19694,1.);
#19694 = DIRECTION('',(-0.923914439717,-0.382599148042,0.));
#19695 = ORIENTED_EDGE('',*,*,#19696,.F.);
#19696 = EDGE_CURVE('',#5967,#19689,#19697,.T.);
#19697 = LINE('',#19698,#19699);
#19698 = CARTESIAN_POINT('',(282.780965,75.975779,0.));
#19699 = VECTOR('',#19700,1.);
#19700 = DIRECTION('',(0.,0.,1.));
#19701 = ORIENTED_EDGE('',*,*,#5966,.F.);
#19702 = PLANE('',#19703);
#19703 = AXIS2_PLACEMENT_3D('',#19704,#19705,#19706);
#19704 = CARTESIAN_POINT('',(282.808016,75.986981,0.));
#19705 = DIRECTION('',(0.382599148042,-0.923914439717,0.));
#19706 = DIRECTION('',(-0.923914439717,-0.382599148042,0.));
#19707 = ADVANCED_FACE('',(#19708),#19726,.F.);
#19708 = FACE_BOUND('',#19709,.F.);
#19709 = EDGE_LOOP('',(#19710,#19711,#19719,#19725));
#19710 = ORIENTED_EDGE('',*,*,#19696,.T.);
#19711 = ORIENTED_EDGE('',*,*,#19712,.T.);
#19712 = EDGE_CURVE('',#19689,#19713,#19715,.T.);
#19713 = VERTEX_POINT('',#19714);
#19714 = CARTESIAN_POINT('',(282.766335,75.974331,1.7));
#19715 = LINE('',#19716,#19717);
#19716 = CARTESIAN_POINT('',(282.780965,75.975779,1.7));
#19717 = VECTOR('',#19718,1.);
#19718 = DIRECTION('',(-0.995137697729,-9.849346454632E-02,0.));
#19719 = ORIENTED_EDGE('',*,*,#19720,.F.);
#19720 = EDGE_CURVE('',#5975,#19713,#19721,.T.);
#19721 = LINE('',#19722,#19723);
#19722 = CARTESIAN_POINT('',(282.766335,75.974331,0.));
#19723 = VECTOR('',#19724,1.);
#19724 = DIRECTION('',(0.,0.,1.));
#19725 = ORIENTED_EDGE('',*,*,#5974,.F.);
#19726 = PLANE('',#19727);
#19727 = AXIS2_PLACEMENT_3D('',#19728,#19729,#19730);
#19728 = CARTESIAN_POINT('',(282.780965,75.975779,0.));
#19729 = DIRECTION('',(9.849346454632E-02,-0.995137697729,0.));
#19730 = DIRECTION('',(-0.995137697729,-9.849346454632E-02,0.));
#19731 = ADVANCED_FACE('',(#19732),#19750,.F.);
#19732 = FACE_BOUND('',#19733,.F.);
#19733 = EDGE_LOOP('',(#19734,#19735,#19743,#19749));
#19734 = ORIENTED_EDGE('',*,*,#19720,.T.);
#19735 = ORIENTED_EDGE('',*,*,#19736,.T.);
#19736 = EDGE_CURVE('',#19713,#19737,#19739,.T.);
#19737 = VERTEX_POINT('',#19738);
#19738 = CARTESIAN_POINT('',(268.666337,75.974331,1.7));
#19739 = LINE('',#19740,#19741);
#19740 = CARTESIAN_POINT('',(282.766335,75.974331,1.7));
#19741 = VECTOR('',#19742,1.);
#19742 = DIRECTION('',(-1.,0.,0.));
#19743 = ORIENTED_EDGE('',*,*,#19744,.F.);
#19744 = EDGE_CURVE('',#5983,#19737,#19745,.T.);
#19745 = LINE('',#19746,#19747);
#19746 = CARTESIAN_POINT('',(268.666337,75.974331,0.));
#19747 = VECTOR('',#19748,1.);
#19748 = DIRECTION('',(0.,0.,1.));
#19749 = ORIENTED_EDGE('',*,*,#5982,.F.);
#19750 = PLANE('',#19751);
#19751 = AXIS2_PLACEMENT_3D('',#19752,#19753,#19754);
#19752 = CARTESIAN_POINT('',(282.766335,75.974331,0.));
#19753 = DIRECTION('',(0.,-1.,0.));
#19754 = DIRECTION('',(-1.,0.,0.));
#19755 = ADVANCED_FACE('',(#19756),#19774,.F.);
#19756 = FACE_BOUND('',#19757,.F.);
#19757 = EDGE_LOOP('',(#19758,#19759,#19767,#19773));
#19758 = ORIENTED_EDGE('',*,*,#19744,.T.);
#19759 = ORIENTED_EDGE('',*,*,#19760,.T.);
#19760 = EDGE_CURVE('',#19737,#19761,#19763,.T.);
#19761 = VERTEX_POINT('',#19762);
#19762 = CARTESIAN_POINT('',(268.651707,75.975779,1.7));
#19763 = LINE('',#19764,#19765);
#19764 = CARTESIAN_POINT('',(268.666337,75.974331,1.7));
#19765 = VECTOR('',#19766,1.);
#19766 = DIRECTION('',(-0.995137697729,9.849346454594E-02,0.));
#19767 = ORIENTED_EDGE('',*,*,#19768,.F.);
#19768 = EDGE_CURVE('',#5991,#19761,#19769,.T.);
#19769 = LINE('',#19770,#19771);
#19770 = CARTESIAN_POINT('',(268.651707,75.975779,0.));
#19771 = VECTOR('',#19772,1.);
#19772 = DIRECTION('',(0.,0.,1.));
#19773 = ORIENTED_EDGE('',*,*,#5990,.F.);
#19774 = PLANE('',#19775);
#19775 = AXIS2_PLACEMENT_3D('',#19776,#19777,#19778);
#19776 = CARTESIAN_POINT('',(268.666337,75.974331,0.));
#19777 = DIRECTION('',(-9.849346454594E-02,-0.995137697729,0.));
#19778 = DIRECTION('',(-0.995137697729,9.849346454594E-02,0.));
#19779 = ADVANCED_FACE('',(#19780),#19798,.F.);
#19780 = FACE_BOUND('',#19781,.F.);
#19781 = EDGE_LOOP('',(#19782,#19783,#19791,#19797));
#19782 = ORIENTED_EDGE('',*,*,#19768,.T.);
#19783 = ORIENTED_EDGE('',*,*,#19784,.T.);
#19784 = EDGE_CURVE('',#19761,#19785,#19787,.T.);
#19785 = VERTEX_POINT('',#19786);
#19786 = CARTESIAN_POINT('',(268.624656,75.986981,1.7));
#19787 = LINE('',#19788,#19789);
#19788 = CARTESIAN_POINT('',(268.651707,75.975779,1.7));
#19789 = VECTOR('',#19790,1.);
#19790 = DIRECTION('',(-0.923914439717,0.382599148043,0.));
#19791 = ORIENTED_EDGE('',*,*,#19792,.F.);
#19792 = EDGE_CURVE('',#5999,#19785,#19793,.T.);
#19793 = LINE('',#19794,#19795);
#19794 = CARTESIAN_POINT('',(268.624656,75.986981,0.));
#19795 = VECTOR('',#19796,1.);
#19796 = DIRECTION('',(0.,0.,1.));
#19797 = ORIENTED_EDGE('',*,*,#5998,.F.);
#19798 = PLANE('',#19799);
#19799 = AXIS2_PLACEMENT_3D('',#19800,#19801,#19802);
#19800 = CARTESIAN_POINT('',(268.651707,75.975779,0.));
#19801 = DIRECTION('',(-0.382599148043,-0.923914439717,0.));
#19802 = DIRECTION('',(-0.923914439717,0.382599148043,0.));
#19803 = ADVANCED_FACE('',(#19804),#19822,.F.);
#19804 = FACE_BOUND('',#19805,.F.);
#19805 = EDGE_LOOP('',(#19806,#19807,#19815,#19821));
#19806 = ORIENTED_EDGE('',*,*,#19792,.T.);
#19807 = ORIENTED_EDGE('',*,*,#19808,.T.);
#19808 = EDGE_CURVE('',#19785,#19809,#19811,.T.);
#19809 = VERTEX_POINT('',#19810);
#19810 = CARTESIAN_POINT('',(268.60398,76.007656,1.7));
#19811 = LINE('',#19812,#19813);
#19812 = CARTESIAN_POINT('',(268.624656,75.986981,1.7));
#19813 = VECTOR('',#19814,1.);
#19814 = DIRECTION('',(-0.707123881094,0.707089680866,0.));
#19815 = ORIENTED_EDGE('',*,*,#19816,.F.);
#19816 = EDGE_CURVE('',#6007,#19809,#19817,.T.);
#19817 = LINE('',#19818,#19819);
#19818 = CARTESIAN_POINT('',(268.60398,76.007656,0.));
#19819 = VECTOR('',#19820,1.);
#19820 = DIRECTION('',(0.,0.,1.));
#19821 = ORIENTED_EDGE('',*,*,#6006,.F.);
#19822 = PLANE('',#19823);
#19823 = AXIS2_PLACEMENT_3D('',#19824,#19825,#19826);
#19824 = CARTESIAN_POINT('',(268.624656,75.986981,0.));
#19825 = DIRECTION('',(-0.707089680866,-0.707123881094,0.));
#19826 = DIRECTION('',(-0.707123881094,0.707089680866,0.));
#19827 = ADVANCED_FACE('',(#19828),#19846,.F.);
#19828 = FACE_BOUND('',#19829,.F.);
#19829 = EDGE_LOOP('',(#19830,#19831,#19839,#19845));
#19830 = ORIENTED_EDGE('',*,*,#19816,.T.);
#19831 = ORIENTED_EDGE('',*,*,#19832,.T.);
#19832 = EDGE_CURVE('',#19809,#19833,#19835,.T.);
#19833 = VERTEX_POINT('',#19834);
#19834 = CARTESIAN_POINT('',(268.592779,76.034707,1.7));
#19835 = LINE('',#19836,#19837);
#19836 = CARTESIAN_POINT('',(268.60398,76.007656,1.7));
#19837 = VECTOR('',#19838,1.);
#19838 = DIRECTION('',(-0.382569992545,0.923926512664,0.));
#19839 = ORIENTED_EDGE('',*,*,#19840,.F.);
#19840 = EDGE_CURVE('',#6015,#19833,#19841,.T.);
#19841 = LINE('',#19842,#19843);
#19842 = CARTESIAN_POINT('',(268.592779,76.034707,0.));
#19843 = VECTOR('',#19844,1.);
#19844 = DIRECTION('',(0.,0.,1.));
#19845 = ORIENTED_EDGE('',*,*,#6014,.F.);
#19846 = PLANE('',#19847);
#19847 = AXIS2_PLACEMENT_3D('',#19848,#19849,#19850);
#19848 = CARTESIAN_POINT('',(268.60398,76.007656,0.));
#19849 = DIRECTION('',(-0.923926512664,-0.382569992545,0.));
#19850 = DIRECTION('',(-0.382569992545,0.923926512664,0.));
#19851 = ADVANCED_FACE('',(#19852),#19870,.F.);
#19852 = FACE_BOUND('',#19853,.F.);
#19853 = EDGE_LOOP('',(#19854,#19855,#19863,#19869));
#19854 = ORIENTED_EDGE('',*,*,#19840,.T.);
#19855 = ORIENTED_EDGE('',*,*,#19856,.T.);
#19856 = EDGE_CURVE('',#19833,#19857,#19859,.T.);
#19857 = VERTEX_POINT('',#19858);
#19858 = CARTESIAN_POINT('',(268.591331,76.049338,1.7));
#19859 = LINE('',#19860,#19861);
#19860 = CARTESIAN_POINT('',(268.592779,76.034707,1.7));
#19861 = VECTOR('',#19862,1.);
#19862 = DIRECTION('',(-9.848679800955E-02,0.995138357525,0.));
#19863 = ORIENTED_EDGE('',*,*,#19864,.F.);
#19864 = EDGE_CURVE('',#6023,#19857,#19865,.T.);
#19865 = LINE('',#19866,#19867);
#19866 = CARTESIAN_POINT('',(268.591331,76.049338,0.));
#19867 = VECTOR('',#19868,1.);
#19868 = DIRECTION('',(0.,0.,1.));
#19869 = ORIENTED_EDGE('',*,*,#6022,.F.);
#19870 = PLANE('',#19871);
#19871 = AXIS2_PLACEMENT_3D('',#19872,#19873,#19874);
#19872 = CARTESIAN_POINT('',(268.592779,76.034707,0.));
#19873 = DIRECTION('',(-0.995138357525,-9.848679800955E-02,0.));
#19874 = DIRECTION('',(-9.848679800955E-02,0.995138357525,0.));
#19875 = ADVANCED_FACE('',(#19876),#19894,.F.);
#19876 = FACE_BOUND('',#19877,.F.);
#19877 = EDGE_LOOP('',(#19878,#19879,#19887,#19893));
#19878 = ORIENTED_EDGE('',*,*,#19864,.T.);
#19879 = ORIENTED_EDGE('',*,*,#19880,.T.);
#19880 = EDGE_CURVE('',#19857,#19881,#19883,.T.);
#19881 = VERTEX_POINT('',#19882);
#19882 = CARTESIAN_POINT('',(268.591331,90.149335,1.7));
#19883 = LINE('',#19884,#19885);
#19884 = CARTESIAN_POINT('',(268.591331,76.049338,1.7));
#19885 = VECTOR('',#19886,1.);
#19886 = DIRECTION('',(0.,1.,0.));
#19887 = ORIENTED_EDGE('',*,*,#19888,.F.);
#19888 = EDGE_CURVE('',#6031,#19881,#19889,.T.);
#19889 = LINE('',#19890,#19891);
#19890 = CARTESIAN_POINT('',(268.591331,90.149335,0.));
#19891 = VECTOR('',#19892,1.);
#19892 = DIRECTION('',(0.,0.,1.));
#19893 = ORIENTED_EDGE('',*,*,#6030,.F.);
#19894 = PLANE('',#19895);
#19895 = AXIS2_PLACEMENT_3D('',#19896,#19897,#19898);
#19896 = CARTESIAN_POINT('',(268.591331,76.049338,0.));
#19897 = DIRECTION('',(-1.,0.,0.));
#19898 = DIRECTION('',(0.,1.,0.));
#19899 = ADVANCED_FACE('',(#19900),#19918,.F.);
#19900 = FACE_BOUND('',#19901,.F.);
#19901 = EDGE_LOOP('',(#19902,#19903,#19911,#19917));
#19902 = ORIENTED_EDGE('',*,*,#19888,.T.);
#19903 = ORIENTED_EDGE('',*,*,#19904,.T.);
#19904 = EDGE_CURVE('',#19881,#19905,#19907,.T.);
#19905 = VERTEX_POINT('',#19906);
#19906 = CARTESIAN_POINT('',(268.592779,90.163965,1.7));
#19907 = LINE('',#19908,#19909);
#19908 = CARTESIAN_POINT('',(268.591331,90.149335,1.7));
#19909 = VECTOR('',#19910,1.);
#19910 = DIRECTION('',(9.849346454498E-02,0.995137697729,0.));
#19911 = ORIENTED_EDGE('',*,*,#19912,.F.);
#19912 = EDGE_CURVE('',#6039,#19905,#19913,.T.);
#19913 = LINE('',#19914,#19915);
#19914 = CARTESIAN_POINT('',(268.592779,90.163965,0.));
#19915 = VECTOR('',#19916,1.);
#19916 = DIRECTION('',(0.,0.,1.));
#19917 = ORIENTED_EDGE('',*,*,#6038,.F.);
#19918 = PLANE('',#19919);
#19919 = AXIS2_PLACEMENT_3D('',#19920,#19921,#19922);
#19920 = CARTESIAN_POINT('',(268.591331,90.149335,0.));
#19921 = DIRECTION('',(-0.995137697729,9.849346454498E-02,0.));
#19922 = DIRECTION('',(9.849346454498E-02,0.995137697729,0.));
#19923 = ADVANCED_FACE('',(#19924),#19942,.F.);
#19924 = FACE_BOUND('',#19925,.F.);
#19925 = EDGE_LOOP('',(#19926,#19927,#19935,#19941));
#19926 = ORIENTED_EDGE('',*,*,#19912,.T.);
#19927 = ORIENTED_EDGE('',*,*,#19928,.T.);
#19928 = EDGE_CURVE('',#19905,#19929,#19931,.T.);
#19929 = VERTEX_POINT('',#19930);
#19930 = CARTESIAN_POINT('',(268.60398,90.191016,1.7));
#19931 = LINE('',#19932,#19933);
#19932 = CARTESIAN_POINT('',(268.592779,90.163965,1.7));
#19933 = VECTOR('',#19934,1.);
#19934 = DIRECTION('',(0.382569992545,0.923926512664,0.));
#19935 = ORIENTED_EDGE('',*,*,#19936,.F.);
#19936 = EDGE_CURVE('',#6047,#19929,#19937,.T.);
#19937 = LINE('',#19938,#19939);
#19938 = CARTESIAN_POINT('',(268.60398,90.191016,0.));
#19939 = VECTOR('',#19940,1.);
#19940 = DIRECTION('',(0.,0.,1.));
#19941 = ORIENTED_EDGE('',*,*,#6046,.F.);
#19942 = PLANE('',#19943);
#19943 = AXIS2_PLACEMENT_3D('',#19944,#19945,#19946);
#19944 = CARTESIAN_POINT('',(268.592779,90.163965,0.));
#19945 = DIRECTION('',(-0.923926512664,0.382569992545,0.));
#19946 = DIRECTION('',(0.382569992545,0.923926512664,0.));
#19947 = ADVANCED_FACE('',(#19948),#19966,.F.);
#19948 = FACE_BOUND('',#19949,.F.);
#19949 = EDGE_LOOP('',(#19950,#19951,#19959,#19965));
#19950 = ORIENTED_EDGE('',*,*,#19936,.T.);
#19951 = ORIENTED_EDGE('',*,*,#19952,.T.);
#19952 = EDGE_CURVE('',#19929,#19953,#19955,.T.);
#19953 = VERTEX_POINT('',#19954);
#19954 = CARTESIAN_POINT('',(268.624656,90.211692,1.7));
#19955 = LINE('',#19956,#19957);
#19956 = CARTESIAN_POINT('',(268.60398,90.191016,1.7));
#19957 = VECTOR('',#19958,1.);
#19958 = DIRECTION('',(0.707106781187,0.707106781186,0.));
#19959 = ORIENTED_EDGE('',*,*,#19960,.F.);
#19960 = EDGE_CURVE('',#6055,#19953,#19961,.T.);
#19961 = LINE('',#19962,#19963);
#19962 = CARTESIAN_POINT('',(268.624656,90.211692,0.));
#19963 = VECTOR('',#19964,1.);
#19964 = DIRECTION('',(0.,0.,1.));
#19965 = ORIENTED_EDGE('',*,*,#6054,.F.);
#19966 = PLANE('',#19967);
#19967 = AXIS2_PLACEMENT_3D('',#19968,#19969,#19970);
#19968 = CARTESIAN_POINT('',(268.60398,90.191016,0.));
#19969 = DIRECTION('',(-0.707106781186,0.707106781187,0.));
#19970 = DIRECTION('',(0.707106781187,0.707106781186,0.));
#19971 = ADVANCED_FACE('',(#19972),#19990,.F.);
#19972 = FACE_BOUND('',#19973,.F.);
#19973 = EDGE_LOOP('',(#19974,#19975,#19983,#19989));
#19974 = ORIENTED_EDGE('',*,*,#19960,.T.);
#19975 = ORIENTED_EDGE('',*,*,#19976,.T.);
#19976 = EDGE_CURVE('',#19953,#19977,#19979,.T.);
#19977 = VERTEX_POINT('',#19978);
#19978 = CARTESIAN_POINT('',(268.651707,90.222893,1.7));
#19979 = LINE('',#19980,#19981);
#19980 = CARTESIAN_POINT('',(268.624656,90.211692,1.7));
#19981 = VECTOR('',#19982,1.);
#19982 = DIRECTION('',(0.923926512664,0.382569992546,0.));
#19983 = ORIENTED_EDGE('',*,*,#19984,.F.);
#19984 = EDGE_CURVE('',#6063,#19977,#19985,.T.);
#19985 = LINE('',#19986,#19987);
#19986 = CARTESIAN_POINT('',(268.651707,90.222893,0.));
#19987 = VECTOR('',#19988,1.);
#19988 = DIRECTION('',(0.,0.,1.));
#19989 = ORIENTED_EDGE('',*,*,#6062,.F.);
#19990 = PLANE('',#19991);
#19991 = AXIS2_PLACEMENT_3D('',#19992,#19993,#19994);
#19992 = CARTESIAN_POINT('',(268.624656,90.211692,0.));
#19993 = DIRECTION('',(-0.382569992546,0.923926512664,0.));
#19994 = DIRECTION('',(0.923926512664,0.382569992546,0.));
#19995 = ADVANCED_FACE('',(#19996),#20014,.F.);
#19996 = FACE_BOUND('',#19997,.F.);
#19997 = EDGE_LOOP('',(#19998,#19999,#20007,#20013));
#19998 = ORIENTED_EDGE('',*,*,#19984,.T.);
#19999 = ORIENTED_EDGE('',*,*,#20000,.T.);
#20000 = EDGE_CURVE('',#19977,#20001,#20003,.T.);
#20001 = VERTEX_POINT('',#20002);
#20002 = CARTESIAN_POINT('',(268.666337,90.224341,1.7));
#20003 = LINE('',#20004,#20005);
#20004 = CARTESIAN_POINT('',(268.651707,90.222893,1.7));
#20005 = VECTOR('',#20006,1.);
#20006 = DIRECTION('',(0.995137697729,9.849346454594E-02,0.));
#20007 = ORIENTED_EDGE('',*,*,#20008,.F.);
#20008 = EDGE_CURVE('',#6071,#20001,#20009,.T.);
#20009 = LINE('',#20010,#20011);
#20010 = CARTESIAN_POINT('',(268.666337,90.224341,0.));
#20011 = VECTOR('',#20012,1.);
#20012 = DIRECTION('',(0.,0.,1.));
#20013 = ORIENTED_EDGE('',*,*,#6070,.F.);
#20014 = PLANE('',#20015);
#20015 = AXIS2_PLACEMENT_3D('',#20016,#20017,#20018);
#20016 = CARTESIAN_POINT('',(268.651707,90.222893,0.));
#20017 = DIRECTION('',(-9.849346454594E-02,0.995137697729,0.));
#20018 = DIRECTION('',(0.995137697729,9.849346454594E-02,0.));
#20019 = ADVANCED_FACE('',(#20020),#20038,.F.);
#20020 = FACE_BOUND('',#20021,.F.);
#20021 = EDGE_LOOP('',(#20022,#20023,#20031,#20037));
#20022 = ORIENTED_EDGE('',*,*,#20008,.T.);
#20023 = ORIENTED_EDGE('',*,*,#20024,.T.);
#20024 = EDGE_CURVE('',#20001,#20025,#20027,.T.);
#20025 = VERTEX_POINT('',#20026);
#20026 = CARTESIAN_POINT('',(282.766335,90.224341,1.7));
#20027 = LINE('',#20028,#20029);
#20028 = CARTESIAN_POINT('',(268.666337,90.224341,1.7));
#20029 = VECTOR('',#20030,1.);
#20030 = DIRECTION('',(1.,0.,0.));
#20031 = ORIENTED_EDGE('',*,*,#20032,.F.);
#20032 = EDGE_CURVE('',#6079,#20025,#20033,.T.);
#20033 = LINE('',#20034,#20035);
#20034 = CARTESIAN_POINT('',(282.766335,90.224341,0.));
#20035 = VECTOR('',#20036,1.);
#20036 = DIRECTION('',(0.,0.,1.));
#20037 = ORIENTED_EDGE('',*,*,#6078,.F.);
#20038 = PLANE('',#20039);
#20039 = AXIS2_PLACEMENT_3D('',#20040,#20041,#20042);
#20040 = CARTESIAN_POINT('',(268.666337,90.224341,0.));
#20041 = DIRECTION('',(0.,1.,0.));
#20042 = DIRECTION('',(1.,0.,0.));
#20043 = ADVANCED_FACE('',(#20044),#20055,.F.);
#20044 = FACE_BOUND('',#20045,.F.);
#20045 = EDGE_LOOP('',(#20046,#20047,#20053,#20054));
#20046 = ORIENTED_EDGE('',*,*,#20032,.T.);
#20047 = ORIENTED_EDGE('',*,*,#20048,.T.);
#20048 = EDGE_CURVE('',#20025,#19489,#20049,.T.);
#20049 = LINE('',#20050,#20051);
#20050 = CARTESIAN_POINT('',(282.766335,90.224341,1.7));
#20051 = VECTOR('',#20052,1.);
#20052 = DIRECTION('',(0.995137697729,-9.849346454632E-02,0.));
#20053 = ORIENTED_EDGE('',*,*,#19488,.F.);
#20054 = ORIENTED_EDGE('',*,*,#6086,.F.);
#20055 = PLANE('',#20056);
#20056 = AXIS2_PLACEMENT_3D('',#20057,#20058,#20059);
#20057 = CARTESIAN_POINT('',(282.766335,90.224341,0.));
#20058 = DIRECTION('',(9.849346454632E-02,0.995137697729,0.));
#20059 = DIRECTION('',(0.995137697729,-9.849346454632E-02,0.));
#20060 = ADVANCED_FACE('',(#20061),#20086,.F.);
#20061 = FACE_BOUND('',#20062,.F.);
#20062 = EDGE_LOOP('',(#20063,#20071,#20079,#20085));
#20063 = ORIENTED_EDGE('',*,*,#20064,.T.);
#20064 = EDGE_CURVE('',#6095,#20065,#20067,.T.);
#20065 = VERTEX_POINT('',#20066);
#20066 = CARTESIAN_POINT('',(263.730965,90.222893,1.7));
#20067 = LINE('',#20068,#20069);
#20068 = CARTESIAN_POINT('',(263.730965,90.222893,0.));
#20069 = VECTOR('',#20070,1.);
#20070 = DIRECTION('',(0.,0.,1.));
#20071 = ORIENTED_EDGE('',*,*,#20072,.T.);
#20072 = EDGE_CURVE('',#20065,#20073,#20075,.T.);
#20073 = VERTEX_POINT('',#20074);
#20074 = CARTESIAN_POINT('',(263.758016,90.211692,1.7));
#20075 = LINE('',#20076,#20077);
#20076 = CARTESIAN_POINT('',(263.730965,90.222893,1.7));
#20077 = VECTOR('',#20078,1.);
#20078 = DIRECTION('',(0.923926512664,-0.382569992546,0.));
#20079 = ORIENTED_EDGE('',*,*,#20080,.F.);
#20080 = EDGE_CURVE('',#6097,#20073,#20081,.T.);
#20081 = LINE('',#20082,#20083);
#20082 = CARTESIAN_POINT('',(263.758016,90.211692,0.));
#20083 = VECTOR('',#20084,1.);
#20084 = DIRECTION('',(0.,0.,1.));
#20085 = ORIENTED_EDGE('',*,*,#6094,.F.);
#20086 = PLANE('',#20087);
#20087 = AXIS2_PLACEMENT_3D('',#20088,#20089,#20090);
#20088 = CARTESIAN_POINT('',(263.730965,90.222893,0.));
#20089 = DIRECTION('',(0.382569992546,0.923926512664,0.));
#20090 = DIRECTION('',(0.923926512664,-0.382569992546,0.));
#20091 = ADVANCED_FACE('',(#20092),#20110,.F.);
#20092 = FACE_BOUND('',#20093,.F.);
#20093 = EDGE_LOOP('',(#20094,#20095,#20103,#20109));
#20094 = ORIENTED_EDGE('',*,*,#20080,.T.);
#20095 = ORIENTED_EDGE('',*,*,#20096,.T.);
#20096 = EDGE_CURVE('',#20073,#20097,#20099,.T.);
#20097 = VERTEX_POINT('',#20098);
#20098 = CARTESIAN_POINT('',(263.778692,90.191016,1.7));
#20099 = LINE('',#20100,#20101);
#20100 = CARTESIAN_POINT('',(263.758016,90.211692,1.7));
#20101 = VECTOR('',#20102,1.);
#20102 = DIRECTION('',(0.707106781186,-0.707106781187,0.));
#20103 = ORIENTED_EDGE('',*,*,#20104,.F.);
#20104 = EDGE_CURVE('',#6105,#20097,#20105,.T.);
#20105 = LINE('',#20106,#20107);
#20106 = CARTESIAN_POINT('',(263.778692,90.191016,0.));
#20107 = VECTOR('',#20108,1.);
#20108 = DIRECTION('',(0.,0.,1.));
#20109 = ORIENTED_EDGE('',*,*,#6104,.F.);
#20110 = PLANE('',#20111);
#20111 = AXIS2_PLACEMENT_3D('',#20112,#20113,#20114);
#20112 = CARTESIAN_POINT('',(263.758016,90.211692,0.));
#20113 = DIRECTION('',(0.707106781187,0.707106781186,0.));
#20114 = DIRECTION('',(0.707106781186,-0.707106781187,0.));
#20115 = ADVANCED_FACE('',(#20116),#20134,.F.);
#20116 = FACE_BOUND('',#20117,.F.);
#20117 = EDGE_LOOP('',(#20118,#20119,#20127,#20133));
#20118 = ORIENTED_EDGE('',*,*,#20104,.T.);
#20119 = ORIENTED_EDGE('',*,*,#20120,.T.);
#20120 = EDGE_CURVE('',#20097,#20121,#20123,.T.);
#20121 = VERTEX_POINT('',#20122);
#20122 = CARTESIAN_POINT('',(263.789893,90.163965,1.7));
#20123 = LINE('',#20124,#20125);
#20124 = CARTESIAN_POINT('',(263.778692,90.191016,1.7));
#20125 = VECTOR('',#20126,1.);
#20126 = DIRECTION('',(0.382569992546,-0.923926512664,0.));
#20127 = ORIENTED_EDGE('',*,*,#20128,.F.);
#20128 = EDGE_CURVE('',#6113,#20121,#20129,.T.);
#20129 = LINE('',#20130,#20131);
#20130 = CARTESIAN_POINT('',(263.789893,90.163965,0.));
#20131 = VECTOR('',#20132,1.);
#20132 = DIRECTION('',(0.,0.,1.));
#20133 = ORIENTED_EDGE('',*,*,#6112,.F.);
#20134 = PLANE('',#20135);
#20135 = AXIS2_PLACEMENT_3D('',#20136,#20137,#20138);
#20136 = CARTESIAN_POINT('',(263.778692,90.191016,0.));
#20137 = DIRECTION('',(0.923926512664,0.382569992546,0.));
#20138 = DIRECTION('',(0.382569992546,-0.923926512664,0.));
#20139 = ADVANCED_FACE('',(#20140),#20158,.F.);
#20140 = FACE_BOUND('',#20141,.F.);
#20141 = EDGE_LOOP('',(#20142,#20143,#20151,#20157));
#20142 = ORIENTED_EDGE('',*,*,#20128,.T.);
#20143 = ORIENTED_EDGE('',*,*,#20144,.T.);
#20144 = EDGE_CURVE('',#20121,#20145,#20147,.T.);
#20145 = VERTEX_POINT('',#20146);
#20146 = CARTESIAN_POINT('',(263.791341,90.149335,1.7));
#20147 = LINE('',#20148,#20149);
#20148 = CARTESIAN_POINT('',(263.789893,90.163965,1.7));
#20149 = VECTOR('',#20150,1.);
#20150 = DIRECTION('',(9.849346454498E-02,-0.995137697729,0.));
#20151 = ORIENTED_EDGE('',*,*,#20152,.F.);
#20152 = EDGE_CURVE('',#6121,#20145,#20153,.T.);
#20153 = LINE('',#20154,#20155);
#20154 = CARTESIAN_POINT('',(263.791341,90.149335,0.));
#20155 = VECTOR('',#20156,1.);
#20156 = DIRECTION('',(0.,0.,1.));
#20157 = ORIENTED_EDGE('',*,*,#6120,.F.);
#20158 = PLANE('',#20159);
#20159 = AXIS2_PLACEMENT_3D('',#20160,#20161,#20162);
#20160 = CARTESIAN_POINT('',(263.789893,90.163965,0.));
#20161 = DIRECTION('',(0.995137697729,9.849346454498E-02,0.));
#20162 = DIRECTION('',(9.849346454498E-02,-0.995137697729,0.));
#20163 = ADVANCED_FACE('',(#20164),#20182,.F.);
#20164 = FACE_BOUND('',#20165,.F.);
#20165 = EDGE_LOOP('',(#20166,#20167,#20175,#20181));
#20166 = ORIENTED_EDGE('',*,*,#20152,.T.);
#20167 = ORIENTED_EDGE('',*,*,#20168,.T.);
#20168 = EDGE_CURVE('',#20145,#20169,#20171,.T.);
#20169 = VERTEX_POINT('',#20170);
#20170 = CARTESIAN_POINT('',(263.791341,76.049338,1.7));
#20171 = LINE('',#20172,#20173);
#20172 = CARTESIAN_POINT('',(263.791341,90.149335,1.7));
#20173 = VECTOR('',#20174,1.);
#20174 = DIRECTION('',(0.,-1.,0.));
#20175 = ORIENTED_EDGE('',*,*,#20176,.F.);
#20176 = EDGE_CURVE('',#6129,#20169,#20177,.T.);
#20177 = LINE('',#20178,#20179);
#20178 = CARTESIAN_POINT('',(263.791341,76.049338,0.));
#20179 = VECTOR('',#20180,1.);
#20180 = DIRECTION('',(0.,0.,1.));
#20181 = ORIENTED_EDGE('',*,*,#6128,.F.);
#20182 = PLANE('',#20183);
#20183 = AXIS2_PLACEMENT_3D('',#20184,#20185,#20186);
#20184 = CARTESIAN_POINT('',(263.791341,90.149335,0.));
#20185 = DIRECTION('',(1.,0.,0.));
#20186 = DIRECTION('',(0.,-1.,0.));
#20187 = ADVANCED_FACE('',(#20188),#20206,.F.);
#20188 = FACE_BOUND('',#20189,.F.);
#20189 = EDGE_LOOP('',(#20190,#20191,#20199,#20205));
#20190 = ORIENTED_EDGE('',*,*,#20176,.T.);
#20191 = ORIENTED_EDGE('',*,*,#20192,.T.);
#20192 = EDGE_CURVE('',#20169,#20193,#20195,.T.);
#20193 = VERTEX_POINT('',#20194);
#20194 = CARTESIAN_POINT('',(263.789893,76.034707,1.7));
#20195 = LINE('',#20196,#20197);
#20196 = CARTESIAN_POINT('',(263.791341,76.049338,1.7));
#20197 = VECTOR('',#20198,1.);
#20198 = DIRECTION('',(-9.848679800955E-02,-0.995138357525,0.));
#20199 = ORIENTED_EDGE('',*,*,#20200,.F.);
#20200 = EDGE_CURVE('',#6137,#20193,#20201,.T.);
#20201 = LINE('',#20202,#20203);
#20202 = CARTESIAN_POINT('',(263.789893,76.034707,0.));
#20203 = VECTOR('',#20204,1.);
#20204 = DIRECTION('',(0.,0.,1.));
#20205 = ORIENTED_EDGE('',*,*,#6136,.F.);
#20206 = PLANE('',#20207);
#20207 = AXIS2_PLACEMENT_3D('',#20208,#20209,#20210);
#20208 = CARTESIAN_POINT('',(263.791341,76.049338,0.));
#20209 = DIRECTION('',(0.995138357525,-9.848679800955E-02,0.));
#20210 = DIRECTION('',(-9.848679800955E-02,-0.995138357525,0.));
#20211 = ADVANCED_FACE('',(#20212),#20230,.F.);
#20212 = FACE_BOUND('',#20213,.F.);
#20213 = EDGE_LOOP('',(#20214,#20215,#20223,#20229));
#20214 = ORIENTED_EDGE('',*,*,#20200,.T.);
#20215 = ORIENTED_EDGE('',*,*,#20216,.T.);
#20216 = EDGE_CURVE('',#20193,#20217,#20219,.T.);
#20217 = VERTEX_POINT('',#20218);
#20218 = CARTESIAN_POINT('',(263.778692,76.007656,1.7));
#20219 = LINE('',#20220,#20221);
#20220 = CARTESIAN_POINT('',(263.789893,76.034707,1.7));
#20221 = VECTOR('',#20222,1.);
#20222 = DIRECTION('',(-0.382569992546,-0.923926512664,0.));
#20223 = ORIENTED_EDGE('',*,*,#20224,.F.);
#20224 = EDGE_CURVE('',#6145,#20217,#20225,.T.);
#20225 = LINE('',#20226,#20227);
#20226 = CARTESIAN_POINT('',(263.778692,76.007656,0.));
#20227 = VECTOR('',#20228,1.);
#20228 = DIRECTION('',(0.,0.,1.));
#20229 = ORIENTED_EDGE('',*,*,#6144,.F.);
#20230 = PLANE('',#20231);
#20231 = AXIS2_PLACEMENT_3D('',#20232,#20233,#20234);
#20232 = CARTESIAN_POINT('',(263.789893,76.034707,0.));
#20233 = DIRECTION('',(0.923926512664,-0.382569992546,0.));
#20234 = DIRECTION('',(-0.382569992546,-0.923926512664,0.));
#20235 = ADVANCED_FACE('',(#20236),#20254,.F.);
#20236 = FACE_BOUND('',#20237,.F.);
#20237 = EDGE_LOOP('',(#20238,#20239,#20247,#20253));
#20238 = ORIENTED_EDGE('',*,*,#20224,.T.);
#20239 = ORIENTED_EDGE('',*,*,#20240,.T.);
#20240 = EDGE_CURVE('',#20217,#20241,#20243,.T.);
#20241 = VERTEX_POINT('',#20242);
#20242 = CARTESIAN_POINT('',(263.758016,75.986981,1.7));
#20243 = LINE('',#20244,#20245);
#20244 = CARTESIAN_POINT('',(263.778692,76.007656,1.7));
#20245 = VECTOR('',#20246,1.);
#20246 = DIRECTION('',(-0.707123881093,-0.707089680867,0.));
#20247 = ORIENTED_EDGE('',*,*,#20248,.F.);
#20248 = EDGE_CURVE('',#6153,#20241,#20249,.T.);
#20249 = LINE('',#20250,#20251);
#20250 = CARTESIAN_POINT('',(263.758016,75.986981,0.));
#20251 = VECTOR('',#20252,1.);
#20252 = DIRECTION('',(0.,0.,1.));
#20253 = ORIENTED_EDGE('',*,*,#6152,.F.);
#20254 = PLANE('',#20255);
#20255 = AXIS2_PLACEMENT_3D('',#20256,#20257,#20258);
#20256 = CARTESIAN_POINT('',(263.778692,76.007656,0.));
#20257 = DIRECTION('',(0.707089680867,-0.707123881093,0.));
#20258 = DIRECTION('',(-0.707123881093,-0.707089680867,0.));
#20259 = ADVANCED_FACE('',(#20260),#20278,.F.);
#20260 = FACE_BOUND('',#20261,.F.);
#20261 = EDGE_LOOP('',(#20262,#20263,#20271,#20277));
#20262 = ORIENTED_EDGE('',*,*,#20248,.T.);
#20263 = ORIENTED_EDGE('',*,*,#20264,.T.);
#20264 = EDGE_CURVE('',#20241,#20265,#20267,.T.);
#20265 = VERTEX_POINT('',#20266);
#20266 = CARTESIAN_POINT('',(263.730965,75.975779,1.7));
#20267 = LINE('',#20268,#20269);
#20268 = CARTESIAN_POINT('',(263.758016,75.986981,1.7));
#20269 = VECTOR('',#20270,1.);
#20270 = DIRECTION('',(-0.923914439717,-0.382599148043,0.));
#20271 = ORIENTED_EDGE('',*,*,#20272,.F.);
#20272 = EDGE_CURVE('',#6161,#20265,#20273,.T.);
#20273 = LINE('',#20274,#20275);
#20274 = CARTESIAN_POINT('',(263.730965,75.975779,0.));
#20275 = VECTOR('',#20276,1.);
#20276 = DIRECTION('',(0.,0.,1.));
#20277 = ORIENTED_EDGE('',*,*,#6160,.F.);
#20278 = PLANE('',#20279);
#20279 = AXIS2_PLACEMENT_3D('',#20280,#20281,#20282);
#20280 = CARTESIAN_POINT('',(263.758016,75.986981,0.));
#20281 = DIRECTION('',(0.382599148043,-0.923914439717,0.));
#20282 = DIRECTION('',(-0.923914439717,-0.382599148043,0.));
#20283 = ADVANCED_FACE('',(#20284),#20302,.F.);
#20284 = FACE_BOUND('',#20285,.F.);
#20285 = EDGE_LOOP('',(#20286,#20287,#20295,#20301));
#20286 = ORIENTED_EDGE('',*,*,#20272,.T.);
#20287 = ORIENTED_EDGE('',*,*,#20288,.T.);
#20288 = EDGE_CURVE('',#20265,#20289,#20291,.T.);
#20289 = VERTEX_POINT('',#20290);
#20290 = CARTESIAN_POINT('',(263.716335,75.974331,1.7));
#20291 = LINE('',#20292,#20293);
#20292 = CARTESIAN_POINT('',(263.730965,75.975779,1.7));
#20293 = VECTOR('',#20294,1.);
#20294 = DIRECTION('',(-0.995137697729,-9.849346454594E-02,0.));
#20295 = ORIENTED_EDGE('',*,*,#20296,.F.);
#20296 = EDGE_CURVE('',#6169,#20289,#20297,.T.);
#20297 = LINE('',#20298,#20299);
#20298 = CARTESIAN_POINT('',(263.716335,75.974331,0.));
#20299 = VECTOR('',#20300,1.);
#20300 = DIRECTION('',(0.,0.,1.));
#20301 = ORIENTED_EDGE('',*,*,#6168,.F.);
#20302 = PLANE('',#20303);
#20303 = AXIS2_PLACEMENT_3D('',#20304,#20305,#20306);
#20304 = CARTESIAN_POINT('',(263.730965,75.975779,0.));
#20305 = DIRECTION('',(9.849346454594E-02,-0.995137697729,0.));
#20306 = DIRECTION('',(-0.995137697729,-9.849346454594E-02,0.));
#20307 = ADVANCED_FACE('',(#20308),#20326,.F.);
#20308 = FACE_BOUND('',#20309,.F.);
#20309 = EDGE_LOOP('',(#20310,#20311,#20319,#20325));
#20310 = ORIENTED_EDGE('',*,*,#20296,.T.);
#20311 = ORIENTED_EDGE('',*,*,#20312,.T.);
#20312 = EDGE_CURVE('',#20289,#20313,#20315,.T.);
#20313 = VERTEX_POINT('',#20314);
#20314 = CARTESIAN_POINT('',(249.616337,75.974331,1.7));
#20315 = LINE('',#20316,#20317);
#20316 = CARTESIAN_POINT('',(263.716335,75.974331,1.7));
#20317 = VECTOR('',#20318,1.);
#20318 = DIRECTION('',(-1.,0.,0.));
#20319 = ORIENTED_EDGE('',*,*,#20320,.F.);
#20320 = EDGE_CURVE('',#6177,#20313,#20321,.T.);
#20321 = LINE('',#20322,#20323);
#20322 = CARTESIAN_POINT('',(249.616337,75.974331,0.));
#20323 = VECTOR('',#20324,1.);
#20324 = DIRECTION('',(0.,0.,1.));
#20325 = ORIENTED_EDGE('',*,*,#6176,.F.);
#20326 = PLANE('',#20327);
#20327 = AXIS2_PLACEMENT_3D('',#20328,#20329,#20330);
#20328 = CARTESIAN_POINT('',(263.716335,75.974331,0.));
#20329 = DIRECTION('',(0.,-1.,0.));
#20330 = DIRECTION('',(-1.,0.,0.));
#20331 = ADVANCED_FACE('',(#20332),#20350,.F.);
#20332 = FACE_BOUND('',#20333,.F.);
#20333 = EDGE_LOOP('',(#20334,#20335,#20343,#20349));
#20334 = ORIENTED_EDGE('',*,*,#20320,.T.);
#20335 = ORIENTED_EDGE('',*,*,#20336,.T.);
#20336 = EDGE_CURVE('',#20313,#20337,#20339,.T.);
#20337 = VERTEX_POINT('',#20338);
#20338 = CARTESIAN_POINT('',(249.601707,75.975779,1.7));
#20339 = LINE('',#20340,#20341);
#20340 = CARTESIAN_POINT('',(249.616337,75.974331,1.7));
#20341 = VECTOR('',#20342,1.);
#20342 = DIRECTION('',(-0.995137697729,9.849346454613E-02,0.));
#20343 = ORIENTED_EDGE('',*,*,#20344,.F.);
#20344 = EDGE_CURVE('',#6185,#20337,#20345,.T.);
#20345 = LINE('',#20346,#20347);
#20346 = CARTESIAN_POINT('',(249.601707,75.975779,0.));
#20347 = VECTOR('',#20348,1.);
#20348 = DIRECTION('',(0.,0.,1.));
#20349 = ORIENTED_EDGE('',*,*,#6184,.F.);
#20350 = PLANE('',#20351);
#20351 = AXIS2_PLACEMENT_3D('',#20352,#20353,#20354);
#20352 = CARTESIAN_POINT('',(249.616337,75.974331,0.));
#20353 = DIRECTION('',(-9.849346454613E-02,-0.995137697729,0.));
#20354 = DIRECTION('',(-0.995137697729,9.849346454613E-02,0.));
#20355 = ADVANCED_FACE('',(#20356),#20374,.F.);
#20356 = FACE_BOUND('',#20357,.F.);
#20357 = EDGE_LOOP('',(#20358,#20359,#20367,#20373));
#20358 = ORIENTED_EDGE('',*,*,#20344,.T.);
#20359 = ORIENTED_EDGE('',*,*,#20360,.T.);
#20360 = EDGE_CURVE('',#20337,#20361,#20363,.T.);
#20361 = VERTEX_POINT('',#20362);
#20362 = CARTESIAN_POINT('',(249.574656,75.986981,1.7));
#20363 = LINE('',#20364,#20365);
#20364 = CARTESIAN_POINT('',(249.601707,75.975779,1.7));
#20365 = VECTOR('',#20366,1.);
#20366 = DIRECTION('',(-0.923914439717,0.382599148043,0.));
#20367 = ORIENTED_EDGE('',*,*,#20368,.F.);
#20368 = EDGE_CURVE('',#6193,#20361,#20369,.T.);
#20369 = LINE('',#20370,#20371);
#20370 = CARTESIAN_POINT('',(249.574656,75.986981,0.));
#20371 = VECTOR('',#20372,1.);
#20372 = DIRECTION('',(0.,0.,1.));
#20373 = ORIENTED_EDGE('',*,*,#6192,.F.);
#20374 = PLANE('',#20375);
#20375 = AXIS2_PLACEMENT_3D('',#20376,#20377,#20378);
#20376 = CARTESIAN_POINT('',(249.601707,75.975779,0.));
#20377 = DIRECTION('',(-0.382599148043,-0.923914439717,0.));
#20378 = DIRECTION('',(-0.923914439717,0.382599148043,0.));
#20379 = ADVANCED_FACE('',(#20380),#20398,.F.);
#20380 = FACE_BOUND('',#20381,.F.);
#20381 = EDGE_LOOP('',(#20382,#20383,#20391,#20397));
#20382 = ORIENTED_EDGE('',*,*,#20368,.T.);
#20383 = ORIENTED_EDGE('',*,*,#20384,.T.);
#20384 = EDGE_CURVE('',#20361,#20385,#20387,.T.);
#20385 = VERTEX_POINT('',#20386);
#20386 = CARTESIAN_POINT('',(249.55398,76.007656,1.7));
#20387 = LINE('',#20388,#20389);
#20388 = CARTESIAN_POINT('',(249.574656,75.986981,1.7));
#20389 = VECTOR('',#20390,1.);
#20390 = DIRECTION('',(-0.707123881093,0.707089680866,0.));
#20391 = ORIENTED_EDGE('',*,*,#20392,.F.);
#20392 = EDGE_CURVE('',#6201,#20385,#20393,.T.);
#20393 = LINE('',#20394,#20395);
#20394 = CARTESIAN_POINT('',(249.55398,76.007656,0.));
#20395 = VECTOR('',#20396,1.);
#20396 = DIRECTION('',(0.,0.,1.));
#20397 = ORIENTED_EDGE('',*,*,#6200,.F.);
#20398 = PLANE('',#20399);
#20399 = AXIS2_PLACEMENT_3D('',#20400,#20401,#20402);
#20400 = CARTESIAN_POINT('',(249.574656,75.986981,0.));
#20401 = DIRECTION('',(-0.707089680866,-0.707123881093,0.));
#20402 = DIRECTION('',(-0.707123881093,0.707089680866,0.));
#20403 = ADVANCED_FACE('',(#20404),#20422,.F.);
#20404 = FACE_BOUND('',#20405,.F.);
#20405 = EDGE_LOOP('',(#20406,#20407,#20415,#20421));
#20406 = ORIENTED_EDGE('',*,*,#20392,.T.);
#20407 = ORIENTED_EDGE('',*,*,#20408,.T.);
#20408 = EDGE_CURVE('',#20385,#20409,#20411,.T.);
#20409 = VERTEX_POINT('',#20410);
#20410 = CARTESIAN_POINT('',(249.542779,76.034707,1.7));
#20411 = LINE('',#20412,#20413);
#20412 = CARTESIAN_POINT('',(249.55398,76.007656,1.7));
#20413 = VECTOR('',#20414,1.);
#20414 = DIRECTION('',(-0.382569992546,0.923926512664,0.));
#20415 = ORIENTED_EDGE('',*,*,#20416,.F.);
#20416 = EDGE_CURVE('',#6209,#20409,#20417,.T.);
#20417 = LINE('',#20418,#20419);
#20418 = CARTESIAN_POINT('',(249.542779,76.034707,0.));
#20419 = VECTOR('',#20420,1.);
#20420 = DIRECTION('',(0.,0.,1.));
#20421 = ORIENTED_EDGE('',*,*,#6208,.F.);
#20422 = PLANE('',#20423);
#20423 = AXIS2_PLACEMENT_3D('',#20424,#20425,#20426);
#20424 = CARTESIAN_POINT('',(249.55398,76.007656,0.));
#20425 = DIRECTION('',(-0.923926512664,-0.382569992546,0.));
#20426 = DIRECTION('',(-0.382569992546,0.923926512664,0.));
#20427 = ADVANCED_FACE('',(#20428),#20446,.F.);
#20428 = FACE_BOUND('',#20429,.F.);
#20429 = EDGE_LOOP('',(#20430,#20431,#20439,#20445));
#20430 = ORIENTED_EDGE('',*,*,#20416,.T.);
#20431 = ORIENTED_EDGE('',*,*,#20432,.T.);
#20432 = EDGE_CURVE('',#20409,#20433,#20435,.T.);
#20433 = VERTEX_POINT('',#20434);
#20434 = CARTESIAN_POINT('',(249.541331,76.049338,1.7));
#20435 = LINE('',#20436,#20437);
#20436 = CARTESIAN_POINT('',(249.542779,76.034707,1.7));
#20437 = VECTOR('',#20438,1.);
#20438 = DIRECTION('',(-9.848679800955E-02,0.995138357525,0.));
#20439 = ORIENTED_EDGE('',*,*,#20440,.F.);
#20440 = EDGE_CURVE('',#6217,#20433,#20441,.T.);
#20441 = LINE('',#20442,#20443);
#20442 = CARTESIAN_POINT('',(249.541331,76.049338,0.));
#20443 = VECTOR('',#20444,1.);
#20444 = DIRECTION('',(0.,0.,1.));
#20445 = ORIENTED_EDGE('',*,*,#6216,.F.);
#20446 = PLANE('',#20447);
#20447 = AXIS2_PLACEMENT_3D('',#20448,#20449,#20450);
#20448 = CARTESIAN_POINT('',(249.542779,76.034707,0.));
#20449 = DIRECTION('',(-0.995138357525,-9.848679800955E-02,0.));
#20450 = DIRECTION('',(-9.848679800955E-02,0.995138357525,0.));
#20451 = ADVANCED_FACE('',(#20452),#20470,.F.);
#20452 = FACE_BOUND('',#20453,.F.);
#20453 = EDGE_LOOP('',(#20454,#20455,#20463,#20469));
#20454 = ORIENTED_EDGE('',*,*,#20440,.T.);
#20455 = ORIENTED_EDGE('',*,*,#20456,.T.);
#20456 = EDGE_CURVE('',#20433,#20457,#20459,.T.);
#20457 = VERTEX_POINT('',#20458);
#20458 = CARTESIAN_POINT('',(249.541331,90.149335,1.7));
#20459 = LINE('',#20460,#20461);
#20460 = CARTESIAN_POINT('',(249.541331,76.049338,1.7));
#20461 = VECTOR('',#20462,1.);
#20462 = DIRECTION('',(0.,1.,0.));
#20463 = ORIENTED_EDGE('',*,*,#20464,.F.);
#20464 = EDGE_CURVE('',#6225,#20457,#20465,.T.);
#20465 = LINE('',#20466,#20467);
#20466 = CARTESIAN_POINT('',(249.541331,90.149335,0.));
#20467 = VECTOR('',#20468,1.);
#20468 = DIRECTION('',(0.,0.,1.));
#20469 = ORIENTED_EDGE('',*,*,#6224,.F.);
#20470 = PLANE('',#20471);
#20471 = AXIS2_PLACEMENT_3D('',#20472,#20473,#20474);
#20472 = CARTESIAN_POINT('',(249.541331,76.049338,0.));
#20473 = DIRECTION('',(-1.,0.,0.));
#20474 = DIRECTION('',(0.,1.,0.));
#20475 = ADVANCED_FACE('',(#20476),#20494,.F.);
#20476 = FACE_BOUND('',#20477,.F.);
#20477 = EDGE_LOOP('',(#20478,#20479,#20487,#20493));
#20478 = ORIENTED_EDGE('',*,*,#20464,.T.);
#20479 = ORIENTED_EDGE('',*,*,#20480,.T.);
#20480 = EDGE_CURVE('',#20457,#20481,#20483,.T.);
#20481 = VERTEX_POINT('',#20482);
#20482 = CARTESIAN_POINT('',(249.542779,90.163965,1.7));
#20483 = LINE('',#20484,#20485);
#20484 = CARTESIAN_POINT('',(249.541331,90.149335,1.7));
#20485 = VECTOR('',#20486,1.);
#20486 = DIRECTION('',(9.849346454498E-02,0.995137697729,0.));
#20487 = ORIENTED_EDGE('',*,*,#20488,.F.);
#20488 = EDGE_CURVE('',#6233,#20481,#20489,.T.);
#20489 = LINE('',#20490,#20491);
#20490 = CARTESIAN_POINT('',(249.542779,90.163965,0.));
#20491 = VECTOR('',#20492,1.);
#20492 = DIRECTION('',(0.,0.,1.));
#20493 = ORIENTED_EDGE('',*,*,#6232,.F.);
#20494 = PLANE('',#20495);
#20495 = AXIS2_PLACEMENT_3D('',#20496,#20497,#20498);
#20496 = CARTESIAN_POINT('',(249.541331,90.149335,0.));
#20497 = DIRECTION('',(-0.995137697729,9.849346454498E-02,0.));
#20498 = DIRECTION('',(9.849346454498E-02,0.995137697729,0.));
#20499 = ADVANCED_FACE('',(#20500),#20518,.F.);
#20500 = FACE_BOUND('',#20501,.F.);
#20501 = EDGE_LOOP('',(#20502,#20503,#20511,#20517));
#20502 = ORIENTED_EDGE('',*,*,#20488,.T.);
#20503 = ORIENTED_EDGE('',*,*,#20504,.T.);
#20504 = EDGE_CURVE('',#20481,#20505,#20507,.T.);
#20505 = VERTEX_POINT('',#20506);
#20506 = CARTESIAN_POINT('',(249.55398,90.191016,1.7));
#20507 = LINE('',#20508,#20509);
#20508 = CARTESIAN_POINT('',(249.542779,90.163965,1.7));
#20509 = VECTOR('',#20510,1.);
#20510 = DIRECTION('',(0.382569992546,0.923926512664,0.));
#20511 = ORIENTED_EDGE('',*,*,#20512,.F.);
#20512 = EDGE_CURVE('',#6241,#20505,#20513,.T.);
#20513 = LINE('',#20514,#20515);
#20514 = CARTESIAN_POINT('',(249.55398,90.191016,0.));
#20515 = VECTOR('',#20516,1.);
#20516 = DIRECTION('',(0.,0.,1.));
#20517 = ORIENTED_EDGE('',*,*,#6240,.F.);
#20518 = PLANE('',#20519);
#20519 = AXIS2_PLACEMENT_3D('',#20520,#20521,#20522);
#20520 = CARTESIAN_POINT('',(249.542779,90.163965,0.));
#20521 = DIRECTION('',(-0.923926512664,0.382569992546,0.));
#20522 = DIRECTION('',(0.382569992546,0.923926512664,0.));
#20523 = ADVANCED_FACE('',(#20524),#20542,.F.);
#20524 = FACE_BOUND('',#20525,.F.);
#20525 = EDGE_LOOP('',(#20526,#20527,#20535,#20541));
#20526 = ORIENTED_EDGE('',*,*,#20512,.T.);
#20527 = ORIENTED_EDGE('',*,*,#20528,.T.);
#20528 = EDGE_CURVE('',#20505,#20529,#20531,.T.);
#20529 = VERTEX_POINT('',#20530);
#20530 = CARTESIAN_POINT('',(249.574656,90.211692,1.7));
#20531 = LINE('',#20532,#20533);
#20532 = CARTESIAN_POINT('',(249.55398,90.191016,1.7));
#20533 = VECTOR('',#20534,1.);
#20534 = DIRECTION('',(0.707106781187,0.707106781186,0.));
#20535 = ORIENTED_EDGE('',*,*,#20536,.F.);
#20536 = EDGE_CURVE('',#6249,#20529,#20537,.T.);
#20537 = LINE('',#20538,#20539);
#20538 = CARTESIAN_POINT('',(249.574656,90.211692,0.));
#20539 = VECTOR('',#20540,1.);
#20540 = DIRECTION('',(0.,0.,1.));
#20541 = ORIENTED_EDGE('',*,*,#6248,.F.);
#20542 = PLANE('',#20543);
#20543 = AXIS2_PLACEMENT_3D('',#20544,#20545,#20546);
#20544 = CARTESIAN_POINT('',(249.55398,90.191016,0.));
#20545 = DIRECTION('',(-0.707106781186,0.707106781187,0.));
#20546 = DIRECTION('',(0.707106781187,0.707106781186,0.));
#20547 = ADVANCED_FACE('',(#20548),#20566,.F.);
#20548 = FACE_BOUND('',#20549,.F.);
#20549 = EDGE_LOOP('',(#20550,#20551,#20559,#20565));
#20550 = ORIENTED_EDGE('',*,*,#20536,.T.);
#20551 = ORIENTED_EDGE('',*,*,#20552,.T.);
#20552 = EDGE_CURVE('',#20529,#20553,#20555,.T.);
#20553 = VERTEX_POINT('',#20554);
#20554 = CARTESIAN_POINT('',(249.601707,90.222893,1.7));
#20555 = LINE('',#20556,#20557);
#20556 = CARTESIAN_POINT('',(249.574656,90.211692,1.7));
#20557 = VECTOR('',#20558,1.);
#20558 = DIRECTION('',(0.923926512664,0.382569992546,0.));
#20559 = ORIENTED_EDGE('',*,*,#20560,.F.);
#20560 = EDGE_CURVE('',#6257,#20553,#20561,.T.);
#20561 = LINE('',#20562,#20563);
#20562 = CARTESIAN_POINT('',(249.601707,90.222893,0.));
#20563 = VECTOR('',#20564,1.);
#20564 = DIRECTION('',(0.,0.,1.));
#20565 = ORIENTED_EDGE('',*,*,#6256,.F.);
#20566 = PLANE('',#20567);
#20567 = AXIS2_PLACEMENT_3D('',#20568,#20569,#20570);
#20568 = CARTESIAN_POINT('',(249.574656,90.211692,0.));
#20569 = DIRECTION('',(-0.382569992546,0.923926512664,0.));
#20570 = DIRECTION('',(0.923926512664,0.382569992546,0.));
#20571 = ADVANCED_FACE('',(#20572),#20590,.F.);
#20572 = FACE_BOUND('',#20573,.F.);
#20573 = EDGE_LOOP('',(#20574,#20575,#20583,#20589));
#20574 = ORIENTED_EDGE('',*,*,#20560,.T.);
#20575 = ORIENTED_EDGE('',*,*,#20576,.T.);
#20576 = EDGE_CURVE('',#20553,#20577,#20579,.T.);
#20577 = VERTEX_POINT('',#20578);
#20578 = CARTESIAN_POINT('',(249.616337,90.224341,1.7));
#20579 = LINE('',#20580,#20581);
#20580 = CARTESIAN_POINT('',(249.601707,90.222893,1.7));
#20581 = VECTOR('',#20582,1.);
#20582 = DIRECTION('',(0.995137697729,9.849346454613E-02,0.));
#20583 = ORIENTED_EDGE('',*,*,#20584,.F.);
#20584 = EDGE_CURVE('',#6265,#20577,#20585,.T.);
#20585 = LINE('',#20586,#20587);
#20586 = CARTESIAN_POINT('',(249.616337,90.224341,0.));
#20587 = VECTOR('',#20588,1.);
#20588 = DIRECTION('',(0.,0.,1.));
#20589 = ORIENTED_EDGE('',*,*,#6264,.F.);
#20590 = PLANE('',#20591);
#20591 = AXIS2_PLACEMENT_3D('',#20592,#20593,#20594);
#20592 = CARTESIAN_POINT('',(249.601707,90.222893,0.));
#20593 = DIRECTION('',(-9.849346454613E-02,0.995137697729,0.));
#20594 = DIRECTION('',(0.995137697729,9.849346454613E-02,0.));
#20595 = ADVANCED_FACE('',(#20596),#20614,.F.);
#20596 = FACE_BOUND('',#20597,.F.);
#20597 = EDGE_LOOP('',(#20598,#20599,#20607,#20613));
#20598 = ORIENTED_EDGE('',*,*,#20584,.T.);
#20599 = ORIENTED_EDGE('',*,*,#20600,.T.);
#20600 = EDGE_CURVE('',#20577,#20601,#20603,.T.);
#20601 = VERTEX_POINT('',#20602);
#20602 = CARTESIAN_POINT('',(263.716335,90.224341,1.7));
#20603 = LINE('',#20604,#20605);
#20604 = CARTESIAN_POINT('',(249.616337,90.224341,1.7));
#20605 = VECTOR('',#20606,1.);
#20606 = DIRECTION('',(1.,0.,0.));
#20607 = ORIENTED_EDGE('',*,*,#20608,.F.);
#20608 = EDGE_CURVE('',#6273,#20601,#20609,.T.);
#20609 = LINE('',#20610,#20611);
#20610 = CARTESIAN_POINT('',(263.716335,90.224341,0.));
#20611 = VECTOR('',#20612,1.);
#20612 = DIRECTION('',(0.,0.,1.));
#20613 = ORIENTED_EDGE('',*,*,#6272,.F.);
#20614 = PLANE('',#20615);
#20615 = AXIS2_PLACEMENT_3D('',#20616,#20617,#20618);
#20616 = CARTESIAN_POINT('',(249.616337,90.224341,0.));
#20617 = DIRECTION('',(0.,1.,0.));
#20618 = DIRECTION('',(1.,0.,0.));
#20619 = ADVANCED_FACE('',(#20620),#20631,.F.);
#20620 = FACE_BOUND('',#20621,.F.);
#20621 = EDGE_LOOP('',(#20622,#20623,#20629,#20630));
#20622 = ORIENTED_EDGE('',*,*,#20608,.T.);
#20623 = ORIENTED_EDGE('',*,*,#20624,.T.);
#20624 = EDGE_CURVE('',#20601,#20065,#20625,.T.);
#20625 = LINE('',#20626,#20627);
#20626 = CARTESIAN_POINT('',(263.716335,90.224341,1.7));
#20627 = VECTOR('',#20628,1.);
#20628 = DIRECTION('',(0.995137697729,-9.849346454594E-02,0.));
#20629 = ORIENTED_EDGE('',*,*,#20064,.F.);
#20630 = ORIENTED_EDGE('',*,*,#6280,.F.);
#20631 = PLANE('',#20632);
#20632 = AXIS2_PLACEMENT_3D('',#20633,#20634,#20635);
#20633 = CARTESIAN_POINT('',(263.716335,90.224341,0.));
#20634 = DIRECTION('',(9.849346454594E-02,0.995137697729,0.));
#20635 = DIRECTION('',(0.995137697729,-9.849346454594E-02,0.));
#20636 = ADVANCED_FACE('',(#20637),#20656,.F.);
#20637 = FACE_BOUND('',#20638,.T.);
#20638 = EDGE_LOOP('',(#20639,#20647,#20654,#20655));
#20639 = ORIENTED_EDGE('',*,*,#20640,.T.);
#20640 = EDGE_CURVE('',#6289,#20641,#20643,.T.);
#20641 = VERTEX_POINT('',#20642);
#20642 = CARTESIAN_POINT('',(286.42,26.54,1.7));
#20643 = LINE('',#20644,#20645);
#20644 = CARTESIAN_POINT('',(286.42,26.54,0.));
#20645 = VECTOR('',#20646,1.);
#20646 = DIRECTION('',(0.,0.,1.));
#20647 = ORIENTED_EDGE('',*,*,#20648,.T.);
#20648 = EDGE_CURVE('',#20641,#20641,#20649,.T.);
#20649 = CIRCLE('',#20650,1.2);
#20650 = AXIS2_PLACEMENT_3D('',#20651,#20652,#20653);
#20651 = CARTESIAN_POINT('',(285.22,26.54,1.7));
#20652 = DIRECTION('',(0.,0.,1.));
#20653 = DIRECTION('',(1.,0.,0.));
#20654 = ORIENTED_EDGE('',*,*,#20640,.F.);
#20655 = ORIENTED_EDGE('',*,*,#6288,.F.);
#20656 = CYLINDRICAL_SURFACE('',#20657,1.2);
#20657 = AXIS2_PLACEMENT_3D('',#20658,#20659,#20660);
#20658 = CARTESIAN_POINT('',(285.22,26.54,0.));
#20659 = DIRECTION('',(-0.,-0.,-1.));
#20660 = DIRECTION('',(1.,0.,0.));
#20661 = ADVANCED_FACE('',(#20662),#20681,.F.);
#20662 = FACE_BOUND('',#20663,.T.);
#20663 = EDGE_LOOP('',(#20664,#20672,#20679,#20680));
#20664 = ORIENTED_EDGE('',*,*,#20665,.T.);
#20665 = EDGE_CURVE('',#6300,#20666,#20668,.T.);
#20666 = VERTEX_POINT('',#20667);
#20667 = CARTESIAN_POINT('',(210.31,32.74,1.7));
#20668 = LINE('',#20669,#20670);
#20669 = CARTESIAN_POINT('',(210.31,32.74,0.));
#20670 = VECTOR('',#20671,1.);
#20671 = DIRECTION('',(0.,0.,1.));
#20672 = ORIENTED_EDGE('',*,*,#20673,.T.);
#20673 = EDGE_CURVE('',#20666,#20666,#20674,.T.);
#20674 = CIRCLE('',#20675,1.2);
#20675 = AXIS2_PLACEMENT_3D('',#20676,#20677,#20678);
#20676 = CARTESIAN_POINT('',(209.11,32.74,1.7));
#20677 = DIRECTION('',(0.,0.,1.));
#20678 = DIRECTION('',(1.,0.,0.));
#20679 = ORIENTED_EDGE('',*,*,#20665,.F.);
#20680 = ORIENTED_EDGE('',*,*,#6299,.F.);
#20681 = CYLINDRICAL_SURFACE('',#20682,1.2);
#20682 = AXIS2_PLACEMENT_3D('',#20683,#20684,#20685);
#20683 = CARTESIAN_POINT('',(209.11,32.74,0.));
#20684 = DIRECTION('',(-0.,-0.,-1.));
#20685 = DIRECTION('',(1.,0.,0.));
#20686 = ADVANCED_FACE('',(#20687),#20706,.F.);
#20687 = FACE_BOUND('',#20688,.T.);
#20688 = EDGE_LOOP('',(#20689,#20697,#20704,#20705));
#20689 = ORIENTED_EDGE('',*,*,#20690,.T.);
#20690 = EDGE_CURVE('',#6311,#20691,#20693,.T.);
#20691 = VERTEX_POINT('',#20692);
#20692 = CARTESIAN_POINT('',(181.41,53.83,1.7));
#20693 = LINE('',#20694,#20695);
#20694 = CARTESIAN_POINT('',(181.41,53.83,0.));
#20695 = VECTOR('',#20696,1.);
#20696 = DIRECTION('',(0.,0.,1.));
#20697 = ORIENTED_EDGE('',*,*,#20698,.T.);
#20698 = EDGE_CURVE('',#20691,#20691,#20699,.T.);
#20699 = CIRCLE('',#20700,1.2);
#20700 = AXIS2_PLACEMENT_3D('',#20701,#20702,#20703);
#20701 = CARTESIAN_POINT('',(180.21,53.83,1.7));
#20702 = DIRECTION('',(0.,0.,1.));
#20703 = DIRECTION('',(1.,0.,0.));
#20704 = ORIENTED_EDGE('',*,*,#20690,.F.);
#20705 = ORIENTED_EDGE('',*,*,#6310,.F.);
#20706 = CYLINDRICAL_SURFACE('',#20707,1.2);
#20707 = AXIS2_PLACEMENT_3D('',#20708,#20709,#20710);
#20708 = CARTESIAN_POINT('',(180.21,53.83,0.));
#20709 = DIRECTION('',(-0.,-0.,-1.));
#20710 = DIRECTION('',(1.,0.,0.));
#20711 = ADVANCED_FACE('',(#20712),#20731,.F.);
#20712 = FACE_BOUND('',#20713,.T.);
#20713 = EDGE_LOOP('',(#20714,#20722,#20729,#20730));
#20714 = ORIENTED_EDGE('',*,*,#20715,.T.);
#20715 = EDGE_CURVE('',#6322,#20716,#20718,.T.);
#20716 = VERTEX_POINT('',#20717);
#20717 = CARTESIAN_POINT('',(190.81,17.24,1.7));
#20718 = LINE('',#20719,#20720);
#20719 = CARTESIAN_POINT('',(190.81,17.24,0.));
#20720 = VECTOR('',#20721,1.);
#20721 = DIRECTION('',(0.,0.,1.));
#20722 = ORIENTED_EDGE('',*,*,#20723,.T.);
#20723 = EDGE_CURVE('',#20716,#20716,#20724,.T.);
#20724 = CIRCLE('',#20725,1.2);
#20725 = AXIS2_PLACEMENT_3D('',#20726,#20727,#20728);
#20726 = CARTESIAN_POINT('',(189.61,17.24,1.7));
#20727 = DIRECTION('',(0.,0.,1.));
#20728 = DIRECTION('',(1.,0.,0.));
#20729 = ORIENTED_EDGE('',*,*,#20715,.F.);
#20730 = ORIENTED_EDGE('',*,*,#6321,.F.);
#20731 = CYLINDRICAL_SURFACE('',#20732,1.2);
#20732 = AXIS2_PLACEMENT_3D('',#20733,#20734,#20735);
#20733 = CARTESIAN_POINT('',(189.61,17.24,0.));
#20734 = DIRECTION('',(-0.,-0.,-1.));
#20735 = DIRECTION('',(1.,0.,0.));
#20736 = ADVANCED_FACE('',(#20737),#20756,.F.);
#20737 = FACE_BOUND('',#20738,.T.);
#20738 = EDGE_LOOP('',(#20739,#20747,#20754,#20755));
#20739 = ORIENTED_EDGE('',*,*,#20740,.T.);
#20740 = EDGE_CURVE('',#6333,#20741,#20743,.T.);
#20741 = VERTEX_POINT('',#20742);
#20742 = CARTESIAN_POINT('',(286.51,83.13,1.7));
#20743 = LINE('',#20744,#20745);
#20744 = CARTESIAN_POINT('',(286.51,83.13,0.));
#20745 = VECTOR('',#20746,1.);
#20746 = DIRECTION('',(0.,0.,1.));
#20747 = ORIENTED_EDGE('',*,*,#20748,.T.);
#20748 = EDGE_CURVE('',#20741,#20741,#20749,.T.);
#20749 = CIRCLE('',#20750,1.2);
#20750 = AXIS2_PLACEMENT_3D('',#20751,#20752,#20753);
#20751 = CARTESIAN_POINT('',(285.31,83.13,1.7));
#20752 = DIRECTION('',(0.,0.,1.));
#20753 = DIRECTION('',(1.,0.,0.));
#20754 = ORIENTED_EDGE('',*,*,#20740,.F.);
#20755 = ORIENTED_EDGE('',*,*,#6332,.F.);
#20756 = CYLINDRICAL_SURFACE('',#20757,1.2);
#20757 = AXIS2_PLACEMENT_3D('',#20758,#20759,#20760);
#20758 = CARTESIAN_POINT('',(285.31,83.13,0.));
#20759 = DIRECTION('',(-0.,-0.,-1.));
#20760 = DIRECTION('',(1.,0.,0.));
#20761 = ADVANCED_FACE('',(#20762),#20781,.F.);
#20762 = FACE_BOUND('',#20763,.T.);
#20763 = EDGE_LOOP('',(#20764,#20772,#20779,#20780));
#20764 = ORIENTED_EDGE('',*,*,#20765,.T.);
#20765 = EDGE_CURVE('',#6344,#20766,#20768,.T.);
#20766 = VERTEX_POINT('',#20767);
#20767 = CARTESIAN_POINT('',(210.32,83.33,1.7));
#20768 = LINE('',#20769,#20770);
#20769 = CARTESIAN_POINT('',(210.32,83.33,0.));
#20770 = VECTOR('',#20771,1.);
#20771 = DIRECTION('',(0.,0.,1.));
#20772 = ORIENTED_EDGE('',*,*,#20773,.T.);
#20773 = EDGE_CURVE('',#20766,#20766,#20774,.T.);
#20774 = CIRCLE('',#20775,1.2);
#20775 = AXIS2_PLACEMENT_3D('',#20776,#20777,#20778);
#20776 = CARTESIAN_POINT('',(209.12,83.33,1.7));
#20777 = DIRECTION('',(0.,0.,1.));
#20778 = DIRECTION('',(1.,0.,0.));
#20779 = ORIENTED_EDGE('',*,*,#20765,.F.);
#20780 = ORIENTED_EDGE('',*,*,#6343,.F.);
#20781 = CYLINDRICAL_SURFACE('',#20782,1.2);
#20782 = AXIS2_PLACEMENT_3D('',#20783,#20784,#20785);
#20783 = CARTESIAN_POINT('',(209.12,83.33,0.));
#20784 = DIRECTION('',(-0.,-0.,-1.));
#20785 = DIRECTION('',(1.,0.,0.));
#20786 = ADVANCED_FACE('',(#20787,#20840,#20866,#20895,#20913,#20939,
    #20965,#20991,#21017,#21043,#21069,#21095,#21121,#21147,#21173,
    #21199,#21225,#21251,#21277,#21303,#21329,#21355,#21381,#21407,
    #21433,#21459,#21485,#21488,#21491,#21494,#21497,#21500),#21503,.T.
  );
#20787 = FACE_BOUND('',#20788,.F.);
#20788 = EDGE_LOOP('',(#20789,#20790,#20791,#20792,#20793,#20794,#20795,
    #20796,#20797,#20798,#20799,#20800,#20801,#20802,#20803,#20804,
    #20805,#20806,#20807,#20808,#20809,#20815,#20816,#20817,#20818,
    #20819,#20820,#20821,#20822,#20823,#20824,#20825,#20826,#20827,
    #20828,#20829,#20830,#20831,#20832,#20833,#20834,#20835,#20836,
    #20837,#20838,#20839));
#20789 = ORIENTED_EDGE('',*,*,#806,.T.);
#20790 = ORIENTED_EDGE('',*,*,#837,.T.);
#20791 = ORIENTED_EDGE('',*,*,#868,.T.);
#20792 = ORIENTED_EDGE('',*,*,#899,.T.);
#20793 = ORIENTED_EDGE('',*,*,#930,.T.);
#20794 = ORIENTED_EDGE('',*,*,#961,.T.);
#20795 = ORIENTED_EDGE('',*,*,#992,.T.);
#20796 = ORIENTED_EDGE('',*,*,#1023,.T.);
#20797 = ORIENTED_EDGE('',*,*,#1054,.T.);
#20798 = ORIENTED_EDGE('',*,*,#1085,.T.);
#20799 = ORIENTED_EDGE('',*,*,#1116,.T.);
#20800 = ORIENTED_EDGE('',*,*,#1147,.T.);
#20801 = ORIENTED_EDGE('',*,*,#1178,.T.);
#20802 = ORIENTED_EDGE('',*,*,#1209,.T.);
#20803 = ORIENTED_EDGE('',*,*,#1240,.T.);
#20804 = ORIENTED_EDGE('',*,*,#1271,.T.);
#20805 = ORIENTED_EDGE('',*,*,#1302,.T.);
#20806 = ORIENTED_EDGE('',*,*,#1333,.T.);
#20807 = ORIENTED_EDGE('',*,*,#1364,.T.);
#20808 = ORIENTED_EDGE('',*,*,#1395,.T.);
#20809 = ORIENTED_EDGE('',*,*,#20810,.T.);
#20810 = EDGE_CURVE('',#1396,#24,#20811,.T.);
#20811 = LINE('',#20812,#20813);
#20812 = CARTESIAN_POINT('',(174.503788,0.611846,1.7));
#20813 = VECTOR('',#20814,1.);
#20814 = DIRECTION('',(-1.,0.,0.));
#20815 = ORIENTED_EDGE('',*,*,#31,.T.);
#20816 = ORIENTED_EDGE('',*,*,#62,.T.);
#20817 = ORIENTED_EDGE('',*,*,#93,.T.);
#20818 = ORIENTED_EDGE('',*,*,#124,.T.);
#20819 = ORIENTED_EDGE('',*,*,#155,.T.);
#20820 = ORIENTED_EDGE('',*,*,#186,.T.);
#20821 = ORIENTED_EDGE('',*,*,#217,.T.);
#20822 = ORIENTED_EDGE('',*,*,#248,.T.);
#20823 = ORIENTED_EDGE('',*,*,#279,.T.);
#20824 = ORIENTED_EDGE('',*,*,#310,.T.);
#20825 = ORIENTED_EDGE('',*,*,#341,.T.);
#20826 = ORIENTED_EDGE('',*,*,#372,.T.);
#20827 = ORIENTED_EDGE('',*,*,#403,.T.);
#20828 = ORIENTED_EDGE('',*,*,#434,.T.);
#20829 = ORIENTED_EDGE('',*,*,#465,.T.);
#20830 = ORIENTED_EDGE('',*,*,#496,.T.);
#20831 = ORIENTED_EDGE('',*,*,#527,.T.);
#20832 = ORIENTED_EDGE('',*,*,#558,.T.);
#20833 = ORIENTED_EDGE('',*,*,#589,.T.);
#20834 = ORIENTED_EDGE('',*,*,#620,.T.);
#20835 = ORIENTED_EDGE('',*,*,#651,.T.);
#20836 = ORIENTED_EDGE('',*,*,#682,.T.);
#20837 = ORIENTED_EDGE('',*,*,#713,.T.);
#20838 = ORIENTED_EDGE('',*,*,#744,.T.);
#20839 = ORIENTED_EDGE('',*,*,#775,.T.);
#20840 = FACE_BOUND('',#20841,.T.);
#20841 = EDGE_LOOP('',(#20842,#20843,#20844,#20845,#20846,#20847,#20848,
    #20849,#20850,#20851,#20852,#20853,#20854,#20855,#20856,#20857,
    #20858,#20859,#20860,#20861,#20862,#20863,#20864,#20865));
#20842 = ORIENTED_EDGE('',*,*,#6368,.T.);
#20843 = ORIENTED_EDGE('',*,*,#6392,.T.);
#20844 = ORIENTED_EDGE('',*,*,#6416,.T.);
#20845 = ORIENTED_EDGE('',*,*,#6440,.T.);
#20846 = ORIENTED_EDGE('',*,*,#6464,.T.);
#20847 = ORIENTED_EDGE('',*,*,#6488,.T.);
#20848 = ORIENTED_EDGE('',*,*,#6512,.T.);
#20849 = ORIENTED_EDGE('',*,*,#6536,.T.);
#20850 = ORIENTED_EDGE('',*,*,#6560,.T.);
#20851 = ORIENTED_EDGE('',*,*,#6584,.T.);
#20852 = ORIENTED_EDGE('',*,*,#6608,.T.);
#20853 = ORIENTED_EDGE('',*,*,#6632,.T.);
#20854 = ORIENTED_EDGE('',*,*,#6656,.T.);
#20855 = ORIENTED_EDGE('',*,*,#6680,.T.);
#20856 = ORIENTED_EDGE('',*,*,#6704,.T.);
#20857 = ORIENTED_EDGE('',*,*,#6728,.T.);
#20858 = ORIENTED_EDGE('',*,*,#6752,.T.);
#20859 = ORIENTED_EDGE('',*,*,#6776,.T.);
#20860 = ORIENTED_EDGE('',*,*,#6800,.T.);
#20861 = ORIENTED_EDGE('',*,*,#6824,.T.);
#20862 = ORIENTED_EDGE('',*,*,#6848,.T.);
#20863 = ORIENTED_EDGE('',*,*,#6872,.T.);
#20864 = ORIENTED_EDGE('',*,*,#6896,.T.);
#20865 = ORIENTED_EDGE('',*,*,#6920,.T.);
#20866 = FACE_BOUND('',#20867,.T.);
#20867 = EDGE_LOOP('',(#20868,#20869,#20870,#20871,#20872,#20873,#20874,
    #20875,#20876,#20877,#20878,#20879,#20880,#20881,#20882,#20883,
    #20884,#20885,#20886,#20887,#20888,#20889,#20890,#20891,#20892,
    #20893,#20894));
#20868 = ORIENTED_EDGE('',*,*,#6944,.T.);
#20869 = ORIENTED_EDGE('',*,*,#6968,.T.);
#20870 = ORIENTED_EDGE('',*,*,#6992,.T.);
#20871 = ORIENTED_EDGE('',*,*,#7016,.T.);
#20872 = ORIENTED_EDGE('',*,*,#7040,.T.);
#20873 = ORIENTED_EDGE('',*,*,#7064,.T.);
#20874 = ORIENTED_EDGE('',*,*,#7088,.T.);
#20875 = ORIENTED_EDGE('',*,*,#7112,.T.);
#20876 = ORIENTED_EDGE('',*,*,#7136,.T.);
#20877 = ORIENTED_EDGE('',*,*,#7160,.T.);
#20878 = ORIENTED_EDGE('',*,*,#7184,.T.);
#20879 = ORIENTED_EDGE('',*,*,#7208,.T.);
#20880 = ORIENTED_EDGE('',*,*,#7232,.T.);
#20881 = ORIENTED_EDGE('',*,*,#7256,.T.);
#20882 = ORIENTED_EDGE('',*,*,#7280,.T.);
#20883 = ORIENTED_EDGE('',*,*,#7304,.T.);
#20884 = ORIENTED_EDGE('',*,*,#7328,.T.);
#20885 = ORIENTED_EDGE('',*,*,#7352,.T.);
#20886 = ORIENTED_EDGE('',*,*,#7376,.T.);
#20887 = ORIENTED_EDGE('',*,*,#7400,.T.);
#20888 = ORIENTED_EDGE('',*,*,#7424,.T.);
#20889 = ORIENTED_EDGE('',*,*,#7448,.T.);
#20890 = ORIENTED_EDGE('',*,*,#7472,.T.);
#20891 = ORIENTED_EDGE('',*,*,#7496,.T.);
#20892 = ORIENTED_EDGE('',*,*,#7520,.T.);
#20893 = ORIENTED_EDGE('',*,*,#7544,.T.);
#20894 = ORIENTED_EDGE('',*,*,#7568,.T.);
#20895 = FACE_BOUND('',#20896,.T.);
#20896 = EDGE_LOOP('',(#20897,#20898,#20899,#20900,#20901,#20902,#20903,
    #20904,#20905,#20906,#20907,#20908,#20909,#20910,#20911,#20912));
#20897 = ORIENTED_EDGE('',*,*,#7592,.T.);
#20898 = ORIENTED_EDGE('',*,*,#7616,.T.);
#20899 = ORIENTED_EDGE('',*,*,#7640,.T.);
#20900 = ORIENTED_EDGE('',*,*,#7664,.T.);
#20901 = ORIENTED_EDGE('',*,*,#7688,.T.);
#20902 = ORIENTED_EDGE('',*,*,#7712,.T.);
#20903 = ORIENTED_EDGE('',*,*,#7736,.T.);
#20904 = ORIENTED_EDGE('',*,*,#7760,.T.);
#20905 = ORIENTED_EDGE('',*,*,#7784,.T.);
#20906 = ORIENTED_EDGE('',*,*,#7808,.T.);
#20907 = ORIENTED_EDGE('',*,*,#7832,.T.);
#20908 = ORIENTED_EDGE('',*,*,#7856,.T.);
#20909 = ORIENTED_EDGE('',*,*,#7880,.T.);
#20910 = ORIENTED_EDGE('',*,*,#7904,.T.);
#20911 = ORIENTED_EDGE('',*,*,#7928,.T.);
#20912 = ORIENTED_EDGE('',*,*,#7952,.T.);
#20913 = FACE_BOUND('',#20914,.T.);
#20914 = EDGE_LOOP('',(#20915,#20916,#20917,#20918,#20919,#20920,#20921,
    #20922,#20923,#20924,#20925,#20926,#20927,#20928,#20929,#20930,
    #20931,#20932,#20933,#20934,#20935,#20936,#20937,#20938));
#20915 = ORIENTED_EDGE('',*,*,#7976,.T.);
#20916 = ORIENTED_EDGE('',*,*,#8000,.T.);
#20917 = ORIENTED_EDGE('',*,*,#8024,.T.);
#20918 = ORIENTED_EDGE('',*,*,#8048,.T.);
#20919 = ORIENTED_EDGE('',*,*,#8072,.T.);
#20920 = ORIENTED_EDGE('',*,*,#8096,.T.);
#20921 = ORIENTED_EDGE('',*,*,#8120,.T.);
#20922 = ORIENTED_EDGE('',*,*,#8144,.T.);
#20923 = ORIENTED_EDGE('',*,*,#8168,.T.);
#20924 = ORIENTED_EDGE('',*,*,#8192,.T.);
#20925 = ORIENTED_EDGE('',*,*,#8216,.T.);
#20926 = ORIENTED_EDGE('',*,*,#8240,.T.);
#20927 = ORIENTED_EDGE('',*,*,#8264,.T.);
#20928 = ORIENTED_EDGE('',*,*,#8288,.T.);
#20929 = ORIENTED_EDGE('',*,*,#8312,.T.);
#20930 = ORIENTED_EDGE('',*,*,#8336,.T.);
#20931 = ORIENTED_EDGE('',*,*,#8360,.T.);
#20932 = ORIENTED_EDGE('',*,*,#8384,.T.);
#20933 = ORIENTED_EDGE('',*,*,#8408,.T.);
#20934 = ORIENTED_EDGE('',*,*,#8432,.T.);
#20935 = ORIENTED_EDGE('',*,*,#8456,.T.);
#20936 = ORIENTED_EDGE('',*,*,#8480,.T.);
#20937 = ORIENTED_EDGE('',*,*,#8504,.T.);
#20938 = ORIENTED_EDGE('',*,*,#8528,.T.);
#20939 = FACE_BOUND('',#20940,.T.);
#20940 = EDGE_LOOP('',(#20941,#20942,#20943,#20944,#20945,#20946,#20947,
    #20948,#20949,#20950,#20951,#20952,#20953,#20954,#20955,#20956,
    #20957,#20958,#20959,#20960,#20961,#20962,#20963,#20964));
#20941 = ORIENTED_EDGE('',*,*,#8552,.T.);
#20942 = ORIENTED_EDGE('',*,*,#8576,.T.);
#20943 = ORIENTED_EDGE('',*,*,#8600,.T.);
#20944 = ORIENTED_EDGE('',*,*,#8624,.T.);
#20945 = ORIENTED_EDGE('',*,*,#8648,.T.);
#20946 = ORIENTED_EDGE('',*,*,#8672,.T.);
#20947 = ORIENTED_EDGE('',*,*,#8696,.T.);
#20948 = ORIENTED_EDGE('',*,*,#8720,.T.);
#20949 = ORIENTED_EDGE('',*,*,#8744,.T.);
#20950 = ORIENTED_EDGE('',*,*,#8768,.T.);
#20951 = ORIENTED_EDGE('',*,*,#8792,.T.);
#20952 = ORIENTED_EDGE('',*,*,#8816,.T.);
#20953 = ORIENTED_EDGE('',*,*,#8840,.T.);
#20954 = ORIENTED_EDGE('',*,*,#8864,.T.);
#20955 = ORIENTED_EDGE('',*,*,#8888,.T.);
#20956 = ORIENTED_EDGE('',*,*,#8912,.T.);
#20957 = ORIENTED_EDGE('',*,*,#8936,.T.);
#20958 = ORIENTED_EDGE('',*,*,#8960,.T.);
#20959 = ORIENTED_EDGE('',*,*,#8984,.T.);
#20960 = ORIENTED_EDGE('',*,*,#9008,.T.);
#20961 = ORIENTED_EDGE('',*,*,#9032,.T.);
#20962 = ORIENTED_EDGE('',*,*,#9056,.T.);
#20963 = ORIENTED_EDGE('',*,*,#9080,.T.);
#20964 = ORIENTED_EDGE('',*,*,#9104,.T.);
#20965 = FACE_BOUND('',#20966,.T.);
#20966 = EDGE_LOOP('',(#20967,#20968,#20969,#20970,#20971,#20972,#20973,
    #20974,#20975,#20976,#20977,#20978,#20979,#20980,#20981,#20982,
    #20983,#20984,#20985,#20986,#20987,#20988,#20989,#20990));
#20967 = ORIENTED_EDGE('',*,*,#9128,.T.);
#20968 = ORIENTED_EDGE('',*,*,#9152,.T.);
#20969 = ORIENTED_EDGE('',*,*,#9176,.T.);
#20970 = ORIENTED_EDGE('',*,*,#9200,.T.);
#20971 = ORIENTED_EDGE('',*,*,#9224,.T.);
#20972 = ORIENTED_EDGE('',*,*,#9248,.T.);
#20973 = ORIENTED_EDGE('',*,*,#9272,.T.);
#20974 = ORIENTED_EDGE('',*,*,#9296,.T.);
#20975 = ORIENTED_EDGE('',*,*,#9320,.T.);
#20976 = ORIENTED_EDGE('',*,*,#9344,.T.);
#20977 = ORIENTED_EDGE('',*,*,#9368,.T.);
#20978 = ORIENTED_EDGE('',*,*,#9392,.T.);
#20979 = ORIENTED_EDGE('',*,*,#9416,.T.);
#20980 = ORIENTED_EDGE('',*,*,#9440,.T.);
#20981 = ORIENTED_EDGE('',*,*,#9464,.T.);
#20982 = ORIENTED_EDGE('',*,*,#9488,.T.);
#20983 = ORIENTED_EDGE('',*,*,#9512,.T.);
#20984 = ORIENTED_EDGE('',*,*,#9536,.T.);
#20985 = ORIENTED_EDGE('',*,*,#9560,.T.);
#20986 = ORIENTED_EDGE('',*,*,#9584,.T.);
#20987 = ORIENTED_EDGE('',*,*,#9608,.T.);
#20988 = ORIENTED_EDGE('',*,*,#9632,.T.);
#20989 = ORIENTED_EDGE('',*,*,#9656,.T.);
#20990 = ORIENTED_EDGE('',*,*,#9680,.T.);
#20991 = FACE_BOUND('',#20992,.T.);
#20992 = EDGE_LOOP('',(#20993,#20994,#20995,#20996,#20997,#20998,#20999,
    #21000,#21001,#21002,#21003,#21004,#21005,#21006,#21007,#21008,
    #21009,#21010,#21011,#21012,#21013,#21014,#21015,#21016));
#20993 = ORIENTED_EDGE('',*,*,#9704,.T.);
#20994 = ORIENTED_EDGE('',*,*,#9728,.T.);
#20995 = ORIENTED_EDGE('',*,*,#9752,.T.);
#20996 = ORIENTED_EDGE('',*,*,#9776,.T.);
#20997 = ORIENTED_EDGE('',*,*,#9800,.T.);
#20998 = ORIENTED_EDGE('',*,*,#9824,.T.);
#20999 = ORIENTED_EDGE('',*,*,#9848,.T.);
#21000 = ORIENTED_EDGE('',*,*,#9872,.T.);
#21001 = ORIENTED_EDGE('',*,*,#9896,.T.);
#21002 = ORIENTED_EDGE('',*,*,#9920,.T.);
#21003 = ORIENTED_EDGE('',*,*,#9944,.T.);
#21004 = ORIENTED_EDGE('',*,*,#9968,.T.);
#21005 = ORIENTED_EDGE('',*,*,#9992,.T.);
#21006 = ORIENTED_EDGE('',*,*,#10016,.T.);
#21007 = ORIENTED_EDGE('',*,*,#10040,.T.);
#21008 = ORIENTED_EDGE('',*,*,#10064,.T.);
#21009 = ORIENTED_EDGE('',*,*,#10088,.T.);
#21010 = ORIENTED_EDGE('',*,*,#10112,.T.);
#21011 = ORIENTED_EDGE('',*,*,#10136,.T.);
#21012 = ORIENTED_EDGE('',*,*,#10160,.T.);
#21013 = ORIENTED_EDGE('',*,*,#10184,.T.);
#21014 = ORIENTED_EDGE('',*,*,#10208,.T.);
#21015 = ORIENTED_EDGE('',*,*,#10232,.T.);
#21016 = ORIENTED_EDGE('',*,*,#10256,.T.);
#21017 = FACE_BOUND('',#21018,.T.);
#21018 = EDGE_LOOP('',(#21019,#21020,#21021,#21022,#21023,#21024,#21025,
    #21026,#21027,#21028,#21029,#21030,#21031,#21032,#21033,#21034,
    #21035,#21036,#21037,#21038,#21039,#21040,#21041,#21042));
#21019 = ORIENTED_EDGE('',*,*,#10280,.T.);
#21020 = ORIENTED_EDGE('',*,*,#10304,.T.);
#21021 = ORIENTED_EDGE('',*,*,#10328,.T.);
#21022 = ORIENTED_EDGE('',*,*,#10352,.T.);
#21023 = ORIENTED_EDGE('',*,*,#10376,.T.);
#21024 = ORIENTED_EDGE('',*,*,#10400,.T.);
#21025 = ORIENTED_EDGE('',*,*,#10424,.T.);
#21026 = ORIENTED_EDGE('',*,*,#10448,.T.);
#21027 = ORIENTED_EDGE('',*,*,#10472,.T.);
#21028 = ORIENTED_EDGE('',*,*,#10496,.T.);
#21029 = ORIENTED_EDGE('',*,*,#10520,.T.);
#21030 = ORIENTED_EDGE('',*,*,#10544,.T.);
#21031 = ORIENTED_EDGE('',*,*,#10568,.T.);
#21032 = ORIENTED_EDGE('',*,*,#10592,.T.);
#21033 = ORIENTED_EDGE('',*,*,#10616,.T.);
#21034 = ORIENTED_EDGE('',*,*,#10640,.T.);
#21035 = ORIENTED_EDGE('',*,*,#10664,.T.);
#21036 = ORIENTED_EDGE('',*,*,#10688,.T.);
#21037 = ORIENTED_EDGE('',*,*,#10712,.T.);
#21038 = ORIENTED_EDGE('',*,*,#10736,.T.);
#21039 = ORIENTED_EDGE('',*,*,#10760,.T.);
#21040 = ORIENTED_EDGE('',*,*,#10784,.T.);
#21041 = ORIENTED_EDGE('',*,*,#10808,.T.);
#21042 = ORIENTED_EDGE('',*,*,#10832,.T.);
#21043 = FACE_BOUND('',#21044,.T.);
#21044 = EDGE_LOOP('',(#21045,#21046,#21047,#21048,#21049,#21050,#21051,
    #21052,#21053,#21054,#21055,#21056,#21057,#21058,#21059,#21060,
    #21061,#21062,#21063,#21064,#21065,#21066,#21067,#21068));
#21045 = ORIENTED_EDGE('',*,*,#10856,.T.);
#21046 = ORIENTED_EDGE('',*,*,#10880,.T.);
#21047 = ORIENTED_EDGE('',*,*,#10904,.T.);
#21048 = ORIENTED_EDGE('',*,*,#10928,.T.);
#21049 = ORIENTED_EDGE('',*,*,#10952,.T.);
#21050 = ORIENTED_EDGE('',*,*,#10976,.T.);
#21051 = ORIENTED_EDGE('',*,*,#11000,.T.);
#21052 = ORIENTED_EDGE('',*,*,#11024,.T.);
#21053 = ORIENTED_EDGE('',*,*,#11048,.T.);
#21054 = ORIENTED_EDGE('',*,*,#11072,.T.);
#21055 = ORIENTED_EDGE('',*,*,#11096,.T.);
#21056 = ORIENTED_EDGE('',*,*,#11120,.T.);
#21057 = ORIENTED_EDGE('',*,*,#11144,.T.);
#21058 = ORIENTED_EDGE('',*,*,#11168,.T.);
#21059 = ORIENTED_EDGE('',*,*,#11192,.T.);
#21060 = ORIENTED_EDGE('',*,*,#11216,.T.);
#21061 = ORIENTED_EDGE('',*,*,#11240,.T.);
#21062 = ORIENTED_EDGE('',*,*,#11264,.T.);
#21063 = ORIENTED_EDGE('',*,*,#11288,.T.);
#21064 = ORIENTED_EDGE('',*,*,#11312,.T.);
#21065 = ORIENTED_EDGE('',*,*,#11336,.T.);
#21066 = ORIENTED_EDGE('',*,*,#11360,.T.);
#21067 = ORIENTED_EDGE('',*,*,#11384,.T.);
#21068 = ORIENTED_EDGE('',*,*,#11408,.T.);
#21069 = FACE_BOUND('',#21070,.T.);
#21070 = EDGE_LOOP('',(#21071,#21072,#21073,#21074,#21075,#21076,#21077,
    #21078,#21079,#21080,#21081,#21082,#21083,#21084,#21085,#21086,
    #21087,#21088,#21089,#21090,#21091,#21092,#21093,#21094));
#21071 = ORIENTED_EDGE('',*,*,#11432,.T.);
#21072 = ORIENTED_EDGE('',*,*,#11456,.T.);
#21073 = ORIENTED_EDGE('',*,*,#11480,.T.);
#21074 = ORIENTED_EDGE('',*,*,#11504,.T.);
#21075 = ORIENTED_EDGE('',*,*,#11528,.T.);
#21076 = ORIENTED_EDGE('',*,*,#11552,.T.);
#21077 = ORIENTED_EDGE('',*,*,#11576,.T.);
#21078 = ORIENTED_EDGE('',*,*,#11600,.T.);
#21079 = ORIENTED_EDGE('',*,*,#11624,.T.);
#21080 = ORIENTED_EDGE('',*,*,#11648,.T.);
#21081 = ORIENTED_EDGE('',*,*,#11672,.T.);
#21082 = ORIENTED_EDGE('',*,*,#11696,.T.);
#21083 = ORIENTED_EDGE('',*,*,#11720,.T.);
#21084 = ORIENTED_EDGE('',*,*,#11744,.T.);
#21085 = ORIENTED_EDGE('',*,*,#11768,.T.);
#21086 = ORIENTED_EDGE('',*,*,#11792,.T.);
#21087 = ORIENTED_EDGE('',*,*,#11816,.T.);
#21088 = ORIENTED_EDGE('',*,*,#11840,.T.);
#21089 = ORIENTED_EDGE('',*,*,#11864,.T.);
#21090 = ORIENTED_EDGE('',*,*,#11888,.T.);
#21091 = ORIENTED_EDGE('',*,*,#11912,.T.);
#21092 = ORIENTED_EDGE('',*,*,#11936,.T.);
#21093 = ORIENTED_EDGE('',*,*,#11960,.T.);
#21094 = ORIENTED_EDGE('',*,*,#11984,.T.);
#21095 = FACE_BOUND('',#21096,.T.);
#21096 = EDGE_LOOP('',(#21097,#21098,#21099,#21100,#21101,#21102,#21103,
    #21104,#21105,#21106,#21107,#21108,#21109,#21110,#21111,#21112,
    #21113,#21114,#21115,#21116,#21117,#21118,#21119,#21120));
#21097 = ORIENTED_EDGE('',*,*,#12008,.T.);
#21098 = ORIENTED_EDGE('',*,*,#12032,.T.);
#21099 = ORIENTED_EDGE('',*,*,#12056,.T.);
#21100 = ORIENTED_EDGE('',*,*,#12080,.T.);
#21101 = ORIENTED_EDGE('',*,*,#12104,.T.);
#21102 = ORIENTED_EDGE('',*,*,#12128,.T.);
#21103 = ORIENTED_EDGE('',*,*,#12152,.T.);
#21104 = ORIENTED_EDGE('',*,*,#12176,.T.);
#21105 = ORIENTED_EDGE('',*,*,#12200,.T.);
#21106 = ORIENTED_EDGE('',*,*,#12224,.T.);
#21107 = ORIENTED_EDGE('',*,*,#12248,.T.);
#21108 = ORIENTED_EDGE('',*,*,#12272,.T.);
#21109 = ORIENTED_EDGE('',*,*,#12296,.T.);
#21110 = ORIENTED_EDGE('',*,*,#12320,.T.);
#21111 = ORIENTED_EDGE('',*,*,#12344,.T.);
#21112 = ORIENTED_EDGE('',*,*,#12368,.T.);
#21113 = ORIENTED_EDGE('',*,*,#12392,.T.);
#21114 = ORIENTED_EDGE('',*,*,#12416,.T.);
#21115 = ORIENTED_EDGE('',*,*,#12440,.T.);
#21116 = ORIENTED_EDGE('',*,*,#12464,.T.);
#21117 = ORIENTED_EDGE('',*,*,#12488,.T.);
#21118 = ORIENTED_EDGE('',*,*,#12512,.T.);
#21119 = ORIENTED_EDGE('',*,*,#12536,.T.);
#21120 = ORIENTED_EDGE('',*,*,#12560,.T.);
#21121 = FACE_BOUND('',#21122,.T.);
#21122 = EDGE_LOOP('',(#21123,#21124,#21125,#21126,#21127,#21128,#21129,
    #21130,#21131,#21132,#21133,#21134,#21135,#21136,#21137,#21138,
    #21139,#21140,#21141,#21142,#21143,#21144,#21145,#21146));
#21123 = ORIENTED_EDGE('',*,*,#12584,.T.);
#21124 = ORIENTED_EDGE('',*,*,#12608,.T.);
#21125 = ORIENTED_EDGE('',*,*,#12632,.T.);
#21126 = ORIENTED_EDGE('',*,*,#12656,.T.);
#21127 = ORIENTED_EDGE('',*,*,#12680,.T.);
#21128 = ORIENTED_EDGE('',*,*,#12704,.T.);
#21129 = ORIENTED_EDGE('',*,*,#12728,.T.);
#21130 = ORIENTED_EDGE('',*,*,#12752,.T.);
#21131 = ORIENTED_EDGE('',*,*,#12776,.T.);
#21132 = ORIENTED_EDGE('',*,*,#12800,.T.);
#21133 = ORIENTED_EDGE('',*,*,#12824,.T.);
#21134 = ORIENTED_EDGE('',*,*,#12848,.T.);
#21135 = ORIENTED_EDGE('',*,*,#12872,.T.);
#21136 = ORIENTED_EDGE('',*,*,#12896,.T.);
#21137 = ORIENTED_EDGE('',*,*,#12920,.T.);
#21138 = ORIENTED_EDGE('',*,*,#12944,.T.);
#21139 = ORIENTED_EDGE('',*,*,#12968,.T.);
#21140 = ORIENTED_EDGE('',*,*,#12992,.T.);
#21141 = ORIENTED_EDGE('',*,*,#13016,.T.);
#21142 = ORIENTED_EDGE('',*,*,#13040,.T.);
#21143 = ORIENTED_EDGE('',*,*,#13064,.T.);
#21144 = ORIENTED_EDGE('',*,*,#13088,.T.);
#21145 = ORIENTED_EDGE('',*,*,#13112,.T.);
#21146 = ORIENTED_EDGE('',*,*,#13136,.T.);
#21147 = FACE_BOUND('',#21148,.T.);
#21148 = EDGE_LOOP('',(#21149,#21150,#21151,#21152,#21153,#21154,#21155,
    #21156,#21157,#21158,#21159,#21160,#21161,#21162,#21163,#21164,
    #21165,#21166,#21167,#21168,#21169,#21170,#21171,#21172));
#21149 = ORIENTED_EDGE('',*,*,#13160,.T.);
#21150 = ORIENTED_EDGE('',*,*,#13184,.T.);
#21151 = ORIENTED_EDGE('',*,*,#13208,.T.);
#21152 = ORIENTED_EDGE('',*,*,#13232,.T.);
#21153 = ORIENTED_EDGE('',*,*,#13256,.T.);
#21154 = ORIENTED_EDGE('',*,*,#13280,.T.);
#21155 = ORIENTED_EDGE('',*,*,#13304,.T.);
#21156 = ORIENTED_EDGE('',*,*,#13328,.T.);
#21157 = ORIENTED_EDGE('',*,*,#13352,.T.);
#21158 = ORIENTED_EDGE('',*,*,#13376,.T.);
#21159 = ORIENTED_EDGE('',*,*,#13400,.T.);
#21160 = ORIENTED_EDGE('',*,*,#13424,.T.);
#21161 = ORIENTED_EDGE('',*,*,#13448,.T.);
#21162 = ORIENTED_EDGE('',*,*,#13472,.T.);
#21163 = ORIENTED_EDGE('',*,*,#13496,.T.);
#21164 = ORIENTED_EDGE('',*,*,#13520,.T.);
#21165 = ORIENTED_EDGE('',*,*,#13544,.T.);
#21166 = ORIENTED_EDGE('',*,*,#13568,.T.);
#21167 = ORIENTED_EDGE('',*,*,#13592,.T.);
#21168 = ORIENTED_EDGE('',*,*,#13616,.T.);
#21169 = ORIENTED_EDGE('',*,*,#13640,.T.);
#21170 = ORIENTED_EDGE('',*,*,#13664,.T.);
#21171 = ORIENTED_EDGE('',*,*,#13688,.T.);
#21172 = ORIENTED_EDGE('',*,*,#13712,.T.);
#21173 = FACE_BOUND('',#21174,.T.);
#21174 = EDGE_LOOP('',(#21175,#21176,#21177,#21178,#21179,#21180,#21181,
    #21182,#21183,#21184,#21185,#21186,#21187,#21188,#21189,#21190,
    #21191,#21192,#21193,#21194,#21195,#21196,#21197,#21198));
#21175 = ORIENTED_EDGE('',*,*,#13736,.T.);
#21176 = ORIENTED_EDGE('',*,*,#13760,.T.);
#21177 = ORIENTED_EDGE('',*,*,#13784,.T.);
#21178 = ORIENTED_EDGE('',*,*,#13808,.T.);
#21179 = ORIENTED_EDGE('',*,*,#13832,.T.);
#21180 = ORIENTED_EDGE('',*,*,#13856,.T.);
#21181 = ORIENTED_EDGE('',*,*,#13880,.T.);
#21182 = ORIENTED_EDGE('',*,*,#13904,.T.);
#21183 = ORIENTED_EDGE('',*,*,#13928,.T.);
#21184 = ORIENTED_EDGE('',*,*,#13952,.T.);
#21185 = ORIENTED_EDGE('',*,*,#13976,.T.);
#21186 = ORIENTED_EDGE('',*,*,#14000,.T.);
#21187 = ORIENTED_EDGE('',*,*,#14024,.T.);
#21188 = ORIENTED_EDGE('',*,*,#14048,.T.);
#21189 = ORIENTED_EDGE('',*,*,#14072,.T.);
#21190 = ORIENTED_EDGE('',*,*,#14096,.T.);
#21191 = ORIENTED_EDGE('',*,*,#14120,.T.);
#21192 = ORIENTED_EDGE('',*,*,#14144,.T.);
#21193 = ORIENTED_EDGE('',*,*,#14168,.T.);
#21194 = ORIENTED_EDGE('',*,*,#14192,.T.);
#21195 = ORIENTED_EDGE('',*,*,#14216,.T.);
#21196 = ORIENTED_EDGE('',*,*,#14240,.T.);
#21197 = ORIENTED_EDGE('',*,*,#14264,.T.);
#21198 = ORIENTED_EDGE('',*,*,#14288,.T.);
#21199 = FACE_BOUND('',#21200,.T.);
#21200 = EDGE_LOOP('',(#21201,#21202,#21203,#21204,#21205,#21206,#21207,
    #21208,#21209,#21210,#21211,#21212,#21213,#21214,#21215,#21216,
    #21217,#21218,#21219,#21220,#21221,#21222,#21223,#21224));
#21201 = ORIENTED_EDGE('',*,*,#14312,.T.);
#21202 = ORIENTED_EDGE('',*,*,#14336,.T.);
#21203 = ORIENTED_EDGE('',*,*,#14360,.T.);
#21204 = ORIENTED_EDGE('',*,*,#14384,.T.);
#21205 = ORIENTED_EDGE('',*,*,#14408,.T.);
#21206 = ORIENTED_EDGE('',*,*,#14432,.T.);
#21207 = ORIENTED_EDGE('',*,*,#14456,.T.);
#21208 = ORIENTED_EDGE('',*,*,#14480,.T.);
#21209 = ORIENTED_EDGE('',*,*,#14504,.T.);
#21210 = ORIENTED_EDGE('',*,*,#14528,.T.);
#21211 = ORIENTED_EDGE('',*,*,#14552,.T.);
#21212 = ORIENTED_EDGE('',*,*,#14576,.T.);
#21213 = ORIENTED_EDGE('',*,*,#14600,.T.);
#21214 = ORIENTED_EDGE('',*,*,#14624,.T.);
#21215 = ORIENTED_EDGE('',*,*,#14648,.T.);
#21216 = ORIENTED_EDGE('',*,*,#14672,.T.);
#21217 = ORIENTED_EDGE('',*,*,#14696,.T.);
#21218 = ORIENTED_EDGE('',*,*,#14720,.T.);
#21219 = ORIENTED_EDGE('',*,*,#14744,.T.);
#21220 = ORIENTED_EDGE('',*,*,#14768,.T.);
#21221 = ORIENTED_EDGE('',*,*,#14792,.T.);
#21222 = ORIENTED_EDGE('',*,*,#14816,.T.);
#21223 = ORIENTED_EDGE('',*,*,#14840,.T.);
#21224 = ORIENTED_EDGE('',*,*,#14864,.T.);
#21225 = FACE_BOUND('',#21226,.T.);
#21226 = EDGE_LOOP('',(#21227,#21228,#21229,#21230,#21231,#21232,#21233,
    #21234,#21235,#21236,#21237,#21238,#21239,#21240,#21241,#21242,
    #21243,#21244,#21245,#21246,#21247,#21248,#21249,#21250));
#21227 = ORIENTED_EDGE('',*,*,#14888,.T.);
#21228 = ORIENTED_EDGE('',*,*,#14912,.T.);
#21229 = ORIENTED_EDGE('',*,*,#14936,.T.);
#21230 = ORIENTED_EDGE('',*,*,#14960,.T.);
#21231 = ORIENTED_EDGE('',*,*,#14984,.T.);
#21232 = ORIENTED_EDGE('',*,*,#15008,.T.);
#21233 = ORIENTED_EDGE('',*,*,#15032,.T.);
#21234 = ORIENTED_EDGE('',*,*,#15056,.T.);
#21235 = ORIENTED_EDGE('',*,*,#15080,.T.);
#21236 = ORIENTED_EDGE('',*,*,#15104,.T.);
#21237 = ORIENTED_EDGE('',*,*,#15128,.T.);
#21238 = ORIENTED_EDGE('',*,*,#15152,.T.);
#21239 = ORIENTED_EDGE('',*,*,#15176,.T.);
#21240 = ORIENTED_EDGE('',*,*,#15200,.T.);
#21241 = ORIENTED_EDGE('',*,*,#15224,.T.);
#21242 = ORIENTED_EDGE('',*,*,#15248,.T.);
#21243 = ORIENTED_EDGE('',*,*,#15272,.T.);
#21244 = ORIENTED_EDGE('',*,*,#15296,.T.);
#21245 = ORIENTED_EDGE('',*,*,#15320,.T.);
#21246 = ORIENTED_EDGE('',*,*,#15344,.T.);
#21247 = ORIENTED_EDGE('',*,*,#15368,.T.);
#21248 = ORIENTED_EDGE('',*,*,#15392,.T.);
#21249 = ORIENTED_EDGE('',*,*,#15416,.T.);
#21250 = ORIENTED_EDGE('',*,*,#15440,.T.);
#21251 = FACE_BOUND('',#21252,.T.);
#21252 = EDGE_LOOP('',(#21253,#21254,#21255,#21256,#21257,#21258,#21259,
    #21260,#21261,#21262,#21263,#21264,#21265,#21266,#21267,#21268,
    #21269,#21270,#21271,#21272,#21273,#21274,#21275,#21276));
#21253 = ORIENTED_EDGE('',*,*,#15464,.T.);
#21254 = ORIENTED_EDGE('',*,*,#15488,.T.);
#21255 = ORIENTED_EDGE('',*,*,#15512,.T.);
#21256 = ORIENTED_EDGE('',*,*,#15536,.T.);
#21257 = ORIENTED_EDGE('',*,*,#15560,.T.);
#21258 = ORIENTED_EDGE('',*,*,#15584,.T.);
#21259 = ORIENTED_EDGE('',*,*,#15608,.T.);
#21260 = ORIENTED_EDGE('',*,*,#15632,.T.);
#21261 = ORIENTED_EDGE('',*,*,#15656,.T.);
#21262 = ORIENTED_EDGE('',*,*,#15680,.T.);
#21263 = ORIENTED_EDGE('',*,*,#15704,.T.);
#21264 = ORIENTED_EDGE('',*,*,#15728,.T.);
#21265 = ORIENTED_EDGE('',*,*,#15752,.T.);
#21266 = ORIENTED_EDGE('',*,*,#15776,.T.);
#21267 = ORIENTED_EDGE('',*,*,#15800,.T.);
#21268 = ORIENTED_EDGE('',*,*,#15824,.T.);
#21269 = ORIENTED_EDGE('',*,*,#15848,.T.);
#21270 = ORIENTED_EDGE('',*,*,#15872,.T.);
#21271 = ORIENTED_EDGE('',*,*,#15896,.T.);
#21272 = ORIENTED_EDGE('',*,*,#15920,.T.);
#21273 = ORIENTED_EDGE('',*,*,#15944,.T.);
#21274 = ORIENTED_EDGE('',*,*,#15968,.T.);
#21275 = ORIENTED_EDGE('',*,*,#15992,.T.);
#21276 = ORIENTED_EDGE('',*,*,#16016,.T.);
#21277 = FACE_BOUND('',#21278,.T.);
#21278 = EDGE_LOOP('',(#21279,#21280,#21281,#21282,#21283,#21284,#21285,
    #21286,#21287,#21288,#21289,#21290,#21291,#21292,#21293,#21294,
    #21295,#21296,#21297,#21298,#21299,#21300,#21301,#21302));
#21279 = ORIENTED_EDGE('',*,*,#16040,.T.);
#21280 = ORIENTED_EDGE('',*,*,#16064,.T.);
#21281 = ORIENTED_EDGE('',*,*,#16088,.T.);
#21282 = ORIENTED_EDGE('',*,*,#16112,.T.);
#21283 = ORIENTED_EDGE('',*,*,#16136,.T.);
#21284 = ORIENTED_EDGE('',*,*,#16160,.T.);
#21285 = ORIENTED_EDGE('',*,*,#16184,.T.);
#21286 = ORIENTED_EDGE('',*,*,#16208,.T.);
#21287 = ORIENTED_EDGE('',*,*,#16232,.T.);
#21288 = ORIENTED_EDGE('',*,*,#16256,.T.);
#21289 = ORIENTED_EDGE('',*,*,#16280,.T.);
#21290 = ORIENTED_EDGE('',*,*,#16304,.T.);
#21291 = ORIENTED_EDGE('',*,*,#16328,.T.);
#21292 = ORIENTED_EDGE('',*,*,#16352,.T.);
#21293 = ORIENTED_EDGE('',*,*,#16376,.T.);
#21294 = ORIENTED_EDGE('',*,*,#16400,.T.);
#21295 = ORIENTED_EDGE('',*,*,#16424,.T.);
#21296 = ORIENTED_EDGE('',*,*,#16448,.T.);
#21297 = ORIENTED_EDGE('',*,*,#16472,.T.);
#21298 = ORIENTED_EDGE('',*,*,#16496,.T.);
#21299 = ORIENTED_EDGE('',*,*,#16520,.T.);
#21300 = ORIENTED_EDGE('',*,*,#16544,.T.);
#21301 = ORIENTED_EDGE('',*,*,#16568,.T.);
#21302 = ORIENTED_EDGE('',*,*,#16592,.T.);
#21303 = FACE_BOUND('',#21304,.T.);
#21304 = EDGE_LOOP('',(#21305,#21306,#21307,#21308,#21309,#21310,#21311,
    #21312,#21313,#21314,#21315,#21316,#21317,#21318,#21319,#21320,
    #21321,#21322,#21323,#21324,#21325,#21326,#21327,#21328));
#21305 = ORIENTED_EDGE('',*,*,#16616,.T.);
#21306 = ORIENTED_EDGE('',*,*,#16640,.T.);
#21307 = ORIENTED_EDGE('',*,*,#16664,.T.);
#21308 = ORIENTED_EDGE('',*,*,#16688,.T.);
#21309 = ORIENTED_EDGE('',*,*,#16712,.T.);
#21310 = ORIENTED_EDGE('',*,*,#16736,.T.);
#21311 = ORIENTED_EDGE('',*,*,#16760,.T.);
#21312 = ORIENTED_EDGE('',*,*,#16784,.T.);
#21313 = ORIENTED_EDGE('',*,*,#16808,.T.);
#21314 = ORIENTED_EDGE('',*,*,#16832,.T.);
#21315 = ORIENTED_EDGE('',*,*,#16856,.T.);
#21316 = ORIENTED_EDGE('',*,*,#16880,.T.);
#21317 = ORIENTED_EDGE('',*,*,#16904,.T.);
#21318 = ORIENTED_EDGE('',*,*,#16928,.T.);
#21319 = ORIENTED_EDGE('',*,*,#16952,.T.);
#21320 = ORIENTED_EDGE('',*,*,#16976,.T.);
#21321 = ORIENTED_EDGE('',*,*,#17000,.T.);
#21322 = ORIENTED_EDGE('',*,*,#17024,.T.);
#21323 = ORIENTED_EDGE('',*,*,#17048,.T.);
#21324 = ORIENTED_EDGE('',*,*,#17072,.T.);
#21325 = ORIENTED_EDGE('',*,*,#17096,.T.);
#21326 = ORIENTED_EDGE('',*,*,#17120,.T.);
#21327 = ORIENTED_EDGE('',*,*,#17144,.T.);
#21328 = ORIENTED_EDGE('',*,*,#17168,.T.);
#21329 = FACE_BOUND('',#21330,.T.);
#21330 = EDGE_LOOP('',(#21331,#21332,#21333,#21334,#21335,#21336,#21337,
    #21338,#21339,#21340,#21341,#21342,#21343,#21344,#21345,#21346,
    #21347,#21348,#21349,#21350,#21351,#21352,#21353,#21354));
#21331 = ORIENTED_EDGE('',*,*,#17192,.T.);
#21332 = ORIENTED_EDGE('',*,*,#17216,.T.);
#21333 = ORIENTED_EDGE('',*,*,#17240,.T.);
#21334 = ORIENTED_EDGE('',*,*,#17264,.T.);
#21335 = ORIENTED_EDGE('',*,*,#17288,.T.);
#21336 = ORIENTED_EDGE('',*,*,#17312,.T.);
#21337 = ORIENTED_EDGE('',*,*,#17336,.T.);
#21338 = ORIENTED_EDGE('',*,*,#17360,.T.);
#21339 = ORIENTED_EDGE('',*,*,#17384,.T.);
#21340 = ORIENTED_EDGE('',*,*,#17408,.T.);
#21341 = ORIENTED_EDGE('',*,*,#17432,.T.);
#21342 = ORIENTED_EDGE('',*,*,#17456,.T.);
#21343 = ORIENTED_EDGE('',*,*,#17480,.T.);
#21344 = ORIENTED_EDGE('',*,*,#17504,.T.);
#21345 = ORIENTED_EDGE('',*,*,#17528,.T.);
#21346 = ORIENTED_EDGE('',*,*,#17552,.T.);
#21347 = ORIENTED_EDGE('',*,*,#17576,.T.);
#21348 = ORIENTED_EDGE('',*,*,#17600,.T.);
#21349 = ORIENTED_EDGE('',*,*,#17624,.T.);
#21350 = ORIENTED_EDGE('',*,*,#17648,.T.);
#21351 = ORIENTED_EDGE('',*,*,#17672,.T.);
#21352 = ORIENTED_EDGE('',*,*,#17696,.T.);
#21353 = ORIENTED_EDGE('',*,*,#17720,.T.);
#21354 = ORIENTED_EDGE('',*,*,#17744,.T.);
#21355 = FACE_BOUND('',#21356,.T.);
#21356 = EDGE_LOOP('',(#21357,#21358,#21359,#21360,#21361,#21362,#21363,
    #21364,#21365,#21366,#21367,#21368,#21369,#21370,#21371,#21372,
    #21373,#21374,#21375,#21376,#21377,#21378,#21379,#21380));
#21357 = ORIENTED_EDGE('',*,*,#17768,.T.);
#21358 = ORIENTED_EDGE('',*,*,#17792,.T.);
#21359 = ORIENTED_EDGE('',*,*,#17816,.T.);
#21360 = ORIENTED_EDGE('',*,*,#17840,.T.);
#21361 = ORIENTED_EDGE('',*,*,#17864,.T.);
#21362 = ORIENTED_EDGE('',*,*,#17888,.T.);
#21363 = ORIENTED_EDGE('',*,*,#17912,.T.);
#21364 = ORIENTED_EDGE('',*,*,#17936,.T.);
#21365 = ORIENTED_EDGE('',*,*,#17960,.T.);
#21366 = ORIENTED_EDGE('',*,*,#17984,.T.);
#21367 = ORIENTED_EDGE('',*,*,#18008,.T.);
#21368 = ORIENTED_EDGE('',*,*,#18032,.T.);
#21369 = ORIENTED_EDGE('',*,*,#18056,.T.);
#21370 = ORIENTED_EDGE('',*,*,#18080,.T.);
#21371 = ORIENTED_EDGE('',*,*,#18104,.T.);
#21372 = ORIENTED_EDGE('',*,*,#18128,.T.);
#21373 = ORIENTED_EDGE('',*,*,#18152,.T.);
#21374 = ORIENTED_EDGE('',*,*,#18176,.T.);
#21375 = ORIENTED_EDGE('',*,*,#18200,.T.);
#21376 = ORIENTED_EDGE('',*,*,#18224,.T.);
#21377 = ORIENTED_EDGE('',*,*,#18248,.T.);
#21378 = ORIENTED_EDGE('',*,*,#18272,.T.);
#21379 = ORIENTED_EDGE('',*,*,#18296,.T.);
#21380 = ORIENTED_EDGE('',*,*,#18320,.T.);
#21381 = FACE_BOUND('',#21382,.T.);
#21382 = EDGE_LOOP('',(#21383,#21384,#21385,#21386,#21387,#21388,#21389,
    #21390,#21391,#21392,#21393,#21394,#21395,#21396,#21397,#21398,
    #21399,#21400,#21401,#21402,#21403,#21404,#21405,#21406));
#21383 = ORIENTED_EDGE('',*,*,#18344,.T.);
#21384 = ORIENTED_EDGE('',*,*,#18368,.T.);
#21385 = ORIENTED_EDGE('',*,*,#18392,.T.);
#21386 = ORIENTED_EDGE('',*,*,#18416,.T.);
#21387 = ORIENTED_EDGE('',*,*,#18440,.T.);
#21388 = ORIENTED_EDGE('',*,*,#18464,.T.);
#21389 = ORIENTED_EDGE('',*,*,#18488,.T.);
#21390 = ORIENTED_EDGE('',*,*,#18512,.T.);
#21391 = ORIENTED_EDGE('',*,*,#18536,.T.);
#21392 = ORIENTED_EDGE('',*,*,#18560,.T.);
#21393 = ORIENTED_EDGE('',*,*,#18584,.T.);
#21394 = ORIENTED_EDGE('',*,*,#18608,.T.);
#21395 = ORIENTED_EDGE('',*,*,#18632,.T.);
#21396 = ORIENTED_EDGE('',*,*,#18656,.T.);
#21397 = ORIENTED_EDGE('',*,*,#18680,.T.);
#21398 = ORIENTED_EDGE('',*,*,#18704,.T.);
#21399 = ORIENTED_EDGE('',*,*,#18728,.T.);
#21400 = ORIENTED_EDGE('',*,*,#18752,.T.);
#21401 = ORIENTED_EDGE('',*,*,#18776,.T.);
#21402 = ORIENTED_EDGE('',*,*,#18800,.T.);
#21403 = ORIENTED_EDGE('',*,*,#18824,.T.);
#21404 = ORIENTED_EDGE('',*,*,#18848,.T.);
#21405 = ORIENTED_EDGE('',*,*,#18872,.T.);
#21406 = ORIENTED_EDGE('',*,*,#18896,.T.);
#21407 = FACE_BOUND('',#21408,.T.);
#21408 = EDGE_LOOP('',(#21409,#21410,#21411,#21412,#21413,#21414,#21415,
    #21416,#21417,#21418,#21419,#21420,#21421,#21422,#21423,#21424,
    #21425,#21426,#21427,#21428,#21429,#21430,#21431,#21432));
#21409 = ORIENTED_EDGE('',*,*,#18920,.T.);
#21410 = ORIENTED_EDGE('',*,*,#18944,.T.);
#21411 = ORIENTED_EDGE('',*,*,#18968,.T.);
#21412 = ORIENTED_EDGE('',*,*,#18992,.T.);
#21413 = ORIENTED_EDGE('',*,*,#19016,.T.);
#21414 = ORIENTED_EDGE('',*,*,#19040,.T.);
#21415 = ORIENTED_EDGE('',*,*,#19064,.T.);
#21416 = ORIENTED_EDGE('',*,*,#19088,.T.);
#21417 = ORIENTED_EDGE('',*,*,#19112,.T.);
#21418 = ORIENTED_EDGE('',*,*,#19136,.T.);
#21419 = ORIENTED_EDGE('',*,*,#19160,.T.);
#21420 = ORIENTED_EDGE('',*,*,#19184,.T.);
#21421 = ORIENTED_EDGE('',*,*,#19208,.T.);
#21422 = ORIENTED_EDGE('',*,*,#19232,.T.);
#21423 = ORIENTED_EDGE('',*,*,#19256,.T.);
#21424 = ORIENTED_EDGE('',*,*,#19280,.T.);
#21425 = ORIENTED_EDGE('',*,*,#19304,.T.);
#21426 = ORIENTED_EDGE('',*,*,#19328,.T.);
#21427 = ORIENTED_EDGE('',*,*,#19352,.T.);
#21428 = ORIENTED_EDGE('',*,*,#19376,.T.);
#21429 = ORIENTED_EDGE('',*,*,#19400,.T.);
#21430 = ORIENTED_EDGE('',*,*,#19424,.T.);
#21431 = ORIENTED_EDGE('',*,*,#19448,.T.);
#21432 = ORIENTED_EDGE('',*,*,#19472,.T.);
#21433 = FACE_BOUND('',#21434,.T.);
#21434 = EDGE_LOOP('',(#21435,#21436,#21437,#21438,#21439,#21440,#21441,
    #21442,#21443,#21444,#21445,#21446,#21447,#21448,#21449,#21450,
    #21451,#21452,#21453,#21454,#21455,#21456,#21457,#21458));
#21435 = ORIENTED_EDGE('',*,*,#19496,.T.);
#21436 = ORIENTED_EDGE('',*,*,#19520,.T.);
#21437 = ORIENTED_EDGE('',*,*,#19544,.T.);
#21438 = ORIENTED_EDGE('',*,*,#19568,.T.);
#21439 = ORIENTED_EDGE('',*,*,#19592,.T.);
#21440 = ORIENTED_EDGE('',*,*,#19616,.T.);
#21441 = ORIENTED_EDGE('',*,*,#19640,.T.);
#21442 = ORIENTED_EDGE('',*,*,#19664,.T.);
#21443 = ORIENTED_EDGE('',*,*,#19688,.T.);
#21444 = ORIENTED_EDGE('',*,*,#19712,.T.);
#21445 = ORIENTED_EDGE('',*,*,#19736,.T.);
#21446 = ORIENTED_EDGE('',*,*,#19760,.T.);
#21447 = ORIENTED_EDGE('',*,*,#19784,.T.);
#21448 = ORIENTED_EDGE('',*,*,#19808,.T.);
#21449 = ORIENTED_EDGE('',*,*,#19832,.T.);
#21450 = ORIENTED_EDGE('',*,*,#19856,.T.);
#21451 = ORIENTED_EDGE('',*,*,#19880,.T.);
#21452 = ORIENTED_EDGE('',*,*,#19904,.T.);
#21453 = ORIENTED_EDGE('',*,*,#19928,.T.);
#21454 = ORIENTED_EDGE('',*,*,#19952,.T.);
#21455 = ORIENTED_EDGE('',*,*,#19976,.T.);
#21456 = ORIENTED_EDGE('',*,*,#20000,.T.);
#21457 = ORIENTED_EDGE('',*,*,#20024,.T.);
#21458 = ORIENTED_EDGE('',*,*,#20048,.T.);
#21459 = FACE_BOUND('',#21460,.T.);
#21460 = EDGE_LOOP('',(#21461,#21462,#21463,#21464,#21465,#21466,#21467,
    #21468,#21469,#21470,#21471,#21472,#21473,#21474,#21475,#21476,
    #21477,#21478,#21479,#21480,#21481,#21482,#21483,#21484));
#21461 = ORIENTED_EDGE('',*,*,#20072,.T.);
#21462 = ORIENTED_EDGE('',*,*,#20096,.T.);
#21463 = ORIENTED_EDGE('',*,*,#20120,.T.);
#21464 = ORIENTED_EDGE('',*,*,#20144,.T.);
#21465 = ORIENTED_EDGE('',*,*,#20168,.T.);
#21466 = ORIENTED_EDGE('',*,*,#20192,.T.);
#21467 = ORIENTED_EDGE('',*,*,#20216,.T.);
#21468 = ORIENTED_EDGE('',*,*,#20240,.T.);
#21469 = ORIENTED_EDGE('',*,*,#20264,.T.);
#21470 = ORIENTED_EDGE('',*,*,#20288,.T.);
#21471 = ORIENTED_EDGE('',*,*,#20312,.T.);
#21472 = ORIENTED_EDGE('',*,*,#20336,.T.);
#21473 = ORIENTED_EDGE('',*,*,#20360,.T.);
#21474 = ORIENTED_EDGE('',*,*,#20384,.T.);
#21475 = ORIENTED_EDGE('',*,*,#20408,.T.);
#21476 = ORIENTED_EDGE('',*,*,#20432,.T.);
#21477 = ORIENTED_EDGE('',*,*,#20456,.T.);
#21478 = ORIENTED_EDGE('',*,*,#20480,.T.);
#21479 = ORIENTED_EDGE('',*,*,#20504,.T.);
#21480 = ORIENTED_EDGE('',*,*,#20528,.T.);
#21481 = ORIENTED_EDGE('',*,*,#20552,.T.);
#21482 = ORIENTED_EDGE('',*,*,#20576,.T.);
#21483 = ORIENTED_EDGE('',*,*,#20600,.T.);
#21484 = ORIENTED_EDGE('',*,*,#20624,.T.);
#21485 = FACE_BOUND('',#21486,.F.);
#21486 = EDGE_LOOP('',(#21487));
#21487 = ORIENTED_EDGE('',*,*,#20648,.T.);
#21488 = FACE_BOUND('',#21489,.F.);
#21489 = EDGE_LOOP('',(#21490));
#21490 = ORIENTED_EDGE('',*,*,#20673,.T.);
#21491 = FACE_BOUND('',#21492,.F.);
#21492 = EDGE_LOOP('',(#21493));
#21493 = ORIENTED_EDGE('',*,*,#20698,.T.);
#21494 = FACE_BOUND('',#21495,.F.);
#21495 = EDGE_LOOP('',(#21496));
#21496 = ORIENTED_EDGE('',*,*,#20723,.T.);
#21497 = FACE_BOUND('',#21498,.F.);
#21498 = EDGE_LOOP('',(#21499));
#21499 = ORIENTED_EDGE('',*,*,#20748,.T.);
#21500 = FACE_BOUND('',#21501,.F.);
#21501 = EDGE_LOOP('',(#21502));
#21502 = ORIENTED_EDGE('',*,*,#20773,.T.);
#21503 = PLANE('',#21504);
#21504 = AXIS2_PLACEMENT_3D('',#21505,#21506,#21507);
#21505 = CARTESIAN_POINT('',(240.45046056358,51.822445665196,1.7));
#21506 = DIRECTION('',(0.,0.,1.));
#21507 = DIRECTION('',(1.,0.,0.));
#21508 = ADVANCED_FACE('',(#21509),#21515,.T.);
#21509 = FACE_BOUND('',#21510,.T.);
#21510 = EDGE_LOOP('',(#21511,#21512,#21513,#21514));
#21511 = ORIENTED_EDGE('',*,*,#1403,.T.);
#21512 = ORIENTED_EDGE('',*,*,#20810,.T.);
#21513 = ORIENTED_EDGE('',*,*,#21,.F.);
#21514 = ORIENTED_EDGE('',*,*,#1445,.F.);
#21515 = PLANE('',#21516);
#21516 = AXIS2_PLACEMENT_3D('',#21517,#21518,#21519);
#21517 = CARTESIAN_POINT('',(174.5037875,0.611846,0.85));
#21518 = DIRECTION('',(-0.,-1.,-0.));
#21519 = DIRECTION('',(0.,0.,-1.));
#21520 = ( GEOMETRIC_REPRESENTATION_CONTEXT(3) 
GLOBAL_UNCERTAINTY_ASSIGNED_CONTEXT((#21524)) 
GLOBAL_UNIT_ASSIGNED_CONTEXT((#21521,#21522,#21523)) 
REPRESENTATION_CONTEXT('Context #1',
  '3D Context with UNIT and UNCERTAINTY') );
#21521 = ( LENGTH_UNIT() NAMED_UNIT(*) SI_UNIT(.MILLI.,.METRE.) );
#21522 = ( NAMED_UNIT(*) PLANE_ANGLE_UNIT() SI_UNIT($,.RADIAN.) );
#21523 = ( NAMED_UNIT(*) SI_UNIT($,.STERADIAN.) SOLID_ANGLE_UNIT() );
#21524 = UNCERTAINTY_MEASURE_WITH_UNIT(LENGTH_MEASURE(1.E-07),#21521,
  'distance_accuracy_value','confusion accuracy');
#21525 = PRODUCT_RELATED_PRODUCT_CATEGORY('part',$,(#7));
#21526 = MECHANICAL_DESIGN_GEOMETRIC_PRESENTATION_REPRESENTATION('',(
    #21527),#21520);
#21527 = STYLED_ITEM('color',(#21528),#15);
#21528 = PRESENTATION_STYLE_ASSIGNMENT((#21529,#21535));
#21529 = SURFACE_STYLE_USAGE(.BOTH.,#21530);
#21530 = SURFACE_SIDE_STYLE('',(#21531));
#21531 = SURFACE_STYLE_FILL_AREA(#21532);
#21532 = FILL_AREA_STYLE('',(#21533));
#21533 = FILL_AREA_STYLE_COLOUR('',#21534);
#21534 = COLOUR_RGB('',0.447059003357,0.474510015008,0.501960993452);
#21535 = CURVE_STYLE('',#21536,POSITIVE_LENGTH_MEASURE(0.1),#21537);
#21536 = DRAUGHTING_PRE_DEFINED_CURVE_FONT('continuous');
#21537 = COLOUR_RGB('',9.803921802644E-02,9.803921802644E-02,
  9.803921802644E-02);
ENDSEC;
END-ISO-10303-21;
