ISO-10303-21;
HEADER;
FILE_DESCRIPTION(('FreeCAD Model'),'2;1');
FILE_NAME('Open CASCADE Shape Model','2026-01-25T23:08:58',(''),(''),
  'Open CASCADE STEP processor 7.8','FreeCAD','Unknown');
FILE_SCHEMA(('AUTOMOTIVE_DESIGN { 1 0 10303 214 1 1 1 1 }'));
ENDSEC;
DATA;
#1 = APPLICATION_PROTOCOL_DEFINITION('international standard',
  'automotive_design',2000,#2);
#2 = APPLICATION_CONTEXT(
  'core data for automotive mechanical design processes');
#3 = SHAPE_DEFINITION_REPRESENTATION(#4,#10);
#4 = PRODUCT_DEFINITION_SHAPE('','',#5);
#5 = PRODUCT_DEFINITION('design','',#6,#9);
#6 = PRODUCT_DEFINITION_FORMATION('','',#7);
#7 = PRODUCT('TopCover_right','TopCover_right','',(#8));
#8 = PRODUCT_CONTEXT('',#2,'mechanical');
#9 = PRODUCT_DEFINITION_CONTEXT('part definition',#2,'design');
#10 = ADVANCED_BREP_SHAPE_REPRESENTATION('',(#11,#15),#6189);
#11 = AXIS2_PLACEMENT_3D('',#12,#13,#14);
#12 = CARTESIAN_POINT('',(0.,0.,0.));
#13 = DIRECTION('',(0.,0.,1.));
#14 = DIRECTION('',(1.,0.,-0.));
#15 = MANIFOLD_SOLID_BREP('',#16);
#16 = CLOSED_SHELL('',(#17,#91,#417,#442,#1705,#1747,#1771,#1806,#1823,
    #1881,#1898,#1922,#1939,#2004,#2021,#2046,#2063,#2096,#2113,#2138,
    #2155,#2179,#2196,#2221,#2233,#2257,#2282,#2299,#2323,#2347,#2371,
    #2395,#2419,#2444,#2469,#2493,#2517,#2534,#2559,#2584,#2609,#2634,
    #2658,#2682,#2706,#2730,#2747,#2778,#2802,#2826,#2850,#2874,#2891,
    #2922,#2946,#2970,#2987,#3012,#3043,#3067,#3091,#3108,#3139,#3163,
    #3187,#3204,#3235,#3259,#3283,#3300,#3325,#3356,#3380,#3404,#3421,
    #3452,#3476,#3500,#3517,#3548,#3572,#3596,#3620,#3644,#3661,#3692,
    #3716,#3740,#3757,#3788,#3812,#3836,#3853,#3884,#3908,#3932,#3949,
    #3980,#4004,#4028,#4045,#4070,#4101,#4125,#4149,#4166,#4197,#4221,
    #4245,#4262,#4293,#4317,#4341,#4358,#4383,#4414,#4438,#4462,#4479,
    #4510,#4534,#4558,#4575,#4606,#4630,#4654,#4671,#4702,#4726,#4750,
    #4774,#4798,#4815,#4840,#4871,#4895,#4919,#4936,#4967,#4991,#5015,
    #5032,#5063,#5087,#5111,#5128,#5159,#5183,#5207,#5224,#5255,#5279,
    #5303,#5320,#5351,#5375,#5399,#5416,#5447,#5471,#5495,#5512,#5543,
    #5567,#5591,#5608,#5633,#5664,#5688,#5712,#5729,#5760,#5784,#5808,
    #5832,#5856,#5873,#6075,#6092,#6109,#6121,#6138,#6155,#6172));
#17 = ADVANCED_FACE('',(#18),#86,.T.);
#18 = FACE_BOUND('',#19,.T.);
#19 = EDGE_LOOP('',(#20,#30,#38,#46,#55,#63,#72,#80));
#20 = ORIENTED_EDGE('',*,*,#21,.F.);
#21 = EDGE_CURVE('',#22,#24,#26,.T.);
#22 = VERTEX_POINT('',#23);
#23 = CARTESIAN_POINT('',(170.078828,98.64933,0.));
#24 = VERTEX_POINT('',#25);
#25 = CARTESIAN_POINT('',(304.31633,98.64933,0.));
#26 = LINE('',#27,#28);
#27 = CARTESIAN_POINT('',(170.078828,98.64933,0.));
#28 = VECTOR('',#29,1.);
#29 = DIRECTION('',(1.,0.,0.));
#30 = ORIENTED_EDGE('',*,*,#31,.T.);
#31 = EDGE_CURVE('',#22,#32,#34,.T.);
#32 = VERTEX_POINT('',#33);
#33 = CARTESIAN_POINT('',(170.078828,98.64933,7.));
#34 = LINE('',#35,#36);
#35 = CARTESIAN_POINT('',(170.078828,98.64933,0.));
#36 = VECTOR('',#37,1.);
#37 = DIRECTION('',(0.,0.,1.));
#38 = ORIENTED_EDGE('',*,*,#39,.T.);
#39 = EDGE_CURVE('',#32,#40,#42,.T.);
#40 = VERTEX_POINT('',#41);
#41 = CARTESIAN_POINT('',(173.522585,98.64933,7.));
#42 = LINE('',#43,#44);
#43 = CARTESIAN_POINT('',(170.078828,98.64933,7.));
#44 = VECTOR('',#45,1.);
#45 = DIRECTION('',(1.,0.,0.));
#46 = ORIENTED_EDGE('',*,*,#47,.F.);
#47 = EDGE_CURVE('',#48,#40,#50,.T.);
#48 = VERTEX_POINT('',#49);
#49 = CARTESIAN_POINT('',(176.52258401961,98.64933,4.));
#50 = CIRCLE('',#51,3.);
#51 = AXIS2_PLACEMENT_3D('',#52,#53,#54);
#52 = CARTESIAN_POINT('',(176.522585,98.64933,7.));
#53 = DIRECTION('',(0.,1.,-0.));
#54 = DIRECTION('',(-1.,0.,0.));
#55 = ORIENTED_EDGE('',*,*,#56,.F.);
#56 = EDGE_CURVE('',#57,#48,#59,.T.);
#57 = VERTEX_POINT('',#58);
#58 = CARTESIAN_POINT('',(183.52258598038,98.64933,4.));
#59 = LINE('',#60,#61);
#60 = CARTESIAN_POINT('',(183.52258598038,98.64933,4.));
#61 = VECTOR('',#62,1.);
#62 = DIRECTION('',(-1.,0.,0.));
#63 = ORIENTED_EDGE('',*,*,#64,.F.);
#64 = EDGE_CURVE('',#65,#57,#67,.T.);
#65 = VERTEX_POINT('',#66);
#66 = CARTESIAN_POINT('',(186.522585,98.64933,7.));
#67 = CIRCLE('',#68,3.);
#68 = AXIS2_PLACEMENT_3D('',#69,#70,#71);
#69 = CARTESIAN_POINT('',(183.522585,98.64933,7.));
#70 = DIRECTION('',(0.,1.,-0.));
#71 = DIRECTION('',(-1.,0.,0.));
#72 = ORIENTED_EDGE('',*,*,#73,.T.);
#73 = EDGE_CURVE('',#65,#74,#76,.T.);
#74 = VERTEX_POINT('',#75);
#75 = CARTESIAN_POINT('',(304.31633,98.64933,7.));
#76 = LINE('',#77,#78);
#77 = CARTESIAN_POINT('',(170.078828,98.64933,7.));
#78 = VECTOR('',#79,1.);
#79 = DIRECTION('',(1.,0.,0.));
#80 = ORIENTED_EDGE('',*,*,#81,.F.);
#81 = EDGE_CURVE('',#24,#74,#82,.T.);
#82 = LINE('',#83,#84);
#83 = CARTESIAN_POINT('',(304.31633,98.64933,0.));
#84 = VECTOR('',#85,1.);
#85 = DIRECTION('',(0.,0.,1.));
#86 = PLANE('',#87);
#87 = AXIS2_PLACEMENT_3D('',#88,#89,#90);
#88 = CARTESIAN_POINT('',(170.078828,98.64933,0.));
#89 = DIRECTION('',(0.,1.,0.));
#90 = DIRECTION('',(1.,0.,0.));
#91 = ADVANCED_FACE('',(#92,#368,#379,#390,#401),#412,.F.);
#92 = FACE_BOUND('',#93,.F.);
#93 = EDGE_LOOP('',(#94,#95,#104,#112,#120,#128,#137,#145,#154,#162,#171
    ,#179,#188,#196,#204,#212,#221,#229,#237,#245,#254,#262,#270,#278,
    #286,#294,#302,#310,#319,#328,#336,#344,#353,#361));
#94 = ORIENTED_EDGE('',*,*,#21,.F.);
#95 = ORIENTED_EDGE('',*,*,#96,.T.);
#96 = EDGE_CURVE('',#22,#97,#99,.T.);
#97 = VERTEX_POINT('',#98);
#98 = CARTESIAN_POINT('',(164.078828,92.649331960769,0.));
#99 = CIRCLE('',#100,6.);
#100 = AXIS2_PLACEMENT_3D('',#101,#102,#103);
#101 = CARTESIAN_POINT('',(170.078828,92.64933,0.));
#102 = DIRECTION('',(0.,0.,1.));
#103 = DIRECTION('',(1.,0.,0.));
#104 = ORIENTED_EDGE('',*,*,#105,.T.);
#105 = EDGE_CURVE('',#97,#106,#108,.T.);
#106 = VERTEX_POINT('',#107);
#107 = CARTESIAN_POINT('',(164.078828,56.829331960767,3.219705637712E-17
    ));
#108 = LINE('',#109,#110);
#109 = CARTESIAN_POINT('',(164.078828,92.649331960769,0.));
#110 = VECTOR('',#111,1.);
#111 = DIRECTION('',(0.,-1.,0.));
#112 = ORIENTED_EDGE('',*,*,#113,.T.);
#113 = EDGE_CURVE('',#106,#114,#116,.T.);
#114 = VERTEX_POINT('',#115);
#115 = CARTESIAN_POINT('',(169.578828,56.829331960767,1.609852818856E-17
    ));
#116 = LINE('',#117,#118);
#117 = CARTESIAN_POINT('',(164.078828,56.829331960767,3.219705637712E-17
    ));
#118 = VECTOR('',#119,1.);
#119 = DIRECTION('',(1.,0.,0.));
#120 = ORIENTED_EDGE('',*,*,#121,.F.);
#121 = EDGE_CURVE('',#122,#114,#124,.T.);
#122 = VERTEX_POINT('',#123);
#123 = CARTESIAN_POINT('',(169.578828,92.624336163397,0.));
#124 = LINE('',#125,#126);
#125 = CARTESIAN_POINT('',(169.578828,73.186546830787,0.));
#126 = VECTOR('',#127,1.);
#127 = DIRECTION('',(0.,-1.,0.));
#128 = ORIENTED_EDGE('',*,*,#129,.F.);
#129 = EDGE_CURVE('',#130,#122,#132,.T.);
#130 = VERTEX_POINT('',#131);
#131 = CARTESIAN_POINT('',(170.078828,93.124336,0.));
#132 = CIRCLE('',#133,0.5);
#133 = AXIS2_PLACEMENT_3D('',#134,#135,#136);
#134 = CARTESIAN_POINT('',(170.078828,92.624336,0.));
#135 = DIRECTION('',(0.,0.,1.));
#136 = DIRECTION('',(1.,0.,0.));
#137 = ORIENTED_EDGE('',*,*,#138,.T.);
#138 = EDGE_CURVE('',#130,#139,#141,.T.);
#139 = VERTEX_POINT('',#140);
#140 = CARTESIAN_POINT('',(304.31633,93.124336,0.));
#141 = LINE('',#142,#143);
#142 = CARTESIAN_POINT('',(203.44835082875,93.124336,0.));
#143 = VECTOR('',#144,1.);
#144 = DIRECTION('',(1.,0.,0.));
#145 = ORIENTED_EDGE('',*,*,#146,.F.);
#146 = EDGE_CURVE('',#147,#139,#149,.T.);
#147 = VERTEX_POINT('',#148);
#148 = CARTESIAN_POINT('',(304.791336,92.64933015523,0.));
#149 = CIRCLE('',#150,0.475006);
#150 = AXIS2_PLACEMENT_3D('',#151,#152,#153);
#151 = CARTESIAN_POINT('',(304.31633,92.64933,0.));
#152 = DIRECTION('',(0.,0.,1.));
#153 = DIRECTION('',(1.,0.,0.));
#154 = ORIENTED_EDGE('',*,*,#155,.T.);
#155 = EDGE_CURVE('',#147,#156,#158,.T.);
#156 = VERTEX_POINT('',#157);
#157 = CARTESIAN_POINT('',(304.791336,16.399343,0.));
#158 = LINE('',#159,#160);
#159 = CARTESIAN_POINT('',(304.791336,73.199043826703,0.));
#160 = VECTOR('',#161,1.);
#161 = DIRECTION('',(0.,-1.,0.));
#162 = ORIENTED_EDGE('',*,*,#163,.F.);
#163 = EDGE_CURVE('',#164,#156,#166,.T.);
#164 = VERTEX_POINT('',#165);
#165 = CARTESIAN_POINT('',(304.31633015523,15.924337,0.));
#166 = CIRCLE('',#167,0.475006);
#167 = AXIS2_PLACEMENT_3D('',#168,#169,#170);
#168 = CARTESIAN_POINT('',(304.31633,16.399343,0.));
#169 = DIRECTION('',(0.,0.,1.));
#170 = DIRECTION('',(1.,0.,0.));
#171 = ORIENTED_EDGE('',*,*,#172,.T.);
#172 = EDGE_CURVE('',#164,#173,#175,.T.);
#173 = VERTEX_POINT('',#174);
#174 = CARTESIAN_POINT('',(247.116342,15.924337,0.));
#175 = LINE('',#176,#177);
#176 = CARTESIAN_POINT('',(270.56710190636,15.924337,0.));
#177 = VECTOR('',#178,1.);
#178 = DIRECTION('',(-1.,0.,0.));
#179 = ORIENTED_EDGE('',*,*,#180,.F.);
#180 = EDGE_CURVE('',#181,#173,#183,.T.);
#181 = VERTEX_POINT('',#182);
#182 = CARTESIAN_POINT('',(246.641336,16.39934284477,0.));
#183 = CIRCLE('',#184,0.475006);
#184 = AXIS2_PLACEMENT_3D('',#185,#186,#187);
#185 = CARTESIAN_POINT('',(247.116342,16.399343,0.));
#186 = DIRECTION('',(0.,0.,1.));
#187 = DIRECTION('',(1.,0.,0.));
#188 = ORIENTED_EDGE('',*,*,#189,.T.);
#189 = EDGE_CURVE('',#181,#190,#192,.T.);
#190 = VERTEX_POINT('',#191);
#191 = CARTESIAN_POINT('',(246.641336,30.186843,0.));
#192 = LINE('',#193,#194);
#193 = CARTESIAN_POINT('',(246.641336,35.074050171474,0.));
#194 = VECTOR('',#195,1.);
#195 = DIRECTION('',(0.,1.,0.));
#196 = ORIENTED_EDGE('',*,*,#197,.T.);
#197 = EDGE_CURVE('',#190,#198,#200,.T.);
#198 = VERTEX_POINT('',#199);
#199 = CARTESIAN_POINT('',(230.99758,30.186843,0.));
#200 = LINE('',#201,#202);
#201 = CARTESIAN_POINT('',(241.72960482875,30.186843,0.));
#202 = VECTOR('',#203,1.);
#203 = DIRECTION('',(-1.,0.,0.));
#204 = ORIENTED_EDGE('',*,*,#205,.T.);
#205 = EDGE_CURVE('',#198,#206,#208,.T.);
#206 = VERTEX_POINT('',#207);
#207 = CARTESIAN_POINT('',(230.99758,11.636843,0.));
#208 = LINE('',#209,#210);
#209 = CARTESIAN_POINT('',(230.99758,41.967800249089,0.));
#210 = VECTOR('',#211,1.);
#211 = DIRECTION('',(0.,-1.,0.));
#212 = ORIENTED_EDGE('',*,*,#213,.F.);
#213 = EDGE_CURVE('',#214,#206,#216,.T.);
#214 = VERTEX_POINT('',#215);
#215 = CARTESIAN_POINT('',(230.49758016339,11.136843,0.));
#216 = CIRCLE('',#217,0.5);
#217 = AXIS2_PLACEMENT_3D('',#218,#219,#220);
#218 = CARTESIAN_POINT('',(230.49758,11.636843,0.));
#219 = DIRECTION('',(0.,0.,1.));
#220 = DIRECTION('',(1.,0.,0.));
#221 = ORIENTED_EDGE('',*,*,#222,.T.);
#222 = EDGE_CURVE('',#214,#223,#225,.T.);
#223 = VERTEX_POINT('',#224);
#224 = CARTESIAN_POINT('',(211.44999316339,11.136843,0.));
#225 = LINE('',#226,#227);
#226 = CARTESIAN_POINT('',(233.65772691045,11.136843,0.));
#227 = VECTOR('',#228,1.);
#228 = DIRECTION('',(-1.,0.,0.));
#229 = ORIENTED_EDGE('',*,*,#230,.F.);
#230 = EDGE_CURVE('',#231,#223,#233,.T.);
#231 = VERTEX_POINT('',#232);
#232 = CARTESIAN_POINT('',(192.47869592147,7.440566145223,0.));
#233 = LINE('',#234,#235);
#234 = CARTESIAN_POINT('',(218.18373519998,12.448813105074,0.));
#235 = VECTOR('',#236,1.);
#236 = DIRECTION('',(0.981543455629,0.191239234236,0.));
#237 = ORIENTED_EDGE('',*,*,#238,.F.);
#238 = EDGE_CURVE('',#239,#231,#241,.T.);
#239 = VERTEX_POINT('',#240);
#240 = CARTESIAN_POINT('',(174.66647845772,0.176923529805,0.));
#241 = LINE('',#242,#243);
#242 = CARTESIAN_POINT('',(210.67693062243,14.861622696335,-5.8E-16));
#243 = VECTOR('',#244,1.);
#244 = DIRECTION('',(0.925968552343,0.377600635688,0.));
#245 = ORIENTED_EDGE('',*,*,#246,.F.);
#246 = EDGE_CURVE('',#247,#239,#249,.T.);
#247 = VERTEX_POINT('',#248);
#248 = CARTESIAN_POINT('',(174.0629268473,0.428000632584,0.));
#249 = CIRCLE('',#250,0.462230677057);
#250 = AXIS2_PLACEMENT_3D('',#251,#252,#253);
#251 = CARTESIAN_POINT('',(174.49024124493,0.604237985023,0.));
#252 = DIRECTION('',(0.,0.,1.));
#253 = DIRECTION('',(1.,0.,0.));
#254 = ORIENTED_EDGE('',*,*,#255,.F.);
#255 = EDGE_CURVE('',#256,#247,#258,.T.);
#256 = VERTEX_POINT('',#257);
#257 = CARTESIAN_POINT('',(166.6777573647,18.33447281417,0.));
#258 = LINE('',#259,#260);
#259 = CARTESIAN_POINT('',(165.53461419685,21.106198145992,0.));
#260 = VECTOR('',#261,1.);
#261 = DIRECTION('',(0.381275759458,-0.924461354114,0.));
#262 = ORIENTED_EDGE('',*,*,#263,.F.);
#263 = EDGE_CURVE('',#264,#256,#266,.T.);
#264 = VERTEX_POINT('',#265);
#265 = CARTESIAN_POINT('',(169.578828,31.839495,0.));
#266 = LINE('',#267,#268);
#267 = CARTESIAN_POINT('',(173.31118594491,49.214313881779,0.));
#268 = VECTOR('',#269,1.);
#269 = DIRECTION('',(-0.21002308307,-0.977696427618,0.));
#270 = ORIENTED_EDGE('',*,*,#271,.F.);
#271 = EDGE_CURVE('',#272,#264,#274,.T.);
#272 = VERTEX_POINT('',#273);
#273 = CARTESIAN_POINT('',(169.578828,46.829331960769,4.060802971259E-14
    ));
#274 = LINE('',#275,#276);
#275 = CARTESIAN_POINT('',(169.578828,73.186546830787,0.));
#276 = VECTOR('',#277,1.);
#277 = DIRECTION('',(0.,-1.,0.));
#278 = ORIENTED_EDGE('',*,*,#279,.F.);
#279 = EDGE_CURVE('',#280,#272,#282,.T.);
#280 = VERTEX_POINT('',#281);
#281 = CARTESIAN_POINT('',(164.078828,46.829331960769,8.121605942518E-14
    ));
#282 = LINE('',#283,#284);
#283 = CARTESIAN_POINT('',(164.078828,46.829331960769,8.121605942518E-14
    ));
#284 = VECTOR('',#285,1.);
#285 = DIRECTION('',(1.,0.,0.));
#286 = ORIENTED_EDGE('',*,*,#287,.T.);
#287 = EDGE_CURVE('',#280,#288,#290,.T.);
#288 = VERTEX_POINT('',#289);
#289 = CARTESIAN_POINT('',(164.078828,31.839495,0.));
#290 = LINE('',#291,#292);
#291 = CARTESIAN_POINT('',(164.078828,92.649331960769,0.));
#292 = VECTOR('',#293,1.);
#293 = DIRECTION('',(0.,-1.,0.));
#294 = ORIENTED_EDGE('',*,*,#295,.T.);
#295 = EDGE_CURVE('',#288,#296,#298,.T.);
#296 = VERTEX_POINT('',#297);
#297 = CARTESIAN_POINT('',(161.17621740157,18.327304,0.));
#298 = LINE('',#299,#300);
#299 = CARTESIAN_POINT('',(164.078828,31.839495,0.));
#300 = VECTOR('',#301,1.);
#301 = DIRECTION('',(-0.21002308307,-0.977696427618,0.));
#302 = ORIENTED_EDGE('',*,*,#303,.T.);
#303 = EDGE_CURVE('',#296,#304,#306,.T.);
#304 = VERTEX_POINT('',#305);
#305 = CARTESIAN_POINT('',(169.35864439882,-1.512240881053,0.));
#306 = LINE('',#307,#308);
#307 = CARTESIAN_POINT('',(161.17621740157,18.327304,0.));
#308 = VECTOR('',#309,1.);
#309 = DIRECTION('',(0.381275759458,-0.924461354114,0.));
#310 = ORIENTED_EDGE('',*,*,#311,.T.);
#311 = EDGE_CURVE('',#304,#312,#314,.T.);
#312 = VERTEX_POINT('',#313);
#313 = CARTESIAN_POINT('',(176.60669158231,-4.527424100211,0.));
#314 = CIRCLE('',#315,5.550925056153);
#315 = AXIS2_PLACEMENT_3D('',#316,#317,#318);
#316 = CARTESIAN_POINT('',(174.49026009282,0.604192285424,0.));
#317 = DIRECTION('',(0.,0.,1.));
#318 = DIRECTION('',(1.,0.,0.));
#319 = ORIENTED_EDGE('',*,*,#320,.F.);
#320 = EDGE_CURVE('',#321,#312,#323,.T.);
#321 = VERTEX_POINT('',#322);
#322 = CARTESIAN_POINT('',(230.49757999999,5.636842999999,0.));
#323 = CIRCLE('',#324,113.15918545093);
#324 = AXIS2_PLACEMENT_3D('',#325,#326,#327);
#325 = CARTESIAN_POINT('',(223.90005580865,-107.3298508812,0.));
#326 = DIRECTION('',(0.,0.,1.));
#327 = DIRECTION('',(1.,0.,0.));
#328 = ORIENTED_EDGE('',*,*,#329,.F.);
#329 = EDGE_CURVE('',#330,#321,#332,.T.);
#330 = VERTEX_POINT('',#331);
#331 = CARTESIAN_POINT('',(247.116342,10.399343,0.));
#332 = LINE('',#333,#334);
#333 = CARTESIAN_POINT('',(247.116342,10.399343,0.));
#334 = VECTOR('',#335,1.);
#335 = DIRECTION('',(-0.961305415201,-0.275484842968,0.));
#336 = ORIENTED_EDGE('',*,*,#337,.F.);
#337 = EDGE_CURVE('',#338,#330,#340,.T.);
#338 = VERTEX_POINT('',#339);
#339 = CARTESIAN_POINT('',(304.31633196076,10.399343,0.));
#340 = LINE('',#341,#342);
#341 = CARTESIAN_POINT('',(304.31633196076,10.399343,0.));
#342 = VECTOR('',#343,1.);
#343 = DIRECTION('',(-1.,0.,0.));
#344 = ORIENTED_EDGE('',*,*,#345,.T.);
#345 = EDGE_CURVE('',#338,#346,#348,.T.);
#346 = VERTEX_POINT('',#347);
#347 = CARTESIAN_POINT('',(310.31633,16.399343,0.));
#348 = CIRCLE('',#349,6.);
#349 = AXIS2_PLACEMENT_3D('',#350,#351,#352);
#350 = CARTESIAN_POINT('',(304.31633,16.399343,0.));
#351 = DIRECTION('',(0.,0.,1.));
#352 = DIRECTION('',(1.,0.,0.));
#353 = ORIENTED_EDGE('',*,*,#354,.F.);
#354 = EDGE_CURVE('',#355,#346,#357,.T.);
#355 = VERTEX_POINT('',#356);
#356 = CARTESIAN_POINT('',(310.31633,92.64933,0.));
#357 = LINE('',#358,#359);
#358 = CARTESIAN_POINT('',(310.31633,92.64933,0.));
#359 = VECTOR('',#360,1.);
#360 = DIRECTION('',(0.,-1.,0.));
#361 = ORIENTED_EDGE('',*,*,#362,.T.);
#362 = EDGE_CURVE('',#355,#24,#363,.T.);
#363 = CIRCLE('',#364,6.);
#364 = AXIS2_PLACEMENT_3D('',#365,#366,#367);
#365 = CARTESIAN_POINT('',(304.31633,92.64933,0.));
#366 = DIRECTION('',(0.,0.,1.));
#367 = DIRECTION('',(1.,0.,0.));
#368 = FACE_BOUND('',#369,.F.);
#369 = EDGE_LOOP('',(#370));
#370 = ORIENTED_EDGE('',*,*,#371,.F.);
#371 = EDGE_CURVE('',#372,#372,#374,.T.);
#372 = VERTEX_POINT('',#373);
#373 = CARTESIAN_POINT('',(174.53798853536,-2.16569404038,0.));
#374 = CIRCLE('',#375,1.2);
#375 = AXIS2_PLACEMENT_3D('',#376,#377,#378);
#376 = CARTESIAN_POINT('',(173.33798853536,-2.16569404038,0.));
#377 = DIRECTION('',(0.,0.,1.));
#378 = DIRECTION('',(1.,0.,0.));
#379 = FACE_BOUND('',#380,.F.);
#380 = EDGE_LOOP('',(#381));
#381 = ORIENTED_EDGE('',*,*,#382,.F.);
#382 = EDGE_CURVE('',#383,#383,#385,.T.);
#383 = VERTEX_POINT('',#384);
#384 = CARTESIAN_POINT('',(307.63765069017,14.278023003059,0.));
#385 = CIRCLE('',#386,1.2);
#386 = AXIS2_PLACEMENT_3D('',#387,#388,#389);
#387 = CARTESIAN_POINT('',(306.43765069017,14.278023003059,0.));
#388 = DIRECTION('',(0.,0.,1.));
#389 = DIRECTION('',(1.,0.,0.));
#390 = FACE_BOUND('',#391,.F.);
#391 = EDGE_LOOP('',(#392));
#392 = ORIENTED_EDGE('',*,*,#393,.F.);
#393 = EDGE_CURVE('',#394,#394,#396,.T.);
#394 = VERTEX_POINT('',#395);
#395 = CARTESIAN_POINT('',(169.15750869629,94.770651383414,0.));
#396 = CIRCLE('',#397,1.2);
#397 = AXIS2_PLACEMENT_3D('',#398,#399,#400);
#398 = CARTESIAN_POINT('',(167.95750869629,94.770651383414,0.));
#399 = DIRECTION('',(0.,0.,1.));
#400 = DIRECTION('',(1.,0.,0.));
#401 = FACE_BOUND('',#402,.F.);
#402 = EDGE_LOOP('',(#403));
#403 = ORIENTED_EDGE('',*,*,#404,.F.);
#404 = EDGE_CURVE('',#405,#405,#407,.T.);
#405 = VERTEX_POINT('',#406);
#406 = CARTESIAN_POINT('',(307.63765069017,94.770649996941,0.));
#407 = CIRCLE('',#408,1.2);
#408 = AXIS2_PLACEMENT_3D('',#409,#410,#411);
#409 = CARTESIAN_POINT('',(306.43765069017,94.770649996941,0.));
#410 = DIRECTION('',(0.,0.,1.));
#411 = DIRECTION('',(1.,0.,0.));
#412 = PLANE('',#413);
#413 = AXIS2_PLACEMENT_3D('',#414,#415,#416);
#414 = CARTESIAN_POINT('',(236.8178736575,53.748757498177,0.));
#415 = DIRECTION('',(0.,0.,1.));
#416 = DIRECTION('',(1.,0.,0.));
#417 = ADVANCED_FACE('',(#418),#437,.T.);
#418 = FACE_BOUND('',#419,.F.);
#419 = EDGE_LOOP('',(#420,#428,#435,#436));
#420 = ORIENTED_EDGE('',*,*,#421,.T.);
#421 = EDGE_CURVE('',#355,#422,#424,.T.);
#422 = VERTEX_POINT('',#423);
#423 = CARTESIAN_POINT('',(310.31633,92.64933,7.));
#424 = LINE('',#425,#426);
#425 = CARTESIAN_POINT('',(310.31633,92.64933,0.));
#426 = VECTOR('',#427,1.);
#427 = DIRECTION('',(0.,0.,1.));
#428 = ORIENTED_EDGE('',*,*,#429,.T.);
#429 = EDGE_CURVE('',#422,#74,#430,.T.);
#430 = CIRCLE('',#431,6.);
#431 = AXIS2_PLACEMENT_3D('',#432,#433,#434);
#432 = CARTESIAN_POINT('',(304.31633,92.64933,7.));
#433 = DIRECTION('',(0.,0.,1.));
#434 = DIRECTION('',(1.,0.,0.));
#435 = ORIENTED_EDGE('',*,*,#81,.F.);
#436 = ORIENTED_EDGE('',*,*,#362,.F.);
#437 = CYLINDRICAL_SURFACE('',#438,6.);
#438 = AXIS2_PLACEMENT_3D('',#439,#440,#441);
#439 = CARTESIAN_POINT('',(304.31633,92.64933,0.));
#440 = DIRECTION('',(-0.,-0.,-1.));
#441 = DIRECTION('',(1.,0.,0.));
#442 = ADVANCED_FACE('',(#443,#584,#634,#668,#679,#713,#747,#781,#792,
    #826,#860,#910,#944,#978,#1012,#1046,#1057,#1091,#1125,#1159,#1170,
    #1204,#1238,#1272,#1322,#1333,#1367,#1401,#1435,#1469,#1503,#1537,
    #1571,#1605,#1616,#1650),#1700,.T.);
#443 = FACE_BOUND('',#444,.T.);
#444 = EDGE_LOOP('',(#445,#446,#455,#463,#471,#479,#488,#497,#505,#513,
    #522,#528,#529,#530,#538,#546,#554,#562,#570,#578));
#445 = ORIENTED_EDGE('',*,*,#39,.F.);
#446 = ORIENTED_EDGE('',*,*,#447,.T.);
#447 = EDGE_CURVE('',#32,#448,#450,.T.);
#448 = VERTEX_POINT('',#449);
#449 = CARTESIAN_POINT('',(164.078828,92.649331960769,7.));
#450 = CIRCLE('',#451,6.);
#451 = AXIS2_PLACEMENT_3D('',#452,#453,#454);
#452 = CARTESIAN_POINT('',(170.078828,92.64933,7.));
#453 = DIRECTION('',(0.,0.,1.));
#454 = DIRECTION('',(1.,0.,0.));
#455 = ORIENTED_EDGE('',*,*,#456,.T.);
#456 = EDGE_CURVE('',#448,#457,#459,.T.);
#457 = VERTEX_POINT('',#458);
#458 = CARTESIAN_POINT('',(164.078828,31.839495,7.));
#459 = LINE('',#460,#461);
#460 = CARTESIAN_POINT('',(164.078828,92.649331960769,7.));
#461 = VECTOR('',#462,1.);
#462 = DIRECTION('',(0.,-1.,0.));
#463 = ORIENTED_EDGE('',*,*,#464,.T.);
#464 = EDGE_CURVE('',#457,#465,#467,.T.);
#465 = VERTEX_POINT('',#466);
#466 = CARTESIAN_POINT('',(161.17621740157,18.327304,7.));
#467 = LINE('',#468,#469);
#468 = CARTESIAN_POINT('',(164.078828,31.839495,7.));
#469 = VECTOR('',#470,1.);
#470 = DIRECTION('',(-0.21002308307,-0.977696427618,0.));
#471 = ORIENTED_EDGE('',*,*,#472,.T.);
#472 = EDGE_CURVE('',#465,#473,#475,.T.);
#473 = VERTEX_POINT('',#474);
#474 = CARTESIAN_POINT('',(169.35864439882,-1.512240881053,7.));
#475 = LINE('',#476,#477);
#476 = CARTESIAN_POINT('',(161.17621740157,18.327304,7.));
#477 = VECTOR('',#478,1.);
#478 = DIRECTION('',(0.381275759458,-0.924461354114,0.));
#479 = ORIENTED_EDGE('',*,*,#480,.T.);
#480 = EDGE_CURVE('',#473,#481,#483,.T.);
#481 = VERTEX_POINT('',#482);
#482 = CARTESIAN_POINT('',(176.60669158231,-4.527424100211,7.));
#483 = CIRCLE('',#484,5.550925056153);
#484 = AXIS2_PLACEMENT_3D('',#485,#486,#487);
#485 = CARTESIAN_POINT('',(174.49026009282,0.604192285424,7.));
#486 = DIRECTION('',(0.,0.,1.));
#487 = DIRECTION('',(1.,0.,0.));
#488 = ORIENTED_EDGE('',*,*,#489,.F.);
#489 = EDGE_CURVE('',#490,#481,#492,.T.);
#490 = VERTEX_POINT('',#491);
#491 = CARTESIAN_POINT('',(230.49757999999,5.636842999999,7.));
#492 = CIRCLE('',#493,113.15918545093);
#493 = AXIS2_PLACEMENT_3D('',#494,#495,#496);
#494 = CARTESIAN_POINT('',(223.90005580865,-107.3298508812,7.));
#495 = DIRECTION('',(0.,0.,1.));
#496 = DIRECTION('',(1.,0.,0.));
#497 = ORIENTED_EDGE('',*,*,#498,.F.);
#498 = EDGE_CURVE('',#499,#490,#501,.T.);
#499 = VERTEX_POINT('',#500);
#500 = CARTESIAN_POINT('',(247.116342,10.399343,7.));
#501 = LINE('',#502,#503);
#502 = CARTESIAN_POINT('',(247.116342,10.399343,7.));
#503 = VECTOR('',#504,1.);
#504 = DIRECTION('',(-0.961305415201,-0.275484842968,0.));
#505 = ORIENTED_EDGE('',*,*,#506,.F.);
#506 = EDGE_CURVE('',#507,#499,#509,.T.);
#507 = VERTEX_POINT('',#508);
#508 = CARTESIAN_POINT('',(304.31633196076,10.399343,7.));
#509 = LINE('',#510,#511);
#510 = CARTESIAN_POINT('',(304.31633196076,10.399343,7.));
#511 = VECTOR('',#512,1.);
#512 = DIRECTION('',(-1.,0.,0.));
#513 = ORIENTED_EDGE('',*,*,#514,.T.);
#514 = EDGE_CURVE('',#507,#515,#517,.T.);
#515 = VERTEX_POINT('',#516);
#516 = CARTESIAN_POINT('',(310.31633,16.399343,7.));
#517 = CIRCLE('',#518,6.);
#518 = AXIS2_PLACEMENT_3D('',#519,#520,#521);
#519 = CARTESIAN_POINT('',(304.31633,16.399343,7.));
#520 = DIRECTION('',(0.,0.,1.));
#521 = DIRECTION('',(1.,0.,0.));
#522 = ORIENTED_EDGE('',*,*,#523,.F.);
#523 = EDGE_CURVE('',#422,#515,#524,.T.);
#524 = LINE('',#525,#526);
#525 = CARTESIAN_POINT('',(310.31633,92.64933,7.));
#526 = VECTOR('',#527,1.);
#527 = DIRECTION('',(0.,-1.,0.));
#528 = ORIENTED_EDGE('',*,*,#429,.T.);
#529 = ORIENTED_EDGE('',*,*,#73,.F.);
#530 = ORIENTED_EDGE('',*,*,#531,.T.);
#531 = EDGE_CURVE('',#65,#532,#534,.T.);
#532 = VERTEX_POINT('',#533);
#533 = CARTESIAN_POINT('',(186.522585,92.64933,7.));
#534 = LINE('',#535,#536);
#535 = CARTESIAN_POINT('',(186.522585,98.64933,7.));
#536 = VECTOR('',#537,1.);
#537 = DIRECTION('',(0.,-1.,2.2E-16));
#538 = ORIENTED_EDGE('',*,*,#539,.F.);
#539 = EDGE_CURVE('',#540,#532,#542,.T.);
#540 = VERTEX_POINT('',#541);
#541 = CARTESIAN_POINT('',(189.966342,92.64933,7.));
#542 = LINE('',#543,#544);
#543 = CARTESIAN_POINT('',(189.966342,92.64933,7.));
#544 = VECTOR('',#545,1.);
#545 = DIRECTION('',(-1.,0.,0.));
#546 = ORIENTED_EDGE('',*,*,#547,.F.);
#547 = EDGE_CURVE('',#548,#540,#550,.T.);
#548 = VERTEX_POINT('',#549);
#549 = CARTESIAN_POINT('',(189.966342,56.93058,7.));
#550 = LINE('',#551,#552);
#551 = CARTESIAN_POINT('',(189.966342,56.93058,7.));
#552 = VECTOR('',#553,1.);
#553 = DIRECTION('',(0.,1.,0.));
#554 = ORIENTED_EDGE('',*,*,#555,.F.);
#555 = EDGE_CURVE('',#556,#548,#558,.T.);
#556 = VERTEX_POINT('',#557);
#557 = CARTESIAN_POINT('',(170.078828,56.93058,7.));
#558 = LINE('',#559,#560);
#559 = CARTESIAN_POINT('',(170.078828,56.93058,7.));
#560 = VECTOR('',#561,1.);
#561 = DIRECTION('',(1.,0.,0.));
#562 = ORIENTED_EDGE('',*,*,#563,.F.);
#563 = EDGE_CURVE('',#564,#556,#566,.T.);
#564 = VERTEX_POINT('',#565);
#565 = CARTESIAN_POINT('',(170.078828,92.64933,7.));
#566 = LINE('',#567,#568);
#567 = CARTESIAN_POINT('',(170.078828,92.64933,7.));
#568 = VECTOR('',#569,1.);
#569 = DIRECTION('',(0.,-1.,0.));
#570 = ORIENTED_EDGE('',*,*,#571,.F.);
#571 = EDGE_CURVE('',#572,#564,#574,.T.);
#572 = VERTEX_POINT('',#573);
#573 = CARTESIAN_POINT('',(173.522585,92.64933,7.));
#574 = LINE('',#575,#576);
#575 = CARTESIAN_POINT('',(189.966342,92.64933,7.));
#576 = VECTOR('',#577,1.);
#577 = DIRECTION('',(-1.,0.,0.));
#578 = ORIENTED_EDGE('',*,*,#579,.F.);
#579 = EDGE_CURVE('',#40,#572,#580,.T.);
#580 = LINE('',#581,#582);
#581 = CARTESIAN_POINT('',(173.522585,98.64933,7.));
#582 = VECTOR('',#583,1.);
#583 = DIRECTION('',(0.,-1.,2.2E-16));
#584 = FACE_BOUND('',#585,.T.);
#585 = EDGE_LOOP('',(#586,#596,#604,#612,#620,#628));
#586 = ORIENTED_EDGE('',*,*,#587,.F.);
#587 = EDGE_CURVE('',#588,#590,#592,.T.);
#588 = VERTEX_POINT('',#589);
#589 = CARTESIAN_POINT('',(175.73855668439,-3.164329390176,7.));
#590 = VERTEX_POINT('',#591);
#591 = CARTESIAN_POINT('',(175.40311619192,-0.586058714701,7.));
#592 = LINE('',#593,#594);
#593 = CARTESIAN_POINT('',(175.73855668439,-3.164329390176,7.));
#594 = VECTOR('',#595,1.);
#595 = DIRECTION('',(-0.129015574028,0.99164256749,0.));
#596 = ORIENTED_EDGE('',*,*,#597,.F.);
#597 = EDGE_CURVE('',#598,#588,#600,.T.);
#598 = VERTEX_POINT('',#599);
#599 = CARTESIAN_POINT('',(173.67342902784,-4.743964715854,7.));
#600 = LINE('',#601,#602);
#601 = CARTESIAN_POINT('',(173.67342902784,-4.743964715854,7.));
#602 = VECTOR('',#603,1.);
#603 = DIRECTION('',(0.794279867906,0.607552048338,0.));
#604 = ORIENTED_EDGE('',*,*,#605,.F.);
#605 = EDGE_CURVE('',#606,#598,#608,.T.);
#606 = VERTEX_POINT('',#607);
#607 = CARTESIAN_POINT('',(171.27286087881,-3.745329366057,7.));
#608 = LINE('',#609,#610);
#609 = CARTESIAN_POINT('',(171.27286087881,-3.745329366057,7.));
#610 = VECTOR('',#611,1.);
#611 = DIRECTION('',(0.923295441935,-0.384090519152,0.));
#612 = ORIENTED_EDGE('',*,*,#613,.F.);
#613 = EDGE_CURVE('',#614,#606,#616,.T.);
#614 = VERTEX_POINT('',#615);
#615 = CARTESIAN_POINT('',(170.93742038633,-1.167058690583,7.));
#616 = LINE('',#617,#618);
#617 = CARTESIAN_POINT('',(170.93742038633,-1.167058690583,7.));
#618 = VECTOR('',#619,1.);
#619 = DIRECTION('',(0.129015574029,-0.99164256749,0.));
#620 = ORIENTED_EDGE('',*,*,#621,.F.);
#621 = EDGE_CURVE('',#622,#614,#624,.T.);
#622 = VERTEX_POINT('',#623);
#623 = CARTESIAN_POINT('',(173.00254804289,0.412576635096,7.));
#624 = LINE('',#625,#626);
#625 = CARTESIAN_POINT('',(173.00254804289,0.412576635096,7.));
#626 = VECTOR('',#627,1.);
#627 = DIRECTION('',(-0.794279867906,-0.607552048338,0.));
#628 = ORIENTED_EDGE('',*,*,#629,.F.);
#629 = EDGE_CURVE('',#590,#622,#630,.T.);
#630 = LINE('',#631,#632);
#631 = CARTESIAN_POINT('',(175.40311619192,-0.586058714701,7.));
#632 = VECTOR('',#633,1.);
#633 = DIRECTION('',(-0.923295441935,0.384090519152,0.));
#634 = FACE_BOUND('',#635,.T.);
#635 = EDGE_LOOP('',(#636,#646,#654,#662));
#636 = ORIENTED_EDGE('',*,*,#637,.T.);
#637 = EDGE_CURVE('',#638,#640,#642,.T.);
#638 = VERTEX_POINT('',#639);
#639 = CARTESIAN_POINT('',(183.60124972455,22.429279100341,7.));
#640 = VERTEX_POINT('',#641);
#641 = CARTESIAN_POINT('',(189.03129426272,9.254404209387,7.));
#642 = LINE('',#643,#644);
#643 = CARTESIAN_POINT('',(183.60124972455,22.429279100341,7.));
#644 = VECTOR('',#645,1.);
#645 = DIRECTION('',(0.381055558077,-0.924552141125,0.));
#646 = ORIENTED_EDGE('',*,*,#647,.T.);
#647 = EDGE_CURVE('',#640,#648,#650,.T.);
#648 = VERTEX_POINT('',#649);
#649 = CARTESIAN_POINT('',(175.85641916254,3.824384850935,7.));
#650 = LINE('',#651,#652);
#651 = CARTESIAN_POINT('',(189.03129426272,9.254404209387,7.));
#652 = VECTOR('',#653,1.);
#653 = DIRECTION('',(-0.924552765779,-0.38105404248,0.));
#654 = ORIENTED_EDGE('',*,*,#655,.T.);
#655 = EDGE_CURVE('',#648,#656,#658,.T.);
#656 = VERTEX_POINT('',#657);
#657 = CARTESIAN_POINT('',(170.4263960749,16.999268999251,7.));
#658 = LINE('',#659,#660);
#659 = CARTESIAN_POINT('',(175.85641916254,3.824384850935,7.));
#660 = VECTOR('',#661,1.);
#661 = DIRECTION('',(-0.38105404248,0.924552765779,0.));
#662 = ORIENTED_EDGE('',*,*,#663,.T.);
#663 = EDGE_CURVE('',#656,#638,#664,.T.);
#664 = LINE('',#665,#666);
#665 = CARTESIAN_POINT('',(170.4263960749,16.999268999251,7.));
#666 = VECTOR('',#667,1.);
#667 = DIRECTION('',(0.924552776077,0.381054017494,0.));
#668 = FACE_BOUND('',#669,.T.);
#669 = EDGE_LOOP('',(#670));
#670 = ORIENTED_EDGE('',*,*,#671,.F.);
#671 = EDGE_CURVE('',#672,#672,#674,.T.);
#672 = VERTEX_POINT('',#673);
#673 = CARTESIAN_POINT('',(190.81,17.24,7.));
#674 = CIRCLE('',#675,1.2);
#675 = AXIS2_PLACEMENT_3D('',#676,#677,#678);
#676 = CARTESIAN_POINT('',(189.61,17.24,7.));
#677 = DIRECTION('',(0.,0.,1.));
#678 = DIRECTION('',(1.,0.,0.));
#679 = FACE_BOUND('',#680,.T.);
#680 = EDGE_LOOP('',(#681,#691,#699,#707));
#681 = ORIENTED_EDGE('',*,*,#682,.T.);
#682 = EDGE_CURVE('',#683,#685,#687,.T.);
#683 = VERTEX_POINT('',#684);
#684 = CARTESIAN_POINT('',(191.72478299416,24.879587130669,7.));
#685 = VERTEX_POINT('',#686);
#686 = CARTESIAN_POINT('',(205.73158592485,27.500897105593,7.));
#687 = LINE('',#688,#689);
#688 = CARTESIAN_POINT('',(191.72478299416,24.879587130669,7.));
#689 = VECTOR('',#690,1.);
#690 = DIRECTION('',(0.98293524693,0.18395189682,0.));
#691 = ORIENTED_EDGE('',*,*,#692,.T.);
#692 = EDGE_CURVE('',#685,#693,#695,.T.);
#693 = VERTEX_POINT('',#694);
#694 = CARTESIAN_POINT('',(208.35290068379,13.494068611817,7.));
#695 = LINE('',#696,#697);
#696 = CARTESIAN_POINT('',(205.73158592485,27.500897105593,7.));
#697 = VECTOR('',#698,1.);
#698 = DIRECTION('',(0.18395189682,-0.98293524693,0.));
#699 = ORIENTED_EDGE('',*,*,#700,.T.);
#700 = EDGE_CURVE('',#693,#701,#703,.T.);
#701 = VERTEX_POINT('',#702);
#702 = CARTESIAN_POINT('',(194.34606779727,10.87277829677,7.));
#703 = LINE('',#704,#705);
#704 = CARTESIAN_POINT('',(208.35290068379,13.494068611817,7.));
#705 = VECTOR('',#706,1.);
#706 = DIRECTION('',(-0.982935567518,-0.183950183766,0.));
#707 = ORIENTED_EDGE('',*,*,#708,.T.);
#708 = EDGE_CURVE('',#701,#683,#709,.T.);
#709 = LINE('',#710,#711);
#710 = CARTESIAN_POINT('',(194.34606779727,10.87277829677,7.));
#711 = VECTOR('',#712,1.);
#712 = DIRECTION('',(-0.183950115244,0.982935580342,0.));
#713 = FACE_BOUND('',#714,.T.);
#714 = EDGE_LOOP('',(#715,#725,#733,#741));
#715 = ORIENTED_EDGE('',*,*,#716,.F.);
#716 = EDGE_CURVE('',#717,#719,#721,.T.);
#717 = VERTEX_POINT('',#718);
#718 = CARTESIAN_POINT('',(172.741332,46.761842,7.));
#719 = VERTEX_POINT('',#720);
#720 = CARTESIAN_POINT('',(172.741332,31.711834,7.));
#721 = LINE('',#722,#723);
#722 = CARTESIAN_POINT('',(172.741332,46.761842,7.));
#723 = VECTOR('',#724,1.);
#724 = DIRECTION('',(0.,-1.,0.));
#725 = ORIENTED_EDGE('',*,*,#726,.F.);
#726 = EDGE_CURVE('',#727,#717,#729,.T.);
#727 = VERTEX_POINT('',#728);
#728 = CARTESIAN_POINT('',(188.591339,46.761842,7.));
#729 = LINE('',#730,#731);
#730 = CARTESIAN_POINT('',(188.591339,46.761842,7.));
#731 = VECTOR('',#732,1.);
#732 = DIRECTION('',(-1.,0.,0.));
#733 = ORIENTED_EDGE('',*,*,#734,.F.);
#734 = EDGE_CURVE('',#735,#727,#737,.T.);
#735 = VERTEX_POINT('',#736);
#736 = CARTESIAN_POINT('',(188.591339,31.711834,7.));
#737 = LINE('',#738,#739);
#738 = CARTESIAN_POINT('',(188.591339,31.711834,7.));
#739 = VECTOR('',#740,1.);
#740 = DIRECTION('',(0.,1.,0.));
#741 = ORIENTED_EDGE('',*,*,#742,.F.);
#742 = EDGE_CURVE('',#719,#735,#743,.T.);
#743 = LINE('',#744,#745);
#744 = CARTESIAN_POINT('',(172.741332,31.711834,7.));
#745 = VECTOR('',#746,1.);
#746 = DIRECTION('',(1.,0.,0.));
#747 = FACE_BOUND('',#748,.T.);
#748 = EDGE_LOOP('',(#749,#759,#767,#775));
#749 = ORIENTED_EDGE('',*,*,#750,.F.);
#750 = EDGE_CURVE('',#751,#753,#755,.T.);
#751 = VERTEX_POINT('',#752);
#752 = CARTESIAN_POINT('',(192.391331,52.124341,7.));
#753 = VERTEX_POINT('',#754);
#754 = CARTESIAN_POINT('',(192.391331,37.874331,7.));
#755 = LINE('',#756,#757);
#756 = CARTESIAN_POINT('',(192.391331,52.124341,7.));
#757 = VECTOR('',#758,1.);
#758 = DIRECTION('',(0.,-1.,0.));
#759 = ORIENTED_EDGE('',*,*,#760,.F.);
#760 = EDGE_CURVE('',#761,#751,#763,.T.);
#761 = VERTEX_POINT('',#762);
#762 = CARTESIAN_POINT('',(206.641341,52.124341,7.));
#763 = LINE('',#764,#765);
#764 = CARTESIAN_POINT('',(206.641341,52.124341,7.));
#765 = VECTOR('',#766,1.);
#766 = DIRECTION('',(-1.,0.,0.));
#767 = ORIENTED_EDGE('',*,*,#768,.F.);
#768 = EDGE_CURVE('',#769,#761,#771,.T.);
#769 = VERTEX_POINT('',#770);
#770 = CARTESIAN_POINT('',(206.641341,37.874331,7.));
#771 = LINE('',#772,#773);
#772 = CARTESIAN_POINT('',(206.641341,37.874331,7.));
#773 = VECTOR('',#774,1.);
#774 = DIRECTION('',(0.,1.,0.));
#775 = ORIENTED_EDGE('',*,*,#776,.F.);
#776 = EDGE_CURVE('',#753,#769,#777,.T.);
#777 = LINE('',#778,#779);
#778 = CARTESIAN_POINT('',(192.391331,37.874331,7.));
#779 = VECTOR('',#780,1.);
#780 = DIRECTION('',(1.,0.,0.));
#781 = FACE_BOUND('',#782,.T.);
#782 = EDGE_LOOP('',(#783));
#783 = ORIENTED_EDGE('',*,*,#784,.F.);
#784 = EDGE_CURVE('',#785,#785,#787,.T.);
#785 = VERTEX_POINT('',#786);
#786 = CARTESIAN_POINT('',(210.31,32.74,7.));
#787 = CIRCLE('',#788,1.2);
#788 = AXIS2_PLACEMENT_3D('',#789,#790,#791);
#789 = CARTESIAN_POINT('',(209.11,32.74,7.));
#790 = DIRECTION('',(0.,0.,1.));
#791 = DIRECTION('',(1.,0.,0.));
#792 = FACE_BOUND('',#793,.T.);
#793 = EDGE_LOOP('',(#794,#804,#812,#820));
#794 = ORIENTED_EDGE('',*,*,#795,.F.);
#795 = EDGE_CURVE('',#796,#798,#800,.T.);
#796 = VERTEX_POINT('',#797);
#797 = CARTESIAN_POINT('',(213.822581,28.311841,7.));
#798 = VERTEX_POINT('',#799);
#799 = CARTESIAN_POINT('',(213.822581,14.061831,7.));
#800 = LINE('',#801,#802);
#801 = CARTESIAN_POINT('',(213.822581,28.311841,7.));
#802 = VECTOR('',#803,1.);
#803 = DIRECTION('',(0.,-1.,0.));
#804 = ORIENTED_EDGE('',*,*,#805,.F.);
#805 = EDGE_CURVE('',#806,#796,#808,.T.);
#806 = VERTEX_POINT('',#807);
#807 = CARTESIAN_POINT('',(228.072591,28.311841,7.));
#808 = LINE('',#809,#810);
#809 = CARTESIAN_POINT('',(228.072591,28.311841,7.));
#810 = VECTOR('',#811,1.);
#811 = DIRECTION('',(-1.,0.,0.));
#812 = ORIENTED_EDGE('',*,*,#813,.F.);
#813 = EDGE_CURVE('',#814,#806,#816,.T.);
#814 = VERTEX_POINT('',#815);
#815 = CARTESIAN_POINT('',(228.072591,14.061831,7.));
#816 = LINE('',#817,#818);
#817 = CARTESIAN_POINT('',(228.072591,14.061831,7.));
#818 = VECTOR('',#819,1.);
#819 = DIRECTION('',(0.,1.,0.));
#820 = ORIENTED_EDGE('',*,*,#821,.F.);
#821 = EDGE_CURVE('',#798,#814,#822,.T.);
#822 = LINE('',#823,#824);
#823 = CARTESIAN_POINT('',(213.822581,14.061831,7.));
#824 = VECTOR('',#825,1.);
#825 = DIRECTION('',(1.,0.,0.));
#826 = FACE_BOUND('',#827,.T.);
#827 = EDGE_LOOP('',(#828,#838,#846,#854));
#828 = ORIENTED_EDGE('',*,*,#829,.F.);
#829 = EDGE_CURVE('',#830,#832,#834,.T.);
#830 = VERTEX_POINT('',#831);
#831 = CARTESIAN_POINT('',(211.441331,52.124341,7.));
#832 = VERTEX_POINT('',#833);
#833 = CARTESIAN_POINT('',(211.441331,37.874331,7.));
#834 = LINE('',#835,#836);
#835 = CARTESIAN_POINT('',(211.441331,52.124341,7.));
#836 = VECTOR('',#837,1.);
#837 = DIRECTION('',(0.,-1.,0.));
#838 = ORIENTED_EDGE('',*,*,#839,.F.);
#839 = EDGE_CURVE('',#840,#830,#842,.T.);
#840 = VERTEX_POINT('',#841);
#841 = CARTESIAN_POINT('',(225.691341,52.124341,7.));
#842 = LINE('',#843,#844);
#843 = CARTESIAN_POINT('',(225.691341,52.124341,7.));
#844 = VECTOR('',#845,1.);
#845 = DIRECTION('',(-1.,0.,0.));
#846 = ORIENTED_EDGE('',*,*,#847,.F.);
#847 = EDGE_CURVE('',#848,#840,#850,.T.);
#848 = VERTEX_POINT('',#849);
#849 = CARTESIAN_POINT('',(225.691341,37.874331,7.));
#850 = LINE('',#851,#852);
#851 = CARTESIAN_POINT('',(225.691341,37.874331,7.));
#852 = VECTOR('',#853,1.);
#853 = DIRECTION('',(0.,1.,0.));
#854 = ORIENTED_EDGE('',*,*,#855,.F.);
#855 = EDGE_CURVE('',#832,#848,#856,.T.);
#856 = LINE('',#857,#858);
#857 = CARTESIAN_POINT('',(211.441331,37.874331,7.));
#858 = VECTOR('',#859,1.);
#859 = DIRECTION('',(1.,0.,0.));
#860 = FACE_BOUND('',#861,.T.);
#861 = EDGE_LOOP('',(#862,#872,#880,#888,#896,#904));
#862 = ORIENTED_EDGE('',*,*,#863,.F.);
#863 = EDGE_CURVE('',#864,#866,#868,.T.);
#864 = VERTEX_POINT('',#865);
#865 = CARTESIAN_POINT('',(308.94905794848,13.60509389615,7.));
#866 = VERTEX_POINT('',#867);
#867 = CARTESIAN_POINT('',(308.27612802086,16.116500934546,7.));
#868 = LINE('',#869,#870);
#869 = CARTESIAN_POINT('',(308.94905794848,13.60509389615,7.));
#870 = VECTOR('',#871,1.);
#871 = DIRECTION('',(-0.258819202932,0.965925783999,0.));
#872 = ORIENTED_EDGE('',*,*,#873,.F.);
#873 = EDGE_CURVE('',#874,#864,#876,.T.);
#874 = VERTEX_POINT('',#875);
#875 = CARTESIAN_POINT('',(307.1105806178,11.766615964662,7.));
#876 = LINE('',#877,#878);
#877 = CARTESIAN_POINT('',(307.1105806178,11.766615964662,7.));
#878 = VECTOR('',#879,1.);
#879 = DIRECTION('',(0.707106665647,0.707106896726,0.));
#880 = ORIENTED_EDGE('',*,*,#881,.F.);
#881 = EDGE_CURVE('',#882,#874,#884,.T.);
#882 = VERTEX_POINT('',#883);
#883 = CARTESIAN_POINT('',(304.59917335949,12.439545071571,7.));
#884 = LINE('',#885,#886);
#885 = CARTESIAN_POINT('',(304.59917335949,12.439545071571,7.));
#886 = VECTOR('',#887,1.);
#887 = DIRECTION('',(0.965925868579,-0.258818887273,0.));
#888 = ORIENTED_EDGE('',*,*,#889,.F.);
#889 = EDGE_CURVE('',#890,#882,#892,.T.);
#890 = VERTEX_POINT('',#891);
#891 = CARTESIAN_POINT('',(303.92624343187,14.950952109968,7.));
#892 = LINE('',#893,#894);
#893 = CARTESIAN_POINT('',(303.92624343187,14.950952109968,7.));
#894 = VECTOR('',#895,1.);
#895 = DIRECTION('',(0.258819202932,-0.965925783999,0.));
#896 = ORIENTED_EDGE('',*,*,#897,.F.);
#897 = EDGE_CURVE('',#898,#890,#900,.T.);
#898 = VERTEX_POINT('',#899);
#899 = CARTESIAN_POINT('',(305.76472076255,16.789430041455,7.));
#900 = LINE('',#901,#902);
#901 = CARTESIAN_POINT('',(305.76472076255,16.789430041455,7.));
#902 = VECTOR('',#903,1.);
#903 = DIRECTION('',(-0.707106665647,-0.707106896726,0.));
#904 = ORIENTED_EDGE('',*,*,#905,.F.);
#905 = EDGE_CURVE('',#866,#898,#906,.T.);
#906 = LINE('',#907,#908);
#907 = CARTESIAN_POINT('',(308.27612802086,16.116500934546,7.));
#908 = VECTOR('',#909,1.);
#909 = DIRECTION('',(-0.965925868579,0.258818887273,0.));
#910 = FACE_BOUND('',#911,.T.);
#911 = EDGE_LOOP('',(#912,#922,#930,#938));
#912 = ORIENTED_EDGE('',*,*,#913,.F.);
#913 = EDGE_CURVE('',#914,#916,#918,.T.);
#914 = VERTEX_POINT('',#915);
#915 = CARTESIAN_POINT('',(249.541331,33.074341,7.));
#916 = VERTEX_POINT('',#917);
#917 = CARTESIAN_POINT('',(249.541331,18.824331,7.));
#918 = LINE('',#919,#920);
#919 = CARTESIAN_POINT('',(249.541331,33.074341,7.));
#920 = VECTOR('',#921,1.);
#921 = DIRECTION('',(0.,-1.,0.));
#922 = ORIENTED_EDGE('',*,*,#923,.F.);
#923 = EDGE_CURVE('',#924,#914,#926,.T.);
#924 = VERTEX_POINT('',#925);
#925 = CARTESIAN_POINT('',(263.791341,33.074341,7.));
#926 = LINE('',#927,#928);
#927 = CARTESIAN_POINT('',(263.791341,33.074341,7.));
#928 = VECTOR('',#929,1.);
#929 = DIRECTION('',(-1.,0.,0.));
#930 = ORIENTED_EDGE('',*,*,#931,.F.);
#931 = EDGE_CURVE('',#932,#924,#934,.T.);
#932 = VERTEX_POINT('',#933);
#933 = CARTESIAN_POINT('',(263.791341,18.824331,7.));
#934 = LINE('',#935,#936);
#935 = CARTESIAN_POINT('',(263.791341,18.824331,7.));
#936 = VECTOR('',#937,1.);
#937 = DIRECTION('',(0.,1.,0.));
#938 = ORIENTED_EDGE('',*,*,#939,.F.);
#939 = EDGE_CURVE('',#916,#932,#940,.T.);
#940 = LINE('',#941,#942);
#941 = CARTESIAN_POINT('',(249.541331,18.824331,7.));
#942 = VECTOR('',#943,1.);
#943 = DIRECTION('',(1.,0.,0.));
#944 = FACE_BOUND('',#945,.T.);
#945 = EDGE_LOOP('',(#946,#956,#964,#972));
#946 = ORIENTED_EDGE('',*,*,#947,.F.);
#947 = EDGE_CURVE('',#948,#950,#952,.T.);
#948 = VERTEX_POINT('',#949);
#949 = CARTESIAN_POINT('',(230.491331,52.124341,7.));
#950 = VERTEX_POINT('',#951);
#951 = CARTESIAN_POINT('',(230.491331,37.874331,7.));
#952 = LINE('',#953,#954);
#953 = CARTESIAN_POINT('',(230.491331,52.124341,7.));
#954 = VECTOR('',#955,1.);
#955 = DIRECTION('',(0.,-1.,0.));
#956 = ORIENTED_EDGE('',*,*,#957,.F.);
#957 = EDGE_CURVE('',#958,#948,#960,.T.);
#958 = VERTEX_POINT('',#959);
#959 = CARTESIAN_POINT('',(244.741341,52.124341,7.));
#960 = LINE('',#961,#962);
#961 = CARTESIAN_POINT('',(244.741341,52.124341,7.));
#962 = VECTOR('',#963,1.);
#963 = DIRECTION('',(-1.,0.,0.));
#964 = ORIENTED_EDGE('',*,*,#965,.F.);
#965 = EDGE_CURVE('',#966,#958,#968,.T.);
#966 = VERTEX_POINT('',#967);
#967 = CARTESIAN_POINT('',(244.741341,37.874331,7.));
#968 = LINE('',#969,#970);
#969 = CARTESIAN_POINT('',(244.741341,37.874331,7.));
#970 = VECTOR('',#971,1.);
#971 = DIRECTION('',(0.,1.,0.));
#972 = ORIENTED_EDGE('',*,*,#973,.F.);
#973 = EDGE_CURVE('',#950,#966,#974,.T.);
#974 = LINE('',#975,#976);
#975 = CARTESIAN_POINT('',(230.491331,37.874331,7.));
#976 = VECTOR('',#977,1.);
#977 = DIRECTION('',(1.,0.,0.));
#978 = FACE_BOUND('',#979,.T.);
#979 = EDGE_LOOP('',(#980,#990,#998,#1006));
#980 = ORIENTED_EDGE('',*,*,#981,.F.);
#981 = EDGE_CURVE('',#982,#984,#986,.T.);
#982 = VERTEX_POINT('',#983);
#983 = CARTESIAN_POINT('',(249.541331,52.124341,7.));
#984 = VERTEX_POINT('',#985);
#985 = CARTESIAN_POINT('',(249.541331,37.874331,7.));
#986 = LINE('',#987,#988);
#987 = CARTESIAN_POINT('',(249.541331,52.124341,7.));
#988 = VECTOR('',#989,1.);
#989 = DIRECTION('',(0.,-1.,0.));
#990 = ORIENTED_EDGE('',*,*,#991,.F.);
#991 = EDGE_CURVE('',#992,#982,#994,.T.);
#992 = VERTEX_POINT('',#993);
#993 = CARTESIAN_POINT('',(263.791341,52.124341,7.));
#994 = LINE('',#995,#996);
#995 = CARTESIAN_POINT('',(263.791341,52.124341,7.));
#996 = VECTOR('',#997,1.);
#997 = DIRECTION('',(-1.,0.,0.));
#998 = ORIENTED_EDGE('',*,*,#999,.F.);
#999 = EDGE_CURVE('',#1000,#992,#1002,.T.);
#1000 = VERTEX_POINT('',#1001);
#1001 = CARTESIAN_POINT('',(263.791341,37.874331,7.));
#1002 = LINE('',#1003,#1004);
#1003 = CARTESIAN_POINT('',(263.791341,37.874331,7.));
#1004 = VECTOR('',#1005,1.);
#1005 = DIRECTION('',(0.,1.,0.));
#1006 = ORIENTED_EDGE('',*,*,#1007,.F.);
#1007 = EDGE_CURVE('',#984,#1000,#1008,.T.);
#1008 = LINE('',#1009,#1010);
#1009 = CARTESIAN_POINT('',(249.541331,37.874331,7.));
#1010 = VECTOR('',#1011,1.);
#1011 = DIRECTION('',(1.,0.,0.));
#1012 = FACE_BOUND('',#1013,.T.);
#1013 = EDGE_LOOP('',(#1014,#1024,#1032,#1040));
#1014 = ORIENTED_EDGE('',*,*,#1015,.F.);
#1015 = EDGE_CURVE('',#1016,#1018,#1020,.T.);
#1016 = VERTEX_POINT('',#1017);
#1017 = CARTESIAN_POINT('',(268.591331,33.074341,7.));
#1018 = VERTEX_POINT('',#1019);
#1019 = CARTESIAN_POINT('',(268.591331,18.824331,7.));
#1020 = LINE('',#1021,#1022);
#1021 = CARTESIAN_POINT('',(268.591331,33.074341,7.));
#1022 = VECTOR('',#1023,1.);
#1023 = DIRECTION('',(0.,-1.,0.));
#1024 = ORIENTED_EDGE('',*,*,#1025,.F.);
#1025 = EDGE_CURVE('',#1026,#1016,#1028,.T.);
#1026 = VERTEX_POINT('',#1027);
#1027 = CARTESIAN_POINT('',(282.841341,33.074341,7.));
#1028 = LINE('',#1029,#1030);
#1029 = CARTESIAN_POINT('',(282.841341,33.074341,7.));
#1030 = VECTOR('',#1031,1.);
#1031 = DIRECTION('',(-1.,0.,0.));
#1032 = ORIENTED_EDGE('',*,*,#1033,.F.);
#1033 = EDGE_CURVE('',#1034,#1026,#1036,.T.);
#1034 = VERTEX_POINT('',#1035);
#1035 = CARTESIAN_POINT('',(282.841341,18.824331,7.));
#1036 = LINE('',#1037,#1038);
#1037 = CARTESIAN_POINT('',(282.841341,18.824331,7.));
#1038 = VECTOR('',#1039,1.);
#1039 = DIRECTION('',(0.,1.,0.));
#1040 = ORIENTED_EDGE('',*,*,#1041,.F.);
#1041 = EDGE_CURVE('',#1018,#1034,#1042,.T.);
#1042 = LINE('',#1043,#1044);
#1043 = CARTESIAN_POINT('',(268.591331,18.824331,7.));
#1044 = VECTOR('',#1045,1.);
#1045 = DIRECTION('',(1.,0.,0.));
#1046 = FACE_BOUND('',#1047,.T.);
#1047 = EDGE_LOOP('',(#1048));
#1048 = ORIENTED_EDGE('',*,*,#1049,.F.);
#1049 = EDGE_CURVE('',#1050,#1050,#1052,.T.);
#1050 = VERTEX_POINT('',#1051);
#1051 = CARTESIAN_POINT('',(286.420123,26.54,7.));
#1052 = CIRCLE('',#1053,1.2);
#1053 = AXIS2_PLACEMENT_3D('',#1054,#1055,#1056);
#1054 = CARTESIAN_POINT('',(285.220123,26.54,7.));
#1055 = DIRECTION('',(0.,0.,1.));
#1056 = DIRECTION('',(1.,0.,0.));
#1057 = FACE_BOUND('',#1058,.T.);
#1058 = EDGE_LOOP('',(#1059,#1069,#1077,#1085));
#1059 = ORIENTED_EDGE('',*,*,#1060,.F.);
#1060 = EDGE_CURVE('',#1061,#1063,#1065,.T.);
#1061 = VERTEX_POINT('',#1062);
#1062 = CARTESIAN_POINT('',(287.641331,33.074341,7.));
#1063 = VERTEX_POINT('',#1064);
#1064 = CARTESIAN_POINT('',(287.641331,18.824331,7.));
#1065 = LINE('',#1066,#1067);
#1066 = CARTESIAN_POINT('',(287.641331,33.074341,7.));
#1067 = VECTOR('',#1068,1.);
#1068 = DIRECTION('',(0.,-1.,0.));
#1069 = ORIENTED_EDGE('',*,*,#1070,.F.);
#1070 = EDGE_CURVE('',#1071,#1061,#1073,.T.);
#1071 = VERTEX_POINT('',#1072);
#1072 = CARTESIAN_POINT('',(301.891341,33.074341,7.));
#1073 = LINE('',#1074,#1075);
#1074 = CARTESIAN_POINT('',(301.891341,33.074341,7.));
#1075 = VECTOR('',#1076,1.);
#1076 = DIRECTION('',(-1.,0.,0.));
#1077 = ORIENTED_EDGE('',*,*,#1078,.F.);
#1078 = EDGE_CURVE('',#1079,#1071,#1081,.T.);
#1079 = VERTEX_POINT('',#1080);
#1080 = CARTESIAN_POINT('',(301.891341,18.824331,7.));
#1081 = LINE('',#1082,#1083);
#1082 = CARTESIAN_POINT('',(301.891341,18.824331,7.));
#1083 = VECTOR('',#1084,1.);
#1084 = DIRECTION('',(0.,1.,0.));
#1085 = ORIENTED_EDGE('',*,*,#1086,.F.);
#1086 = EDGE_CURVE('',#1063,#1079,#1087,.T.);
#1087 = LINE('',#1088,#1089);
#1088 = CARTESIAN_POINT('',(287.641331,18.824331,7.));
#1089 = VECTOR('',#1090,1.);
#1090 = DIRECTION('',(1.,0.,0.));
#1091 = FACE_BOUND('',#1092,.T.);
#1092 = EDGE_LOOP('',(#1093,#1103,#1111,#1119));
#1093 = ORIENTED_EDGE('',*,*,#1094,.F.);
#1094 = EDGE_CURVE('',#1095,#1097,#1099,.T.);
#1095 = VERTEX_POINT('',#1096);
#1096 = CARTESIAN_POINT('',(268.591331,52.124341,7.));
#1097 = VERTEX_POINT('',#1098);
#1098 = CARTESIAN_POINT('',(268.591331,37.874331,7.));
#1099 = LINE('',#1100,#1101);
#1100 = CARTESIAN_POINT('',(268.591331,52.124341,7.));
#1101 = VECTOR('',#1102,1.);
#1102 = DIRECTION('',(0.,-1.,0.));
#1103 = ORIENTED_EDGE('',*,*,#1104,.F.);
#1104 = EDGE_CURVE('',#1105,#1095,#1107,.T.);
#1105 = VERTEX_POINT('',#1106);
#1106 = CARTESIAN_POINT('',(282.841341,52.124341,7.));
#1107 = LINE('',#1108,#1109);
#1108 = CARTESIAN_POINT('',(282.841341,52.124341,7.));
#1109 = VECTOR('',#1110,1.);
#1110 = DIRECTION('',(-1.,0.,0.));
#1111 = ORIENTED_EDGE('',*,*,#1112,.F.);
#1112 = EDGE_CURVE('',#1113,#1105,#1115,.T.);
#1113 = VERTEX_POINT('',#1114);
#1114 = CARTESIAN_POINT('',(282.841341,37.874331,7.));
#1115 = LINE('',#1116,#1117);
#1116 = CARTESIAN_POINT('',(282.841341,37.874331,7.));
#1117 = VECTOR('',#1118,1.);
#1118 = DIRECTION('',(0.,1.,0.));
#1119 = ORIENTED_EDGE('',*,*,#1120,.F.);
#1120 = EDGE_CURVE('',#1097,#1113,#1121,.T.);
#1121 = LINE('',#1122,#1123);
#1122 = CARTESIAN_POINT('',(268.591331,37.874331,7.));
#1123 = VECTOR('',#1124,1.);
#1124 = DIRECTION('',(1.,0.,0.));
#1125 = FACE_BOUND('',#1126,.T.);
#1126 = EDGE_LOOP('',(#1127,#1137,#1145,#1153));
#1127 = ORIENTED_EDGE('',*,*,#1128,.F.);
#1128 = EDGE_CURVE('',#1129,#1131,#1133,.T.);
#1129 = VERTEX_POINT('',#1130);
#1130 = CARTESIAN_POINT('',(287.641331,52.124341,7.));
#1131 = VERTEX_POINT('',#1132);
#1132 = CARTESIAN_POINT('',(287.641331,37.874331,7.));
#1133 = LINE('',#1134,#1135);
#1134 = CARTESIAN_POINT('',(287.641331,52.124341,7.));
#1135 = VECTOR('',#1136,1.);
#1136 = DIRECTION('',(0.,-1.,0.));
#1137 = ORIENTED_EDGE('',*,*,#1138,.F.);
#1138 = EDGE_CURVE('',#1139,#1129,#1141,.T.);
#1139 = VERTEX_POINT('',#1140);
#1140 = CARTESIAN_POINT('',(301.891341,52.124341,7.));
#1141 = LINE('',#1142,#1143);
#1142 = CARTESIAN_POINT('',(301.891341,52.124341,7.));
#1143 = VECTOR('',#1144,1.);
#1144 = DIRECTION('',(-1.,0.,0.));
#1145 = ORIENTED_EDGE('',*,*,#1146,.F.);
#1146 = EDGE_CURVE('',#1147,#1139,#1149,.T.);
#1147 = VERTEX_POINT('',#1148);
#1148 = CARTESIAN_POINT('',(301.891341,37.874331,7.));
#1149 = LINE('',#1150,#1151);
#1150 = CARTESIAN_POINT('',(301.891341,37.874331,7.));
#1151 = VECTOR('',#1152,1.);
#1152 = DIRECTION('',(0.,1.,0.));
#1153 = ORIENTED_EDGE('',*,*,#1154,.F.);
#1154 = EDGE_CURVE('',#1131,#1147,#1155,.T.);
#1155 = LINE('',#1156,#1157);
#1156 = CARTESIAN_POINT('',(287.641331,37.874331,7.));
#1157 = VECTOR('',#1158,1.);
#1158 = DIRECTION('',(1.,0.,0.));
#1159 = FACE_BOUND('',#1160,.T.);
#1160 = EDGE_LOOP('',(#1161));
#1161 = ORIENTED_EDGE('',*,*,#1162,.F.);
#1162 = EDGE_CURVE('',#1163,#1163,#1165,.T.);
#1163 = VERTEX_POINT('',#1164);
#1164 = CARTESIAN_POINT('',(181.41,53.83,7.));
#1165 = CIRCLE('',#1166,1.2);
#1166 = AXIS2_PLACEMENT_3D('',#1167,#1168,#1169);
#1167 = CARTESIAN_POINT('',(180.21,53.83,7.));
#1168 = DIRECTION('',(0.,0.,1.));
#1169 = DIRECTION('',(1.,0.,0.));
#1170 = FACE_BOUND('',#1171,.T.);
#1171 = EDGE_LOOP('',(#1172,#1182,#1190,#1198));
#1172 = ORIENTED_EDGE('',*,*,#1173,.F.);
#1173 = EDGE_CURVE('',#1174,#1176,#1178,.T.);
#1174 = VERTEX_POINT('',#1175);
#1175 = CARTESIAN_POINT('',(192.391331,71.174341,7.));
#1176 = VERTEX_POINT('',#1177);
#1177 = CARTESIAN_POINT('',(192.391331,56.924331,7.));
#1178 = LINE('',#1179,#1180);
#1179 = CARTESIAN_POINT('',(192.391331,71.174341,7.));
#1180 = VECTOR('',#1181,1.);
#1181 = DIRECTION('',(0.,-1.,0.));
#1182 = ORIENTED_EDGE('',*,*,#1183,.F.);
#1183 = EDGE_CURVE('',#1184,#1174,#1186,.T.);
#1184 = VERTEX_POINT('',#1185);
#1185 = CARTESIAN_POINT('',(206.641341,71.174341,7.));
#1186 = LINE('',#1187,#1188);
#1187 = CARTESIAN_POINT('',(206.641341,71.174341,7.));
#1188 = VECTOR('',#1189,1.);
#1189 = DIRECTION('',(-1.,0.,0.));
#1190 = ORIENTED_EDGE('',*,*,#1191,.F.);
#1191 = EDGE_CURVE('',#1192,#1184,#1194,.T.);
#1192 = VERTEX_POINT('',#1193);
#1193 = CARTESIAN_POINT('',(206.641341,56.924331,7.));
#1194 = LINE('',#1195,#1196);
#1195 = CARTESIAN_POINT('',(206.641341,56.924331,7.));
#1196 = VECTOR('',#1197,1.);
#1197 = DIRECTION('',(0.,1.,0.));
#1198 = ORIENTED_EDGE('',*,*,#1199,.F.);
#1199 = EDGE_CURVE('',#1176,#1192,#1200,.T.);
#1200 = LINE('',#1201,#1202);
#1201 = CARTESIAN_POINT('',(192.391331,56.924331,7.));
#1202 = VECTOR('',#1203,1.);
#1203 = DIRECTION('',(1.,0.,0.));
#1204 = FACE_BOUND('',#1205,.T.);
#1205 = EDGE_LOOP('',(#1206,#1216,#1224,#1232));
#1206 = ORIENTED_EDGE('',*,*,#1207,.F.);
#1207 = EDGE_CURVE('',#1208,#1210,#1212,.T.);
#1208 = VERTEX_POINT('',#1209);
#1209 = CARTESIAN_POINT('',(211.441331,71.174341,7.));
#1210 = VERTEX_POINT('',#1211);
#1211 = CARTESIAN_POINT('',(211.441331,56.924331,7.));
#1212 = LINE('',#1213,#1214);
#1213 = CARTESIAN_POINT('',(211.441331,71.174341,7.));
#1214 = VECTOR('',#1215,1.);
#1215 = DIRECTION('',(0.,-1.,0.));
#1216 = ORIENTED_EDGE('',*,*,#1217,.F.);
#1217 = EDGE_CURVE('',#1218,#1208,#1220,.T.);
#1218 = VERTEX_POINT('',#1219);
#1219 = CARTESIAN_POINT('',(225.691341,71.174341,7.));
#1220 = LINE('',#1221,#1222);
#1221 = CARTESIAN_POINT('',(225.691341,71.174341,7.));
#1222 = VECTOR('',#1223,1.);
#1223 = DIRECTION('',(-1.,0.,0.));
#1224 = ORIENTED_EDGE('',*,*,#1225,.F.);
#1225 = EDGE_CURVE('',#1226,#1218,#1228,.T.);
#1226 = VERTEX_POINT('',#1227);
#1227 = CARTESIAN_POINT('',(225.691341,56.924331,7.));
#1228 = LINE('',#1229,#1230);
#1229 = CARTESIAN_POINT('',(225.691341,56.924331,7.));
#1230 = VECTOR('',#1231,1.);
#1231 = DIRECTION('',(0.,1.,0.));
#1232 = ORIENTED_EDGE('',*,*,#1233,.F.);
#1233 = EDGE_CURVE('',#1210,#1226,#1234,.T.);
#1234 = LINE('',#1235,#1236);
#1235 = CARTESIAN_POINT('',(211.441331,56.924331,7.));
#1236 = VECTOR('',#1237,1.);
#1237 = DIRECTION('',(1.,0.,0.));
#1238 = FACE_BOUND('',#1239,.T.);
#1239 = EDGE_LOOP('',(#1240,#1250,#1258,#1266));
#1240 = ORIENTED_EDGE('',*,*,#1241,.F.);
#1241 = EDGE_CURVE('',#1242,#1244,#1246,.T.);
#1242 = VERTEX_POINT('',#1243);
#1243 = CARTESIAN_POINT('',(192.391331,90.224341,7.));
#1244 = VERTEX_POINT('',#1245);
#1245 = CARTESIAN_POINT('',(192.391331,75.974331,7.));
#1246 = LINE('',#1247,#1248);
#1247 = CARTESIAN_POINT('',(192.391331,90.224341,7.));
#1248 = VECTOR('',#1249,1.);
#1249 = DIRECTION('',(0.,-1.,0.));
#1250 = ORIENTED_EDGE('',*,*,#1251,.F.);
#1251 = EDGE_CURVE('',#1252,#1242,#1254,.T.);
#1252 = VERTEX_POINT('',#1253);
#1253 = CARTESIAN_POINT('',(206.641341,90.224341,7.));
#1254 = LINE('',#1255,#1256);
#1255 = CARTESIAN_POINT('',(206.641341,90.224341,7.));
#1256 = VECTOR('',#1257,1.);
#1257 = DIRECTION('',(-1.,0.,0.));
#1258 = ORIENTED_EDGE('',*,*,#1259,.F.);
#1259 = EDGE_CURVE('',#1260,#1252,#1262,.T.);
#1260 = VERTEX_POINT('',#1261);
#1261 = CARTESIAN_POINT('',(206.641341,75.974331,7.));
#1262 = LINE('',#1263,#1264);
#1263 = CARTESIAN_POINT('',(206.641341,75.974331,7.));
#1264 = VECTOR('',#1265,1.);
#1265 = DIRECTION('',(0.,1.,0.));
#1266 = ORIENTED_EDGE('',*,*,#1267,.F.);
#1267 = EDGE_CURVE('',#1244,#1260,#1268,.T.);
#1268 = LINE('',#1269,#1270);
#1269 = CARTESIAN_POINT('',(192.391331,75.974331,7.));
#1270 = VECTOR('',#1271,1.);
#1271 = DIRECTION('',(1.,0.,0.));
#1272 = FACE_BOUND('',#1273,.T.);
#1273 = EDGE_LOOP('',(#1274,#1284,#1292,#1300,#1308,#1316));
#1274 = ORIENTED_EDGE('',*,*,#1275,.F.);
#1275 = EDGE_CURVE('',#1276,#1278,#1280,.T.);
#1276 = VERTEX_POINT('',#1277);
#1277 = CARTESIAN_POINT('',(170.46891551478,94.097720635075,7.));
#1278 = VERTEX_POINT('',#1279);
#1279 = CARTESIAN_POINT('',(169.79598722858,96.609128113292,7.));
#1280 = LINE('',#1281,#1282);
#1281 = CARTESIAN_POINT('',(170.46891551478,94.097720635075,7.));
#1282 = VECTOR('',#1283,1.);
#1283 = DIRECTION('',(-0.258818571613,0.96592595316,0.));
#1284 = ORIENTED_EDGE('',*,*,#1285,.F.);
#1285 = EDGE_CURVE('',#1286,#1276,#1288,.T.);
#1286 = VERTEX_POINT('',#1287);
#1287 = CARTESIAN_POINT('',(168.63043698248,92.259243905198,7.));
#1288 = LINE('',#1289,#1290);
#1289 = CARTESIAN_POINT('',(168.63043698248,92.259243905198,7.));
#1290 = VECTOR('',#1291,1.);
#1291 = DIRECTION('',(0.707107127805,0.707106434568,0.));
#1292 = ORIENTED_EDGE('',*,*,#1293,.F.);
#1293 = EDGE_CURVE('',#1294,#1286,#1296,.T.);
#1294 = VERTEX_POINT('',#1295);
#1295 = CARTESIAN_POINT('',(166.119030164,92.932174653537,7.));
#1296 = LINE('',#1297,#1298);
#1297 = CARTESIAN_POINT('',(166.119030164,92.932174653537,7.));
#1298 = VECTOR('',#1299,1.);
#1299 = DIRECTION('',(0.965925699418,-0.258819518592,0.));
#1300 = ORIENTED_EDGE('',*,*,#1301,.F.);
#1301 = EDGE_CURVE('',#1302,#1294,#1304,.T.);
#1302 = VERTEX_POINT('',#1303);
#1303 = CARTESIAN_POINT('',(165.4461018778,95.443582131753,7.));
#1304 = LINE('',#1305,#1306);
#1305 = CARTESIAN_POINT('',(165.4461018778,95.443582131753,7.));
#1306 = VECTOR('',#1307,1.);
#1307 = DIRECTION('',(0.258818571613,-0.96592595316,0.));
#1308 = ORIENTED_EDGE('',*,*,#1309,.F.);
#1309 = EDGE_CURVE('',#1310,#1302,#1312,.T.);
#1310 = VERTEX_POINT('',#1311);
#1311 = CARTESIAN_POINT('',(167.2845804101,97.282058861631,7.));
#1312 = LINE('',#1313,#1314);
#1313 = CARTESIAN_POINT('',(167.2845804101,97.282058861631,7.));
#1314 = VECTOR('',#1315,1.);
#1315 = DIRECTION('',(-0.707107127805,-0.707106434568,0.));
#1316 = ORIENTED_EDGE('',*,*,#1317,.F.);
#1317 = EDGE_CURVE('',#1278,#1310,#1318,.T.);
#1318 = LINE('',#1319,#1320);
#1319 = CARTESIAN_POINT('',(169.79598722858,96.609128113292,7.));
#1320 = VECTOR('',#1321,1.);
#1321 = DIRECTION('',(-0.965925699418,0.258819518592,0.));
#1322 = FACE_BOUND('',#1323,.T.);
#1323 = EDGE_LOOP('',(#1324));
#1324 = ORIENTED_EDGE('',*,*,#1325,.F.);
#1325 = EDGE_CURVE('',#1326,#1326,#1328,.T.);
#1326 = VERTEX_POINT('',#1327);
#1327 = CARTESIAN_POINT('',(210.32,83.33,7.));
#1328 = CIRCLE('',#1329,1.2);
#1329 = AXIS2_PLACEMENT_3D('',#1330,#1331,#1332);
#1330 = CARTESIAN_POINT('',(209.12,83.33,7.));
#1331 = DIRECTION('',(0.,0.,1.));
#1332 = DIRECTION('',(1.,0.,0.));
#1333 = FACE_BOUND('',#1334,.T.);
#1334 = EDGE_LOOP('',(#1335,#1345,#1353,#1361));
#1335 = ORIENTED_EDGE('',*,*,#1336,.F.);
#1336 = EDGE_CURVE('',#1337,#1339,#1341,.T.);
#1337 = VERTEX_POINT('',#1338);
#1338 = CARTESIAN_POINT('',(211.441331,90.224341,7.));
#1339 = VERTEX_POINT('',#1340);
#1340 = CARTESIAN_POINT('',(211.441331,75.974331,7.));
#1341 = LINE('',#1342,#1343);
#1342 = CARTESIAN_POINT('',(211.441331,90.224341,7.));
#1343 = VECTOR('',#1344,1.);
#1344 = DIRECTION('',(0.,-1.,0.));
#1345 = ORIENTED_EDGE('',*,*,#1346,.F.);
#1346 = EDGE_CURVE('',#1347,#1337,#1349,.T.);
#1347 = VERTEX_POINT('',#1348);
#1348 = CARTESIAN_POINT('',(225.691341,90.224341,7.));
#1349 = LINE('',#1350,#1351);
#1350 = CARTESIAN_POINT('',(225.691341,90.224341,7.));
#1351 = VECTOR('',#1352,1.);
#1352 = DIRECTION('',(-1.,0.,0.));
#1353 = ORIENTED_EDGE('',*,*,#1354,.F.);
#1354 = EDGE_CURVE('',#1355,#1347,#1357,.T.);
#1355 = VERTEX_POINT('',#1356);
#1356 = CARTESIAN_POINT('',(225.691341,75.974331,7.));
#1357 = LINE('',#1358,#1359);
#1358 = CARTESIAN_POINT('',(225.691341,75.974331,7.));
#1359 = VECTOR('',#1360,1.);
#1360 = DIRECTION('',(0.,1.,0.));
#1361 = ORIENTED_EDGE('',*,*,#1362,.F.);
#1362 = EDGE_CURVE('',#1339,#1355,#1363,.T.);
#1363 = LINE('',#1364,#1365);
#1364 = CARTESIAN_POINT('',(211.441331,75.974331,7.));
#1365 = VECTOR('',#1366,1.);
#1366 = DIRECTION('',(1.,0.,0.));
#1367 = FACE_BOUND('',#1368,.T.);
#1368 = EDGE_LOOP('',(#1369,#1379,#1387,#1395));
#1369 = ORIENTED_EDGE('',*,*,#1370,.F.);
#1370 = EDGE_CURVE('',#1371,#1373,#1375,.T.);
#1371 = VERTEX_POINT('',#1372);
#1372 = CARTESIAN_POINT('',(230.491331,71.174341,7.));
#1373 = VERTEX_POINT('',#1374);
#1374 = CARTESIAN_POINT('',(230.491331,56.924331,7.));
#1375 = LINE('',#1376,#1377);
#1376 = CARTESIAN_POINT('',(230.491331,71.174341,7.));
#1377 = VECTOR('',#1378,1.);
#1378 = DIRECTION('',(0.,-1.,0.));
#1379 = ORIENTED_EDGE('',*,*,#1380,.F.);
#1380 = EDGE_CURVE('',#1381,#1371,#1383,.T.);
#1381 = VERTEX_POINT('',#1382);
#1382 = CARTESIAN_POINT('',(244.741341,71.174341,7.));
#1383 = LINE('',#1384,#1385);
#1384 = CARTESIAN_POINT('',(244.741341,71.174341,7.));
#1385 = VECTOR('',#1386,1.);
#1386 = DIRECTION('',(-1.,0.,0.));
#1387 = ORIENTED_EDGE('',*,*,#1388,.F.);
#1388 = EDGE_CURVE('',#1389,#1381,#1391,.T.);
#1389 = VERTEX_POINT('',#1390);
#1390 = CARTESIAN_POINT('',(244.741341,56.924331,7.));
#1391 = LINE('',#1392,#1393);
#1392 = CARTESIAN_POINT('',(244.741341,56.924331,7.));
#1393 = VECTOR('',#1394,1.);
#1394 = DIRECTION('',(0.,1.,0.));
#1395 = ORIENTED_EDGE('',*,*,#1396,.F.);
#1396 = EDGE_CURVE('',#1373,#1389,#1397,.T.);
#1397 = LINE('',#1398,#1399);
#1398 = CARTESIAN_POINT('',(230.491331,56.924331,7.));
#1399 = VECTOR('',#1400,1.);
#1400 = DIRECTION('',(1.,0.,0.));
#1401 = FACE_BOUND('',#1402,.T.);
#1402 = EDGE_LOOP('',(#1403,#1413,#1421,#1429));
#1403 = ORIENTED_EDGE('',*,*,#1404,.F.);
#1404 = EDGE_CURVE('',#1405,#1407,#1409,.T.);
#1405 = VERTEX_POINT('',#1406);
#1406 = CARTESIAN_POINT('',(249.541331,71.174341,7.));
#1407 = VERTEX_POINT('',#1408);
#1408 = CARTESIAN_POINT('',(249.541331,56.924331,7.));
#1409 = LINE('',#1410,#1411);
#1410 = CARTESIAN_POINT('',(249.541331,71.174341,7.));
#1411 = VECTOR('',#1412,1.);
#1412 = DIRECTION('',(0.,-1.,0.));
#1413 = ORIENTED_EDGE('',*,*,#1414,.F.);
#1414 = EDGE_CURVE('',#1415,#1405,#1417,.T.);
#1415 = VERTEX_POINT('',#1416);
#1416 = CARTESIAN_POINT('',(263.791341,71.174341,7.));
#1417 = LINE('',#1418,#1419);
#1418 = CARTESIAN_POINT('',(263.791341,71.174341,7.));
#1419 = VECTOR('',#1420,1.);
#1420 = DIRECTION('',(-1.,0.,0.));
#1421 = ORIENTED_EDGE('',*,*,#1422,.F.);
#1422 = EDGE_CURVE('',#1423,#1415,#1425,.T.);
#1423 = VERTEX_POINT('',#1424);
#1424 = CARTESIAN_POINT('',(263.791341,56.924331,7.));
#1425 = LINE('',#1426,#1427);
#1426 = CARTESIAN_POINT('',(263.791341,56.924331,7.));
#1427 = VECTOR('',#1428,1.);
#1428 = DIRECTION('',(0.,1.,0.));
#1429 = ORIENTED_EDGE('',*,*,#1430,.F.);
#1430 = EDGE_CURVE('',#1407,#1423,#1431,.T.);
#1431 = LINE('',#1432,#1433);
#1432 = CARTESIAN_POINT('',(249.541331,56.924331,7.));
#1433 = VECTOR('',#1434,1.);
#1434 = DIRECTION('',(1.,0.,0.));
#1435 = FACE_BOUND('',#1436,.T.);
#1436 = EDGE_LOOP('',(#1437,#1447,#1455,#1463));
#1437 = ORIENTED_EDGE('',*,*,#1438,.F.);
#1438 = EDGE_CURVE('',#1439,#1441,#1443,.T.);
#1439 = VERTEX_POINT('',#1440);
#1440 = CARTESIAN_POINT('',(268.591331,71.174341,7.));
#1441 = VERTEX_POINT('',#1442);
#1442 = CARTESIAN_POINT('',(268.591331,56.924331,7.));
#1443 = LINE('',#1444,#1445);
#1444 = CARTESIAN_POINT('',(268.591331,71.174341,7.));
#1445 = VECTOR('',#1446,1.);
#1446 = DIRECTION('',(0.,-1.,0.));
#1447 = ORIENTED_EDGE('',*,*,#1448,.F.);
#1448 = EDGE_CURVE('',#1449,#1439,#1451,.T.);
#1449 = VERTEX_POINT('',#1450);
#1450 = CARTESIAN_POINT('',(282.841341,71.174341,7.));
#1451 = LINE('',#1452,#1453);
#1452 = CARTESIAN_POINT('',(282.841341,71.174341,7.));
#1453 = VECTOR('',#1454,1.);
#1454 = DIRECTION('',(-1.,0.,0.));
#1455 = ORIENTED_EDGE('',*,*,#1456,.F.);
#1456 = EDGE_CURVE('',#1457,#1449,#1459,.T.);
#1457 = VERTEX_POINT('',#1458);
#1458 = CARTESIAN_POINT('',(282.841341,56.924331,7.));
#1459 = LINE('',#1460,#1461);
#1460 = CARTESIAN_POINT('',(282.841341,56.924331,7.));
#1461 = VECTOR('',#1462,1.);
#1462 = DIRECTION('',(0.,1.,0.));
#1463 = ORIENTED_EDGE('',*,*,#1464,.F.);
#1464 = EDGE_CURVE('',#1441,#1457,#1465,.T.);
#1465 = LINE('',#1466,#1467);
#1466 = CARTESIAN_POINT('',(268.591331,56.924331,7.));
#1467 = VECTOR('',#1468,1.);
#1468 = DIRECTION('',(1.,0.,0.));
#1469 = FACE_BOUND('',#1470,.T.);
#1470 = EDGE_LOOP('',(#1471,#1481,#1489,#1497));
#1471 = ORIENTED_EDGE('',*,*,#1472,.F.);
#1472 = EDGE_CURVE('',#1473,#1475,#1477,.T.);
#1473 = VERTEX_POINT('',#1474);
#1474 = CARTESIAN_POINT('',(287.641331,71.174341,7.));
#1475 = VERTEX_POINT('',#1476);
#1476 = CARTESIAN_POINT('',(287.641331,56.924331,7.));
#1477 = LINE('',#1478,#1479);
#1478 = CARTESIAN_POINT('',(287.641331,71.174341,7.));
#1479 = VECTOR('',#1480,1.);
#1480 = DIRECTION('',(0.,-1.,0.));
#1481 = ORIENTED_EDGE('',*,*,#1482,.F.);
#1482 = EDGE_CURVE('',#1483,#1473,#1485,.T.);
#1483 = VERTEX_POINT('',#1484);
#1484 = CARTESIAN_POINT('',(301.891341,71.174341,7.));
#1485 = LINE('',#1486,#1487);
#1486 = CARTESIAN_POINT('',(301.891341,71.174341,7.));
#1487 = VECTOR('',#1488,1.);
#1488 = DIRECTION('',(-1.,0.,0.));
#1489 = ORIENTED_EDGE('',*,*,#1490,.F.);
#1490 = EDGE_CURVE('',#1491,#1483,#1493,.T.);
#1491 = VERTEX_POINT('',#1492);
#1492 = CARTESIAN_POINT('',(301.891341,56.924331,7.));
#1493 = LINE('',#1494,#1495);
#1494 = CARTESIAN_POINT('',(301.891341,56.924331,7.));
#1495 = VECTOR('',#1496,1.);
#1496 = DIRECTION('',(0.,1.,0.));
#1497 = ORIENTED_EDGE('',*,*,#1498,.F.);
#1498 = EDGE_CURVE('',#1475,#1491,#1499,.T.);
#1499 = LINE('',#1500,#1501);
#1500 = CARTESIAN_POINT('',(287.641331,56.924331,7.));
#1501 = VECTOR('',#1502,1.);
#1502 = DIRECTION('',(1.,0.,0.));
#1503 = FACE_BOUND('',#1504,.T.);
#1504 = EDGE_LOOP('',(#1505,#1515,#1523,#1531));
#1505 = ORIENTED_EDGE('',*,*,#1506,.F.);
#1506 = EDGE_CURVE('',#1507,#1509,#1511,.T.);
#1507 = VERTEX_POINT('',#1508);
#1508 = CARTESIAN_POINT('',(230.491331,90.224341,7.));
#1509 = VERTEX_POINT('',#1510);
#1510 = CARTESIAN_POINT('',(230.491331,75.974331,7.));
#1511 = LINE('',#1512,#1513);
#1512 = CARTESIAN_POINT('',(230.491331,90.224341,7.));
#1513 = VECTOR('',#1514,1.);
#1514 = DIRECTION('',(0.,-1.,0.));
#1515 = ORIENTED_EDGE('',*,*,#1516,.F.);
#1516 = EDGE_CURVE('',#1517,#1507,#1519,.T.);
#1517 = VERTEX_POINT('',#1518);
#1518 = CARTESIAN_POINT('',(244.741341,90.224341,7.));
#1519 = LINE('',#1520,#1521);
#1520 = CARTESIAN_POINT('',(244.741341,90.224341,7.));
#1521 = VECTOR('',#1522,1.);
#1522 = DIRECTION('',(-1.,0.,0.));
#1523 = ORIENTED_EDGE('',*,*,#1524,.F.);
#1524 = EDGE_CURVE('',#1525,#1517,#1527,.T.);
#1525 = VERTEX_POINT('',#1526);
#1526 = CARTESIAN_POINT('',(244.741341,75.974331,7.));
#1527 = LINE('',#1528,#1529);
#1528 = CARTESIAN_POINT('',(244.741341,75.974331,7.));
#1529 = VECTOR('',#1530,1.);
#1530 = DIRECTION('',(0.,1.,0.));
#1531 = ORIENTED_EDGE('',*,*,#1532,.F.);
#1532 = EDGE_CURVE('',#1509,#1525,#1533,.T.);
#1533 = LINE('',#1534,#1535);
#1534 = CARTESIAN_POINT('',(230.491331,75.974331,7.));
#1535 = VECTOR('',#1536,1.);
#1536 = DIRECTION('',(1.,0.,0.));
#1537 = FACE_BOUND('',#1538,.T.);
#1538 = EDGE_LOOP('',(#1539,#1549,#1557,#1565));
#1539 = ORIENTED_EDGE('',*,*,#1540,.F.);
#1540 = EDGE_CURVE('',#1541,#1543,#1545,.T.);
#1541 = VERTEX_POINT('',#1542);
#1542 = CARTESIAN_POINT('',(249.541331,90.224341,7.));
#1543 = VERTEX_POINT('',#1544);
#1544 = CARTESIAN_POINT('',(249.541331,75.974331,7.));
#1545 = LINE('',#1546,#1547);
#1546 = CARTESIAN_POINT('',(249.541331,90.224341,7.));
#1547 = VECTOR('',#1548,1.);
#1548 = DIRECTION('',(0.,-1.,0.));
#1549 = ORIENTED_EDGE('',*,*,#1550,.F.);
#1550 = EDGE_CURVE('',#1551,#1541,#1553,.T.);
#1551 = VERTEX_POINT('',#1552);
#1552 = CARTESIAN_POINT('',(263.791341,90.224341,7.));
#1553 = LINE('',#1554,#1555);
#1554 = CARTESIAN_POINT('',(263.791341,90.224341,7.));
#1555 = VECTOR('',#1556,1.);
#1556 = DIRECTION('',(-1.,0.,0.));
#1557 = ORIENTED_EDGE('',*,*,#1558,.F.);
#1558 = EDGE_CURVE('',#1559,#1551,#1561,.T.);
#1559 = VERTEX_POINT('',#1560);
#1560 = CARTESIAN_POINT('',(263.791341,75.974331,7.));
#1561 = LINE('',#1562,#1563);
#1562 = CARTESIAN_POINT('',(263.791341,75.974331,7.));
#1563 = VECTOR('',#1564,1.);
#1564 = DIRECTION('',(0.,1.,0.));
#1565 = ORIENTED_EDGE('',*,*,#1566,.F.);
#1566 = EDGE_CURVE('',#1543,#1559,#1567,.T.);
#1567 = LINE('',#1568,#1569);
#1568 = CARTESIAN_POINT('',(249.541331,75.974331,7.));
#1569 = VECTOR('',#1570,1.);
#1570 = DIRECTION('',(1.,0.,0.));
#1571 = FACE_BOUND('',#1572,.T.);
#1572 = EDGE_LOOP('',(#1573,#1583,#1591,#1599));
#1573 = ORIENTED_EDGE('',*,*,#1574,.F.);
#1574 = EDGE_CURVE('',#1575,#1577,#1579,.T.);
#1575 = VERTEX_POINT('',#1576);
#1576 = CARTESIAN_POINT('',(268.591331,90.224341,7.));
#1577 = VERTEX_POINT('',#1578);
#1578 = CARTESIAN_POINT('',(268.591331,75.974331,7.));
#1579 = LINE('',#1580,#1581);
#1580 = CARTESIAN_POINT('',(268.591331,90.224341,7.));
#1581 = VECTOR('',#1582,1.);
#1582 = DIRECTION('',(0.,-1.,0.));
#1583 = ORIENTED_EDGE('',*,*,#1584,.F.);
#1584 = EDGE_CURVE('',#1585,#1575,#1587,.T.);
#1585 = VERTEX_POINT('',#1586);
#1586 = CARTESIAN_POINT('',(282.841341,90.224341,7.));
#1587 = LINE('',#1588,#1589);
#1588 = CARTESIAN_POINT('',(282.841341,90.224341,7.));
#1589 = VECTOR('',#1590,1.);
#1590 = DIRECTION('',(-1.,0.,0.));
#1591 = ORIENTED_EDGE('',*,*,#1592,.F.);
#1592 = EDGE_CURVE('',#1593,#1585,#1595,.T.);
#1593 = VERTEX_POINT('',#1594);
#1594 = CARTESIAN_POINT('',(282.841341,75.974331,7.));
#1595 = LINE('',#1596,#1597);
#1596 = CARTESIAN_POINT('',(282.841341,75.974331,7.));
#1597 = VECTOR('',#1598,1.);
#1598 = DIRECTION('',(0.,1.,0.));
#1599 = ORIENTED_EDGE('',*,*,#1600,.F.);
#1600 = EDGE_CURVE('',#1577,#1593,#1601,.T.);
#1601 = LINE('',#1602,#1603);
#1602 = CARTESIAN_POINT('',(268.591331,75.974331,7.));
#1603 = VECTOR('',#1604,1.);
#1604 = DIRECTION('',(1.,0.,0.));
#1605 = FACE_BOUND('',#1606,.T.);
#1606 = EDGE_LOOP('',(#1607));
#1607 = ORIENTED_EDGE('',*,*,#1608,.F.);
#1608 = EDGE_CURVE('',#1609,#1609,#1611,.T.);
#1609 = VERTEX_POINT('',#1610);
#1610 = CARTESIAN_POINT('',(286.51,83.13,7.));
#1611 = CIRCLE('',#1612,1.2);
#1612 = AXIS2_PLACEMENT_3D('',#1613,#1614,#1615);
#1613 = CARTESIAN_POINT('',(285.31,83.13,7.));
#1614 = DIRECTION('',(0.,0.,1.));
#1615 = DIRECTION('',(1.,0.,0.));
#1616 = FACE_BOUND('',#1617,.T.);
#1617 = EDGE_LOOP('',(#1618,#1628,#1636,#1644));
#1618 = ORIENTED_EDGE('',*,*,#1619,.F.);
#1619 = EDGE_CURVE('',#1620,#1622,#1624,.T.);
#1620 = VERTEX_POINT('',#1621);
#1621 = CARTESIAN_POINT('',(287.641331,90.224341,7.));
#1622 = VERTEX_POINT('',#1623);
#1623 = CARTESIAN_POINT('',(287.641331,75.974331,7.));
#1624 = LINE('',#1625,#1626);
#1625 = CARTESIAN_POINT('',(287.641331,90.224341,7.));
#1626 = VECTOR('',#1627,1.);
#1627 = DIRECTION('',(0.,-1.,0.));
#1628 = ORIENTED_EDGE('',*,*,#1629,.F.);
#1629 = EDGE_CURVE('',#1630,#1620,#1632,.T.);
#1630 = VERTEX_POINT('',#1631);
#1631 = CARTESIAN_POINT('',(301.891341,90.224341,7.));
#1632 = LINE('',#1633,#1634);
#1633 = CARTESIAN_POINT('',(301.891341,90.224341,7.));
#1634 = VECTOR('',#1635,1.);
#1635 = DIRECTION('',(-1.,0.,0.));
#1636 = ORIENTED_EDGE('',*,*,#1637,.F.);
#1637 = EDGE_CURVE('',#1638,#1630,#1640,.T.);
#1638 = VERTEX_POINT('',#1639);
#1639 = CARTESIAN_POINT('',(301.891341,75.974331,7.));
#1640 = LINE('',#1641,#1642);
#1641 = CARTESIAN_POINT('',(301.891341,75.974331,7.));
#1642 = VECTOR('',#1643,1.);
#1643 = DIRECTION('',(0.,1.,0.));
#1644 = ORIENTED_EDGE('',*,*,#1645,.F.);
#1645 = EDGE_CURVE('',#1622,#1638,#1646,.T.);
#1646 = LINE('',#1647,#1648);
#1647 = CARTESIAN_POINT('',(287.641331,75.974331,7.));
#1648 = VECTOR('',#1649,1.);
#1649 = DIRECTION('',(1.,0.,0.));
#1650 = FACE_BOUND('',#1651,.T.);
#1651 = EDGE_LOOP('',(#1652,#1662,#1670,#1678,#1686,#1694));
#1652 = ORIENTED_EDGE('',*,*,#1653,.F.);
#1653 = EDGE_CURVE('',#1654,#1656,#1658,.T.);
#1654 = VERTEX_POINT('',#1655);
#1655 = CARTESIAN_POINT('',(308.27612802086,92.932172065454,7.));
#1656 = VERTEX_POINT('',#1657);
#1657 = CARTESIAN_POINT('',(308.94905794848,95.44357910385,7.));
#1658 = LINE('',#1659,#1660);
#1659 = CARTESIAN_POINT('',(308.27612802086,92.932172065454,7.));
#1660 = VECTOR('',#1661,1.);
#1661 = DIRECTION('',(0.258819202932,0.965925783999,0.));
#1662 = ORIENTED_EDGE('',*,*,#1663,.F.);
#1663 = EDGE_CURVE('',#1664,#1654,#1666,.T.);
#1664 = VERTEX_POINT('',#1665);
#1665 = CARTESIAN_POINT('',(305.76472076255,92.259242958545,7.));
#1666 = LINE('',#1667,#1668);
#1667 = CARTESIAN_POINT('',(305.76472076255,92.259242958545,7.));
#1668 = VECTOR('',#1669,1.);
#1669 = DIRECTION('',(0.965925868579,0.258818887273,0.));
#1670 = ORIENTED_EDGE('',*,*,#1671,.F.);
#1671 = EDGE_CURVE('',#1672,#1664,#1674,.T.);
#1672 = VERTEX_POINT('',#1673);
#1673 = CARTESIAN_POINT('',(303.92624343187,94.097720890032,7.));
#1674 = LINE('',#1675,#1676);
#1675 = CARTESIAN_POINT('',(303.92624343187,94.097720890032,7.));
#1676 = VECTOR('',#1677,1.);
#1677 = DIRECTION('',(0.707106665647,-0.707106896726,0.));
#1678 = ORIENTED_EDGE('',*,*,#1679,.F.);
#1679 = EDGE_CURVE('',#1680,#1672,#1682,.T.);
#1680 = VERTEX_POINT('',#1681);
#1681 = CARTESIAN_POINT('',(304.59917335949,96.609127928429,7.));
#1682 = LINE('',#1683,#1684);
#1683 = CARTESIAN_POINT('',(304.59917335949,96.609127928429,7.));
#1684 = VECTOR('',#1685,1.);
#1685 = DIRECTION('',(-0.258819202932,-0.965925783999,0.));
#1686 = ORIENTED_EDGE('',*,*,#1687,.F.);
#1687 = EDGE_CURVE('',#1688,#1680,#1690,.T.);
#1688 = VERTEX_POINT('',#1689);
#1689 = CARTESIAN_POINT('',(307.1105806178,97.282057035338,7.));
#1690 = LINE('',#1691,#1692);
#1691 = CARTESIAN_POINT('',(307.1105806178,97.282057035338,7.));
#1692 = VECTOR('',#1693,1.);
#1693 = DIRECTION('',(-0.965925868579,-0.258818887273,0.));
#1694 = ORIENTED_EDGE('',*,*,#1695,.F.);
#1695 = EDGE_CURVE('',#1656,#1688,#1696,.T.);
#1696 = LINE('',#1697,#1698);
#1697 = CARTESIAN_POINT('',(308.94905794848,95.44357910385,7.));
#1698 = VECTOR('',#1699,1.);
#1699 = DIRECTION('',(-0.707106665647,0.707106896726,0.));
#1700 = PLANE('',#1701);
#1701 = AXIS2_PLACEMENT_3D('',#1702,#1703,#1704);
#1702 = CARTESIAN_POINT('',(236.8178736575,53.748757498177,7.));
#1703 = DIRECTION('',(0.,0.,1.));
#1704 = DIRECTION('',(1.,0.,0.));
#1705 = ADVANCED_FACE('',(#1706),#1742,.F.);
#1706 = FACE_BOUND('',#1707,.F.);
#1707 = EDGE_LOOP('',(#1708,#1709,#1710,#1719,#1727,#1736));
#1708 = ORIENTED_EDGE('',*,*,#64,.F.);
#1709 = ORIENTED_EDGE('',*,*,#531,.T.);
#1710 = ORIENTED_EDGE('',*,*,#1711,.T.);
#1711 = EDGE_CURVE('',#532,#1712,#1714,.T.);
#1712 = VERTEX_POINT('',#1713);
#1713 = CARTESIAN_POINT('',(185.922585,92.64933,5.2));
#1714 = CIRCLE('',#1715,3.);
#1715 = AXIS2_PLACEMENT_3D('',#1716,#1717,#1718);
#1716 = CARTESIAN_POINT('',(183.522585,92.64933,7.));
#1717 = DIRECTION('',(0.,1.,-0.));
#1718 = DIRECTION('',(-1.,0.,0.));
#1719 = ORIENTED_EDGE('',*,*,#1720,.T.);
#1720 = EDGE_CURVE('',#1712,#1721,#1723,.T.);
#1721 = VERTEX_POINT('',#1722);
#1722 = CARTESIAN_POINT('',(185.922585,93.124336,5.2));
#1723 = LINE('',#1724,#1725);
#1724 = CARTESIAN_POINT('',(185.922585,98.64933,5.2));
#1725 = VECTOR('',#1726,1.);
#1726 = DIRECTION('',(0.,1.,-2.2E-16));
#1727 = ORIENTED_EDGE('',*,*,#1728,.T.);
#1728 = EDGE_CURVE('',#1721,#1729,#1731,.T.);
#1729 = VERTEX_POINT('',#1730);
#1730 = CARTESIAN_POINT('',(183.52258598038,93.124336,4.));
#1731 = CIRCLE('',#1732,3.);
#1732 = AXIS2_PLACEMENT_3D('',#1733,#1734,#1735);
#1733 = CARTESIAN_POINT('',(183.522585,93.124336,7.));
#1734 = DIRECTION('',(0.,1.,-2.2E-16));
#1735 = DIRECTION('',(-1.,0.,0.));
#1736 = ORIENTED_EDGE('',*,*,#1737,.F.);
#1737 = EDGE_CURVE('',#57,#1729,#1738,.T.);
#1738 = LINE('',#1739,#1740);
#1739 = CARTESIAN_POINT('',(183.52258598038,98.64933,4.));
#1740 = VECTOR('',#1741,1.);
#1741 = DIRECTION('',(0.,-1.,2.2E-16));
#1742 = CYLINDRICAL_SURFACE('',#1743,3.);
#1743 = AXIS2_PLACEMENT_3D('',#1744,#1745,#1746);
#1744 = CARTESIAN_POINT('',(183.522585,98.64933,7.));
#1745 = DIRECTION('',(0.,1.,-2.2E-16));
#1746 = DIRECTION('',(-1.,0.,0.));
#1747 = ADVANCED_FACE('',(#1748),#1766,.F.);
#1748 = FACE_BOUND('',#1749,.F.);
#1749 = EDGE_LOOP('',(#1750,#1751,#1752,#1760));
#1750 = ORIENTED_EDGE('',*,*,#56,.F.);
#1751 = ORIENTED_EDGE('',*,*,#1737,.T.);
#1752 = ORIENTED_EDGE('',*,*,#1753,.F.);
#1753 = EDGE_CURVE('',#1754,#1729,#1756,.T.);
#1754 = VERTEX_POINT('',#1755);
#1755 = CARTESIAN_POINT('',(176.52258401961,93.124336,4.));
#1756 = LINE('',#1757,#1758);
#1757 = CARTESIAN_POINT('',(176.80070699019,93.124336,4.));
#1758 = VECTOR('',#1759,1.);
#1759 = DIRECTION('',(1.,0.,0.));
#1760 = ORIENTED_EDGE('',*,*,#1761,.F.);
#1761 = EDGE_CURVE('',#48,#1754,#1762,.T.);
#1762 = LINE('',#1763,#1764);
#1763 = CARTESIAN_POINT('',(176.52258401961,98.64933,4.));
#1764 = VECTOR('',#1765,1.);
#1765 = DIRECTION('',(0.,-1.,2.2E-16));
#1766 = PLANE('',#1767);
#1767 = AXIS2_PLACEMENT_3D('',#1768,#1769,#1770);
#1768 = CARTESIAN_POINT('',(183.52258598038,98.64933,4.));
#1769 = DIRECTION('',(-0.,-2.2E-16,-1.));
#1770 = DIRECTION('',(-1.,0.,0.));
#1771 = ADVANCED_FACE('',(#1772),#1801,.F.);
#1772 = FACE_BOUND('',#1773,.F.);
#1773 = EDGE_LOOP('',(#1774,#1775,#1776,#1785,#1793,#1800));
#1774 = ORIENTED_EDGE('',*,*,#47,.F.);
#1775 = ORIENTED_EDGE('',*,*,#1761,.T.);
#1776 = ORIENTED_EDGE('',*,*,#1777,.T.);
#1777 = EDGE_CURVE('',#1754,#1778,#1780,.T.);
#1778 = VERTEX_POINT('',#1779);
#1779 = CARTESIAN_POINT('',(174.122585,93.124336,5.2));
#1780 = CIRCLE('',#1781,3.);
#1781 = AXIS2_PLACEMENT_3D('',#1782,#1783,#1784);
#1782 = CARTESIAN_POINT('',(176.522585,93.124336,7.));
#1783 = DIRECTION('',(0.,1.,-2.2E-16));
#1784 = DIRECTION('',(-1.,0.,0.));
#1785 = ORIENTED_EDGE('',*,*,#1786,.F.);
#1786 = EDGE_CURVE('',#1787,#1778,#1789,.T.);
#1787 = VERTEX_POINT('',#1788);
#1788 = CARTESIAN_POINT('',(174.122585,92.64933,5.2));
#1789 = LINE('',#1790,#1791);
#1790 = CARTESIAN_POINT('',(174.122585,98.64933,5.2));
#1791 = VECTOR('',#1792,1.);
#1792 = DIRECTION('',(0.,1.,-2.2E-16));
#1793 = ORIENTED_EDGE('',*,*,#1794,.T.);
#1794 = EDGE_CURVE('',#1787,#572,#1795,.T.);
#1795 = CIRCLE('',#1796,3.);
#1796 = AXIS2_PLACEMENT_3D('',#1797,#1798,#1799);
#1797 = CARTESIAN_POINT('',(176.522585,92.64933,7.));
#1798 = DIRECTION('',(0.,1.,-0.));
#1799 = DIRECTION('',(-1.,0.,0.));
#1800 = ORIENTED_EDGE('',*,*,#579,.F.);
#1801 = CYLINDRICAL_SURFACE('',#1802,3.);
#1802 = AXIS2_PLACEMENT_3D('',#1803,#1804,#1805);
#1803 = CARTESIAN_POINT('',(176.522585,98.64933,7.));
#1804 = DIRECTION('',(0.,1.,-2.2E-16));
#1805 = DIRECTION('',(-1.,0.,0.));
#1806 = ADVANCED_FACE('',(#1807),#1818,.T.);
#1807 = FACE_BOUND('',#1808,.F.);
#1808 = EDGE_LOOP('',(#1809,#1810,#1811,#1817));
#1809 = ORIENTED_EDGE('',*,*,#31,.T.);
#1810 = ORIENTED_EDGE('',*,*,#447,.T.);
#1811 = ORIENTED_EDGE('',*,*,#1812,.F.);
#1812 = EDGE_CURVE('',#97,#448,#1813,.T.);
#1813 = LINE('',#1814,#1815);
#1814 = CARTESIAN_POINT('',(164.078828,92.649331960769,0.));
#1815 = VECTOR('',#1816,1.);
#1816 = DIRECTION('',(0.,0.,1.));
#1817 = ORIENTED_EDGE('',*,*,#96,.F.);
#1818 = CYLINDRICAL_SURFACE('',#1819,6.);
#1819 = AXIS2_PLACEMENT_3D('',#1820,#1821,#1822);
#1820 = CARTESIAN_POINT('',(170.078828,92.64933,0.));
#1821 = DIRECTION('',(-0.,-0.,-1.));
#1822 = DIRECTION('',(1.,0.,0.));
#1823 = ADVANCED_FACE('',(#1824),#1876,.F.);
#1824 = FACE_BOUND('',#1825,.F.);
#1825 = EDGE_LOOP('',(#1826,#1827,#1828,#1829,#1835,#1836,#1844,#1853,
    #1861,#1870));
#1826 = ORIENTED_EDGE('',*,*,#105,.F.);
#1827 = ORIENTED_EDGE('',*,*,#1812,.T.);
#1828 = ORIENTED_EDGE('',*,*,#456,.T.);
#1829 = ORIENTED_EDGE('',*,*,#1830,.F.);
#1830 = EDGE_CURVE('',#288,#457,#1831,.T.);
#1831 = LINE('',#1832,#1833);
#1832 = CARTESIAN_POINT('',(164.078828,31.839495,0.));
#1833 = VECTOR('',#1834,1.);
#1834 = DIRECTION('',(0.,0.,1.));
#1835 = ORIENTED_EDGE('',*,*,#287,.F.);
#1836 = ORIENTED_EDGE('',*,*,#1837,.T.);
#1837 = EDGE_CURVE('',#280,#1838,#1840,.T.);
#1838 = VERTEX_POINT('',#1839);
#1839 = CARTESIAN_POINT('',(164.078828,46.829331960769,2.));
#1840 = LINE('',#1841,#1842);
#1841 = CARTESIAN_POINT('',(164.078828,46.829331960769,
    8.121605942518E-14));
#1842 = VECTOR('',#1843,1.);
#1843 = DIRECTION('',(0.,0.,1.));
#1844 = ORIENTED_EDGE('',*,*,#1845,.T.);
#1845 = EDGE_CURVE('',#1838,#1846,#1848,.T.);
#1846 = VERTEX_POINT('',#1847);
#1847 = CARTESIAN_POINT('',(164.078828,47.329331960769,2.5));
#1848 = CIRCLE('',#1849,0.5);
#1849 = AXIS2_PLACEMENT_3D('',#1850,#1851,#1852);
#1850 = CARTESIAN_POINT('',(164.078828,47.329331960769,2.));
#1851 = DIRECTION('',(-1.,0.,0.));
#1852 = DIRECTION('',(0.,-1.,0.));
#1853 = ORIENTED_EDGE('',*,*,#1854,.T.);
#1854 = EDGE_CURVE('',#1846,#1855,#1857,.T.);
#1855 = VERTEX_POINT('',#1856);
#1856 = CARTESIAN_POINT('',(164.078828,56.329331960767,2.5));
#1857 = LINE('',#1858,#1859);
#1858 = CARTESIAN_POINT('',(164.078828,47.329331960769,2.5));
#1859 = VECTOR('',#1860,1.);
#1860 = DIRECTION('',(0.,1.,0.));
#1861 = ORIENTED_EDGE('',*,*,#1862,.T.);
#1862 = EDGE_CURVE('',#1855,#1863,#1865,.T.);
#1863 = VERTEX_POINT('',#1864);
#1864 = CARTESIAN_POINT('',(164.078828,56.829331960767,2.));
#1865 = CIRCLE('',#1866,0.5);
#1866 = AXIS2_PLACEMENT_3D('',#1867,#1868,#1869);
#1867 = CARTESIAN_POINT('',(164.078828,56.329331960767,2.));
#1868 = DIRECTION('',(-1.,0.,0.));
#1869 = DIRECTION('',(0.,-1.,0.));
#1870 = ORIENTED_EDGE('',*,*,#1871,.T.);
#1871 = EDGE_CURVE('',#1863,#106,#1872,.T.);
#1872 = LINE('',#1873,#1874);
#1873 = CARTESIAN_POINT('',(164.078828,56.829331960767,2.));
#1874 = VECTOR('',#1875,1.);
#1875 = DIRECTION('',(0.,0.,-1.));
#1876 = PLANE('',#1877);
#1877 = AXIS2_PLACEMENT_3D('',#1878,#1879,#1880);
#1878 = CARTESIAN_POINT('',(164.078828,92.649331960769,0.));
#1879 = DIRECTION('',(1.,0.,0.));
#1880 = DIRECTION('',(0.,-1.,0.));
#1881 = ADVANCED_FACE('',(#1882),#1893,.T.);
#1882 = FACE_BOUND('',#1883,.T.);
#1883 = EDGE_LOOP('',(#1884,#1885,#1886,#1892));
#1884 = ORIENTED_EDGE('',*,*,#421,.T.);
#1885 = ORIENTED_EDGE('',*,*,#523,.T.);
#1886 = ORIENTED_EDGE('',*,*,#1887,.F.);
#1887 = EDGE_CURVE('',#346,#515,#1888,.T.);
#1888 = LINE('',#1889,#1890);
#1889 = CARTESIAN_POINT('',(310.31633,16.399343,0.));
#1890 = VECTOR('',#1891,1.);
#1891 = DIRECTION('',(0.,0.,1.));
#1892 = ORIENTED_EDGE('',*,*,#354,.F.);
#1893 = PLANE('',#1894);
#1894 = AXIS2_PLACEMENT_3D('',#1895,#1896,#1897);
#1895 = CARTESIAN_POINT('',(310.31633,92.64933,0.));
#1896 = DIRECTION('',(1.,0.,0.));
#1897 = DIRECTION('',(0.,-1.,0.));
#1898 = ADVANCED_FACE('',(#1899),#1917,.F.);
#1899 = FACE_BOUND('',#1900,.F.);
#1900 = EDGE_LOOP('',(#1901,#1902,#1910,#1916));
#1901 = ORIENTED_EDGE('',*,*,#1871,.F.);
#1902 = ORIENTED_EDGE('',*,*,#1903,.T.);
#1903 = EDGE_CURVE('',#1863,#1904,#1906,.T.);
#1904 = VERTEX_POINT('',#1905);
#1905 = CARTESIAN_POINT('',(169.578828,56.829331960767,2.));
#1906 = LINE('',#1907,#1908);
#1907 = CARTESIAN_POINT('',(164.078828,56.829331960767,2.));
#1908 = VECTOR('',#1909,1.);
#1909 = DIRECTION('',(1.,0.,0.));
#1910 = ORIENTED_EDGE('',*,*,#1911,.T.);
#1911 = EDGE_CURVE('',#1904,#114,#1912,.T.);
#1912 = LINE('',#1913,#1914);
#1913 = CARTESIAN_POINT('',(169.578828,56.829331960767,3.6));
#1914 = VECTOR('',#1915,1.);
#1915 = DIRECTION('',(0.,0.,-1.));
#1916 = ORIENTED_EDGE('',*,*,#113,.F.);
#1917 = PLANE('',#1918);
#1918 = AXIS2_PLACEMENT_3D('',#1919,#1920,#1921);
#1919 = CARTESIAN_POINT('',(164.078828,56.829331960767,2.));
#1920 = DIRECTION('',(0.,1.,0.));
#1921 = DIRECTION('',(0.,0.,-1.));
#1922 = ADVANCED_FACE('',(#1923),#1934,.T.);
#1923 = FACE_BOUND('',#1924,.F.);
#1924 = EDGE_LOOP('',(#1925,#1931,#1932,#1933));
#1925 = ORIENTED_EDGE('',*,*,#1926,.T.);
#1926 = EDGE_CURVE('',#338,#507,#1927,.T.);
#1927 = LINE('',#1928,#1929);
#1928 = CARTESIAN_POINT('',(304.31633196076,10.399343,0.));
#1929 = VECTOR('',#1930,1.);
#1930 = DIRECTION('',(0.,0.,1.));
#1931 = ORIENTED_EDGE('',*,*,#514,.T.);
#1932 = ORIENTED_EDGE('',*,*,#1887,.F.);
#1933 = ORIENTED_EDGE('',*,*,#345,.F.);
#1934 = CYLINDRICAL_SURFACE('',#1935,6.);
#1935 = AXIS2_PLACEMENT_3D('',#1936,#1937,#1938);
#1936 = CARTESIAN_POINT('',(304.31633,16.399343,0.));
#1937 = DIRECTION('',(-0.,-0.,-1.));
#1938 = DIRECTION('',(1.,0.,0.));
#1939 = ADVANCED_FACE('',(#1940),#1999,.F.);
#1940 = FACE_BOUND('',#1941,.F.);
#1941 = EDGE_LOOP('',(#1942,#1952,#1958,#1959,#1960,#1969,#1977,#1986,
    #1992,#1993));
#1942 = ORIENTED_EDGE('',*,*,#1943,.F.);
#1943 = EDGE_CURVE('',#1944,#1946,#1948,.T.);
#1944 = VERTEX_POINT('',#1945);
#1945 = CARTESIAN_POINT('',(169.578828,92.624336163397,5.2));
#1946 = VERTEX_POINT('',#1947);
#1947 = CARTESIAN_POINT('',(169.578828,31.839495,5.2));
#1948 = LINE('',#1949,#1950);
#1949 = CARTESIAN_POINT('',(169.578828,92.624336163397,5.2));
#1950 = VECTOR('',#1951,1.);
#1951 = DIRECTION('',(0.,-1.,0.));
#1952 = ORIENTED_EDGE('',*,*,#1953,.T.);
#1953 = EDGE_CURVE('',#1944,#122,#1954,.T.);
#1954 = LINE('',#1955,#1956);
#1955 = CARTESIAN_POINT('',(169.578828,92.624336163397,5.2));
#1956 = VECTOR('',#1957,1.);
#1957 = DIRECTION('',(-0.,-0.,-1.));
#1958 = ORIENTED_EDGE('',*,*,#121,.T.);
#1959 = ORIENTED_EDGE('',*,*,#1911,.F.);
#1960 = ORIENTED_EDGE('',*,*,#1961,.F.);
#1961 = EDGE_CURVE('',#1962,#1904,#1964,.T.);
#1962 = VERTEX_POINT('',#1963);
#1963 = CARTESIAN_POINT('',(169.578828,56.329331960767,2.5));
#1964 = CIRCLE('',#1965,0.5);
#1965 = AXIS2_PLACEMENT_3D('',#1966,#1967,#1968);
#1966 = CARTESIAN_POINT('',(169.578828,56.329331960767,2.));
#1967 = DIRECTION('',(-1.,0.,0.));
#1968 = DIRECTION('',(0.,-1.,0.));
#1969 = ORIENTED_EDGE('',*,*,#1970,.F.);
#1970 = EDGE_CURVE('',#1971,#1962,#1973,.T.);
#1971 = VERTEX_POINT('',#1972);
#1972 = CARTESIAN_POINT('',(169.578828,47.329331960769,2.5));
#1973 = LINE('',#1974,#1975);
#1974 = CARTESIAN_POINT('',(169.578828,69.976834062083,2.5));
#1975 = VECTOR('',#1976,1.);
#1976 = DIRECTION('',(0.,1.,0.));
#1977 = ORIENTED_EDGE('',*,*,#1978,.F.);
#1978 = EDGE_CURVE('',#1979,#1971,#1981,.T.);
#1979 = VERTEX_POINT('',#1980);
#1980 = CARTESIAN_POINT('',(169.578828,46.829331960769,2.));
#1981 = CIRCLE('',#1982,0.5);
#1982 = AXIS2_PLACEMENT_3D('',#1983,#1984,#1985);
#1983 = CARTESIAN_POINT('',(169.578828,47.329331960769,2.));
#1984 = DIRECTION('',(-1.,0.,0.));
#1985 = DIRECTION('',(0.,-1.,0.));
#1986 = ORIENTED_EDGE('',*,*,#1987,.F.);
#1987 = EDGE_CURVE('',#272,#1979,#1988,.T.);
#1988 = LINE('',#1989,#1990);
#1989 = CARTESIAN_POINT('',(169.578828,46.829331960769,2.6));
#1990 = VECTOR('',#1991,1.);
#1991 = DIRECTION('',(0.,0.,1.));
#1992 = ORIENTED_EDGE('',*,*,#271,.T.);
#1993 = ORIENTED_EDGE('',*,*,#1994,.F.);
#1994 = EDGE_CURVE('',#1946,#264,#1995,.T.);
#1995 = LINE('',#1996,#1997);
#1996 = CARTESIAN_POINT('',(169.578828,31.839495,5.2));
#1997 = VECTOR('',#1998,1.);
#1998 = DIRECTION('',(-0.,-0.,-1.));
#1999 = PLANE('',#2000);
#2000 = AXIS2_PLACEMENT_3D('',#2001,#2002,#2003);
#2001 = CARTESIAN_POINT('',(169.578828,92.624336163397,5.2));
#2002 = DIRECTION('',(-1.,0.,0.));
#2003 = DIRECTION('',(0.,-1.,0.));
#2004 = ADVANCED_FACE('',(#2005),#2016,.T.);
#2005 = FACE_BOUND('',#2006,.T.);
#2006 = EDGE_LOOP('',(#2007,#2008,#2009,#2015));
#2007 = ORIENTED_EDGE('',*,*,#1926,.T.);
#2008 = ORIENTED_EDGE('',*,*,#506,.T.);
#2009 = ORIENTED_EDGE('',*,*,#2010,.F.);
#2010 = EDGE_CURVE('',#330,#499,#2011,.T.);
#2011 = LINE('',#2012,#2013);
#2012 = CARTESIAN_POINT('',(247.116342,10.399343,0.));
#2013 = VECTOR('',#2014,1.);
#2014 = DIRECTION('',(0.,0.,1.));
#2015 = ORIENTED_EDGE('',*,*,#337,.F.);
#2016 = PLANE('',#2017);
#2017 = AXIS2_PLACEMENT_3D('',#2018,#2019,#2020);
#2018 = CARTESIAN_POINT('',(304.31633196076,10.399343,0.));
#2019 = DIRECTION('',(0.,-1.,0.));
#2020 = DIRECTION('',(-1.,0.,0.));
#2021 = ADVANCED_FACE('',(#2022),#2041,.F.);
#2022 = FACE_BOUND('',#2023,.F.);
#2023 = EDGE_LOOP('',(#2024,#2033,#2039,#2040));
#2024 = ORIENTED_EDGE('',*,*,#2025,.F.);
#2025 = EDGE_CURVE('',#2026,#1944,#2028,.T.);
#2026 = VERTEX_POINT('',#2027);
#2027 = CARTESIAN_POINT('',(170.078828,93.124336,5.2));
#2028 = CIRCLE('',#2029,0.5);
#2029 = AXIS2_PLACEMENT_3D('',#2030,#2031,#2032);
#2030 = CARTESIAN_POINT('',(170.078828,92.624336,5.2));
#2031 = DIRECTION('',(0.,0.,1.));
#2032 = DIRECTION('',(1.,0.,0.));
#2033 = ORIENTED_EDGE('',*,*,#2034,.T.);
#2034 = EDGE_CURVE('',#2026,#130,#2035,.T.);
#2035 = LINE('',#2036,#2037);
#2036 = CARTESIAN_POINT('',(170.078828,93.124336,5.2));
#2037 = VECTOR('',#2038,1.);
#2038 = DIRECTION('',(-0.,-0.,-1.));
#2039 = ORIENTED_EDGE('',*,*,#129,.T.);
#2040 = ORIENTED_EDGE('',*,*,#1953,.F.);
#2041 = CYLINDRICAL_SURFACE('',#2042,0.5);
#2042 = AXIS2_PLACEMENT_3D('',#2043,#2044,#2045);
#2043 = CARTESIAN_POINT('',(170.078828,92.624336,5.2));
#2044 = DIRECTION('',(0.,0.,1.));
#2045 = DIRECTION('',(1.,0.,0.));
#2046 = ADVANCED_FACE('',(#2047),#2058,.T.);
#2047 = FACE_BOUND('',#2048,.T.);
#2048 = EDGE_LOOP('',(#2049,#2050,#2051,#2057));
#2049 = ORIENTED_EDGE('',*,*,#2010,.T.);
#2050 = ORIENTED_EDGE('',*,*,#498,.T.);
#2051 = ORIENTED_EDGE('',*,*,#2052,.F.);
#2052 = EDGE_CURVE('',#321,#490,#2053,.T.);
#2053 = LINE('',#2054,#2055);
#2054 = CARTESIAN_POINT('',(230.49757999999,5.636842999999,0.));
#2055 = VECTOR('',#2056,1.);
#2056 = DIRECTION('',(0.,0.,1.));
#2057 = ORIENTED_EDGE('',*,*,#329,.F.);
#2058 = PLANE('',#2059);
#2059 = AXIS2_PLACEMENT_3D('',#2060,#2061,#2062);
#2060 = CARTESIAN_POINT('',(247.116342,10.399343,0.));
#2061 = DIRECTION('',(0.275484842968,-0.961305415201,0.));
#2062 = DIRECTION('',(-0.961305415201,-0.275484842968,0.));
#2063 = ADVANCED_FACE('',(#2064),#2091,.T.);
#2064 = FACE_BOUND('',#2065,.T.);
#2065 = EDGE_LOOP('',(#2066,#2072,#2073,#2074,#2082,#2088,#2089,#2090));
#2066 = ORIENTED_EDGE('',*,*,#2067,.F.);
#2067 = EDGE_CURVE('',#2026,#1778,#2068,.T.);
#2068 = LINE('',#2069,#2070);
#2069 = CARTESIAN_POINT('',(170.078828,93.124336,5.2));
#2070 = VECTOR('',#2071,1.);
#2071 = DIRECTION('',(1.,0.,0.));
#2072 = ORIENTED_EDGE('',*,*,#2034,.T.);
#2073 = ORIENTED_EDGE('',*,*,#138,.T.);
#2074 = ORIENTED_EDGE('',*,*,#2075,.F.);
#2075 = EDGE_CURVE('',#2076,#139,#2078,.T.);
#2076 = VERTEX_POINT('',#2077);
#2077 = CARTESIAN_POINT('',(304.31633,93.124336,5.2));
#2078 = LINE('',#2079,#2080);
#2079 = CARTESIAN_POINT('',(304.31633,93.124336,5.2));
#2080 = VECTOR('',#2081,1.);
#2081 = DIRECTION('',(-0.,-0.,-1.));
#2082 = ORIENTED_EDGE('',*,*,#2083,.F.);
#2083 = EDGE_CURVE('',#1721,#2076,#2084,.T.);
#2084 = LINE('',#2085,#2086);
#2085 = CARTESIAN_POINT('',(170.078828,93.124336,5.2));
#2086 = VECTOR('',#2087,1.);
#2087 = DIRECTION('',(1.,0.,0.));
#2088 = ORIENTED_EDGE('',*,*,#1728,.T.);
#2089 = ORIENTED_EDGE('',*,*,#1753,.F.);
#2090 = ORIENTED_EDGE('',*,*,#1777,.T.);
#2091 = PLANE('',#2092);
#2092 = AXIS2_PLACEMENT_3D('',#2093,#2094,#2095);
#2093 = CARTESIAN_POINT('',(170.078828,93.124336,5.2));
#2094 = DIRECTION('',(0.,-1.,0.));
#2095 = DIRECTION('',(1.,0.,0.));
#2096 = ADVANCED_FACE('',(#2097),#2108,.F.);
#2097 = FACE_BOUND('',#2098,.T.);
#2098 = EDGE_LOOP('',(#2099,#2100,#2101,#2107));
#2099 = ORIENTED_EDGE('',*,*,#2052,.T.);
#2100 = ORIENTED_EDGE('',*,*,#489,.T.);
#2101 = ORIENTED_EDGE('',*,*,#2102,.F.);
#2102 = EDGE_CURVE('',#312,#481,#2103,.T.);
#2103 = LINE('',#2104,#2105);
#2104 = CARTESIAN_POINT('',(176.60669158231,-4.527424100211,0.));
#2105 = VECTOR('',#2106,1.);
#2106 = DIRECTION('',(0.,0.,1.));
#2107 = ORIENTED_EDGE('',*,*,#320,.F.);
#2108 = CYLINDRICAL_SURFACE('',#2109,113.15918545093);
#2109 = AXIS2_PLACEMENT_3D('',#2110,#2111,#2112);
#2110 = CARTESIAN_POINT('',(223.90005580865,-107.3298508812,0.));
#2111 = DIRECTION('',(-0.,-0.,-1.));
#2112 = DIRECTION('',(1.,0.,0.));
#2113 = ADVANCED_FACE('',(#2114),#2133,.F.);
#2114 = FACE_BOUND('',#2115,.F.);
#2115 = EDGE_LOOP('',(#2116,#2125,#2131,#2132));
#2116 = ORIENTED_EDGE('',*,*,#2117,.F.);
#2117 = EDGE_CURVE('',#2118,#2076,#2120,.T.);
#2118 = VERTEX_POINT('',#2119);
#2119 = CARTESIAN_POINT('',(304.791336,92.64933015523,5.2));
#2120 = CIRCLE('',#2121,0.475006);
#2121 = AXIS2_PLACEMENT_3D('',#2122,#2123,#2124);
#2122 = CARTESIAN_POINT('',(304.31633,92.64933,5.2));
#2123 = DIRECTION('',(0.,0.,1.));
#2124 = DIRECTION('',(1.,0.,0.));
#2125 = ORIENTED_EDGE('',*,*,#2126,.T.);
#2126 = EDGE_CURVE('',#2118,#147,#2127,.T.);
#2127 = LINE('',#2128,#2129);
#2128 = CARTESIAN_POINT('',(304.791336,92.64933015523,5.2));
#2129 = VECTOR('',#2130,1.);
#2130 = DIRECTION('',(-0.,-0.,-1.));
#2131 = ORIENTED_EDGE('',*,*,#146,.T.);
#2132 = ORIENTED_EDGE('',*,*,#2075,.F.);
#2133 = CYLINDRICAL_SURFACE('',#2134,0.475006);
#2134 = AXIS2_PLACEMENT_3D('',#2135,#2136,#2137);
#2135 = CARTESIAN_POINT('',(304.31633,92.64933,5.2));
#2136 = DIRECTION('',(0.,0.,1.));
#2137 = DIRECTION('',(1.,0.,0.));
#2138 = ADVANCED_FACE('',(#2139),#2150,.T.);
#2139 = FACE_BOUND('',#2140,.F.);
#2140 = EDGE_LOOP('',(#2141,#2147,#2148,#2149));
#2141 = ORIENTED_EDGE('',*,*,#2142,.T.);
#2142 = EDGE_CURVE('',#304,#473,#2143,.T.);
#2143 = LINE('',#2144,#2145);
#2144 = CARTESIAN_POINT('',(169.35864439882,-1.512240881053,0.));
#2145 = VECTOR('',#2146,1.);
#2146 = DIRECTION('',(0.,0.,1.));
#2147 = ORIENTED_EDGE('',*,*,#480,.T.);
#2148 = ORIENTED_EDGE('',*,*,#2102,.F.);
#2149 = ORIENTED_EDGE('',*,*,#311,.F.);
#2150 = CYLINDRICAL_SURFACE('',#2151,5.550925056153);
#2151 = AXIS2_PLACEMENT_3D('',#2152,#2153,#2154);
#2152 = CARTESIAN_POINT('',(174.49026009282,0.604192285424,0.));
#2153 = DIRECTION('',(-0.,-0.,-1.));
#2154 = DIRECTION('',(1.,0.,0.));
#2155 = ADVANCED_FACE('',(#2156),#2174,.T.);
#2156 = FACE_BOUND('',#2157,.T.);
#2157 = EDGE_LOOP('',(#2158,#2166,#2167,#2168));
#2158 = ORIENTED_EDGE('',*,*,#2159,.F.);
#2159 = EDGE_CURVE('',#2118,#2160,#2162,.T.);
#2160 = VERTEX_POINT('',#2161);
#2161 = CARTESIAN_POINT('',(304.791336,16.399343,5.2));
#2162 = LINE('',#2163,#2164);
#2163 = CARTESIAN_POINT('',(304.791336,92.64933015523,5.2));
#2164 = VECTOR('',#2165,1.);
#2165 = DIRECTION('',(0.,-1.,0.));
#2166 = ORIENTED_EDGE('',*,*,#2126,.T.);
#2167 = ORIENTED_EDGE('',*,*,#155,.T.);
#2168 = ORIENTED_EDGE('',*,*,#2169,.F.);
#2169 = EDGE_CURVE('',#2160,#156,#2170,.T.);
#2170 = LINE('',#2171,#2172);
#2171 = CARTESIAN_POINT('',(304.791336,16.399343,5.2));
#2172 = VECTOR('',#2173,1.);
#2173 = DIRECTION('',(-0.,-0.,-1.));
#2174 = PLANE('',#2175);
#2175 = AXIS2_PLACEMENT_3D('',#2176,#2177,#2178);
#2176 = CARTESIAN_POINT('',(304.791336,92.64933015523,5.2));
#2177 = DIRECTION('',(-1.,0.,0.));
#2178 = DIRECTION('',(0.,-1.,0.));
#2179 = ADVANCED_FACE('',(#2180),#2191,.F.);
#2180 = FACE_BOUND('',#2181,.F.);
#2181 = EDGE_LOOP('',(#2182,#2188,#2189,#2190));
#2182 = ORIENTED_EDGE('',*,*,#2183,.T.);
#2183 = EDGE_CURVE('',#296,#465,#2184,.T.);
#2184 = LINE('',#2185,#2186);
#2185 = CARTESIAN_POINT('',(161.17621740157,18.327304,0.));
#2186 = VECTOR('',#2187,1.);
#2187 = DIRECTION('',(0.,0.,1.));
#2188 = ORIENTED_EDGE('',*,*,#472,.T.);
#2189 = ORIENTED_EDGE('',*,*,#2142,.F.);
#2190 = ORIENTED_EDGE('',*,*,#303,.F.);
#2191 = PLANE('',#2192);
#2192 = AXIS2_PLACEMENT_3D('',#2193,#2194,#2195);
#2193 = CARTESIAN_POINT('',(161.17621740157,18.327304,0.));
#2194 = DIRECTION('',(0.924461354114,0.381275759458,0.));
#2195 = DIRECTION('',(0.381275759458,-0.924461354114,0.));
#2196 = ADVANCED_FACE('',(#2197),#2216,.F.);
#2197 = FACE_BOUND('',#2198,.F.);
#2198 = EDGE_LOOP('',(#2199,#2208,#2214,#2215));
#2199 = ORIENTED_EDGE('',*,*,#2200,.F.);
#2200 = EDGE_CURVE('',#2201,#2160,#2203,.T.);
#2201 = VERTEX_POINT('',#2202);
#2202 = CARTESIAN_POINT('',(304.31633015523,15.924337,5.2));
#2203 = CIRCLE('',#2204,0.475006);
#2204 = AXIS2_PLACEMENT_3D('',#2205,#2206,#2207);
#2205 = CARTESIAN_POINT('',(304.31633,16.399343,5.2));
#2206 = DIRECTION('',(0.,0.,1.));
#2207 = DIRECTION('',(1.,0.,0.));
#2208 = ORIENTED_EDGE('',*,*,#2209,.T.);
#2209 = EDGE_CURVE('',#2201,#164,#2210,.T.);
#2210 = LINE('',#2211,#2212);
#2211 = CARTESIAN_POINT('',(304.31633015523,15.924337,5.2));
#2212 = VECTOR('',#2213,1.);
#2213 = DIRECTION('',(-0.,-0.,-1.));
#2214 = ORIENTED_EDGE('',*,*,#163,.T.);
#2215 = ORIENTED_EDGE('',*,*,#2169,.F.);
#2216 = CYLINDRICAL_SURFACE('',#2217,0.475006);
#2217 = AXIS2_PLACEMENT_3D('',#2218,#2219,#2220);
#2218 = CARTESIAN_POINT('',(304.31633,16.399343,5.2));
#2219 = DIRECTION('',(0.,0.,1.));
#2220 = DIRECTION('',(1.,0.,0.));
#2221 = ADVANCED_FACE('',(#2222),#2228,.F.);
#2222 = FACE_BOUND('',#2223,.F.);
#2223 = EDGE_LOOP('',(#2224,#2225,#2226,#2227));
#2224 = ORIENTED_EDGE('',*,*,#1830,.T.);
#2225 = ORIENTED_EDGE('',*,*,#464,.T.);
#2226 = ORIENTED_EDGE('',*,*,#2183,.F.);
#2227 = ORIENTED_EDGE('',*,*,#295,.F.);
#2228 = PLANE('',#2229);
#2229 = AXIS2_PLACEMENT_3D('',#2230,#2231,#2232);
#2230 = CARTESIAN_POINT('',(164.078828,31.839495,0.));
#2231 = DIRECTION('',(0.977696427618,-0.21002308307,0.));
#2232 = DIRECTION('',(-0.21002308307,-0.977696427618,0.));
#2233 = ADVANCED_FACE('',(#2234),#2252,.T.);
#2234 = FACE_BOUND('',#2235,.T.);
#2235 = EDGE_LOOP('',(#2236,#2244,#2245,#2246));
#2236 = ORIENTED_EDGE('',*,*,#2237,.F.);
#2237 = EDGE_CURVE('',#2201,#2238,#2240,.T.);
#2238 = VERTEX_POINT('',#2239);
#2239 = CARTESIAN_POINT('',(247.116342,15.924337,5.2));
#2240 = LINE('',#2241,#2242);
#2241 = CARTESIAN_POINT('',(304.31633015523,15.924337,5.2));
#2242 = VECTOR('',#2243,1.);
#2243 = DIRECTION('',(-1.,0.,0.));
#2244 = ORIENTED_EDGE('',*,*,#2209,.T.);
#2245 = ORIENTED_EDGE('',*,*,#172,.T.);
#2246 = ORIENTED_EDGE('',*,*,#2247,.F.);
#2247 = EDGE_CURVE('',#2238,#173,#2248,.T.);
#2248 = LINE('',#2249,#2250);
#2249 = CARTESIAN_POINT('',(247.116342,15.924337,5.2));
#2250 = VECTOR('',#2251,1.);
#2251 = DIRECTION('',(-0.,-0.,-1.));
#2252 = PLANE('',#2253);
#2253 = AXIS2_PLACEMENT_3D('',#2254,#2255,#2256);
#2254 = CARTESIAN_POINT('',(304.31633015523,15.924337,5.2));
#2255 = DIRECTION('',(0.,1.,0.));
#2256 = DIRECTION('',(-1.,0.,0.));
#2257 = ADVANCED_FACE('',(#2258),#2277,.F.);
#2258 = FACE_BOUND('',#2259,.F.);
#2259 = EDGE_LOOP('',(#2260,#2269,#2275,#2276));
#2260 = ORIENTED_EDGE('',*,*,#2261,.F.);
#2261 = EDGE_CURVE('',#2262,#2238,#2264,.T.);
#2262 = VERTEX_POINT('',#2263);
#2263 = CARTESIAN_POINT('',(246.641336,16.39934284477,5.2));
#2264 = CIRCLE('',#2265,0.475006);
#2265 = AXIS2_PLACEMENT_3D('',#2266,#2267,#2268);
#2266 = CARTESIAN_POINT('',(247.116342,16.399343,5.2));
#2267 = DIRECTION('',(0.,0.,1.));
#2268 = DIRECTION('',(1.,0.,0.));
#2269 = ORIENTED_EDGE('',*,*,#2270,.T.);
#2270 = EDGE_CURVE('',#2262,#181,#2271,.T.);
#2271 = LINE('',#2272,#2273);
#2272 = CARTESIAN_POINT('',(246.641336,16.39934284477,5.2));
#2273 = VECTOR('',#2274,1.);
#2274 = DIRECTION('',(-0.,-0.,-1.));
#2275 = ORIENTED_EDGE('',*,*,#180,.T.);
#2276 = ORIENTED_EDGE('',*,*,#2247,.F.);
#2277 = CYLINDRICAL_SURFACE('',#2278,0.475006);
#2278 = AXIS2_PLACEMENT_3D('',#2279,#2280,#2281);
#2279 = CARTESIAN_POINT('',(247.116342,16.399343,5.2));
#2280 = DIRECTION('',(0.,0.,1.));
#2281 = DIRECTION('',(1.,0.,0.));
#2282 = ADVANCED_FACE('',(#2283),#2294,.F.);
#2283 = FACE_BOUND('',#2284,.F.);
#2284 = EDGE_LOOP('',(#2285,#2286,#2287,#2288));
#2285 = ORIENTED_EDGE('',*,*,#1837,.F.);
#2286 = ORIENTED_EDGE('',*,*,#279,.T.);
#2287 = ORIENTED_EDGE('',*,*,#1987,.T.);
#2288 = ORIENTED_EDGE('',*,*,#2289,.F.);
#2289 = EDGE_CURVE('',#1838,#1979,#2290,.T.);
#2290 = LINE('',#2291,#2292);
#2291 = CARTESIAN_POINT('',(164.078828,46.829331960769,2.));
#2292 = VECTOR('',#2293,1.);
#2293 = DIRECTION('',(1.,0.,0.));
#2294 = PLANE('',#2295);
#2295 = AXIS2_PLACEMENT_3D('',#2296,#2297,#2298);
#2296 = CARTESIAN_POINT('',(164.078828,46.829331960769,
    8.121605942518E-14));
#2297 = DIRECTION('',(0.,-1.,0.));
#2298 = DIRECTION('',(0.,0.,1.));
#2299 = ADVANCED_FACE('',(#2300),#2318,.T.);
#2300 = FACE_BOUND('',#2301,.T.);
#2301 = EDGE_LOOP('',(#2302,#2310,#2311,#2312));
#2302 = ORIENTED_EDGE('',*,*,#2303,.F.);
#2303 = EDGE_CURVE('',#2262,#2304,#2306,.T.);
#2304 = VERTEX_POINT('',#2305);
#2305 = CARTESIAN_POINT('',(246.641336,30.186843,5.2));
#2306 = LINE('',#2307,#2308);
#2307 = CARTESIAN_POINT('',(246.641336,16.39934284477,5.2));
#2308 = VECTOR('',#2309,1.);
#2309 = DIRECTION('',(0.,1.,0.));
#2310 = ORIENTED_EDGE('',*,*,#2270,.T.);
#2311 = ORIENTED_EDGE('',*,*,#189,.T.);
#2312 = ORIENTED_EDGE('',*,*,#2313,.F.);
#2313 = EDGE_CURVE('',#2304,#190,#2314,.T.);
#2314 = LINE('',#2315,#2316);
#2315 = CARTESIAN_POINT('',(246.641336,30.186843,5.2));
#2316 = VECTOR('',#2317,1.);
#2317 = DIRECTION('',(-0.,-0.,-1.));
#2318 = PLANE('',#2319);
#2319 = AXIS2_PLACEMENT_3D('',#2320,#2321,#2322);
#2320 = CARTESIAN_POINT('',(246.641336,16.39934284477,5.2));
#2321 = DIRECTION('',(1.,0.,0.));
#2322 = DIRECTION('',(0.,1.,0.));
#2323 = ADVANCED_FACE('',(#2324),#2342,.T.);
#2324 = FACE_BOUND('',#2325,.T.);
#2325 = EDGE_LOOP('',(#2326,#2334,#2335,#2336));
#2326 = ORIENTED_EDGE('',*,*,#2327,.F.);
#2327 = EDGE_CURVE('',#2304,#2328,#2330,.T.);
#2328 = VERTEX_POINT('',#2329);
#2329 = CARTESIAN_POINT('',(230.99758,30.186843,5.2));
#2330 = LINE('',#2331,#2332);
#2331 = CARTESIAN_POINT('',(246.641336,30.186843,5.2));
#2332 = VECTOR('',#2333,1.);
#2333 = DIRECTION('',(-1.,0.,0.));
#2334 = ORIENTED_EDGE('',*,*,#2313,.T.);
#2335 = ORIENTED_EDGE('',*,*,#197,.T.);
#2336 = ORIENTED_EDGE('',*,*,#2337,.F.);
#2337 = EDGE_CURVE('',#2328,#198,#2338,.T.);
#2338 = LINE('',#2339,#2340);
#2339 = CARTESIAN_POINT('',(230.99758,30.186843,5.2));
#2340 = VECTOR('',#2341,1.);
#2341 = DIRECTION('',(-0.,-0.,-1.));
#2342 = PLANE('',#2343);
#2343 = AXIS2_PLACEMENT_3D('',#2344,#2345,#2346);
#2344 = CARTESIAN_POINT('',(246.641336,30.186843,5.2));
#2345 = DIRECTION('',(0.,1.,0.));
#2346 = DIRECTION('',(-1.,0.,0.));
#2347 = ADVANCED_FACE('',(#2348),#2366,.F.);
#2348 = FACE_BOUND('',#2349,.F.);
#2349 = EDGE_LOOP('',(#2350,#2358,#2359,#2360));
#2350 = ORIENTED_EDGE('',*,*,#2351,.F.);
#2351 = EDGE_CURVE('',#1946,#2352,#2354,.T.);
#2352 = VERTEX_POINT('',#2353);
#2353 = CARTESIAN_POINT('',(166.6777573647,18.33447281417,5.2));
#2354 = LINE('',#2355,#2356);
#2355 = CARTESIAN_POINT('',(169.578828,31.839495,5.2));
#2356 = VECTOR('',#2357,1.);
#2357 = DIRECTION('',(-0.21002308307,-0.977696427618,0.));
#2358 = ORIENTED_EDGE('',*,*,#1994,.T.);
#2359 = ORIENTED_EDGE('',*,*,#263,.T.);
#2360 = ORIENTED_EDGE('',*,*,#2361,.F.);
#2361 = EDGE_CURVE('',#2352,#256,#2362,.T.);
#2362 = LINE('',#2363,#2364);
#2363 = CARTESIAN_POINT('',(166.6777573647,18.33447281417,5.2));
#2364 = VECTOR('',#2365,1.);
#2365 = DIRECTION('',(-0.,-0.,-1.));
#2366 = PLANE('',#2367);
#2367 = AXIS2_PLACEMENT_3D('',#2368,#2369,#2370);
#2368 = CARTESIAN_POINT('',(169.578828,31.839495,5.2));
#2369 = DIRECTION('',(-0.977696427618,0.21002308307,0.));
#2370 = DIRECTION('',(-0.21002308307,-0.977696427618,0.));
#2371 = ADVANCED_FACE('',(#2372),#2390,.T.);
#2372 = FACE_BOUND('',#2373,.T.);
#2373 = EDGE_LOOP('',(#2374,#2382,#2383,#2384));
#2374 = ORIENTED_EDGE('',*,*,#2375,.F.);
#2375 = EDGE_CURVE('',#2328,#2376,#2378,.T.);
#2376 = VERTEX_POINT('',#2377);
#2377 = CARTESIAN_POINT('',(230.99758,11.636843,5.2));
#2378 = LINE('',#2379,#2380);
#2379 = CARTESIAN_POINT('',(230.99758,30.186843,5.2));
#2380 = VECTOR('',#2381,1.);
#2381 = DIRECTION('',(0.,-1.,0.));
#2382 = ORIENTED_EDGE('',*,*,#2337,.T.);
#2383 = ORIENTED_EDGE('',*,*,#205,.T.);
#2384 = ORIENTED_EDGE('',*,*,#2385,.F.);
#2385 = EDGE_CURVE('',#2376,#206,#2386,.T.);
#2386 = LINE('',#2387,#2388);
#2387 = CARTESIAN_POINT('',(230.99758,11.636843,5.2));
#2388 = VECTOR('',#2389,1.);
#2389 = DIRECTION('',(-0.,-0.,-1.));
#2390 = PLANE('',#2391);
#2391 = AXIS2_PLACEMENT_3D('',#2392,#2393,#2394);
#2392 = CARTESIAN_POINT('',(230.99758,30.186843,5.2));
#2393 = DIRECTION('',(-1.,0.,0.));
#2394 = DIRECTION('',(0.,-1.,0.));
#2395 = ADVANCED_FACE('',(#2396),#2414,.F.);
#2396 = FACE_BOUND('',#2397,.F.);
#2397 = EDGE_LOOP('',(#2398,#2406,#2407,#2408));
#2398 = ORIENTED_EDGE('',*,*,#2399,.F.);
#2399 = EDGE_CURVE('',#2352,#2400,#2402,.T.);
#2400 = VERTEX_POINT('',#2401);
#2401 = CARTESIAN_POINT('',(174.0629268473,0.428000632584,5.2));
#2402 = LINE('',#2403,#2404);
#2403 = CARTESIAN_POINT('',(166.6777573647,18.33447281417,5.2));
#2404 = VECTOR('',#2405,1.);
#2405 = DIRECTION('',(0.381275759458,-0.924461354114,0.));
#2406 = ORIENTED_EDGE('',*,*,#2361,.T.);
#2407 = ORIENTED_EDGE('',*,*,#255,.T.);
#2408 = ORIENTED_EDGE('',*,*,#2409,.F.);
#2409 = EDGE_CURVE('',#2400,#247,#2410,.T.);
#2410 = LINE('',#2411,#2412);
#2411 = CARTESIAN_POINT('',(174.0629268473,0.428000632584,5.2));
#2412 = VECTOR('',#2413,1.);
#2413 = DIRECTION('',(-0.,-0.,-1.));
#2414 = PLANE('',#2415);
#2415 = AXIS2_PLACEMENT_3D('',#2416,#2417,#2418);
#2416 = CARTESIAN_POINT('',(166.6777573647,18.33447281417,5.2));
#2417 = DIRECTION('',(-0.924461354114,-0.381275759458,0.));
#2418 = DIRECTION('',(0.381275759458,-0.924461354114,0.));
#2419 = ADVANCED_FACE('',(#2420),#2439,.F.);
#2420 = FACE_BOUND('',#2421,.F.);
#2421 = EDGE_LOOP('',(#2422,#2431,#2437,#2438));
#2422 = ORIENTED_EDGE('',*,*,#2423,.F.);
#2423 = EDGE_CURVE('',#2424,#2376,#2426,.T.);
#2424 = VERTEX_POINT('',#2425);
#2425 = CARTESIAN_POINT('',(230.49758016339,11.136843,5.2));
#2426 = CIRCLE('',#2427,0.5);
#2427 = AXIS2_PLACEMENT_3D('',#2428,#2429,#2430);
#2428 = CARTESIAN_POINT('',(230.49758,11.636843,5.2));
#2429 = DIRECTION('',(0.,0.,1.));
#2430 = DIRECTION('',(1.,0.,0.));
#2431 = ORIENTED_EDGE('',*,*,#2432,.T.);
#2432 = EDGE_CURVE('',#2424,#214,#2433,.T.);
#2433 = LINE('',#2434,#2435);
#2434 = CARTESIAN_POINT('',(230.49758016339,11.136843,5.2));
#2435 = VECTOR('',#2436,1.);
#2436 = DIRECTION('',(-0.,-0.,-1.));
#2437 = ORIENTED_EDGE('',*,*,#213,.T.);
#2438 = ORIENTED_EDGE('',*,*,#2385,.F.);
#2439 = CYLINDRICAL_SURFACE('',#2440,0.5);
#2440 = AXIS2_PLACEMENT_3D('',#2441,#2442,#2443);
#2441 = CARTESIAN_POINT('',(230.49758,11.636843,5.2));
#2442 = DIRECTION('',(0.,0.,1.));
#2443 = DIRECTION('',(1.,0.,0.));
#2444 = ADVANCED_FACE('',(#2445),#2464,.F.);
#2445 = FACE_BOUND('',#2446,.F.);
#2446 = EDGE_LOOP('',(#2447,#2456,#2457,#2458));
#2447 = ORIENTED_EDGE('',*,*,#2448,.F.);
#2448 = EDGE_CURVE('',#2400,#2449,#2451,.T.);
#2449 = VERTEX_POINT('',#2450);
#2450 = CARTESIAN_POINT('',(174.66647845772,0.176923529805,5.2));
#2451 = CIRCLE('',#2452,0.462230677057);
#2452 = AXIS2_PLACEMENT_3D('',#2453,#2454,#2455);
#2453 = CARTESIAN_POINT('',(174.49024124493,0.604237985023,5.2));
#2454 = DIRECTION('',(0.,0.,1.));
#2455 = DIRECTION('',(1.,0.,0.));
#2456 = ORIENTED_EDGE('',*,*,#2409,.T.);
#2457 = ORIENTED_EDGE('',*,*,#246,.T.);
#2458 = ORIENTED_EDGE('',*,*,#2459,.F.);
#2459 = EDGE_CURVE('',#2449,#239,#2460,.T.);
#2460 = LINE('',#2461,#2462);
#2461 = CARTESIAN_POINT('',(174.66647845772,0.176923529805,5.2));
#2462 = VECTOR('',#2463,1.);
#2463 = DIRECTION('',(-0.,-0.,-1.));
#2464 = CYLINDRICAL_SURFACE('',#2465,0.462230677057);
#2465 = AXIS2_PLACEMENT_3D('',#2466,#2467,#2468);
#2466 = CARTESIAN_POINT('',(174.49024124493,0.604237985023,5.2));
#2467 = DIRECTION('',(0.,0.,1.));
#2468 = DIRECTION('',(1.,0.,0.));
#2469 = ADVANCED_FACE('',(#2470),#2488,.T.);
#2470 = FACE_BOUND('',#2471,.T.);
#2471 = EDGE_LOOP('',(#2472,#2480,#2481,#2482));
#2472 = ORIENTED_EDGE('',*,*,#2473,.F.);
#2473 = EDGE_CURVE('',#2424,#2474,#2476,.T.);
#2474 = VERTEX_POINT('',#2475);
#2475 = CARTESIAN_POINT('',(211.44999316339,11.136843,5.2));
#2476 = LINE('',#2477,#2478);
#2477 = CARTESIAN_POINT('',(230.49758016339,11.136843,5.2));
#2478 = VECTOR('',#2479,1.);
#2479 = DIRECTION('',(-1.,0.,0.));
#2480 = ORIENTED_EDGE('',*,*,#2432,.T.);
#2481 = ORIENTED_EDGE('',*,*,#222,.T.);
#2482 = ORIENTED_EDGE('',*,*,#2483,.F.);
#2483 = EDGE_CURVE('',#2474,#223,#2484,.T.);
#2484 = LINE('',#2485,#2486);
#2485 = CARTESIAN_POINT('',(211.44999316339,11.136843,5.2));
#2486 = VECTOR('',#2487,1.);
#2487 = DIRECTION('',(-0.,-0.,-1.));
#2488 = PLANE('',#2489);
#2489 = AXIS2_PLACEMENT_3D('',#2490,#2491,#2492);
#2490 = CARTESIAN_POINT('',(230.49758016339,11.136843,5.2));
#2491 = DIRECTION('',(0.,1.,0.));
#2492 = DIRECTION('',(-1.,0.,0.));
#2493 = ADVANCED_FACE('',(#2494),#2512,.F.);
#2494 = FACE_BOUND('',#2495,.F.);
#2495 = EDGE_LOOP('',(#2496,#2504,#2505,#2506));
#2496 = ORIENTED_EDGE('',*,*,#2497,.F.);
#2497 = EDGE_CURVE('',#2449,#2498,#2500,.T.);
#2498 = VERTEX_POINT('',#2499);
#2499 = CARTESIAN_POINT('',(192.47869592147,7.440566145223,5.2));
#2500 = LINE('',#2501,#2502);
#2501 = CARTESIAN_POINT('',(174.66647845772,0.176923529805,5.2));
#2502 = VECTOR('',#2503,1.);
#2503 = DIRECTION('',(0.925968552343,0.377600635688,0.));
#2504 = ORIENTED_EDGE('',*,*,#2459,.T.);
#2505 = ORIENTED_EDGE('',*,*,#238,.T.);
#2506 = ORIENTED_EDGE('',*,*,#2507,.F.);
#2507 = EDGE_CURVE('',#2498,#231,#2508,.T.);
#2508 = LINE('',#2509,#2510);
#2509 = CARTESIAN_POINT('',(192.47869592147,7.440566145223,5.2));
#2510 = VECTOR('',#2511,1.);
#2511 = DIRECTION('',(-0.,-0.,-1.));
#2512 = PLANE('',#2513);
#2513 = AXIS2_PLACEMENT_3D('',#2514,#2515,#2516);
#2514 = CARTESIAN_POINT('',(174.66647845772,0.176923529805,5.2));
#2515 = DIRECTION('',(0.377600635688,-0.925968552343,0.));
#2516 = DIRECTION('',(0.925968552343,0.377600635688,0.));
#2517 = ADVANCED_FACE('',(#2518),#2529,.F.);
#2518 = FACE_BOUND('',#2519,.F.);
#2519 = EDGE_LOOP('',(#2520,#2526,#2527,#2528));
#2520 = ORIENTED_EDGE('',*,*,#2521,.F.);
#2521 = EDGE_CURVE('',#2498,#2474,#2522,.T.);
#2522 = LINE('',#2523,#2524);
#2523 = CARTESIAN_POINT('',(192.47869592147,7.440566145223,5.2));
#2524 = VECTOR('',#2525,1.);
#2525 = DIRECTION('',(0.981543455629,0.191239234236,0.));
#2526 = ORIENTED_EDGE('',*,*,#2507,.T.);
#2527 = ORIENTED_EDGE('',*,*,#230,.T.);
#2528 = ORIENTED_EDGE('',*,*,#2483,.F.);
#2529 = PLANE('',#2530);
#2530 = AXIS2_PLACEMENT_3D('',#2531,#2532,#2533);
#2531 = CARTESIAN_POINT('',(192.47869592147,7.440566145223,5.2));
#2532 = DIRECTION('',(0.191239234236,-0.981543455629,0.));
#2533 = DIRECTION('',(0.981543455629,0.191239234236,0.));
#2534 = ADVANCED_FACE('',(#2535),#2554,.F.);
#2535 = FACE_BOUND('',#2536,.F.);
#2536 = EDGE_LOOP('',(#2537,#2546,#2552,#2553));
#2537 = ORIENTED_EDGE('',*,*,#2538,.F.);
#2538 = EDGE_CURVE('',#2539,#2539,#2541,.T.);
#2539 = VERTEX_POINT('',#2540);
#2540 = CARTESIAN_POINT('',(174.53798853536,-2.16569404038,5.));
#2541 = CIRCLE('',#2542,1.2);
#2542 = AXIS2_PLACEMENT_3D('',#2543,#2544,#2545);
#2543 = CARTESIAN_POINT('',(173.33798853536,-2.16569404038,5.));
#2544 = DIRECTION('',(0.,0.,1.));
#2545 = DIRECTION('',(1.,0.,0.));
#2546 = ORIENTED_EDGE('',*,*,#2547,.T.);
#2547 = EDGE_CURVE('',#2539,#372,#2548,.T.);
#2548 = LINE('',#2549,#2550);
#2549 = CARTESIAN_POINT('',(174.53798853536,-2.16569404038,7.));
#2550 = VECTOR('',#2551,1.);
#2551 = DIRECTION('',(-0.,-0.,-1.));
#2552 = ORIENTED_EDGE('',*,*,#371,.T.);
#2553 = ORIENTED_EDGE('',*,*,#2547,.F.);
#2554 = CYLINDRICAL_SURFACE('',#2555,1.2);
#2555 = AXIS2_PLACEMENT_3D('',#2556,#2557,#2558);
#2556 = CARTESIAN_POINT('',(173.33798853536,-2.16569404038,7.));
#2557 = DIRECTION('',(0.,0.,1.));
#2558 = DIRECTION('',(1.,0.,0.));
#2559 = ADVANCED_FACE('',(#2560),#2579,.F.);
#2560 = FACE_BOUND('',#2561,.F.);
#2561 = EDGE_LOOP('',(#2562,#2571,#2577,#2578));
#2562 = ORIENTED_EDGE('',*,*,#2563,.F.);
#2563 = EDGE_CURVE('',#2564,#2564,#2566,.T.);
#2564 = VERTEX_POINT('',#2565);
#2565 = CARTESIAN_POINT('',(307.63765069017,14.278023003059,5.));
#2566 = CIRCLE('',#2567,1.2);
#2567 = AXIS2_PLACEMENT_3D('',#2568,#2569,#2570);
#2568 = CARTESIAN_POINT('',(306.43765069017,14.278023003059,5.));
#2569 = DIRECTION('',(0.,0.,1.));
#2570 = DIRECTION('',(1.,0.,0.));
#2571 = ORIENTED_EDGE('',*,*,#2572,.T.);
#2572 = EDGE_CURVE('',#2564,#383,#2573,.T.);
#2573 = LINE('',#2574,#2575);
#2574 = CARTESIAN_POINT('',(307.63765069017,14.278023003059,7.));
#2575 = VECTOR('',#2576,1.);
#2576 = DIRECTION('',(-0.,-0.,-1.));
#2577 = ORIENTED_EDGE('',*,*,#382,.T.);
#2578 = ORIENTED_EDGE('',*,*,#2572,.F.);
#2579 = CYLINDRICAL_SURFACE('',#2580,1.2);
#2580 = AXIS2_PLACEMENT_3D('',#2581,#2582,#2583);
#2581 = CARTESIAN_POINT('',(306.43765069017,14.278023003059,7.));
#2582 = DIRECTION('',(0.,0.,1.));
#2583 = DIRECTION('',(1.,0.,0.));
#2584 = ADVANCED_FACE('',(#2585),#2604,.F.);
#2585 = FACE_BOUND('',#2586,.F.);
#2586 = EDGE_LOOP('',(#2587,#2596,#2602,#2603));
#2587 = ORIENTED_EDGE('',*,*,#2588,.F.);
#2588 = EDGE_CURVE('',#2589,#2589,#2591,.T.);
#2589 = VERTEX_POINT('',#2590);
#2590 = CARTESIAN_POINT('',(169.15750869629,94.770651383414,5.));
#2591 = CIRCLE('',#2592,1.2);
#2592 = AXIS2_PLACEMENT_3D('',#2593,#2594,#2595);
#2593 = CARTESIAN_POINT('',(167.95750869629,94.770651383414,5.));
#2594 = DIRECTION('',(0.,0.,1.));
#2595 = DIRECTION('',(1.,0.,0.));
#2596 = ORIENTED_EDGE('',*,*,#2597,.T.);
#2597 = EDGE_CURVE('',#2589,#394,#2598,.T.);
#2598 = LINE('',#2599,#2600);
#2599 = CARTESIAN_POINT('',(169.15750869629,94.770651383414,7.));
#2600 = VECTOR('',#2601,1.);
#2601 = DIRECTION('',(-0.,-0.,-1.));
#2602 = ORIENTED_EDGE('',*,*,#393,.T.);
#2603 = ORIENTED_EDGE('',*,*,#2597,.F.);
#2604 = CYLINDRICAL_SURFACE('',#2605,1.2);
#2605 = AXIS2_PLACEMENT_3D('',#2606,#2607,#2608);
#2606 = CARTESIAN_POINT('',(167.95750869629,94.770651383414,7.));
#2607 = DIRECTION('',(0.,0.,1.));
#2608 = DIRECTION('',(1.,0.,0.));
#2609 = ADVANCED_FACE('',(#2610),#2629,.F.);
#2610 = FACE_BOUND('',#2611,.F.);
#2611 = EDGE_LOOP('',(#2612,#2621,#2627,#2628));
#2612 = ORIENTED_EDGE('',*,*,#2613,.F.);
#2613 = EDGE_CURVE('',#2614,#2614,#2616,.T.);
#2614 = VERTEX_POINT('',#2615);
#2615 = CARTESIAN_POINT('',(307.63765069017,94.770649996941,5.));
#2616 = CIRCLE('',#2617,1.2);
#2617 = AXIS2_PLACEMENT_3D('',#2618,#2619,#2620);
#2618 = CARTESIAN_POINT('',(306.43765069017,94.770649996941,5.));
#2619 = DIRECTION('',(0.,0.,1.));
#2620 = DIRECTION('',(1.,0.,0.));
#2621 = ORIENTED_EDGE('',*,*,#2622,.T.);
#2622 = EDGE_CURVE('',#2614,#405,#2623,.T.);
#2623 = LINE('',#2624,#2625);
#2624 = CARTESIAN_POINT('',(307.63765069017,94.770649996941,7.));
#2625 = VECTOR('',#2626,1.);
#2626 = DIRECTION('',(-0.,-0.,-1.));
#2627 = ORIENTED_EDGE('',*,*,#404,.T.);
#2628 = ORIENTED_EDGE('',*,*,#2622,.F.);
#2629 = CYLINDRICAL_SURFACE('',#2630,1.2);
#2630 = AXIS2_PLACEMENT_3D('',#2631,#2632,#2633);
#2631 = CARTESIAN_POINT('',(306.43765069017,94.770649996941,7.));
#2632 = DIRECTION('',(0.,0.,1.));
#2633 = DIRECTION('',(1.,0.,0.));
#2634 = ADVANCED_FACE('',(#2635),#2653,.T.);
#2635 = FACE_BOUND('',#2636,.T.);
#2636 = EDGE_LOOP('',(#2637,#2645,#2646,#2647));
#2637 = ORIENTED_EDGE('',*,*,#2638,.F.);
#2638 = EDGE_CURVE('',#1787,#2639,#2641,.T.);
#2639 = VERTEX_POINT('',#2640);
#2640 = CARTESIAN_POINT('',(170.078828,92.64933,5.2));
#2641 = LINE('',#2642,#2643);
#2642 = CARTESIAN_POINT('',(212.54508111799,92.64933,5.2));
#2643 = VECTOR('',#2644,1.);
#2644 = DIRECTION('',(-1.,0.,0.));
#2645 = ORIENTED_EDGE('',*,*,#1794,.T.);
#2646 = ORIENTED_EDGE('',*,*,#571,.T.);
#2647 = ORIENTED_EDGE('',*,*,#2648,.F.);
#2648 = EDGE_CURVE('',#2639,#564,#2649,.T.);
#2649 = LINE('',#2650,#2651);
#2650 = CARTESIAN_POINT('',(170.078828,92.64933,0.));
#2651 = VECTOR('',#2652,1.);
#2652 = DIRECTION('',(0.,0.,1.));
#2653 = PLANE('',#2654);
#2654 = AXIS2_PLACEMENT_3D('',#2655,#2656,#2657);
#2655 = CARTESIAN_POINT('',(189.966342,92.64933,0.));
#2656 = DIRECTION('',(0.,-1.,0.));
#2657 = DIRECTION('',(-1.,0.,0.));
#2658 = ADVANCED_FACE('',(#2659),#2677,.T.);
#2659 = FACE_BOUND('',#2660,.T.);
#2660 = EDGE_LOOP('',(#2661,#2669,#2670,#2671));
#2661 = ORIENTED_EDGE('',*,*,#2662,.F.);
#2662 = EDGE_CURVE('',#2639,#2663,#2665,.T.);
#2663 = VERTEX_POINT('',#2664);
#2664 = CARTESIAN_POINT('',(170.078828,56.93058,5.2));
#2665 = LINE('',#2666,#2667);
#2666 = CARTESIAN_POINT('',(170.078828,71.444650932877,5.2));
#2667 = VECTOR('',#2668,1.);
#2668 = DIRECTION('',(0.,-1.,0.));
#2669 = ORIENTED_EDGE('',*,*,#2648,.T.);
#2670 = ORIENTED_EDGE('',*,*,#563,.T.);
#2671 = ORIENTED_EDGE('',*,*,#2672,.F.);
#2672 = EDGE_CURVE('',#2663,#556,#2673,.T.);
#2673 = LINE('',#2674,#2675);
#2674 = CARTESIAN_POINT('',(170.078828,56.93058,0.));
#2675 = VECTOR('',#2676,1.);
#2676 = DIRECTION('',(0.,0.,1.));
#2677 = PLANE('',#2678);
#2678 = AXIS2_PLACEMENT_3D('',#2679,#2680,#2681);
#2679 = CARTESIAN_POINT('',(170.078828,92.64933,0.));
#2680 = DIRECTION('',(1.,0.,0.));
#2681 = DIRECTION('',(0.,-1.,0.));
#2682 = ADVANCED_FACE('',(#2683),#2701,.T.);
#2683 = FACE_BOUND('',#2684,.T.);
#2684 = EDGE_LOOP('',(#2685,#2693,#2694,#2695));
#2685 = ORIENTED_EDGE('',*,*,#2686,.F.);
#2686 = EDGE_CURVE('',#2663,#2687,#2689,.T.);
#2687 = VERTEX_POINT('',#2688);
#2688 = CARTESIAN_POINT('',(189.966342,56.93058,5.2));
#2689 = LINE('',#2690,#2691);
#2690 = CARTESIAN_POINT('',(202.60132411799,56.93058,5.2));
#2691 = VECTOR('',#2692,1.);
#2692 = DIRECTION('',(1.,0.,0.));
#2693 = ORIENTED_EDGE('',*,*,#2672,.T.);
#2694 = ORIENTED_EDGE('',*,*,#555,.T.);
#2695 = ORIENTED_EDGE('',*,*,#2696,.F.);
#2696 = EDGE_CURVE('',#2687,#548,#2697,.T.);
#2697 = LINE('',#2698,#2699);
#2698 = CARTESIAN_POINT('',(189.966342,56.93058,0.));
#2699 = VECTOR('',#2700,1.);
#2700 = DIRECTION('',(0.,0.,1.));
#2701 = PLANE('',#2702);
#2702 = AXIS2_PLACEMENT_3D('',#2703,#2704,#2705);
#2703 = CARTESIAN_POINT('',(170.078828,56.93058,0.));
#2704 = DIRECTION('',(0.,1.,0.));
#2705 = DIRECTION('',(1.,0.,0.));
#2706 = ADVANCED_FACE('',(#2707),#2725,.T.);
#2707 = FACE_BOUND('',#2708,.T.);
#2708 = EDGE_LOOP('',(#2709,#2717,#2718,#2719));
#2709 = ORIENTED_EDGE('',*,*,#2710,.F.);
#2710 = EDGE_CURVE('',#2687,#2711,#2713,.T.);
#2711 = VERTEX_POINT('',#2712);
#2712 = CARTESIAN_POINT('',(189.966342,92.64933,5.2));
#2713 = LINE('',#2714,#2715);
#2714 = CARTESIAN_POINT('',(189.966342,53.585275932877,5.2));
#2715 = VECTOR('',#2716,1.);
#2716 = DIRECTION('',(0.,1.,0.));
#2717 = ORIENTED_EDGE('',*,*,#2696,.T.);
#2718 = ORIENTED_EDGE('',*,*,#547,.T.);
#2719 = ORIENTED_EDGE('',*,*,#2720,.F.);
#2720 = EDGE_CURVE('',#2711,#540,#2721,.T.);
#2721 = LINE('',#2722,#2723);
#2722 = CARTESIAN_POINT('',(189.966342,92.64933,0.));
#2723 = VECTOR('',#2724,1.);
#2724 = DIRECTION('',(0.,0.,1.));
#2725 = PLANE('',#2726);
#2726 = AXIS2_PLACEMENT_3D('',#2727,#2728,#2729);
#2727 = CARTESIAN_POINT('',(189.966342,56.93058,0.));
#2728 = DIRECTION('',(-1.,0.,0.));
#2729 = DIRECTION('',(0.,1.,0.));
#2730 = ADVANCED_FACE('',(#2731),#2742,.T.);
#2731 = FACE_BOUND('',#2732,.T.);
#2732 = EDGE_LOOP('',(#2733,#2739,#2740,#2741));
#2733 = ORIENTED_EDGE('',*,*,#2734,.F.);
#2734 = EDGE_CURVE('',#2711,#1712,#2735,.T.);
#2735 = LINE('',#2736,#2737);
#2736 = CARTESIAN_POINT('',(212.54508111799,92.64933,5.2));
#2737 = VECTOR('',#2738,1.);
#2738 = DIRECTION('',(-1.,0.,0.));
#2739 = ORIENTED_EDGE('',*,*,#2720,.T.);
#2740 = ORIENTED_EDGE('',*,*,#539,.T.);
#2741 = ORIENTED_EDGE('',*,*,#1711,.T.);
#2742 = PLANE('',#2743);
#2743 = AXIS2_PLACEMENT_3D('',#2744,#2745,#2746);
#2744 = CARTESIAN_POINT('',(189.966342,92.64933,0.));
#2745 = DIRECTION('',(0.,-1.,0.));
#2746 = DIRECTION('',(-1.,0.,0.));
#2747 = ADVANCED_FACE('',(#2748),#2773,.F.);
#2748 = FACE_BOUND('',#2749,.F.);
#2749 = EDGE_LOOP('',(#2750,#2758,#2766,#2772));
#2750 = ORIENTED_EDGE('',*,*,#2751,.T.);
#2751 = EDGE_CURVE('',#588,#2752,#2754,.T.);
#2752 = VERTEX_POINT('',#2753);
#2753 = CARTESIAN_POINT('',(175.73855668439,-3.164329390176,5.));
#2754 = LINE('',#2755,#2756);
#2755 = CARTESIAN_POINT('',(175.73855668439,-3.164329390176,7.));
#2756 = VECTOR('',#2757,1.);
#2757 = DIRECTION('',(-0.,-0.,-1.));
#2758 = ORIENTED_EDGE('',*,*,#2759,.T.);
#2759 = EDGE_CURVE('',#2752,#2760,#2762,.T.);
#2760 = VERTEX_POINT('',#2761);
#2761 = CARTESIAN_POINT('',(175.40311619192,-0.586058714701,5.));
#2762 = LINE('',#2763,#2764);
#2763 = CARTESIAN_POINT('',(175.73855668439,-3.164329390176,5.));
#2764 = VECTOR('',#2765,1.);
#2765 = DIRECTION('',(-0.129015574028,0.99164256749,0.));
#2766 = ORIENTED_EDGE('',*,*,#2767,.F.);
#2767 = EDGE_CURVE('',#590,#2760,#2768,.T.);
#2768 = LINE('',#2769,#2770);
#2769 = CARTESIAN_POINT('',(175.40311619192,-0.586058714701,7.));
#2770 = VECTOR('',#2771,1.);
#2771 = DIRECTION('',(-0.,-0.,-1.));
#2772 = ORIENTED_EDGE('',*,*,#587,.F.);
#2773 = PLANE('',#2774);
#2774 = AXIS2_PLACEMENT_3D('',#2775,#2776,#2777);
#2775 = CARTESIAN_POINT('',(175.73855668439,-3.164329390176,7.));
#2776 = DIRECTION('',(0.99164256749,0.129015574028,0.));
#2777 = DIRECTION('',(-0.129015574028,0.99164256749,0.));
#2778 = ADVANCED_FACE('',(#2779),#2797,.F.);
#2779 = FACE_BOUND('',#2780,.F.);
#2780 = EDGE_LOOP('',(#2781,#2782,#2790,#2796));
#2781 = ORIENTED_EDGE('',*,*,#2767,.T.);
#2782 = ORIENTED_EDGE('',*,*,#2783,.T.);
#2783 = EDGE_CURVE('',#2760,#2784,#2786,.T.);
#2784 = VERTEX_POINT('',#2785);
#2785 = CARTESIAN_POINT('',(173.00254804289,0.412576635096,5.));
#2786 = LINE('',#2787,#2788);
#2787 = CARTESIAN_POINT('',(175.40311619192,-0.586058714701,5.));
#2788 = VECTOR('',#2789,1.);
#2789 = DIRECTION('',(-0.923295441935,0.384090519152,0.));
#2790 = ORIENTED_EDGE('',*,*,#2791,.F.);
#2791 = EDGE_CURVE('',#622,#2784,#2792,.T.);
#2792 = LINE('',#2793,#2794);
#2793 = CARTESIAN_POINT('',(173.00254804289,0.412576635096,7.));
#2794 = VECTOR('',#2795,1.);
#2795 = DIRECTION('',(-0.,-0.,-1.));
#2796 = ORIENTED_EDGE('',*,*,#629,.F.);
#2797 = PLANE('',#2798);
#2798 = AXIS2_PLACEMENT_3D('',#2799,#2800,#2801);
#2799 = CARTESIAN_POINT('',(175.40311619192,-0.586058714701,7.));
#2800 = DIRECTION('',(0.384090519152,0.923295441935,0.));
#2801 = DIRECTION('',(-0.923295441935,0.384090519152,0.));
#2802 = ADVANCED_FACE('',(#2803),#2821,.F.);
#2803 = FACE_BOUND('',#2804,.F.);
#2804 = EDGE_LOOP('',(#2805,#2806,#2814,#2820));
#2805 = ORIENTED_EDGE('',*,*,#2791,.T.);
#2806 = ORIENTED_EDGE('',*,*,#2807,.T.);
#2807 = EDGE_CURVE('',#2784,#2808,#2810,.T.);
#2808 = VERTEX_POINT('',#2809);
#2809 = CARTESIAN_POINT('',(170.93742038633,-1.167058690583,5.));
#2810 = LINE('',#2811,#2812);
#2811 = CARTESIAN_POINT('',(173.00254804289,0.412576635096,5.));
#2812 = VECTOR('',#2813,1.);
#2813 = DIRECTION('',(-0.794279867906,-0.607552048338,0.));
#2814 = ORIENTED_EDGE('',*,*,#2815,.F.);
#2815 = EDGE_CURVE('',#614,#2808,#2816,.T.);
#2816 = LINE('',#2817,#2818);
#2817 = CARTESIAN_POINT('',(170.93742038633,-1.167058690583,7.));
#2818 = VECTOR('',#2819,1.);
#2819 = DIRECTION('',(-0.,-0.,-1.));
#2820 = ORIENTED_EDGE('',*,*,#621,.F.);
#2821 = PLANE('',#2822);
#2822 = AXIS2_PLACEMENT_3D('',#2823,#2824,#2825);
#2823 = CARTESIAN_POINT('',(173.00254804289,0.412576635096,7.));
#2824 = DIRECTION('',(-0.607552048338,0.794279867906,0.));
#2825 = DIRECTION('',(-0.794279867906,-0.607552048338,0.));
#2826 = ADVANCED_FACE('',(#2827),#2845,.F.);
#2827 = FACE_BOUND('',#2828,.F.);
#2828 = EDGE_LOOP('',(#2829,#2830,#2838,#2844));
#2829 = ORIENTED_EDGE('',*,*,#2815,.T.);
#2830 = ORIENTED_EDGE('',*,*,#2831,.T.);
#2831 = EDGE_CURVE('',#2808,#2832,#2834,.T.);
#2832 = VERTEX_POINT('',#2833);
#2833 = CARTESIAN_POINT('',(171.27286087881,-3.745329366057,5.));
#2834 = LINE('',#2835,#2836);
#2835 = CARTESIAN_POINT('',(170.93742038633,-1.167058690583,5.));
#2836 = VECTOR('',#2837,1.);
#2837 = DIRECTION('',(0.129015574029,-0.99164256749,0.));
#2838 = ORIENTED_EDGE('',*,*,#2839,.F.);
#2839 = EDGE_CURVE('',#606,#2832,#2840,.T.);
#2840 = LINE('',#2841,#2842);
#2841 = CARTESIAN_POINT('',(171.27286087881,-3.745329366057,7.));
#2842 = VECTOR('',#2843,1.);
#2843 = DIRECTION('',(-0.,-0.,-1.));
#2844 = ORIENTED_EDGE('',*,*,#613,.F.);
#2845 = PLANE('',#2846);
#2846 = AXIS2_PLACEMENT_3D('',#2847,#2848,#2849);
#2847 = CARTESIAN_POINT('',(170.93742038633,-1.167058690583,7.));
#2848 = DIRECTION('',(-0.99164256749,-0.129015574029,0.));
#2849 = DIRECTION('',(0.129015574029,-0.99164256749,0.));
#2850 = ADVANCED_FACE('',(#2851),#2869,.F.);
#2851 = FACE_BOUND('',#2852,.F.);
#2852 = EDGE_LOOP('',(#2853,#2854,#2862,#2868));
#2853 = ORIENTED_EDGE('',*,*,#2839,.T.);
#2854 = ORIENTED_EDGE('',*,*,#2855,.T.);
#2855 = EDGE_CURVE('',#2832,#2856,#2858,.T.);
#2856 = VERTEX_POINT('',#2857);
#2857 = CARTESIAN_POINT('',(173.67342902784,-4.743964715854,5.));
#2858 = LINE('',#2859,#2860);
#2859 = CARTESIAN_POINT('',(171.27286087881,-3.745329366057,5.));
#2860 = VECTOR('',#2861,1.);
#2861 = DIRECTION('',(0.923295441935,-0.384090519152,0.));
#2862 = ORIENTED_EDGE('',*,*,#2863,.F.);
#2863 = EDGE_CURVE('',#598,#2856,#2864,.T.);
#2864 = LINE('',#2865,#2866);
#2865 = CARTESIAN_POINT('',(173.67342902784,-4.743964715854,7.));
#2866 = VECTOR('',#2867,1.);
#2867 = DIRECTION('',(-0.,-0.,-1.));
#2868 = ORIENTED_EDGE('',*,*,#605,.F.);
#2869 = PLANE('',#2870);
#2870 = AXIS2_PLACEMENT_3D('',#2871,#2872,#2873);
#2871 = CARTESIAN_POINT('',(171.27286087881,-3.745329366057,7.));
#2872 = DIRECTION('',(-0.384090519152,-0.923295441935,0.));
#2873 = DIRECTION('',(0.923295441935,-0.384090519152,0.));
#2874 = ADVANCED_FACE('',(#2875),#2886,.F.);
#2875 = FACE_BOUND('',#2876,.F.);
#2876 = EDGE_LOOP('',(#2877,#2878,#2884,#2885));
#2877 = ORIENTED_EDGE('',*,*,#2863,.T.);
#2878 = ORIENTED_EDGE('',*,*,#2879,.T.);
#2879 = EDGE_CURVE('',#2856,#2752,#2880,.T.);
#2880 = LINE('',#2881,#2882);
#2881 = CARTESIAN_POINT('',(173.67342902784,-4.743964715854,5.));
#2882 = VECTOR('',#2883,1.);
#2883 = DIRECTION('',(0.794279867906,0.607552048338,0.));
#2884 = ORIENTED_EDGE('',*,*,#2751,.F.);
#2885 = ORIENTED_EDGE('',*,*,#597,.F.);
#2886 = PLANE('',#2887);
#2887 = AXIS2_PLACEMENT_3D('',#2888,#2889,#2890);
#2888 = CARTESIAN_POINT('',(173.67342902784,-4.743964715854,7.));
#2889 = DIRECTION('',(0.607552048338,-0.794279867906,0.));
#2890 = DIRECTION('',(0.794279867906,0.607552048338,0.));
#2891 = ADVANCED_FACE('',(#2892),#2917,.F.);
#2892 = FACE_BOUND('',#2893,.F.);
#2893 = EDGE_LOOP('',(#2894,#2904,#2910,#2911));
#2894 = ORIENTED_EDGE('',*,*,#2895,.F.);
#2895 = EDGE_CURVE('',#2896,#2898,#2900,.T.);
#2896 = VERTEX_POINT('',#2897);
#2897 = CARTESIAN_POINT('',(183.60124972455,22.429279100341,5.2));
#2898 = VERTEX_POINT('',#2899);
#2899 = CARTESIAN_POINT('',(189.03129426272,9.254404209387,5.2));
#2900 = LINE('',#2901,#2902);
#2901 = CARTESIAN_POINT('',(182.44294110608,25.239674305431,5.2));
#2902 = VECTOR('',#2903,1.);
#2903 = DIRECTION('',(0.381055558077,-0.924552141125,0.));
#2904 = ORIENTED_EDGE('',*,*,#2905,.T.);
#2905 = EDGE_CURVE('',#2896,#638,#2906,.T.);
#2906 = LINE('',#2907,#2908);
#2907 = CARTESIAN_POINT('',(183.60124972455,22.429279100341,0.));
#2908 = VECTOR('',#2909,1.);
#2909 = DIRECTION('',(0.,0.,1.));
#2910 = ORIENTED_EDGE('',*,*,#637,.T.);
#2911 = ORIENTED_EDGE('',*,*,#2912,.F.);
#2912 = EDGE_CURVE('',#2898,#640,#2913,.T.);
#2913 = LINE('',#2914,#2915);
#2914 = CARTESIAN_POINT('',(189.03129426272,9.254404209387,0.));
#2915 = VECTOR('',#2916,1.);
#2916 = DIRECTION('',(0.,0.,1.));
#2917 = PLANE('',#2918);
#2918 = AXIS2_PLACEMENT_3D('',#2919,#2920,#2921);
#2919 = CARTESIAN_POINT('',(183.60124972455,22.429279100341,0.));
#2920 = DIRECTION('',(0.924552141125,0.381055558077,0.));
#2921 = DIRECTION('',(0.381055558077,-0.924552141125,0.));
#2922 = ADVANCED_FACE('',(#2923),#2941,.F.);
#2923 = FACE_BOUND('',#2924,.F.);
#2924 = EDGE_LOOP('',(#2925,#2933,#2939,#2940));
#2925 = ORIENTED_EDGE('',*,*,#2926,.F.);
#2926 = EDGE_CURVE('',#2927,#2896,#2929,.T.);
#2927 = VERTEX_POINT('',#2928);
#2928 = CARTESIAN_POINT('',(170.4263960749,16.999268999251,5.2));
#2929 = LINE('',#2930,#2931);
#2930 = CARTESIAN_POINT('',(203.93343057841,30.809178441126,5.2));
#2931 = VECTOR('',#2932,1.);
#2932 = DIRECTION('',(0.924552776077,0.381054017494,0.));
#2933 = ORIENTED_EDGE('',*,*,#2934,.T.);
#2934 = EDGE_CURVE('',#2927,#656,#2935,.T.);
#2935 = LINE('',#2936,#2937);
#2936 = CARTESIAN_POINT('',(170.4263960749,16.999268999251,0.));
#2937 = VECTOR('',#2938,1.);
#2938 = DIRECTION('',(0.,0.,1.));
#2939 = ORIENTED_EDGE('',*,*,#663,.T.);
#2940 = ORIENTED_EDGE('',*,*,#2905,.F.);
#2941 = PLANE('',#2942);
#2942 = AXIS2_PLACEMENT_3D('',#2943,#2944,#2945);
#2943 = CARTESIAN_POINT('',(170.4263960749,16.999268999251,0.));
#2944 = DIRECTION('',(-0.381054017494,0.924552776077,0.));
#2945 = DIRECTION('',(0.924552776077,0.381054017494,0.));
#2946 = ADVANCED_FACE('',(#2947),#2965,.F.);
#2947 = FACE_BOUND('',#2948,.F.);
#2948 = EDGE_LOOP('',(#2949,#2957,#2958,#2959));
#2949 = ORIENTED_EDGE('',*,*,#2950,.F.);
#2950 = EDGE_CURVE('',#2898,#2951,#2953,.T.);
#2951 = VERTEX_POINT('',#2952);
#2952 = CARTESIAN_POINT('',(175.85641916254,3.824384850935,5.2));
#2953 = LINE('',#2954,#2955);
#2954 = CARTESIAN_POINT('',(215.95089091888,20.34930490887,5.2));
#2955 = VECTOR('',#2956,1.);
#2956 = DIRECTION('',(-0.924552765779,-0.38105404248,0.));
#2957 = ORIENTED_EDGE('',*,*,#2912,.T.);
#2958 = ORIENTED_EDGE('',*,*,#647,.T.);
#2959 = ORIENTED_EDGE('',*,*,#2960,.F.);
#2960 = EDGE_CURVE('',#2951,#648,#2961,.T.);
#2961 = LINE('',#2962,#2963);
#2962 = CARTESIAN_POINT('',(175.85641916254,3.824384850935,0.));
#2963 = VECTOR('',#2964,1.);
#2964 = DIRECTION('',(0.,0.,1.));
#2965 = PLANE('',#2966);
#2966 = AXIS2_PLACEMENT_3D('',#2967,#2968,#2969);
#2967 = CARTESIAN_POINT('',(189.03129426272,9.254404209387,0.));
#2968 = DIRECTION('',(0.38105404248,-0.924552765779,0.));
#2969 = DIRECTION('',(-0.924552765779,-0.38105404248,0.));
#2970 = ADVANCED_FACE('',(#2971),#2982,.F.);
#2971 = FACE_BOUND('',#2972,.F.);
#2972 = EDGE_LOOP('',(#2973,#2979,#2980,#2981));
#2973 = ORIENTED_EDGE('',*,*,#2974,.F.);
#2974 = EDGE_CURVE('',#2951,#2927,#2975,.T.);
#2975 = LINE('',#2976,#2977);
#2976 = CARTESIAN_POINT('',(171.98308549301,13.222267979635,5.2));
#2977 = VECTOR('',#2978,1.);
#2978 = DIRECTION('',(-0.38105404248,0.924552765779,0.));
#2979 = ORIENTED_EDGE('',*,*,#2960,.T.);
#2980 = ORIENTED_EDGE('',*,*,#655,.T.);
#2981 = ORIENTED_EDGE('',*,*,#2934,.F.);
#2982 = PLANE('',#2983);
#2983 = AXIS2_PLACEMENT_3D('',#2984,#2985,#2986);
#2984 = CARTESIAN_POINT('',(175.85641916254,3.824384850935,0.));
#2985 = DIRECTION('',(-0.924552765779,-0.38105404248,0.));
#2986 = DIRECTION('',(-0.38105404248,0.924552765779,0.));
#2987 = ADVANCED_FACE('',(#2988),#3007,.F.);
#2988 = FACE_BOUND('',#2989,.T.);
#2989 = EDGE_LOOP('',(#2990,#2999,#3005,#3006));
#2990 = ORIENTED_EDGE('',*,*,#2991,.T.);
#2991 = EDGE_CURVE('',#2992,#2992,#2994,.T.);
#2992 = VERTEX_POINT('',#2993);
#2993 = CARTESIAN_POINT('',(190.81,17.24,5.2));
#2994 = CIRCLE('',#2995,1.2);
#2995 = AXIS2_PLACEMENT_3D('',#2996,#2997,#2998);
#2996 = CARTESIAN_POINT('',(189.61,17.24,5.2));
#2997 = DIRECTION('',(0.,0.,-1.));
#2998 = DIRECTION('',(1.,0.,0.));
#2999 = ORIENTED_EDGE('',*,*,#3000,.T.);
#3000 = EDGE_CURVE('',#2992,#672,#3001,.T.);
#3001 = LINE('',#3002,#3003);
#3002 = CARTESIAN_POINT('',(190.81,17.24,0.));
#3003 = VECTOR('',#3004,1.);
#3004 = DIRECTION('',(0.,0.,1.));
#3005 = ORIENTED_EDGE('',*,*,#671,.T.);
#3006 = ORIENTED_EDGE('',*,*,#3000,.F.);
#3007 = CYLINDRICAL_SURFACE('',#3008,1.2);
#3008 = AXIS2_PLACEMENT_3D('',#3009,#3010,#3011);
#3009 = CARTESIAN_POINT('',(189.61,17.24,0.));
#3010 = DIRECTION('',(-0.,-0.,-1.));
#3011 = DIRECTION('',(1.,0.,0.));
#3012 = ADVANCED_FACE('',(#3013),#3038,.F.);
#3013 = FACE_BOUND('',#3014,.F.);
#3014 = EDGE_LOOP('',(#3015,#3025,#3031,#3032));
#3015 = ORIENTED_EDGE('',*,*,#3016,.F.);
#3016 = EDGE_CURVE('',#3017,#3019,#3021,.T.);
#3017 = VERTEX_POINT('',#3018);
#3018 = CARTESIAN_POINT('',(191.72478299416,24.879587130669,5.2));
#3019 = VERTEX_POINT('',#3020);
#3020 = CARTESIAN_POINT('',(205.73158592485,27.500897105593,5.2));
#3021 = LINE('',#3022,#3023);
#3022 = CARTESIAN_POINT('',(214.98276791279,29.232214076699,5.2));
#3023 = VECTOR('',#3024,1.);
#3024 = DIRECTION('',(0.98293524693,0.18395189682,0.));
#3025 = ORIENTED_EDGE('',*,*,#3026,.T.);
#3026 = EDGE_CURVE('',#3017,#683,#3027,.T.);
#3027 = LINE('',#3028,#3029);
#3028 = CARTESIAN_POINT('',(191.72478299416,24.879587130669,0.));
#3029 = VECTOR('',#3030,1.);
#3030 = DIRECTION('',(0.,0.,1.));
#3031 = ORIENTED_EDGE('',*,*,#682,.T.);
#3032 = ORIENTED_EDGE('',*,*,#3033,.F.);
#3033 = EDGE_CURVE('',#3019,#685,#3034,.T.);
#3034 = LINE('',#3035,#3036);
#3035 = CARTESIAN_POINT('',(205.73158592485,27.500897105593,0.));
#3036 = VECTOR('',#3037,1.);
#3037 = DIRECTION('',(0.,0.,1.));
#3038 = PLANE('',#3039);
#3039 = AXIS2_PLACEMENT_3D('',#3040,#3041,#3042);
#3040 = CARTESIAN_POINT('',(191.72478299416,24.879587130669,0.));
#3041 = DIRECTION('',(-0.18395189682,0.98293524693,0.));
#3042 = DIRECTION('',(0.98293524693,0.18395189682,0.));
#3043 = ADVANCED_FACE('',(#3044),#3062,.F.);
#3044 = FACE_BOUND('',#3045,.F.);
#3045 = EDGE_LOOP('',(#3046,#3054,#3060,#3061));
#3046 = ORIENTED_EDGE('',*,*,#3047,.F.);
#3047 = EDGE_CURVE('',#3048,#3017,#3050,.T.);
#3048 = VERTEX_POINT('',#3049);
#3049 = CARTESIAN_POINT('',(194.34606779727,10.87277829677,5.2));
#3050 = LINE('',#3051,#3052);
#3051 = CARTESIAN_POINT('',(191.47696630268,26.203793115182,5.2));
#3052 = VECTOR('',#3053,1.);
#3053 = DIRECTION('',(-0.183950115244,0.982935580342,0.));
#3054 = ORIENTED_EDGE('',*,*,#3055,.T.);
#3055 = EDGE_CURVE('',#3048,#701,#3056,.T.);
#3056 = LINE('',#3057,#3058);
#3057 = CARTESIAN_POINT('',(194.34606779727,10.87277829677,0.));
#3058 = VECTOR('',#3059,1.);
#3059 = DIRECTION('',(0.,0.,1.));
#3060 = ORIENTED_EDGE('',*,*,#708,.T.);
#3061 = ORIENTED_EDGE('',*,*,#3026,.F.);
#3062 = PLANE('',#3063);
#3063 = AXIS2_PLACEMENT_3D('',#3064,#3065,#3066);
#3064 = CARTESIAN_POINT('',(194.34606779727,10.87277829677,0.));
#3065 = DIRECTION('',(-0.982935580342,-0.183950115244,0.));
#3066 = DIRECTION('',(-0.183950115244,0.982935580342,0.));
#3067 = ADVANCED_FACE('',(#3068),#3086,.F.);
#3068 = FACE_BOUND('',#3069,.F.);
#3069 = EDGE_LOOP('',(#3070,#3078,#3079,#3080));
#3070 = ORIENTED_EDGE('',*,*,#3071,.F.);
#3071 = EDGE_CURVE('',#3019,#3072,#3074,.T.);
#3072 = VERTEX_POINT('',#3073);
#3073 = CARTESIAN_POINT('',(208.35290068379,13.494068611817,5.2));
#3074 = LINE('',#3075,#3076);
#3075 = CARTESIAN_POINT('',(204.17311962713,35.828462527106,5.2));
#3076 = VECTOR('',#3077,1.);
#3077 = DIRECTION('',(0.18395189682,-0.98293524693,0.));
#3078 = ORIENTED_EDGE('',*,*,#3033,.T.);
#3079 = ORIENTED_EDGE('',*,*,#692,.T.);
#3080 = ORIENTED_EDGE('',*,*,#3081,.F.);
#3081 = EDGE_CURVE('',#3072,#693,#3082,.T.);
#3082 = LINE('',#3083,#3084);
#3083 = CARTESIAN_POINT('',(208.35290068379,13.494068611817,0.));
#3084 = VECTOR('',#3085,1.);
#3085 = DIRECTION('',(0.,0.,1.));
#3086 = PLANE('',#3087);
#3087 = AXIS2_PLACEMENT_3D('',#3088,#3089,#3090);
#3088 = CARTESIAN_POINT('',(205.73158592485,27.500897105593,0.));
#3089 = DIRECTION('',(0.98293524693,0.18395189682,0.));
#3090 = DIRECTION('',(0.18395189682,-0.98293524693,0.));
#3091 = ADVANCED_FACE('',(#3092),#3103,.F.);
#3092 = FACE_BOUND('',#3093,.F.);
#3093 = EDGE_LOOP('',(#3094,#3100,#3101,#3102));
#3094 = ORIENTED_EDGE('',*,*,#3095,.F.);
#3095 = EDGE_CURVE('',#3072,#3048,#3096,.T.);
#3096 = LINE('',#3097,#3098);
#3097 = CARTESIAN_POINT('',(224.60746271981,16.536007241739,5.2));
#3098 = VECTOR('',#3099,1.);
#3099 = DIRECTION('',(-0.982935567518,-0.183950183766,0.));
#3100 = ORIENTED_EDGE('',*,*,#3081,.T.);
#3101 = ORIENTED_EDGE('',*,*,#700,.T.);
#3102 = ORIENTED_EDGE('',*,*,#3055,.F.);
#3103 = PLANE('',#3104);
#3104 = AXIS2_PLACEMENT_3D('',#3105,#3106,#3107);
#3105 = CARTESIAN_POINT('',(208.35290068379,13.494068611817,0.));
#3106 = DIRECTION('',(0.183950183766,-0.982935567518,0.));
#3107 = DIRECTION('',(-0.982935567518,-0.183950183766,0.));
#3108 = ADVANCED_FACE('',(#3109),#3134,.T.);
#3109 = FACE_BOUND('',#3110,.T.);
#3110 = EDGE_LOOP('',(#3111,#3121,#3127,#3128));
#3111 = ORIENTED_EDGE('',*,*,#3112,.F.);
#3112 = EDGE_CURVE('',#3113,#3115,#3117,.T.);
#3113 = VERTEX_POINT('',#3114);
#3114 = CARTESIAN_POINT('',(172.741332,46.761842,5.2));
#3115 = VERTEX_POINT('',#3116);
#3116 = CARTESIAN_POINT('',(172.741332,31.711834,5.2));
#3117 = LINE('',#3118,#3119);
#3118 = CARTESIAN_POINT('',(172.741332,48.500906932877,5.2));
#3119 = VECTOR('',#3120,1.);
#3120 = DIRECTION('',(0.,-1.,0.));
#3121 = ORIENTED_EDGE('',*,*,#3122,.T.);
#3122 = EDGE_CURVE('',#3113,#717,#3123,.T.);
#3123 = LINE('',#3124,#3125);
#3124 = CARTESIAN_POINT('',(172.741332,46.761842,0.));
#3125 = VECTOR('',#3126,1.);
#3126 = DIRECTION('',(0.,0.,1.));
#3127 = ORIENTED_EDGE('',*,*,#716,.T.);
#3128 = ORIENTED_EDGE('',*,*,#3129,.F.);
#3129 = EDGE_CURVE('',#3115,#719,#3130,.T.);
#3130 = LINE('',#3131,#3132);
#3131 = CARTESIAN_POINT('',(172.741332,31.711834,0.));
#3132 = VECTOR('',#3133,1.);
#3133 = DIRECTION('',(0.,0.,1.));
#3134 = PLANE('',#3135);
#3135 = AXIS2_PLACEMENT_3D('',#3136,#3137,#3138);
#3136 = CARTESIAN_POINT('',(172.741332,46.761842,0.));
#3137 = DIRECTION('',(1.,0.,0.));
#3138 = DIRECTION('',(0.,-1.,0.));
#3139 = ADVANCED_FACE('',(#3140),#3158,.T.);
#3140 = FACE_BOUND('',#3141,.T.);
#3141 = EDGE_LOOP('',(#3142,#3150,#3156,#3157));
#3142 = ORIENTED_EDGE('',*,*,#3143,.F.);
#3143 = EDGE_CURVE('',#3144,#3113,#3146,.T.);
#3144 = VERTEX_POINT('',#3145);
#3145 = CARTESIAN_POINT('',(188.591339,46.761842,5.2));
#3146 = LINE('',#3147,#3148);
#3147 = CARTESIAN_POINT('',(211.85757961799,46.761842,5.2));
#3148 = VECTOR('',#3149,1.);
#3149 = DIRECTION('',(-1.,0.,0.));
#3150 = ORIENTED_EDGE('',*,*,#3151,.T.);
#3151 = EDGE_CURVE('',#3144,#727,#3152,.T.);
#3152 = LINE('',#3153,#3154);
#3153 = CARTESIAN_POINT('',(188.591339,46.761842,0.));
#3154 = VECTOR('',#3155,1.);
#3155 = DIRECTION('',(0.,0.,1.));
#3156 = ORIENTED_EDGE('',*,*,#726,.T.);
#3157 = ORIENTED_EDGE('',*,*,#3122,.F.);
#3158 = PLANE('',#3159);
#3159 = AXIS2_PLACEMENT_3D('',#3160,#3161,#3162);
#3160 = CARTESIAN_POINT('',(188.591339,46.761842,0.));
#3161 = DIRECTION('',(0.,-1.,0.));
#3162 = DIRECTION('',(-1.,0.,0.));
#3163 = ADVANCED_FACE('',(#3164),#3182,.T.);
#3164 = FACE_BOUND('',#3165,.T.);
#3165 = EDGE_LOOP('',(#3166,#3174,#3175,#3176));
#3166 = ORIENTED_EDGE('',*,*,#3167,.F.);
#3167 = EDGE_CURVE('',#3115,#3168,#3170,.T.);
#3168 = VERTEX_POINT('',#3169);
#3169 = CARTESIAN_POINT('',(188.591339,31.711834,5.2));
#3170 = LINE('',#3171,#3172);
#3171 = CARTESIAN_POINT('',(203.93257611799,31.711834,5.2));
#3172 = VECTOR('',#3173,1.);
#3173 = DIRECTION('',(1.,0.,0.));
#3174 = ORIENTED_EDGE('',*,*,#3129,.T.);
#3175 = ORIENTED_EDGE('',*,*,#742,.T.);
#3176 = ORIENTED_EDGE('',*,*,#3177,.F.);
#3177 = EDGE_CURVE('',#3168,#735,#3178,.T.);
#3178 = LINE('',#3179,#3180);
#3179 = CARTESIAN_POINT('',(188.591339,31.711834,0.));
#3180 = VECTOR('',#3181,1.);
#3181 = DIRECTION('',(0.,0.,1.));
#3182 = PLANE('',#3183);
#3183 = AXIS2_PLACEMENT_3D('',#3184,#3185,#3186);
#3184 = CARTESIAN_POINT('',(172.741332,31.711834,0.));
#3185 = DIRECTION('',(0.,1.,0.));
#3186 = DIRECTION('',(1.,0.,0.));
#3187 = ADVANCED_FACE('',(#3188),#3199,.T.);
#3188 = FACE_BOUND('',#3189,.T.);
#3189 = EDGE_LOOP('',(#3190,#3196,#3197,#3198));
#3190 = ORIENTED_EDGE('',*,*,#3191,.F.);
#3191 = EDGE_CURVE('',#3168,#3144,#3192,.T.);
#3192 = LINE('',#3193,#3194);
#3193 = CARTESIAN_POINT('',(188.591339,40.975902932877,5.2));
#3194 = VECTOR('',#3195,1.);
#3195 = DIRECTION('',(0.,1.,0.));
#3196 = ORIENTED_EDGE('',*,*,#3177,.T.);
#3197 = ORIENTED_EDGE('',*,*,#734,.T.);
#3198 = ORIENTED_EDGE('',*,*,#3151,.F.);
#3199 = PLANE('',#3200);
#3200 = AXIS2_PLACEMENT_3D('',#3201,#3202,#3203);
#3201 = CARTESIAN_POINT('',(188.591339,31.711834,0.));
#3202 = DIRECTION('',(-1.,0.,0.));
#3203 = DIRECTION('',(0.,1.,0.));
#3204 = ADVANCED_FACE('',(#3205),#3230,.T.);
#3205 = FACE_BOUND('',#3206,.T.);
#3206 = EDGE_LOOP('',(#3207,#3217,#3223,#3224));
#3207 = ORIENTED_EDGE('',*,*,#3208,.F.);
#3208 = EDGE_CURVE('',#3209,#3211,#3213,.T.);
#3209 = VERTEX_POINT('',#3210);
#3210 = CARTESIAN_POINT('',(192.391331,52.124341,5.2));
#3211 = VERTEX_POINT('',#3212);
#3212 = CARTESIAN_POINT('',(192.391331,37.874331,5.2));
#3213 = LINE('',#3214,#3215);
#3214 = CARTESIAN_POINT('',(192.391331,51.182156432877,5.2));
#3215 = VECTOR('',#3216,1.);
#3216 = DIRECTION('',(0.,-1.,0.));
#3217 = ORIENTED_EDGE('',*,*,#3218,.T.);
#3218 = EDGE_CURVE('',#3209,#751,#3219,.T.);
#3219 = LINE('',#3220,#3221);
#3220 = CARTESIAN_POINT('',(192.391331,52.124341,0.));
#3221 = VECTOR('',#3222,1.);
#3222 = DIRECTION('',(0.,0.,1.));
#3223 = ORIENTED_EDGE('',*,*,#750,.T.);
#3224 = ORIENTED_EDGE('',*,*,#3225,.F.);
#3225 = EDGE_CURVE('',#3211,#753,#3226,.T.);
#3226 = LINE('',#3227,#3228);
#3227 = CARTESIAN_POINT('',(192.391331,37.874331,0.));
#3228 = VECTOR('',#3229,1.);
#3229 = DIRECTION('',(0.,0.,1.));
#3230 = PLANE('',#3231);
#3231 = AXIS2_PLACEMENT_3D('',#3232,#3233,#3234);
#3232 = CARTESIAN_POINT('',(192.391331,52.124341,0.));
#3233 = DIRECTION('',(1.,0.,0.));
#3234 = DIRECTION('',(0.,-1.,0.));
#3235 = ADVANCED_FACE('',(#3236),#3254,.T.);
#3236 = FACE_BOUND('',#3237,.T.);
#3237 = EDGE_LOOP('',(#3238,#3246,#3252,#3253));
#3238 = ORIENTED_EDGE('',*,*,#3239,.F.);
#3239 = EDGE_CURVE('',#3240,#3209,#3242,.T.);
#3240 = VERTEX_POINT('',#3241);
#3241 = CARTESIAN_POINT('',(206.641341,52.124341,5.2));
#3242 = LINE('',#3243,#3244);
#3243 = CARTESIAN_POINT('',(220.88258061799,52.124341,5.2));
#3244 = VECTOR('',#3245,1.);
#3245 = DIRECTION('',(-1.,0.,0.));
#3246 = ORIENTED_EDGE('',*,*,#3247,.T.);
#3247 = EDGE_CURVE('',#3240,#761,#3248,.T.);
#3248 = LINE('',#3249,#3250);
#3249 = CARTESIAN_POINT('',(206.641341,52.124341,0.));
#3250 = VECTOR('',#3251,1.);
#3251 = DIRECTION('',(0.,0.,1.));
#3252 = ORIENTED_EDGE('',*,*,#760,.T.);
#3253 = ORIENTED_EDGE('',*,*,#3218,.F.);
#3254 = PLANE('',#3255);
#3255 = AXIS2_PLACEMENT_3D('',#3256,#3257,#3258);
#3256 = CARTESIAN_POINT('',(206.641341,52.124341,0.));
#3257 = DIRECTION('',(0.,-1.,0.));
#3258 = DIRECTION('',(-1.,0.,0.));
#3259 = ADVANCED_FACE('',(#3260),#3278,.T.);
#3260 = FACE_BOUND('',#3261,.T.);
#3261 = EDGE_LOOP('',(#3262,#3270,#3271,#3272));
#3262 = ORIENTED_EDGE('',*,*,#3263,.F.);
#3263 = EDGE_CURVE('',#3211,#3264,#3266,.T.);
#3264 = VERTEX_POINT('',#3265);
#3265 = CARTESIAN_POINT('',(206.641341,37.874331,5.2));
#3266 = LINE('',#3267,#3268);
#3267 = CARTESIAN_POINT('',(213.75757561799,37.874331,5.2));
#3268 = VECTOR('',#3269,1.);
#3269 = DIRECTION('',(1.,0.,0.));
#3270 = ORIENTED_EDGE('',*,*,#3225,.T.);
#3271 = ORIENTED_EDGE('',*,*,#776,.T.);
#3272 = ORIENTED_EDGE('',*,*,#3273,.F.);
#3273 = EDGE_CURVE('',#3264,#769,#3274,.T.);
#3274 = LINE('',#3275,#3276);
#3275 = CARTESIAN_POINT('',(206.641341,37.874331,0.));
#3276 = VECTOR('',#3277,1.);
#3277 = DIRECTION('',(0.,0.,1.));
#3278 = PLANE('',#3279);
#3279 = AXIS2_PLACEMENT_3D('',#3280,#3281,#3282);
#3280 = CARTESIAN_POINT('',(192.391331,37.874331,0.));
#3281 = DIRECTION('',(0.,1.,0.));
#3282 = DIRECTION('',(1.,0.,0.));
#3283 = ADVANCED_FACE('',(#3284),#3295,.T.);
#3284 = FACE_BOUND('',#3285,.T.);
#3285 = EDGE_LOOP('',(#3286,#3292,#3293,#3294));
#3286 = ORIENTED_EDGE('',*,*,#3287,.F.);
#3287 = EDGE_CURVE('',#3264,#3240,#3288,.T.);
#3288 = LINE('',#3289,#3290);
#3289 = CARTESIAN_POINT('',(206.641341,44.057151432877,5.2));
#3290 = VECTOR('',#3291,1.);
#3291 = DIRECTION('',(0.,1.,0.));
#3292 = ORIENTED_EDGE('',*,*,#3273,.T.);
#3293 = ORIENTED_EDGE('',*,*,#768,.T.);
#3294 = ORIENTED_EDGE('',*,*,#3247,.F.);
#3295 = PLANE('',#3296);
#3296 = AXIS2_PLACEMENT_3D('',#3297,#3298,#3299);
#3297 = CARTESIAN_POINT('',(206.641341,37.874331,0.));
#3298 = DIRECTION('',(-1.,0.,0.));
#3299 = DIRECTION('',(0.,1.,0.));
#3300 = ADVANCED_FACE('',(#3301),#3320,.F.);
#3301 = FACE_BOUND('',#3302,.T.);
#3302 = EDGE_LOOP('',(#3303,#3312,#3318,#3319));
#3303 = ORIENTED_EDGE('',*,*,#3304,.T.);
#3304 = EDGE_CURVE('',#3305,#3305,#3307,.T.);
#3305 = VERTEX_POINT('',#3306);
#3306 = CARTESIAN_POINT('',(210.31,32.74,5.2));
#3307 = CIRCLE('',#3308,1.2);
#3308 = AXIS2_PLACEMENT_3D('',#3309,#3310,#3311);
#3309 = CARTESIAN_POINT('',(209.11,32.74,5.2));
#3310 = DIRECTION('',(0.,0.,-1.));
#3311 = DIRECTION('',(1.,0.,0.));
#3312 = ORIENTED_EDGE('',*,*,#3313,.T.);
#3313 = EDGE_CURVE('',#3305,#785,#3314,.T.);
#3314 = LINE('',#3315,#3316);
#3315 = CARTESIAN_POINT('',(210.31,32.74,0.));
#3316 = VECTOR('',#3317,1.);
#3317 = DIRECTION('',(0.,0.,1.));
#3318 = ORIENTED_EDGE('',*,*,#784,.T.);
#3319 = ORIENTED_EDGE('',*,*,#3313,.F.);
#3320 = CYLINDRICAL_SURFACE('',#3321,1.2);
#3321 = AXIS2_PLACEMENT_3D('',#3322,#3323,#3324);
#3322 = CARTESIAN_POINT('',(209.11,32.74,0.));
#3323 = DIRECTION('',(-0.,-0.,-1.));
#3324 = DIRECTION('',(1.,0.,0.));
#3325 = ADVANCED_FACE('',(#3326),#3351,.T.);
#3326 = FACE_BOUND('',#3327,.T.);
#3327 = EDGE_LOOP('',(#3328,#3338,#3344,#3345));
#3328 = ORIENTED_EDGE('',*,*,#3329,.F.);
#3329 = EDGE_CURVE('',#3330,#3332,#3334,.T.);
#3330 = VERTEX_POINT('',#3331);
#3331 = CARTESIAN_POINT('',(213.822581,28.311841,5.2));
#3332 = VERTEX_POINT('',#3333);
#3333 = CARTESIAN_POINT('',(213.822581,14.061831,5.2));
#3334 = LINE('',#3335,#3336);
#3335 = CARTESIAN_POINT('',(213.822581,39.275906432877,5.2));
#3336 = VECTOR('',#3337,1.);
#3337 = DIRECTION('',(0.,-1.,0.));
#3338 = ORIENTED_EDGE('',*,*,#3339,.T.);
#3339 = EDGE_CURVE('',#3330,#796,#3340,.T.);
#3340 = LINE('',#3341,#3342);
#3341 = CARTESIAN_POINT('',(213.822581,28.311841,0.));
#3342 = VECTOR('',#3343,1.);
#3343 = DIRECTION('',(0.,0.,1.));
#3344 = ORIENTED_EDGE('',*,*,#795,.T.);
#3345 = ORIENTED_EDGE('',*,*,#3346,.F.);
#3346 = EDGE_CURVE('',#3332,#798,#3347,.T.);
#3347 = LINE('',#3348,#3349);
#3348 = CARTESIAN_POINT('',(213.822581,14.061831,0.));
#3349 = VECTOR('',#3350,1.);
#3350 = DIRECTION('',(0.,0.,1.));
#3351 = PLANE('',#3352);
#3352 = AXIS2_PLACEMENT_3D('',#3353,#3354,#3355);
#3353 = CARTESIAN_POINT('',(213.822581,28.311841,0.));
#3354 = DIRECTION('',(1.,0.,0.));
#3355 = DIRECTION('',(0.,-1.,0.));
#3356 = ADVANCED_FACE('',(#3357),#3375,.T.);
#3357 = FACE_BOUND('',#3358,.T.);
#3358 = EDGE_LOOP('',(#3359,#3367,#3373,#3374));
#3359 = ORIENTED_EDGE('',*,*,#3360,.F.);
#3360 = EDGE_CURVE('',#3361,#3330,#3363,.T.);
#3361 = VERTEX_POINT('',#3362);
#3362 = CARTESIAN_POINT('',(228.072591,28.311841,5.2));
#3363 = LINE('',#3364,#3365);
#3364 = CARTESIAN_POINT('',(231.59820561799,28.311841,5.2));
#3365 = VECTOR('',#3366,1.);
#3366 = DIRECTION('',(-1.,0.,0.));
#3367 = ORIENTED_EDGE('',*,*,#3368,.T.);
#3368 = EDGE_CURVE('',#3361,#806,#3369,.T.);
#3369 = LINE('',#3370,#3371);
#3370 = CARTESIAN_POINT('',(228.072591,28.311841,0.));
#3371 = VECTOR('',#3372,1.);
#3372 = DIRECTION('',(0.,0.,1.));
#3373 = ORIENTED_EDGE('',*,*,#805,.T.);
#3374 = ORIENTED_EDGE('',*,*,#3339,.F.);
#3375 = PLANE('',#3376);
#3376 = AXIS2_PLACEMENT_3D('',#3377,#3378,#3379);
#3377 = CARTESIAN_POINT('',(228.072591,28.311841,0.));
#3378 = DIRECTION('',(0.,-1.,0.));
#3379 = DIRECTION('',(-1.,0.,0.));
#3380 = ADVANCED_FACE('',(#3381),#3399,.T.);
#3381 = FACE_BOUND('',#3382,.T.);
#3382 = EDGE_LOOP('',(#3383,#3391,#3392,#3393));
#3383 = ORIENTED_EDGE('',*,*,#3384,.F.);
#3384 = EDGE_CURVE('',#3332,#3385,#3387,.T.);
#3385 = VERTEX_POINT('',#3386);
#3386 = CARTESIAN_POINT('',(228.072591,14.061831,5.2));
#3387 = LINE('',#3388,#3389);
#3388 = CARTESIAN_POINT('',(224.47320061799,14.061831,5.2));
#3389 = VECTOR('',#3390,1.);
#3390 = DIRECTION('',(1.,0.,0.));
#3391 = ORIENTED_EDGE('',*,*,#3346,.T.);
#3392 = ORIENTED_EDGE('',*,*,#821,.T.);
#3393 = ORIENTED_EDGE('',*,*,#3394,.F.);
#3394 = EDGE_CURVE('',#3385,#814,#3395,.T.);
#3395 = LINE('',#3396,#3397);
#3396 = CARTESIAN_POINT('',(228.072591,14.061831,0.));
#3397 = VECTOR('',#3398,1.);
#3398 = DIRECTION('',(0.,0.,1.));
#3399 = PLANE('',#3400);
#3400 = AXIS2_PLACEMENT_3D('',#3401,#3402,#3403);
#3401 = CARTESIAN_POINT('',(213.822581,14.061831,0.));
#3402 = DIRECTION('',(0.,1.,0.));
#3403 = DIRECTION('',(1.,0.,0.));
#3404 = ADVANCED_FACE('',(#3405),#3416,.T.);
#3405 = FACE_BOUND('',#3406,.T.);
#3406 = EDGE_LOOP('',(#3407,#3413,#3414,#3415));
#3407 = ORIENTED_EDGE('',*,*,#3408,.F.);
#3408 = EDGE_CURVE('',#3385,#3361,#3409,.T.);
#3409 = LINE('',#3410,#3411);
#3410 = CARTESIAN_POINT('',(228.072591,32.150901432877,5.2));
#3411 = VECTOR('',#3412,1.);
#3412 = DIRECTION('',(0.,1.,0.));
#3413 = ORIENTED_EDGE('',*,*,#3394,.T.);
#3414 = ORIENTED_EDGE('',*,*,#813,.T.);
#3415 = ORIENTED_EDGE('',*,*,#3368,.F.);
#3416 = PLANE('',#3417);
#3417 = AXIS2_PLACEMENT_3D('',#3418,#3419,#3420);
#3418 = CARTESIAN_POINT('',(228.072591,14.061831,0.));
#3419 = DIRECTION('',(-1.,0.,0.));
#3420 = DIRECTION('',(0.,1.,0.));
#3421 = ADVANCED_FACE('',(#3422),#3447,.T.);
#3422 = FACE_BOUND('',#3423,.T.);
#3423 = EDGE_LOOP('',(#3424,#3434,#3440,#3441));
#3424 = ORIENTED_EDGE('',*,*,#3425,.F.);
#3425 = EDGE_CURVE('',#3426,#3428,#3430,.T.);
#3426 = VERTEX_POINT('',#3427);
#3427 = CARTESIAN_POINT('',(211.441331,52.124341,5.2));
#3428 = VERTEX_POINT('',#3429);
#3429 = CARTESIAN_POINT('',(211.441331,37.874331,5.2));
#3430 = LINE('',#3431,#3432);
#3431 = CARTESIAN_POINT('',(211.441331,51.182156432877,5.2));
#3432 = VECTOR('',#3433,1.);
#3433 = DIRECTION('',(0.,-1.,0.));
#3434 = ORIENTED_EDGE('',*,*,#3435,.T.);
#3435 = EDGE_CURVE('',#3426,#830,#3436,.T.);
#3436 = LINE('',#3437,#3438);
#3437 = CARTESIAN_POINT('',(211.441331,52.124341,0.));
#3438 = VECTOR('',#3439,1.);
#3439 = DIRECTION('',(0.,0.,1.));
#3440 = ORIENTED_EDGE('',*,*,#829,.T.);
#3441 = ORIENTED_EDGE('',*,*,#3442,.F.);
#3442 = EDGE_CURVE('',#3428,#832,#3443,.T.);
#3443 = LINE('',#3444,#3445);
#3444 = CARTESIAN_POINT('',(211.441331,37.874331,0.));
#3445 = VECTOR('',#3446,1.);
#3446 = DIRECTION('',(0.,0.,1.));
#3447 = PLANE('',#3448);
#3448 = AXIS2_PLACEMENT_3D('',#3449,#3450,#3451);
#3449 = CARTESIAN_POINT('',(211.441331,52.124341,0.));
#3450 = DIRECTION('',(1.,0.,0.));
#3451 = DIRECTION('',(0.,-1.,0.));
#3452 = ADVANCED_FACE('',(#3453),#3471,.T.);
#3453 = FACE_BOUND('',#3454,.T.);
#3454 = EDGE_LOOP('',(#3455,#3463,#3469,#3470));
#3455 = ORIENTED_EDGE('',*,*,#3456,.F.);
#3456 = EDGE_CURVE('',#3457,#3426,#3459,.T.);
#3457 = VERTEX_POINT('',#3458);
#3458 = CARTESIAN_POINT('',(225.691341,52.124341,5.2));
#3459 = LINE('',#3460,#3461);
#3460 = CARTESIAN_POINT('',(230.40758061799,52.124341,5.2));
#3461 = VECTOR('',#3462,1.);
#3462 = DIRECTION('',(-1.,0.,0.));
#3463 = ORIENTED_EDGE('',*,*,#3464,.T.);
#3464 = EDGE_CURVE('',#3457,#840,#3465,.T.);
#3465 = LINE('',#3466,#3467);
#3466 = CARTESIAN_POINT('',(225.691341,52.124341,0.));
#3467 = VECTOR('',#3468,1.);
#3468 = DIRECTION('',(0.,0.,1.));
#3469 = ORIENTED_EDGE('',*,*,#839,.T.);
#3470 = ORIENTED_EDGE('',*,*,#3435,.F.);
#3471 = PLANE('',#3472);
#3472 = AXIS2_PLACEMENT_3D('',#3473,#3474,#3475);
#3473 = CARTESIAN_POINT('',(225.691341,52.124341,0.));
#3474 = DIRECTION('',(0.,-1.,0.));
#3475 = DIRECTION('',(-1.,0.,0.));
#3476 = ADVANCED_FACE('',(#3477),#3495,.T.);
#3477 = FACE_BOUND('',#3478,.T.);
#3478 = EDGE_LOOP('',(#3479,#3487,#3488,#3489));
#3479 = ORIENTED_EDGE('',*,*,#3480,.F.);
#3480 = EDGE_CURVE('',#3428,#3481,#3483,.T.);
#3481 = VERTEX_POINT('',#3482);
#3482 = CARTESIAN_POINT('',(225.691341,37.874331,5.2));
#3483 = LINE('',#3484,#3485);
#3484 = CARTESIAN_POINT('',(223.28257561799,37.874331,5.2));
#3485 = VECTOR('',#3486,1.);
#3486 = DIRECTION('',(1.,0.,0.));
#3487 = ORIENTED_EDGE('',*,*,#3442,.T.);
#3488 = ORIENTED_EDGE('',*,*,#855,.T.);
#3489 = ORIENTED_EDGE('',*,*,#3490,.F.);
#3490 = EDGE_CURVE('',#3481,#848,#3491,.T.);
#3491 = LINE('',#3492,#3493);
#3492 = CARTESIAN_POINT('',(225.691341,37.874331,0.));
#3493 = VECTOR('',#3494,1.);
#3494 = DIRECTION('',(0.,0.,1.));
#3495 = PLANE('',#3496);
#3496 = AXIS2_PLACEMENT_3D('',#3497,#3498,#3499);
#3497 = CARTESIAN_POINT('',(211.441331,37.874331,0.));
#3498 = DIRECTION('',(0.,1.,0.));
#3499 = DIRECTION('',(1.,0.,0.));
#3500 = ADVANCED_FACE('',(#3501),#3512,.T.);
#3501 = FACE_BOUND('',#3502,.T.);
#3502 = EDGE_LOOP('',(#3503,#3509,#3510,#3511));
#3503 = ORIENTED_EDGE('',*,*,#3504,.F.);
#3504 = EDGE_CURVE('',#3481,#3457,#3505,.T.);
#3505 = LINE('',#3506,#3507);
#3506 = CARTESIAN_POINT('',(225.691341,44.057151432877,5.2));
#3507 = VECTOR('',#3508,1.);
#3508 = DIRECTION('',(0.,1.,0.));
#3509 = ORIENTED_EDGE('',*,*,#3490,.T.);
#3510 = ORIENTED_EDGE('',*,*,#847,.T.);
#3511 = ORIENTED_EDGE('',*,*,#3464,.F.);
#3512 = PLANE('',#3513);
#3513 = AXIS2_PLACEMENT_3D('',#3514,#3515,#3516);
#3514 = CARTESIAN_POINT('',(225.691341,37.874331,0.));
#3515 = DIRECTION('',(-1.,0.,0.));
#3516 = DIRECTION('',(0.,1.,0.));
#3517 = ADVANCED_FACE('',(#3518),#3543,.F.);
#3518 = FACE_BOUND('',#3519,.F.);
#3519 = EDGE_LOOP('',(#3520,#3528,#3536,#3542));
#3520 = ORIENTED_EDGE('',*,*,#3521,.T.);
#3521 = EDGE_CURVE('',#864,#3522,#3524,.T.);
#3522 = VERTEX_POINT('',#3523);
#3523 = CARTESIAN_POINT('',(308.94905794848,13.60509389615,5.));
#3524 = LINE('',#3525,#3526);
#3525 = CARTESIAN_POINT('',(308.94905794848,13.60509389615,7.));
#3526 = VECTOR('',#3527,1.);
#3527 = DIRECTION('',(-0.,-0.,-1.));
#3528 = ORIENTED_EDGE('',*,*,#3529,.T.);
#3529 = EDGE_CURVE('',#3522,#3530,#3532,.T.);
#3530 = VERTEX_POINT('',#3531);
#3531 = CARTESIAN_POINT('',(308.27612802086,16.116500934546,5.));
#3532 = LINE('',#3533,#3534);
#3533 = CARTESIAN_POINT('',(308.94905794848,13.60509389615,5.));
#3534 = VECTOR('',#3535,1.);
#3535 = DIRECTION('',(-0.258819202932,0.965925783999,0.));
#3536 = ORIENTED_EDGE('',*,*,#3537,.F.);
#3537 = EDGE_CURVE('',#866,#3530,#3538,.T.);
#3538 = LINE('',#3539,#3540);
#3539 = CARTESIAN_POINT('',(308.27612802086,16.116500934546,7.));
#3540 = VECTOR('',#3541,1.);
#3541 = DIRECTION('',(-0.,-0.,-1.));
#3542 = ORIENTED_EDGE('',*,*,#863,.F.);
#3543 = PLANE('',#3544);
#3544 = AXIS2_PLACEMENT_3D('',#3545,#3546,#3547);
#3545 = CARTESIAN_POINT('',(308.94905794848,13.60509389615,7.));
#3546 = DIRECTION('',(0.965925783999,0.258819202932,0.));
#3547 = DIRECTION('',(-0.258819202932,0.965925783999,0.));
#3548 = ADVANCED_FACE('',(#3549),#3567,.F.);
#3549 = FACE_BOUND('',#3550,.F.);
#3550 = EDGE_LOOP('',(#3551,#3552,#3560,#3566));
#3551 = ORIENTED_EDGE('',*,*,#3537,.T.);
#3552 = ORIENTED_EDGE('',*,*,#3553,.T.);
#3553 = EDGE_CURVE('',#3530,#3554,#3556,.T.);
#3554 = VERTEX_POINT('',#3555);
#3555 = CARTESIAN_POINT('',(305.76472076255,16.789430041455,5.));
#3556 = LINE('',#3557,#3558);
#3557 = CARTESIAN_POINT('',(308.27612802086,16.116500934546,5.));
#3558 = VECTOR('',#3559,1.);
#3559 = DIRECTION('',(-0.965925868579,0.258818887273,0.));
#3560 = ORIENTED_EDGE('',*,*,#3561,.F.);
#3561 = EDGE_CURVE('',#898,#3554,#3562,.T.);
#3562 = LINE('',#3563,#3564);
#3563 = CARTESIAN_POINT('',(305.76472076255,16.789430041455,7.));
#3564 = VECTOR('',#3565,1.);
#3565 = DIRECTION('',(-0.,-0.,-1.));
#3566 = ORIENTED_EDGE('',*,*,#905,.F.);
#3567 = PLANE('',#3568);
#3568 = AXIS2_PLACEMENT_3D('',#3569,#3570,#3571);
#3569 = CARTESIAN_POINT('',(308.27612802086,16.116500934546,7.));
#3570 = DIRECTION('',(0.258818887273,0.965925868579,0.));
#3571 = DIRECTION('',(-0.965925868579,0.258818887273,0.));
#3572 = ADVANCED_FACE('',(#3573),#3591,.F.);
#3573 = FACE_BOUND('',#3574,.F.);
#3574 = EDGE_LOOP('',(#3575,#3576,#3584,#3590));
#3575 = ORIENTED_EDGE('',*,*,#3561,.T.);
#3576 = ORIENTED_EDGE('',*,*,#3577,.T.);
#3577 = EDGE_CURVE('',#3554,#3578,#3580,.T.);
#3578 = VERTEX_POINT('',#3579);
#3579 = CARTESIAN_POINT('',(303.92624343187,14.950952109968,5.));
#3580 = LINE('',#3581,#3582);
#3581 = CARTESIAN_POINT('',(305.76472076255,16.789430041455,5.));
#3582 = VECTOR('',#3583,1.);
#3583 = DIRECTION('',(-0.707106665647,-0.707106896726,0.));
#3584 = ORIENTED_EDGE('',*,*,#3585,.F.);
#3585 = EDGE_CURVE('',#890,#3578,#3586,.T.);
#3586 = LINE('',#3587,#3588);
#3587 = CARTESIAN_POINT('',(303.92624343187,14.950952109968,7.));
#3588 = VECTOR('',#3589,1.);
#3589 = DIRECTION('',(-0.,-0.,-1.));
#3590 = ORIENTED_EDGE('',*,*,#897,.F.);
#3591 = PLANE('',#3592);
#3592 = AXIS2_PLACEMENT_3D('',#3593,#3594,#3595);
#3593 = CARTESIAN_POINT('',(305.76472076255,16.789430041455,7.));
#3594 = DIRECTION('',(-0.707106896726,0.707106665647,0.));
#3595 = DIRECTION('',(-0.707106665647,-0.707106896726,0.));
#3596 = ADVANCED_FACE('',(#3597),#3615,.F.);
#3597 = FACE_BOUND('',#3598,.F.);
#3598 = EDGE_LOOP('',(#3599,#3600,#3608,#3614));
#3599 = ORIENTED_EDGE('',*,*,#3585,.T.);
#3600 = ORIENTED_EDGE('',*,*,#3601,.T.);
#3601 = EDGE_CURVE('',#3578,#3602,#3604,.T.);
#3602 = VERTEX_POINT('',#3603);
#3603 = CARTESIAN_POINT('',(304.59917335949,12.439545071571,5.));
#3604 = LINE('',#3605,#3606);
#3605 = CARTESIAN_POINT('',(303.92624343187,14.950952109968,5.));
#3606 = VECTOR('',#3607,1.);
#3607 = DIRECTION('',(0.258819202932,-0.965925783999,0.));
#3608 = ORIENTED_EDGE('',*,*,#3609,.F.);
#3609 = EDGE_CURVE('',#882,#3602,#3610,.T.);
#3610 = LINE('',#3611,#3612);
#3611 = CARTESIAN_POINT('',(304.59917335949,12.439545071571,7.));
#3612 = VECTOR('',#3613,1.);
#3613 = DIRECTION('',(-0.,-0.,-1.));
#3614 = ORIENTED_EDGE('',*,*,#889,.F.);
#3615 = PLANE('',#3616);
#3616 = AXIS2_PLACEMENT_3D('',#3617,#3618,#3619);
#3617 = CARTESIAN_POINT('',(303.92624343187,14.950952109968,7.));
#3618 = DIRECTION('',(-0.965925783999,-0.258819202932,0.));
#3619 = DIRECTION('',(0.258819202932,-0.965925783999,0.));
#3620 = ADVANCED_FACE('',(#3621),#3639,.F.);
#3621 = FACE_BOUND('',#3622,.F.);
#3622 = EDGE_LOOP('',(#3623,#3624,#3632,#3638));
#3623 = ORIENTED_EDGE('',*,*,#3609,.T.);
#3624 = ORIENTED_EDGE('',*,*,#3625,.T.);
#3625 = EDGE_CURVE('',#3602,#3626,#3628,.T.);
#3626 = VERTEX_POINT('',#3627);
#3627 = CARTESIAN_POINT('',(307.1105806178,11.766615964662,5.));
#3628 = LINE('',#3629,#3630);
#3629 = CARTESIAN_POINT('',(304.59917335949,12.439545071571,5.));
#3630 = VECTOR('',#3631,1.);
#3631 = DIRECTION('',(0.965925868579,-0.258818887273,0.));
#3632 = ORIENTED_EDGE('',*,*,#3633,.F.);
#3633 = EDGE_CURVE('',#874,#3626,#3634,.T.);
#3634 = LINE('',#3635,#3636);
#3635 = CARTESIAN_POINT('',(307.1105806178,11.766615964662,7.));
#3636 = VECTOR('',#3637,1.);
#3637 = DIRECTION('',(-0.,-0.,-1.));
#3638 = ORIENTED_EDGE('',*,*,#881,.F.);
#3639 = PLANE('',#3640);
#3640 = AXIS2_PLACEMENT_3D('',#3641,#3642,#3643);
#3641 = CARTESIAN_POINT('',(304.59917335949,12.439545071571,7.));
#3642 = DIRECTION('',(-0.258818887273,-0.965925868579,0.));
#3643 = DIRECTION('',(0.965925868579,-0.258818887273,0.));
#3644 = ADVANCED_FACE('',(#3645),#3656,.F.);
#3645 = FACE_BOUND('',#3646,.F.);
#3646 = EDGE_LOOP('',(#3647,#3648,#3654,#3655));
#3647 = ORIENTED_EDGE('',*,*,#3633,.T.);
#3648 = ORIENTED_EDGE('',*,*,#3649,.T.);
#3649 = EDGE_CURVE('',#3626,#3522,#3650,.T.);
#3650 = LINE('',#3651,#3652);
#3651 = CARTESIAN_POINT('',(307.1105806178,11.766615964662,5.));
#3652 = VECTOR('',#3653,1.);
#3653 = DIRECTION('',(0.707106665647,0.707106896726,0.));
#3654 = ORIENTED_EDGE('',*,*,#3521,.F.);
#3655 = ORIENTED_EDGE('',*,*,#873,.F.);
#3656 = PLANE('',#3657);
#3657 = AXIS2_PLACEMENT_3D('',#3658,#3659,#3660);
#3658 = CARTESIAN_POINT('',(307.1105806178,11.766615964662,7.));
#3659 = DIRECTION('',(0.707106896726,-0.707106665647,0.));
#3660 = DIRECTION('',(0.707106665647,0.707106896726,0.));
#3661 = ADVANCED_FACE('',(#3662),#3687,.T.);
#3662 = FACE_BOUND('',#3663,.T.);
#3663 = EDGE_LOOP('',(#3664,#3674,#3680,#3681));
#3664 = ORIENTED_EDGE('',*,*,#3665,.F.);
#3665 = EDGE_CURVE('',#3666,#3668,#3670,.T.);
#3666 = VERTEX_POINT('',#3667);
#3667 = CARTESIAN_POINT('',(249.541331,33.074341,5.2));
#3668 = VERTEX_POINT('',#3669);
#3669 = CARTESIAN_POINT('',(249.541331,18.824331,5.2));
#3670 = LINE('',#3671,#3672);
#3671 = CARTESIAN_POINT('',(249.541331,41.657156432877,5.2));
#3672 = VECTOR('',#3673,1.);
#3673 = DIRECTION('',(0.,-1.,0.));
#3674 = ORIENTED_EDGE('',*,*,#3675,.T.);
#3675 = EDGE_CURVE('',#3666,#914,#3676,.T.);
#3676 = LINE('',#3677,#3678);
#3677 = CARTESIAN_POINT('',(249.541331,33.074341,0.));
#3678 = VECTOR('',#3679,1.);
#3679 = DIRECTION('',(0.,0.,1.));
#3680 = ORIENTED_EDGE('',*,*,#913,.T.);
#3681 = ORIENTED_EDGE('',*,*,#3682,.F.);
#3682 = EDGE_CURVE('',#3668,#916,#3683,.T.);
#3683 = LINE('',#3684,#3685);
#3684 = CARTESIAN_POINT('',(249.541331,18.824331,0.));
#3685 = VECTOR('',#3686,1.);
#3686 = DIRECTION('',(0.,0.,1.));
#3687 = PLANE('',#3688);
#3688 = AXIS2_PLACEMENT_3D('',#3689,#3690,#3691);
#3689 = CARTESIAN_POINT('',(249.541331,33.074341,0.));
#3690 = DIRECTION('',(1.,0.,0.));
#3691 = DIRECTION('',(0.,-1.,0.));
#3692 = ADVANCED_FACE('',(#3693),#3711,.T.);
#3693 = FACE_BOUND('',#3694,.T.);
#3694 = EDGE_LOOP('',(#3695,#3703,#3709,#3710));
#3695 = ORIENTED_EDGE('',*,*,#3696,.F.);
#3696 = EDGE_CURVE('',#3697,#3666,#3699,.T.);
#3697 = VERTEX_POINT('',#3698);
#3698 = CARTESIAN_POINT('',(263.791341,33.074341,5.2));
#3699 = LINE('',#3700,#3701);
#3700 = CARTESIAN_POINT('',(249.45758061799,33.074341,5.2));
#3701 = VECTOR('',#3702,1.);
#3702 = DIRECTION('',(-1.,0.,0.));
#3703 = ORIENTED_EDGE('',*,*,#3704,.T.);
#3704 = EDGE_CURVE('',#3697,#924,#3705,.T.);
#3705 = LINE('',#3706,#3707);
#3706 = CARTESIAN_POINT('',(263.791341,33.074341,0.));
#3707 = VECTOR('',#3708,1.);
#3708 = DIRECTION('',(0.,0.,1.));
#3709 = ORIENTED_EDGE('',*,*,#923,.T.);
#3710 = ORIENTED_EDGE('',*,*,#3675,.F.);
#3711 = PLANE('',#3712);
#3712 = AXIS2_PLACEMENT_3D('',#3713,#3714,#3715);
#3713 = CARTESIAN_POINT('',(263.791341,33.074341,0.));
#3714 = DIRECTION('',(0.,-1.,0.));
#3715 = DIRECTION('',(-1.,0.,0.));
#3716 = ADVANCED_FACE('',(#3717),#3735,.T.);
#3717 = FACE_BOUND('',#3718,.T.);
#3718 = EDGE_LOOP('',(#3719,#3727,#3728,#3729));
#3719 = ORIENTED_EDGE('',*,*,#3720,.F.);
#3720 = EDGE_CURVE('',#3668,#3721,#3723,.T.);
#3721 = VERTEX_POINT('',#3722);
#3722 = CARTESIAN_POINT('',(263.791341,18.824331,5.2));
#3723 = LINE('',#3724,#3725);
#3724 = CARTESIAN_POINT('',(242.33257561799,18.824331,5.2));
#3725 = VECTOR('',#3726,1.);
#3726 = DIRECTION('',(1.,0.,0.));
#3727 = ORIENTED_EDGE('',*,*,#3682,.T.);
#3728 = ORIENTED_EDGE('',*,*,#939,.T.);
#3729 = ORIENTED_EDGE('',*,*,#3730,.F.);
#3730 = EDGE_CURVE('',#3721,#932,#3731,.T.);
#3731 = LINE('',#3732,#3733);
#3732 = CARTESIAN_POINT('',(263.791341,18.824331,0.));
#3733 = VECTOR('',#3734,1.);
#3734 = DIRECTION('',(0.,0.,1.));
#3735 = PLANE('',#3736);
#3736 = AXIS2_PLACEMENT_3D('',#3737,#3738,#3739);
#3737 = CARTESIAN_POINT('',(249.541331,18.824331,0.));
#3738 = DIRECTION('',(0.,1.,0.));
#3739 = DIRECTION('',(1.,0.,0.));
#3740 = ADVANCED_FACE('',(#3741),#3752,.T.);
#3741 = FACE_BOUND('',#3742,.T.);
#3742 = EDGE_LOOP('',(#3743,#3749,#3750,#3751));
#3743 = ORIENTED_EDGE('',*,*,#3744,.F.);
#3744 = EDGE_CURVE('',#3721,#3697,#3745,.T.);
#3745 = LINE('',#3746,#3747);
#3746 = CARTESIAN_POINT('',(263.791341,34.532151432877,5.2));
#3747 = VECTOR('',#3748,1.);
#3748 = DIRECTION('',(0.,1.,0.));
#3749 = ORIENTED_EDGE('',*,*,#3730,.T.);
#3750 = ORIENTED_EDGE('',*,*,#931,.T.);
#3751 = ORIENTED_EDGE('',*,*,#3704,.F.);
#3752 = PLANE('',#3753);
#3753 = AXIS2_PLACEMENT_3D('',#3754,#3755,#3756);
#3754 = CARTESIAN_POINT('',(263.791341,18.824331,0.));
#3755 = DIRECTION('',(-1.,0.,0.));
#3756 = DIRECTION('',(0.,1.,0.));
#3757 = ADVANCED_FACE('',(#3758),#3783,.T.);
#3758 = FACE_BOUND('',#3759,.T.);
#3759 = EDGE_LOOP('',(#3760,#3770,#3776,#3777));
#3760 = ORIENTED_EDGE('',*,*,#3761,.F.);
#3761 = EDGE_CURVE('',#3762,#3764,#3766,.T.);
#3762 = VERTEX_POINT('',#3763);
#3763 = CARTESIAN_POINT('',(230.491331,52.124341,5.2));
#3764 = VERTEX_POINT('',#3765);
#3765 = CARTESIAN_POINT('',(230.491331,37.874331,5.2));
#3766 = LINE('',#3767,#3768);
#3767 = CARTESIAN_POINT('',(230.491331,51.182156432877,5.2));
#3768 = VECTOR('',#3769,1.);
#3769 = DIRECTION('',(0.,-1.,0.));
#3770 = ORIENTED_EDGE('',*,*,#3771,.T.);
#3771 = EDGE_CURVE('',#3762,#948,#3772,.T.);
#3772 = LINE('',#3773,#3774);
#3773 = CARTESIAN_POINT('',(230.491331,52.124341,0.));
#3774 = VECTOR('',#3775,1.);
#3775 = DIRECTION('',(0.,0.,1.));
#3776 = ORIENTED_EDGE('',*,*,#947,.T.);
#3777 = ORIENTED_EDGE('',*,*,#3778,.F.);
#3778 = EDGE_CURVE('',#3764,#950,#3779,.T.);
#3779 = LINE('',#3780,#3781);
#3780 = CARTESIAN_POINT('',(230.491331,37.874331,0.));
#3781 = VECTOR('',#3782,1.);
#3782 = DIRECTION('',(0.,0.,1.));
#3783 = PLANE('',#3784);
#3784 = AXIS2_PLACEMENT_3D('',#3785,#3786,#3787);
#3785 = CARTESIAN_POINT('',(230.491331,52.124341,0.));
#3786 = DIRECTION('',(1.,0.,0.));
#3787 = DIRECTION('',(0.,-1.,0.));
#3788 = ADVANCED_FACE('',(#3789),#3807,.T.);
#3789 = FACE_BOUND('',#3790,.T.);
#3790 = EDGE_LOOP('',(#3791,#3799,#3805,#3806));
#3791 = ORIENTED_EDGE('',*,*,#3792,.F.);
#3792 = EDGE_CURVE('',#3793,#3762,#3795,.T.);
#3793 = VERTEX_POINT('',#3794);
#3794 = CARTESIAN_POINT('',(244.741341,52.124341,5.2));
#3795 = LINE('',#3796,#3797);
#3796 = CARTESIAN_POINT('',(239.93258061799,52.124341,5.2));
#3797 = VECTOR('',#3798,1.);
#3798 = DIRECTION('',(-1.,0.,0.));
#3799 = ORIENTED_EDGE('',*,*,#3800,.T.);
#3800 = EDGE_CURVE('',#3793,#958,#3801,.T.);
#3801 = LINE('',#3802,#3803);
#3802 = CARTESIAN_POINT('',(244.741341,52.124341,0.));
#3803 = VECTOR('',#3804,1.);
#3804 = DIRECTION('',(0.,0.,1.));
#3805 = ORIENTED_EDGE('',*,*,#957,.T.);
#3806 = ORIENTED_EDGE('',*,*,#3771,.F.);
#3807 = PLANE('',#3808);
#3808 = AXIS2_PLACEMENT_3D('',#3809,#3810,#3811);
#3809 = CARTESIAN_POINT('',(244.741341,52.124341,0.));
#3810 = DIRECTION('',(0.,-1.,0.));
#3811 = DIRECTION('',(-1.,0.,0.));
#3812 = ADVANCED_FACE('',(#3813),#3831,.T.);
#3813 = FACE_BOUND('',#3814,.T.);
#3814 = EDGE_LOOP('',(#3815,#3823,#3824,#3825));
#3815 = ORIENTED_EDGE('',*,*,#3816,.F.);
#3816 = EDGE_CURVE('',#3764,#3817,#3819,.T.);
#3817 = VERTEX_POINT('',#3818);
#3818 = CARTESIAN_POINT('',(244.741341,37.874331,5.2));
#3819 = LINE('',#3820,#3821);
#3820 = CARTESIAN_POINT('',(232.80757561799,37.874331,5.2));
#3821 = VECTOR('',#3822,1.);
#3822 = DIRECTION('',(1.,0.,0.));
#3823 = ORIENTED_EDGE('',*,*,#3778,.T.);
#3824 = ORIENTED_EDGE('',*,*,#973,.T.);
#3825 = ORIENTED_EDGE('',*,*,#3826,.F.);
#3826 = EDGE_CURVE('',#3817,#966,#3827,.T.);
#3827 = LINE('',#3828,#3829);
#3828 = CARTESIAN_POINT('',(244.741341,37.874331,0.));
#3829 = VECTOR('',#3830,1.);
#3830 = DIRECTION('',(0.,0.,1.));
#3831 = PLANE('',#3832);
#3832 = AXIS2_PLACEMENT_3D('',#3833,#3834,#3835);
#3833 = CARTESIAN_POINT('',(230.491331,37.874331,0.));
#3834 = DIRECTION('',(0.,1.,0.));
#3835 = DIRECTION('',(1.,0.,0.));
#3836 = ADVANCED_FACE('',(#3837),#3848,.T.);
#3837 = FACE_BOUND('',#3838,.T.);
#3838 = EDGE_LOOP('',(#3839,#3845,#3846,#3847));
#3839 = ORIENTED_EDGE('',*,*,#3840,.F.);
#3840 = EDGE_CURVE('',#3817,#3793,#3841,.T.);
#3841 = LINE('',#3842,#3843);
#3842 = CARTESIAN_POINT('',(244.741341,44.057151432877,5.2));
#3843 = VECTOR('',#3844,1.);
#3844 = DIRECTION('',(0.,1.,0.));
#3845 = ORIENTED_EDGE('',*,*,#3826,.T.);
#3846 = ORIENTED_EDGE('',*,*,#965,.T.);
#3847 = ORIENTED_EDGE('',*,*,#3800,.F.);
#3848 = PLANE('',#3849);
#3849 = AXIS2_PLACEMENT_3D('',#3850,#3851,#3852);
#3850 = CARTESIAN_POINT('',(244.741341,37.874331,0.));
#3851 = DIRECTION('',(-1.,0.,0.));
#3852 = DIRECTION('',(0.,1.,0.));
#3853 = ADVANCED_FACE('',(#3854),#3879,.T.);
#3854 = FACE_BOUND('',#3855,.T.);
#3855 = EDGE_LOOP('',(#3856,#3866,#3872,#3873));
#3856 = ORIENTED_EDGE('',*,*,#3857,.F.);
#3857 = EDGE_CURVE('',#3858,#3860,#3862,.T.);
#3858 = VERTEX_POINT('',#3859);
#3859 = CARTESIAN_POINT('',(249.541331,52.124341,5.2));
#3860 = VERTEX_POINT('',#3861);
#3861 = CARTESIAN_POINT('',(249.541331,37.874331,5.2));
#3862 = LINE('',#3863,#3864);
#3863 = CARTESIAN_POINT('',(249.541331,51.182156432877,5.2));
#3864 = VECTOR('',#3865,1.);
#3865 = DIRECTION('',(0.,-1.,0.));
#3866 = ORIENTED_EDGE('',*,*,#3867,.T.);
#3867 = EDGE_CURVE('',#3858,#982,#3868,.T.);
#3868 = LINE('',#3869,#3870);
#3869 = CARTESIAN_POINT('',(249.541331,52.124341,0.));
#3870 = VECTOR('',#3871,1.);
#3871 = DIRECTION('',(0.,0.,1.));
#3872 = ORIENTED_EDGE('',*,*,#981,.T.);
#3873 = ORIENTED_EDGE('',*,*,#3874,.F.);
#3874 = EDGE_CURVE('',#3860,#984,#3875,.T.);
#3875 = LINE('',#3876,#3877);
#3876 = CARTESIAN_POINT('',(249.541331,37.874331,0.));
#3877 = VECTOR('',#3878,1.);
#3878 = DIRECTION('',(0.,0.,1.));
#3879 = PLANE('',#3880);
#3880 = AXIS2_PLACEMENT_3D('',#3881,#3882,#3883);
#3881 = CARTESIAN_POINT('',(249.541331,52.124341,0.));
#3882 = DIRECTION('',(1.,0.,0.));
#3883 = DIRECTION('',(0.,-1.,0.));
#3884 = ADVANCED_FACE('',(#3885),#3903,.T.);
#3885 = FACE_BOUND('',#3886,.T.);
#3886 = EDGE_LOOP('',(#3887,#3895,#3901,#3902));
#3887 = ORIENTED_EDGE('',*,*,#3888,.F.);
#3888 = EDGE_CURVE('',#3889,#3858,#3891,.T.);
#3889 = VERTEX_POINT('',#3890);
#3890 = CARTESIAN_POINT('',(263.791341,52.124341,5.2));
#3891 = LINE('',#3892,#3893);
#3892 = CARTESIAN_POINT('',(249.45758061799,52.124341,5.2));
#3893 = VECTOR('',#3894,1.);
#3894 = DIRECTION('',(-1.,0.,0.));
#3895 = ORIENTED_EDGE('',*,*,#3896,.T.);
#3896 = EDGE_CURVE('',#3889,#992,#3897,.T.);
#3897 = LINE('',#3898,#3899);
#3898 = CARTESIAN_POINT('',(263.791341,52.124341,0.));
#3899 = VECTOR('',#3900,1.);
#3900 = DIRECTION('',(0.,0.,1.));
#3901 = ORIENTED_EDGE('',*,*,#991,.T.);
#3902 = ORIENTED_EDGE('',*,*,#3867,.F.);
#3903 = PLANE('',#3904);
#3904 = AXIS2_PLACEMENT_3D('',#3905,#3906,#3907);
#3905 = CARTESIAN_POINT('',(263.791341,52.124341,0.));
#3906 = DIRECTION('',(0.,-1.,0.));
#3907 = DIRECTION('',(-1.,0.,0.));
#3908 = ADVANCED_FACE('',(#3909),#3927,.T.);
#3909 = FACE_BOUND('',#3910,.T.);
#3910 = EDGE_LOOP('',(#3911,#3919,#3920,#3921));
#3911 = ORIENTED_EDGE('',*,*,#3912,.F.);
#3912 = EDGE_CURVE('',#3860,#3913,#3915,.T.);
#3913 = VERTEX_POINT('',#3914);
#3914 = CARTESIAN_POINT('',(263.791341,37.874331,5.2));
#3915 = LINE('',#3916,#3917);
#3916 = CARTESIAN_POINT('',(242.33257561799,37.874331,5.2));
#3917 = VECTOR('',#3918,1.);
#3918 = DIRECTION('',(1.,0.,0.));
#3919 = ORIENTED_EDGE('',*,*,#3874,.T.);
#3920 = ORIENTED_EDGE('',*,*,#1007,.T.);
#3921 = ORIENTED_EDGE('',*,*,#3922,.F.);
#3922 = EDGE_CURVE('',#3913,#1000,#3923,.T.);
#3923 = LINE('',#3924,#3925);
#3924 = CARTESIAN_POINT('',(263.791341,37.874331,0.));
#3925 = VECTOR('',#3926,1.);
#3926 = DIRECTION('',(0.,0.,1.));
#3927 = PLANE('',#3928);
#3928 = AXIS2_PLACEMENT_3D('',#3929,#3930,#3931);
#3929 = CARTESIAN_POINT('',(249.541331,37.874331,0.));
#3930 = DIRECTION('',(0.,1.,0.));
#3931 = DIRECTION('',(1.,0.,0.));
#3932 = ADVANCED_FACE('',(#3933),#3944,.T.);
#3933 = FACE_BOUND('',#3934,.T.);
#3934 = EDGE_LOOP('',(#3935,#3941,#3942,#3943));
#3935 = ORIENTED_EDGE('',*,*,#3936,.F.);
#3936 = EDGE_CURVE('',#3913,#3889,#3937,.T.);
#3937 = LINE('',#3938,#3939);
#3938 = CARTESIAN_POINT('',(263.791341,44.057151432877,5.2));
#3939 = VECTOR('',#3940,1.);
#3940 = DIRECTION('',(0.,1.,0.));
#3941 = ORIENTED_EDGE('',*,*,#3922,.T.);
#3942 = ORIENTED_EDGE('',*,*,#999,.T.);
#3943 = ORIENTED_EDGE('',*,*,#3896,.F.);
#3944 = PLANE('',#3945);
#3945 = AXIS2_PLACEMENT_3D('',#3946,#3947,#3948);
#3946 = CARTESIAN_POINT('',(263.791341,37.874331,0.));
#3947 = DIRECTION('',(-1.,0.,0.));
#3948 = DIRECTION('',(0.,1.,0.));
#3949 = ADVANCED_FACE('',(#3950),#3975,.T.);
#3950 = FACE_BOUND('',#3951,.T.);
#3951 = EDGE_LOOP('',(#3952,#3962,#3968,#3969));
#3952 = ORIENTED_EDGE('',*,*,#3953,.F.);
#3953 = EDGE_CURVE('',#3954,#3956,#3958,.T.);
#3954 = VERTEX_POINT('',#3955);
#3955 = CARTESIAN_POINT('',(268.591331,33.074341,5.2));
#3956 = VERTEX_POINT('',#3957);
#3957 = CARTESIAN_POINT('',(268.591331,18.824331,5.2));
#3958 = LINE('',#3959,#3960);
#3959 = CARTESIAN_POINT('',(268.591331,41.657156432877,5.2));
#3960 = VECTOR('',#3961,1.);
#3961 = DIRECTION('',(0.,-1.,0.));
#3962 = ORIENTED_EDGE('',*,*,#3963,.T.);
#3963 = EDGE_CURVE('',#3954,#1016,#3964,.T.);
#3964 = LINE('',#3965,#3966);
#3965 = CARTESIAN_POINT('',(268.591331,33.074341,0.));
#3966 = VECTOR('',#3967,1.);
#3967 = DIRECTION('',(0.,0.,1.));
#3968 = ORIENTED_EDGE('',*,*,#1015,.T.);
#3969 = ORIENTED_EDGE('',*,*,#3970,.F.);
#3970 = EDGE_CURVE('',#3956,#1018,#3971,.T.);
#3971 = LINE('',#3972,#3973);
#3972 = CARTESIAN_POINT('',(268.591331,18.824331,0.));
#3973 = VECTOR('',#3974,1.);
#3974 = DIRECTION('',(0.,0.,1.));
#3975 = PLANE('',#3976);
#3976 = AXIS2_PLACEMENT_3D('',#3977,#3978,#3979);
#3977 = CARTESIAN_POINT('',(268.591331,33.074341,0.));
#3978 = DIRECTION('',(1.,0.,0.));
#3979 = DIRECTION('',(0.,-1.,0.));
#3980 = ADVANCED_FACE('',(#3981),#3999,.T.);
#3981 = FACE_BOUND('',#3982,.T.);
#3982 = EDGE_LOOP('',(#3983,#3991,#3997,#3998));
#3983 = ORIENTED_EDGE('',*,*,#3984,.F.);
#3984 = EDGE_CURVE('',#3985,#3954,#3987,.T.);
#3985 = VERTEX_POINT('',#3986);
#3986 = CARTESIAN_POINT('',(282.841341,33.074341,5.2));
#3987 = LINE('',#3988,#3989);
#3988 = CARTESIAN_POINT('',(258.98258061799,33.074341,5.2));
#3989 = VECTOR('',#3990,1.);
#3990 = DIRECTION('',(-1.,0.,0.));
#3991 = ORIENTED_EDGE('',*,*,#3992,.T.);
#3992 = EDGE_CURVE('',#3985,#1026,#3993,.T.);
#3993 = LINE('',#3994,#3995);
#3994 = CARTESIAN_POINT('',(282.841341,33.074341,0.));
#3995 = VECTOR('',#3996,1.);
#3996 = DIRECTION('',(0.,0.,1.));
#3997 = ORIENTED_EDGE('',*,*,#1025,.T.);
#3998 = ORIENTED_EDGE('',*,*,#3963,.F.);
#3999 = PLANE('',#4000);
#4000 = AXIS2_PLACEMENT_3D('',#4001,#4002,#4003);
#4001 = CARTESIAN_POINT('',(282.841341,33.074341,0.));
#4002 = DIRECTION('',(0.,-1.,0.));
#4003 = DIRECTION('',(-1.,0.,0.));
#4004 = ADVANCED_FACE('',(#4005),#4023,.T.);
#4005 = FACE_BOUND('',#4006,.T.);
#4006 = EDGE_LOOP('',(#4007,#4015,#4016,#4017));
#4007 = ORIENTED_EDGE('',*,*,#4008,.F.);
#4008 = EDGE_CURVE('',#3956,#4009,#4011,.T.);
#4009 = VERTEX_POINT('',#4010);
#4010 = CARTESIAN_POINT('',(282.841341,18.824331,5.2));
#4011 = LINE('',#4012,#4013);
#4012 = CARTESIAN_POINT('',(251.85757561799,18.824331,5.2));
#4013 = VECTOR('',#4014,1.);
#4014 = DIRECTION('',(1.,0.,0.));
#4015 = ORIENTED_EDGE('',*,*,#3970,.T.);
#4016 = ORIENTED_EDGE('',*,*,#1041,.T.);
#4017 = ORIENTED_EDGE('',*,*,#4018,.F.);
#4018 = EDGE_CURVE('',#4009,#1034,#4019,.T.);
#4019 = LINE('',#4020,#4021);
#4020 = CARTESIAN_POINT('',(282.841341,18.824331,0.));
#4021 = VECTOR('',#4022,1.);
#4022 = DIRECTION('',(0.,0.,1.));
#4023 = PLANE('',#4024);
#4024 = AXIS2_PLACEMENT_3D('',#4025,#4026,#4027);
#4025 = CARTESIAN_POINT('',(268.591331,18.824331,0.));
#4026 = DIRECTION('',(0.,1.,0.));
#4027 = DIRECTION('',(1.,0.,0.));
#4028 = ADVANCED_FACE('',(#4029),#4040,.T.);
#4029 = FACE_BOUND('',#4030,.T.);
#4030 = EDGE_LOOP('',(#4031,#4037,#4038,#4039));
#4031 = ORIENTED_EDGE('',*,*,#4032,.F.);
#4032 = EDGE_CURVE('',#4009,#3985,#4033,.T.);
#4033 = LINE('',#4034,#4035);
#4034 = CARTESIAN_POINT('',(282.841341,34.532151432877,5.2));
#4035 = VECTOR('',#4036,1.);
#4036 = DIRECTION('',(0.,1.,0.));
#4037 = ORIENTED_EDGE('',*,*,#4018,.T.);
#4038 = ORIENTED_EDGE('',*,*,#1033,.T.);
#4039 = ORIENTED_EDGE('',*,*,#3992,.F.);
#4040 = PLANE('',#4041);
#4041 = AXIS2_PLACEMENT_3D('',#4042,#4043,#4044);
#4042 = CARTESIAN_POINT('',(282.841341,18.824331,0.));
#4043 = DIRECTION('',(-1.,0.,0.));
#4044 = DIRECTION('',(0.,1.,0.));
#4045 = ADVANCED_FACE('',(#4046),#4065,.F.);
#4046 = FACE_BOUND('',#4047,.T.);
#4047 = EDGE_LOOP('',(#4048,#4057,#4063,#4064));
#4048 = ORIENTED_EDGE('',*,*,#4049,.T.);
#4049 = EDGE_CURVE('',#4050,#4050,#4052,.T.);
#4050 = VERTEX_POINT('',#4051);
#4051 = CARTESIAN_POINT('',(286.420123,26.54,5.2));
#4052 = CIRCLE('',#4053,1.2);
#4053 = AXIS2_PLACEMENT_3D('',#4054,#4055,#4056);
#4054 = CARTESIAN_POINT('',(285.220123,26.54,5.2));
#4055 = DIRECTION('',(0.,0.,-1.));
#4056 = DIRECTION('',(1.,0.,0.));
#4057 = ORIENTED_EDGE('',*,*,#4058,.T.);
#4058 = EDGE_CURVE('',#4050,#1050,#4059,.T.);
#4059 = LINE('',#4060,#4061);
#4060 = CARTESIAN_POINT('',(286.420123,26.54,0.));
#4061 = VECTOR('',#4062,1.);
#4062 = DIRECTION('',(0.,0.,1.));
#4063 = ORIENTED_EDGE('',*,*,#1049,.T.);
#4064 = ORIENTED_EDGE('',*,*,#4058,.F.);
#4065 = CYLINDRICAL_SURFACE('',#4066,1.2);
#4066 = AXIS2_PLACEMENT_3D('',#4067,#4068,#4069);
#4067 = CARTESIAN_POINT('',(285.220123,26.54,0.));
#4068 = DIRECTION('',(-0.,-0.,-1.));
#4069 = DIRECTION('',(1.,0.,0.));
#4070 = ADVANCED_FACE('',(#4071),#4096,.T.);
#4071 = FACE_BOUND('',#4072,.T.);
#4072 = EDGE_LOOP('',(#4073,#4083,#4089,#4090));
#4073 = ORIENTED_EDGE('',*,*,#4074,.F.);
#4074 = EDGE_CURVE('',#4075,#4077,#4079,.T.);
#4075 = VERTEX_POINT('',#4076);
#4076 = CARTESIAN_POINT('',(287.641331,33.074341,5.2));
#4077 = VERTEX_POINT('',#4078);
#4078 = CARTESIAN_POINT('',(287.641331,18.824331,5.2));
#4079 = LINE('',#4080,#4081);
#4080 = CARTESIAN_POINT('',(287.641331,41.657156432877,5.2));
#4081 = VECTOR('',#4082,1.);
#4082 = DIRECTION('',(0.,-1.,0.));
#4083 = ORIENTED_EDGE('',*,*,#4084,.T.);
#4084 = EDGE_CURVE('',#4075,#1061,#4085,.T.);
#4085 = LINE('',#4086,#4087);
#4086 = CARTESIAN_POINT('',(287.641331,33.074341,0.));
#4087 = VECTOR('',#4088,1.);
#4088 = DIRECTION('',(0.,0.,1.));
#4089 = ORIENTED_EDGE('',*,*,#1060,.T.);
#4090 = ORIENTED_EDGE('',*,*,#4091,.F.);
#4091 = EDGE_CURVE('',#4077,#1063,#4092,.T.);
#4092 = LINE('',#4093,#4094);
#4093 = CARTESIAN_POINT('',(287.641331,18.824331,0.));
#4094 = VECTOR('',#4095,1.);
#4095 = DIRECTION('',(0.,0.,1.));
#4096 = PLANE('',#4097);
#4097 = AXIS2_PLACEMENT_3D('',#4098,#4099,#4100);
#4098 = CARTESIAN_POINT('',(287.641331,33.074341,0.));
#4099 = DIRECTION('',(1.,0.,0.));
#4100 = DIRECTION('',(0.,-1.,0.));
#4101 = ADVANCED_FACE('',(#4102),#4120,.T.);
#4102 = FACE_BOUND('',#4103,.T.);
#4103 = EDGE_LOOP('',(#4104,#4112,#4118,#4119));
#4104 = ORIENTED_EDGE('',*,*,#4105,.F.);
#4105 = EDGE_CURVE('',#4106,#4075,#4108,.T.);
#4106 = VERTEX_POINT('',#4107);
#4107 = CARTESIAN_POINT('',(301.891341,33.074341,5.2));
#4108 = LINE('',#4109,#4110);
#4109 = CARTESIAN_POINT('',(268.50758061799,33.074341,5.2));
#4110 = VECTOR('',#4111,1.);
#4111 = DIRECTION('',(-1.,0.,0.));
#4112 = ORIENTED_EDGE('',*,*,#4113,.T.);
#4113 = EDGE_CURVE('',#4106,#1071,#4114,.T.);
#4114 = LINE('',#4115,#4116);
#4115 = CARTESIAN_POINT('',(301.891341,33.074341,0.));
#4116 = VECTOR('',#4117,1.);
#4117 = DIRECTION('',(0.,0.,1.));
#4118 = ORIENTED_EDGE('',*,*,#1070,.T.);
#4119 = ORIENTED_EDGE('',*,*,#4084,.F.);
#4120 = PLANE('',#4121);
#4121 = AXIS2_PLACEMENT_3D('',#4122,#4123,#4124);
#4122 = CARTESIAN_POINT('',(301.891341,33.074341,0.));
#4123 = DIRECTION('',(0.,-1.,0.));
#4124 = DIRECTION('',(-1.,0.,0.));
#4125 = ADVANCED_FACE('',(#4126),#4144,.T.);
#4126 = FACE_BOUND('',#4127,.T.);
#4127 = EDGE_LOOP('',(#4128,#4136,#4137,#4138));
#4128 = ORIENTED_EDGE('',*,*,#4129,.F.);
#4129 = EDGE_CURVE('',#4077,#4130,#4132,.T.);
#4130 = VERTEX_POINT('',#4131);
#4131 = CARTESIAN_POINT('',(301.891341,18.824331,5.2));
#4132 = LINE('',#4133,#4134);
#4133 = CARTESIAN_POINT('',(261.38257561799,18.824331,5.2));
#4134 = VECTOR('',#4135,1.);
#4135 = DIRECTION('',(1.,0.,0.));
#4136 = ORIENTED_EDGE('',*,*,#4091,.T.);
#4137 = ORIENTED_EDGE('',*,*,#1086,.T.);
#4138 = ORIENTED_EDGE('',*,*,#4139,.F.);
#4139 = EDGE_CURVE('',#4130,#1079,#4140,.T.);
#4140 = LINE('',#4141,#4142);
#4141 = CARTESIAN_POINT('',(301.891341,18.824331,0.));
#4142 = VECTOR('',#4143,1.);
#4143 = DIRECTION('',(0.,0.,1.));
#4144 = PLANE('',#4145);
#4145 = AXIS2_PLACEMENT_3D('',#4146,#4147,#4148);
#4146 = CARTESIAN_POINT('',(287.641331,18.824331,0.));
#4147 = DIRECTION('',(0.,1.,0.));
#4148 = DIRECTION('',(1.,0.,0.));
#4149 = ADVANCED_FACE('',(#4150),#4161,.T.);
#4150 = FACE_BOUND('',#4151,.T.);
#4151 = EDGE_LOOP('',(#4152,#4158,#4159,#4160));
#4152 = ORIENTED_EDGE('',*,*,#4153,.F.);
#4153 = EDGE_CURVE('',#4130,#4106,#4154,.T.);
#4154 = LINE('',#4155,#4156);
#4155 = CARTESIAN_POINT('',(301.891341,34.532151432877,5.2));
#4156 = VECTOR('',#4157,1.);
#4157 = DIRECTION('',(0.,1.,0.));
#4158 = ORIENTED_EDGE('',*,*,#4139,.T.);
#4159 = ORIENTED_EDGE('',*,*,#1078,.T.);
#4160 = ORIENTED_EDGE('',*,*,#4113,.F.);
#4161 = PLANE('',#4162);
#4162 = AXIS2_PLACEMENT_3D('',#4163,#4164,#4165);
#4163 = CARTESIAN_POINT('',(301.891341,18.824331,0.));
#4164 = DIRECTION('',(-1.,0.,0.));
#4165 = DIRECTION('',(0.,1.,0.));
#4166 = ADVANCED_FACE('',(#4167),#4192,.T.);
#4167 = FACE_BOUND('',#4168,.T.);
#4168 = EDGE_LOOP('',(#4169,#4179,#4185,#4186));
#4169 = ORIENTED_EDGE('',*,*,#4170,.F.);
#4170 = EDGE_CURVE('',#4171,#4173,#4175,.T.);
#4171 = VERTEX_POINT('',#4172);
#4172 = CARTESIAN_POINT('',(268.591331,52.124341,5.2));
#4173 = VERTEX_POINT('',#4174);
#4174 = CARTESIAN_POINT('',(268.591331,37.874331,5.2));
#4175 = LINE('',#4176,#4177);
#4176 = CARTESIAN_POINT('',(268.591331,51.182156432877,5.2));
#4177 = VECTOR('',#4178,1.);
#4178 = DIRECTION('',(0.,-1.,0.));
#4179 = ORIENTED_EDGE('',*,*,#4180,.T.);
#4180 = EDGE_CURVE('',#4171,#1095,#4181,.T.);
#4181 = LINE('',#4182,#4183);
#4182 = CARTESIAN_POINT('',(268.591331,52.124341,0.));
#4183 = VECTOR('',#4184,1.);
#4184 = DIRECTION('',(0.,0.,1.));
#4185 = ORIENTED_EDGE('',*,*,#1094,.T.);
#4186 = ORIENTED_EDGE('',*,*,#4187,.F.);
#4187 = EDGE_CURVE('',#4173,#1097,#4188,.T.);
#4188 = LINE('',#4189,#4190);
#4189 = CARTESIAN_POINT('',(268.591331,37.874331,0.));
#4190 = VECTOR('',#4191,1.);
#4191 = DIRECTION('',(0.,0.,1.));
#4192 = PLANE('',#4193);
#4193 = AXIS2_PLACEMENT_3D('',#4194,#4195,#4196);
#4194 = CARTESIAN_POINT('',(268.591331,52.124341,0.));
#4195 = DIRECTION('',(1.,0.,0.));
#4196 = DIRECTION('',(0.,-1.,0.));
#4197 = ADVANCED_FACE('',(#4198),#4216,.T.);
#4198 = FACE_BOUND('',#4199,.T.);
#4199 = EDGE_LOOP('',(#4200,#4208,#4214,#4215));
#4200 = ORIENTED_EDGE('',*,*,#4201,.F.);
#4201 = EDGE_CURVE('',#4202,#4171,#4204,.T.);
#4202 = VERTEX_POINT('',#4203);
#4203 = CARTESIAN_POINT('',(282.841341,52.124341,5.2));
#4204 = LINE('',#4205,#4206);
#4205 = CARTESIAN_POINT('',(258.98258061799,52.124341,5.2));
#4206 = VECTOR('',#4207,1.);
#4207 = DIRECTION('',(-1.,0.,0.));
#4208 = ORIENTED_EDGE('',*,*,#4209,.T.);
#4209 = EDGE_CURVE('',#4202,#1105,#4210,.T.);
#4210 = LINE('',#4211,#4212);
#4211 = CARTESIAN_POINT('',(282.841341,52.124341,0.));
#4212 = VECTOR('',#4213,1.);
#4213 = DIRECTION('',(0.,0.,1.));
#4214 = ORIENTED_EDGE('',*,*,#1104,.T.);
#4215 = ORIENTED_EDGE('',*,*,#4180,.F.);
#4216 = PLANE('',#4217);
#4217 = AXIS2_PLACEMENT_3D('',#4218,#4219,#4220);
#4218 = CARTESIAN_POINT('',(282.841341,52.124341,0.));
#4219 = DIRECTION('',(0.,-1.,0.));
#4220 = DIRECTION('',(-1.,0.,0.));
#4221 = ADVANCED_FACE('',(#4222),#4240,.T.);
#4222 = FACE_BOUND('',#4223,.T.);
#4223 = EDGE_LOOP('',(#4224,#4232,#4233,#4234));
#4224 = ORIENTED_EDGE('',*,*,#4225,.F.);
#4225 = EDGE_CURVE('',#4173,#4226,#4228,.T.);
#4226 = VERTEX_POINT('',#4227);
#4227 = CARTESIAN_POINT('',(282.841341,37.874331,5.2));
#4228 = LINE('',#4229,#4230);
#4229 = CARTESIAN_POINT('',(251.85757561799,37.874331,5.2));
#4230 = VECTOR('',#4231,1.);
#4231 = DIRECTION('',(1.,0.,0.));
#4232 = ORIENTED_EDGE('',*,*,#4187,.T.);
#4233 = ORIENTED_EDGE('',*,*,#1120,.T.);
#4234 = ORIENTED_EDGE('',*,*,#4235,.F.);
#4235 = EDGE_CURVE('',#4226,#1113,#4236,.T.);
#4236 = LINE('',#4237,#4238);
#4237 = CARTESIAN_POINT('',(282.841341,37.874331,0.));
#4238 = VECTOR('',#4239,1.);
#4239 = DIRECTION('',(0.,0.,1.));
#4240 = PLANE('',#4241);
#4241 = AXIS2_PLACEMENT_3D('',#4242,#4243,#4244);
#4242 = CARTESIAN_POINT('',(268.591331,37.874331,0.));
#4243 = DIRECTION('',(0.,1.,0.));
#4244 = DIRECTION('',(1.,0.,0.));
#4245 = ADVANCED_FACE('',(#4246),#4257,.T.);
#4246 = FACE_BOUND('',#4247,.T.);
#4247 = EDGE_LOOP('',(#4248,#4254,#4255,#4256));
#4248 = ORIENTED_EDGE('',*,*,#4249,.F.);
#4249 = EDGE_CURVE('',#4226,#4202,#4250,.T.);
#4250 = LINE('',#4251,#4252);
#4251 = CARTESIAN_POINT('',(282.841341,44.057151432877,5.2));
#4252 = VECTOR('',#4253,1.);
#4253 = DIRECTION('',(0.,1.,0.));
#4254 = ORIENTED_EDGE('',*,*,#4235,.T.);
#4255 = ORIENTED_EDGE('',*,*,#1112,.T.);
#4256 = ORIENTED_EDGE('',*,*,#4209,.F.);
#4257 = PLANE('',#4258);
#4258 = AXIS2_PLACEMENT_3D('',#4259,#4260,#4261);
#4259 = CARTESIAN_POINT('',(282.841341,37.874331,0.));
#4260 = DIRECTION('',(-1.,0.,0.));
#4261 = DIRECTION('',(0.,1.,0.));
#4262 = ADVANCED_FACE('',(#4263),#4288,.T.);
#4263 = FACE_BOUND('',#4264,.T.);
#4264 = EDGE_LOOP('',(#4265,#4275,#4281,#4282));
#4265 = ORIENTED_EDGE('',*,*,#4266,.F.);
#4266 = EDGE_CURVE('',#4267,#4269,#4271,.T.);
#4267 = VERTEX_POINT('',#4268);
#4268 = CARTESIAN_POINT('',(287.641331,52.124341,5.2));
#4269 = VERTEX_POINT('',#4270);
#4270 = CARTESIAN_POINT('',(287.641331,37.874331,5.2));
#4271 = LINE('',#4272,#4273);
#4272 = CARTESIAN_POINT('',(287.641331,51.182156432877,5.2));
#4273 = VECTOR('',#4274,1.);
#4274 = DIRECTION('',(0.,-1.,0.));
#4275 = ORIENTED_EDGE('',*,*,#4276,.T.);
#4276 = EDGE_CURVE('',#4267,#1129,#4277,.T.);
#4277 = LINE('',#4278,#4279);
#4278 = CARTESIAN_POINT('',(287.641331,52.124341,0.));
#4279 = VECTOR('',#4280,1.);
#4280 = DIRECTION('',(0.,0.,1.));
#4281 = ORIENTED_EDGE('',*,*,#1128,.T.);
#4282 = ORIENTED_EDGE('',*,*,#4283,.F.);
#4283 = EDGE_CURVE('',#4269,#1131,#4284,.T.);
#4284 = LINE('',#4285,#4286);
#4285 = CARTESIAN_POINT('',(287.641331,37.874331,0.));
#4286 = VECTOR('',#4287,1.);
#4287 = DIRECTION('',(0.,0.,1.));
#4288 = PLANE('',#4289);
#4289 = AXIS2_PLACEMENT_3D('',#4290,#4291,#4292);
#4290 = CARTESIAN_POINT('',(287.641331,52.124341,0.));
#4291 = DIRECTION('',(1.,0.,0.));
#4292 = DIRECTION('',(0.,-1.,0.));
#4293 = ADVANCED_FACE('',(#4294),#4312,.T.);
#4294 = FACE_BOUND('',#4295,.T.);
#4295 = EDGE_LOOP('',(#4296,#4304,#4310,#4311));
#4296 = ORIENTED_EDGE('',*,*,#4297,.F.);
#4297 = EDGE_CURVE('',#4298,#4267,#4300,.T.);
#4298 = VERTEX_POINT('',#4299);
#4299 = CARTESIAN_POINT('',(301.891341,52.124341,5.2));
#4300 = LINE('',#4301,#4302);
#4301 = CARTESIAN_POINT('',(268.50758061799,52.124341,5.2));
#4302 = VECTOR('',#4303,1.);
#4303 = DIRECTION('',(-1.,0.,0.));
#4304 = ORIENTED_EDGE('',*,*,#4305,.T.);
#4305 = EDGE_CURVE('',#4298,#1139,#4306,.T.);
#4306 = LINE('',#4307,#4308);
#4307 = CARTESIAN_POINT('',(301.891341,52.124341,0.));
#4308 = VECTOR('',#4309,1.);
#4309 = DIRECTION('',(0.,0.,1.));
#4310 = ORIENTED_EDGE('',*,*,#1138,.T.);
#4311 = ORIENTED_EDGE('',*,*,#4276,.F.);
#4312 = PLANE('',#4313);
#4313 = AXIS2_PLACEMENT_3D('',#4314,#4315,#4316);
#4314 = CARTESIAN_POINT('',(301.891341,52.124341,0.));
#4315 = DIRECTION('',(0.,-1.,0.));
#4316 = DIRECTION('',(-1.,0.,0.));
#4317 = ADVANCED_FACE('',(#4318),#4336,.T.);
#4318 = FACE_BOUND('',#4319,.T.);
#4319 = EDGE_LOOP('',(#4320,#4328,#4329,#4330));
#4320 = ORIENTED_EDGE('',*,*,#4321,.F.);
#4321 = EDGE_CURVE('',#4269,#4322,#4324,.T.);
#4322 = VERTEX_POINT('',#4323);
#4323 = CARTESIAN_POINT('',(301.891341,37.874331,5.2));
#4324 = LINE('',#4325,#4326);
#4325 = CARTESIAN_POINT('',(261.38257561799,37.874331,5.2));
#4326 = VECTOR('',#4327,1.);
#4327 = DIRECTION('',(1.,0.,0.));
#4328 = ORIENTED_EDGE('',*,*,#4283,.T.);
#4329 = ORIENTED_EDGE('',*,*,#1154,.T.);
#4330 = ORIENTED_EDGE('',*,*,#4331,.F.);
#4331 = EDGE_CURVE('',#4322,#1147,#4332,.T.);
#4332 = LINE('',#4333,#4334);
#4333 = CARTESIAN_POINT('',(301.891341,37.874331,0.));
#4334 = VECTOR('',#4335,1.);
#4335 = DIRECTION('',(0.,0.,1.));
#4336 = PLANE('',#4337);
#4337 = AXIS2_PLACEMENT_3D('',#4338,#4339,#4340);
#4338 = CARTESIAN_POINT('',(287.641331,37.874331,0.));
#4339 = DIRECTION('',(0.,1.,0.));
#4340 = DIRECTION('',(1.,0.,0.));
#4341 = ADVANCED_FACE('',(#4342),#4353,.T.);
#4342 = FACE_BOUND('',#4343,.T.);
#4343 = EDGE_LOOP('',(#4344,#4350,#4351,#4352));
#4344 = ORIENTED_EDGE('',*,*,#4345,.F.);
#4345 = EDGE_CURVE('',#4322,#4298,#4346,.T.);
#4346 = LINE('',#4347,#4348);
#4347 = CARTESIAN_POINT('',(301.891341,44.057151432877,5.2));
#4348 = VECTOR('',#4349,1.);
#4349 = DIRECTION('',(0.,1.,0.));
#4350 = ORIENTED_EDGE('',*,*,#4331,.T.);
#4351 = ORIENTED_EDGE('',*,*,#1146,.T.);
#4352 = ORIENTED_EDGE('',*,*,#4305,.F.);
#4353 = PLANE('',#4354);
#4354 = AXIS2_PLACEMENT_3D('',#4355,#4356,#4357);
#4355 = CARTESIAN_POINT('',(301.891341,37.874331,0.));
#4356 = DIRECTION('',(-1.,0.,0.));
#4357 = DIRECTION('',(0.,1.,0.));
#4358 = ADVANCED_FACE('',(#4359),#4378,.F.);
#4359 = FACE_BOUND('',#4360,.T.);
#4360 = EDGE_LOOP('',(#4361,#4370,#4376,#4377));
#4361 = ORIENTED_EDGE('',*,*,#4362,.T.);
#4362 = EDGE_CURVE('',#4363,#4363,#4365,.T.);
#4363 = VERTEX_POINT('',#4364);
#4364 = CARTESIAN_POINT('',(181.41,53.83,5.2));
#4365 = CIRCLE('',#4366,1.2);
#4366 = AXIS2_PLACEMENT_3D('',#4367,#4368,#4369);
#4367 = CARTESIAN_POINT('',(180.21,53.83,5.2));
#4368 = DIRECTION('',(0.,0.,-1.));
#4369 = DIRECTION('',(1.,0.,0.));
#4370 = ORIENTED_EDGE('',*,*,#4371,.T.);
#4371 = EDGE_CURVE('',#4363,#1163,#4372,.T.);
#4372 = LINE('',#4373,#4374);
#4373 = CARTESIAN_POINT('',(181.41,53.83,0.));
#4374 = VECTOR('',#4375,1.);
#4375 = DIRECTION('',(0.,0.,1.));
#4376 = ORIENTED_EDGE('',*,*,#1162,.T.);
#4377 = ORIENTED_EDGE('',*,*,#4371,.F.);
#4378 = CYLINDRICAL_SURFACE('',#4379,1.2);
#4379 = AXIS2_PLACEMENT_3D('',#4380,#4381,#4382);
#4380 = CARTESIAN_POINT('',(180.21,53.83,0.));
#4381 = DIRECTION('',(-0.,-0.,-1.));
#4382 = DIRECTION('',(1.,0.,0.));
#4383 = ADVANCED_FACE('',(#4384),#4409,.T.);
#4384 = FACE_BOUND('',#4385,.T.);
#4385 = EDGE_LOOP('',(#4386,#4396,#4402,#4403));
#4386 = ORIENTED_EDGE('',*,*,#4387,.F.);
#4387 = EDGE_CURVE('',#4388,#4390,#4392,.T.);
#4388 = VERTEX_POINT('',#4389);
#4389 = CARTESIAN_POINT('',(192.391331,71.174341,5.2));
#4390 = VERTEX_POINT('',#4391);
#4391 = CARTESIAN_POINT('',(192.391331,56.924331,5.2));
#4392 = LINE('',#4393,#4394);
#4393 = CARTESIAN_POINT('',(192.391331,60.707156432877,5.2));
#4394 = VECTOR('',#4395,1.);
#4395 = DIRECTION('',(0.,-1.,0.));
#4396 = ORIENTED_EDGE('',*,*,#4397,.T.);
#4397 = EDGE_CURVE('',#4388,#1174,#4398,.T.);
#4398 = LINE('',#4399,#4400);
#4399 = CARTESIAN_POINT('',(192.391331,71.174341,0.));
#4400 = VECTOR('',#4401,1.);
#4401 = DIRECTION('',(0.,0.,1.));
#4402 = ORIENTED_EDGE('',*,*,#1173,.T.);
#4403 = ORIENTED_EDGE('',*,*,#4404,.F.);
#4404 = EDGE_CURVE('',#4390,#1176,#4405,.T.);
#4405 = LINE('',#4406,#4407);
#4406 = CARTESIAN_POINT('',(192.391331,56.924331,0.));
#4407 = VECTOR('',#4408,1.);
#4408 = DIRECTION('',(0.,0.,1.));
#4409 = PLANE('',#4410);
#4410 = AXIS2_PLACEMENT_3D('',#4411,#4412,#4413);
#4411 = CARTESIAN_POINT('',(192.391331,71.174341,0.));
#4412 = DIRECTION('',(1.,0.,0.));
#4413 = DIRECTION('',(0.,-1.,0.));
#4414 = ADVANCED_FACE('',(#4415),#4433,.T.);
#4415 = FACE_BOUND('',#4416,.T.);
#4416 = EDGE_LOOP('',(#4417,#4425,#4431,#4432));
#4417 = ORIENTED_EDGE('',*,*,#4418,.F.);
#4418 = EDGE_CURVE('',#4419,#4388,#4421,.T.);
#4419 = VERTEX_POINT('',#4420);
#4420 = CARTESIAN_POINT('',(206.641341,71.174341,5.2));
#4421 = LINE('',#4422,#4423);
#4422 = CARTESIAN_POINT('',(220.88258061799,71.174341,5.2));
#4423 = VECTOR('',#4424,1.);
#4424 = DIRECTION('',(-1.,0.,0.));
#4425 = ORIENTED_EDGE('',*,*,#4426,.T.);
#4426 = EDGE_CURVE('',#4419,#1184,#4427,.T.);
#4427 = LINE('',#4428,#4429);
#4428 = CARTESIAN_POINT('',(206.641341,71.174341,0.));
#4429 = VECTOR('',#4430,1.);
#4430 = DIRECTION('',(0.,0.,1.));
#4431 = ORIENTED_EDGE('',*,*,#1183,.T.);
#4432 = ORIENTED_EDGE('',*,*,#4397,.F.);
#4433 = PLANE('',#4434);
#4434 = AXIS2_PLACEMENT_3D('',#4435,#4436,#4437);
#4435 = CARTESIAN_POINT('',(206.641341,71.174341,0.));
#4436 = DIRECTION('',(0.,-1.,0.));
#4437 = DIRECTION('',(-1.,0.,0.));
#4438 = ADVANCED_FACE('',(#4439),#4457,.T.);
#4439 = FACE_BOUND('',#4440,.T.);
#4440 = EDGE_LOOP('',(#4441,#4449,#4450,#4451));
#4441 = ORIENTED_EDGE('',*,*,#4442,.F.);
#4442 = EDGE_CURVE('',#4390,#4443,#4445,.T.);
#4443 = VERTEX_POINT('',#4444);
#4444 = CARTESIAN_POINT('',(206.641341,56.924331,5.2));
#4445 = LINE('',#4446,#4447);
#4446 = CARTESIAN_POINT('',(213.75757561799,56.924331,5.2));
#4447 = VECTOR('',#4448,1.);
#4448 = DIRECTION('',(1.,0.,0.));
#4449 = ORIENTED_EDGE('',*,*,#4404,.T.);
#4450 = ORIENTED_EDGE('',*,*,#1199,.T.);
#4451 = ORIENTED_EDGE('',*,*,#4452,.F.);
#4452 = EDGE_CURVE('',#4443,#1192,#4453,.T.);
#4453 = LINE('',#4454,#4455);
#4454 = CARTESIAN_POINT('',(206.641341,56.924331,0.));
#4455 = VECTOR('',#4456,1.);
#4456 = DIRECTION('',(0.,0.,1.));
#4457 = PLANE('',#4458);
#4458 = AXIS2_PLACEMENT_3D('',#4459,#4460,#4461);
#4459 = CARTESIAN_POINT('',(192.391331,56.924331,0.));
#4460 = DIRECTION('',(0.,1.,0.));
#4461 = DIRECTION('',(1.,0.,0.));
#4462 = ADVANCED_FACE('',(#4463),#4474,.T.);
#4463 = FACE_BOUND('',#4464,.T.);
#4464 = EDGE_LOOP('',(#4465,#4471,#4472,#4473));
#4465 = ORIENTED_EDGE('',*,*,#4466,.F.);
#4466 = EDGE_CURVE('',#4443,#4419,#4467,.T.);
#4467 = LINE('',#4468,#4469);
#4468 = CARTESIAN_POINT('',(206.641341,53.582151432877,5.2));
#4469 = VECTOR('',#4470,1.);
#4470 = DIRECTION('',(0.,1.,0.));
#4471 = ORIENTED_EDGE('',*,*,#4452,.T.);
#4472 = ORIENTED_EDGE('',*,*,#1191,.T.);
#4473 = ORIENTED_EDGE('',*,*,#4426,.F.);
#4474 = PLANE('',#4475);
#4475 = AXIS2_PLACEMENT_3D('',#4476,#4477,#4478);
#4476 = CARTESIAN_POINT('',(206.641341,56.924331,0.));
#4477 = DIRECTION('',(-1.,0.,0.));
#4478 = DIRECTION('',(0.,1.,0.));
#4479 = ADVANCED_FACE('',(#4480),#4505,.T.);
#4480 = FACE_BOUND('',#4481,.T.);
#4481 = EDGE_LOOP('',(#4482,#4492,#4498,#4499));
#4482 = ORIENTED_EDGE('',*,*,#4483,.F.);
#4483 = EDGE_CURVE('',#4484,#4486,#4488,.T.);
#4484 = VERTEX_POINT('',#4485);
#4485 = CARTESIAN_POINT('',(211.441331,71.174341,5.2));
#4486 = VERTEX_POINT('',#4487);
#4487 = CARTESIAN_POINT('',(211.441331,56.924331,5.2));
#4488 = LINE('',#4489,#4490);
#4489 = CARTESIAN_POINT('',(211.441331,60.707156432877,5.2));
#4490 = VECTOR('',#4491,1.);
#4491 = DIRECTION('',(0.,-1.,0.));
#4492 = ORIENTED_EDGE('',*,*,#4493,.T.);
#4493 = EDGE_CURVE('',#4484,#1208,#4494,.T.);
#4494 = LINE('',#4495,#4496);
#4495 = CARTESIAN_POINT('',(211.441331,71.174341,0.));
#4496 = VECTOR('',#4497,1.);
#4497 = DIRECTION('',(0.,0.,1.));
#4498 = ORIENTED_EDGE('',*,*,#1207,.T.);
#4499 = ORIENTED_EDGE('',*,*,#4500,.F.);
#4500 = EDGE_CURVE('',#4486,#1210,#4501,.T.);
#4501 = LINE('',#4502,#4503);
#4502 = CARTESIAN_POINT('',(211.441331,56.924331,0.));
#4503 = VECTOR('',#4504,1.);
#4504 = DIRECTION('',(0.,0.,1.));
#4505 = PLANE('',#4506);
#4506 = AXIS2_PLACEMENT_3D('',#4507,#4508,#4509);
#4507 = CARTESIAN_POINT('',(211.441331,71.174341,0.));
#4508 = DIRECTION('',(1.,0.,0.));
#4509 = DIRECTION('',(0.,-1.,0.));
#4510 = ADVANCED_FACE('',(#4511),#4529,.T.);
#4511 = FACE_BOUND('',#4512,.T.);
#4512 = EDGE_LOOP('',(#4513,#4521,#4527,#4528));
#4513 = ORIENTED_EDGE('',*,*,#4514,.F.);
#4514 = EDGE_CURVE('',#4515,#4484,#4517,.T.);
#4515 = VERTEX_POINT('',#4516);
#4516 = CARTESIAN_POINT('',(225.691341,71.174341,5.2));
#4517 = LINE('',#4518,#4519);
#4518 = CARTESIAN_POINT('',(230.40758061799,71.174341,5.2));
#4519 = VECTOR('',#4520,1.);
#4520 = DIRECTION('',(-1.,0.,0.));
#4521 = ORIENTED_EDGE('',*,*,#4522,.T.);
#4522 = EDGE_CURVE('',#4515,#1218,#4523,.T.);
#4523 = LINE('',#4524,#4525);
#4524 = CARTESIAN_POINT('',(225.691341,71.174341,0.));
#4525 = VECTOR('',#4526,1.);
#4526 = DIRECTION('',(0.,0.,1.));
#4527 = ORIENTED_EDGE('',*,*,#1217,.T.);
#4528 = ORIENTED_EDGE('',*,*,#4493,.F.);
#4529 = PLANE('',#4530);
#4530 = AXIS2_PLACEMENT_3D('',#4531,#4532,#4533);
#4531 = CARTESIAN_POINT('',(225.691341,71.174341,0.));
#4532 = DIRECTION('',(0.,-1.,0.));
#4533 = DIRECTION('',(-1.,0.,0.));
#4534 = ADVANCED_FACE('',(#4535),#4553,.T.);
#4535 = FACE_BOUND('',#4536,.T.);
#4536 = EDGE_LOOP('',(#4537,#4545,#4546,#4547));
#4537 = ORIENTED_EDGE('',*,*,#4538,.F.);
#4538 = EDGE_CURVE('',#4486,#4539,#4541,.T.);
#4539 = VERTEX_POINT('',#4540);
#4540 = CARTESIAN_POINT('',(225.691341,56.924331,5.2));
#4541 = LINE('',#4542,#4543);
#4542 = CARTESIAN_POINT('',(223.28257561799,56.924331,5.2));
#4543 = VECTOR('',#4544,1.);
#4544 = DIRECTION('',(1.,0.,0.));
#4545 = ORIENTED_EDGE('',*,*,#4500,.T.);
#4546 = ORIENTED_EDGE('',*,*,#1233,.T.);
#4547 = ORIENTED_EDGE('',*,*,#4548,.F.);
#4548 = EDGE_CURVE('',#4539,#1226,#4549,.T.);
#4549 = LINE('',#4550,#4551);
#4550 = CARTESIAN_POINT('',(225.691341,56.924331,0.));
#4551 = VECTOR('',#4552,1.);
#4552 = DIRECTION('',(0.,0.,1.));
#4553 = PLANE('',#4554);
#4554 = AXIS2_PLACEMENT_3D('',#4555,#4556,#4557);
#4555 = CARTESIAN_POINT('',(211.441331,56.924331,0.));
#4556 = DIRECTION('',(0.,1.,0.));
#4557 = DIRECTION('',(1.,0.,0.));
#4558 = ADVANCED_FACE('',(#4559),#4570,.T.);
#4559 = FACE_BOUND('',#4560,.T.);
#4560 = EDGE_LOOP('',(#4561,#4567,#4568,#4569));
#4561 = ORIENTED_EDGE('',*,*,#4562,.F.);
#4562 = EDGE_CURVE('',#4539,#4515,#4563,.T.);
#4563 = LINE('',#4564,#4565);
#4564 = CARTESIAN_POINT('',(225.691341,53.582151432877,5.2));
#4565 = VECTOR('',#4566,1.);
#4566 = DIRECTION('',(0.,1.,0.));
#4567 = ORIENTED_EDGE('',*,*,#4548,.T.);
#4568 = ORIENTED_EDGE('',*,*,#1225,.T.);
#4569 = ORIENTED_EDGE('',*,*,#4522,.F.);
#4570 = PLANE('',#4571);
#4571 = AXIS2_PLACEMENT_3D('',#4572,#4573,#4574);
#4572 = CARTESIAN_POINT('',(225.691341,56.924331,0.));
#4573 = DIRECTION('',(-1.,0.,0.));
#4574 = DIRECTION('',(0.,1.,0.));
#4575 = ADVANCED_FACE('',(#4576),#4601,.T.);
#4576 = FACE_BOUND('',#4577,.T.);
#4577 = EDGE_LOOP('',(#4578,#4588,#4594,#4595));
#4578 = ORIENTED_EDGE('',*,*,#4579,.F.);
#4579 = EDGE_CURVE('',#4580,#4582,#4584,.T.);
#4580 = VERTEX_POINT('',#4581);
#4581 = CARTESIAN_POINT('',(192.391331,90.224341,5.2));
#4582 = VERTEX_POINT('',#4583);
#4583 = CARTESIAN_POINT('',(192.391331,75.974331,5.2));
#4584 = LINE('',#4585,#4586);
#4585 = CARTESIAN_POINT('',(192.391331,70.232156432877,5.2));
#4586 = VECTOR('',#4587,1.);
#4587 = DIRECTION('',(0.,-1.,0.));
#4588 = ORIENTED_EDGE('',*,*,#4589,.T.);
#4589 = EDGE_CURVE('',#4580,#1242,#4590,.T.);
#4590 = LINE('',#4591,#4592);
#4591 = CARTESIAN_POINT('',(192.391331,90.224341,0.));
#4592 = VECTOR('',#4593,1.);
#4593 = DIRECTION('',(0.,0.,1.));
#4594 = ORIENTED_EDGE('',*,*,#1241,.T.);
#4595 = ORIENTED_EDGE('',*,*,#4596,.F.);
#4596 = EDGE_CURVE('',#4582,#1244,#4597,.T.);
#4597 = LINE('',#4598,#4599);
#4598 = CARTESIAN_POINT('',(192.391331,75.974331,0.));
#4599 = VECTOR('',#4600,1.);
#4600 = DIRECTION('',(0.,0.,1.));
#4601 = PLANE('',#4602);
#4602 = AXIS2_PLACEMENT_3D('',#4603,#4604,#4605);
#4603 = CARTESIAN_POINT('',(192.391331,90.224341,0.));
#4604 = DIRECTION('',(1.,0.,0.));
#4605 = DIRECTION('',(0.,-1.,0.));
#4606 = ADVANCED_FACE('',(#4607),#4625,.T.);
#4607 = FACE_BOUND('',#4608,.T.);
#4608 = EDGE_LOOP('',(#4609,#4617,#4623,#4624));
#4609 = ORIENTED_EDGE('',*,*,#4610,.F.);
#4610 = EDGE_CURVE('',#4611,#4580,#4613,.T.);
#4611 = VERTEX_POINT('',#4612);
#4612 = CARTESIAN_POINT('',(206.641341,90.224341,5.2));
#4613 = LINE('',#4614,#4615);
#4614 = CARTESIAN_POINT('',(220.88258061799,90.224341,5.2));
#4615 = VECTOR('',#4616,1.);
#4616 = DIRECTION('',(-1.,0.,0.));
#4617 = ORIENTED_EDGE('',*,*,#4618,.T.);
#4618 = EDGE_CURVE('',#4611,#1252,#4619,.T.);
#4619 = LINE('',#4620,#4621);
#4620 = CARTESIAN_POINT('',(206.641341,90.224341,0.));
#4621 = VECTOR('',#4622,1.);
#4622 = DIRECTION('',(0.,0.,1.));
#4623 = ORIENTED_EDGE('',*,*,#1251,.T.);
#4624 = ORIENTED_EDGE('',*,*,#4589,.F.);
#4625 = PLANE('',#4626);
#4626 = AXIS2_PLACEMENT_3D('',#4627,#4628,#4629);
#4627 = CARTESIAN_POINT('',(206.641341,90.224341,0.));
#4628 = DIRECTION('',(0.,-1.,0.));
#4629 = DIRECTION('',(-1.,0.,0.));
#4630 = ADVANCED_FACE('',(#4631),#4649,.T.);
#4631 = FACE_BOUND('',#4632,.T.);
#4632 = EDGE_LOOP('',(#4633,#4641,#4642,#4643));
#4633 = ORIENTED_EDGE('',*,*,#4634,.F.);
#4634 = EDGE_CURVE('',#4582,#4635,#4637,.T.);
#4635 = VERTEX_POINT('',#4636);
#4636 = CARTESIAN_POINT('',(206.641341,75.974331,5.2));
#4637 = LINE('',#4638,#4639);
#4638 = CARTESIAN_POINT('',(213.75757561799,75.974331,5.2));
#4639 = VECTOR('',#4640,1.);
#4640 = DIRECTION('',(1.,0.,0.));
#4641 = ORIENTED_EDGE('',*,*,#4596,.T.);
#4642 = ORIENTED_EDGE('',*,*,#1267,.T.);
#4643 = ORIENTED_EDGE('',*,*,#4644,.F.);
#4644 = EDGE_CURVE('',#4635,#1260,#4645,.T.);
#4645 = LINE('',#4646,#4647);
#4646 = CARTESIAN_POINT('',(206.641341,75.974331,0.));
#4647 = VECTOR('',#4648,1.);
#4648 = DIRECTION('',(0.,0.,1.));
#4649 = PLANE('',#4650);
#4650 = AXIS2_PLACEMENT_3D('',#4651,#4652,#4653);
#4651 = CARTESIAN_POINT('',(192.391331,75.974331,0.));
#4652 = DIRECTION('',(0.,1.,0.));
#4653 = DIRECTION('',(1.,0.,0.));
#4654 = ADVANCED_FACE('',(#4655),#4666,.T.);
#4655 = FACE_BOUND('',#4656,.T.);
#4656 = EDGE_LOOP('',(#4657,#4663,#4664,#4665));
#4657 = ORIENTED_EDGE('',*,*,#4658,.F.);
#4658 = EDGE_CURVE('',#4635,#4611,#4659,.T.);
#4659 = LINE('',#4660,#4661);
#4660 = CARTESIAN_POINT('',(206.641341,63.107151432877,5.2));
#4661 = VECTOR('',#4662,1.);
#4662 = DIRECTION('',(0.,1.,0.));
#4663 = ORIENTED_EDGE('',*,*,#4644,.T.);
#4664 = ORIENTED_EDGE('',*,*,#1259,.T.);
#4665 = ORIENTED_EDGE('',*,*,#4618,.F.);
#4666 = PLANE('',#4667);
#4667 = AXIS2_PLACEMENT_3D('',#4668,#4669,#4670);
#4668 = CARTESIAN_POINT('',(206.641341,75.974331,0.));
#4669 = DIRECTION('',(-1.,0.,0.));
#4670 = DIRECTION('',(0.,1.,0.));
#4671 = ADVANCED_FACE('',(#4672),#4697,.F.);
#4672 = FACE_BOUND('',#4673,.F.);
#4673 = EDGE_LOOP('',(#4674,#4682,#4690,#4696));
#4674 = ORIENTED_EDGE('',*,*,#4675,.T.);
#4675 = EDGE_CURVE('',#1276,#4676,#4678,.T.);
#4676 = VERTEX_POINT('',#4677);
#4677 = CARTESIAN_POINT('',(170.46891551478,94.097720635075,5.));
#4678 = LINE('',#4679,#4680);
#4679 = CARTESIAN_POINT('',(170.46891551478,94.097720635075,7.));
#4680 = VECTOR('',#4681,1.);
#4681 = DIRECTION('',(-0.,-0.,-1.));
#4682 = ORIENTED_EDGE('',*,*,#4683,.T.);
#4683 = EDGE_CURVE('',#4676,#4684,#4686,.T.);
#4684 = VERTEX_POINT('',#4685);
#4685 = CARTESIAN_POINT('',(169.79598722858,96.609128113292,5.));
#4686 = LINE('',#4687,#4688);
#4687 = CARTESIAN_POINT('',(170.46891551478,94.097720635075,5.));
#4688 = VECTOR('',#4689,1.);
#4689 = DIRECTION('',(-0.258818571613,0.96592595316,0.));
#4690 = ORIENTED_EDGE('',*,*,#4691,.F.);
#4691 = EDGE_CURVE('',#1278,#4684,#4692,.T.);
#4692 = LINE('',#4693,#4694);
#4693 = CARTESIAN_POINT('',(169.79598722858,96.609128113292,7.));
#4694 = VECTOR('',#4695,1.);
#4695 = DIRECTION('',(-0.,-0.,-1.));
#4696 = ORIENTED_EDGE('',*,*,#1275,.F.);
#4697 = PLANE('',#4698);
#4698 = AXIS2_PLACEMENT_3D('',#4699,#4700,#4701);
#4699 = CARTESIAN_POINT('',(170.46891551478,94.097720635075,7.));
#4700 = DIRECTION('',(0.96592595316,0.258818571613,0.));
#4701 = DIRECTION('',(-0.258818571613,0.96592595316,0.));
#4702 = ADVANCED_FACE('',(#4703),#4721,.F.);
#4703 = FACE_BOUND('',#4704,.F.);
#4704 = EDGE_LOOP('',(#4705,#4706,#4714,#4720));
#4705 = ORIENTED_EDGE('',*,*,#4691,.T.);
#4706 = ORIENTED_EDGE('',*,*,#4707,.T.);
#4707 = EDGE_CURVE('',#4684,#4708,#4710,.T.);
#4708 = VERTEX_POINT('',#4709);
#4709 = CARTESIAN_POINT('',(167.2845804101,97.282058861631,5.));
#4710 = LINE('',#4711,#4712);
#4711 = CARTESIAN_POINT('',(169.79598722858,96.609128113292,5.));
#4712 = VECTOR('',#4713,1.);
#4713 = DIRECTION('',(-0.965925699418,0.258819518592,0.));
#4714 = ORIENTED_EDGE('',*,*,#4715,.F.);
#4715 = EDGE_CURVE('',#1310,#4708,#4716,.T.);
#4716 = LINE('',#4717,#4718);
#4717 = CARTESIAN_POINT('',(167.2845804101,97.282058861631,7.));
#4718 = VECTOR('',#4719,1.);
#4719 = DIRECTION('',(-0.,-0.,-1.));
#4720 = ORIENTED_EDGE('',*,*,#1317,.F.);
#4721 = PLANE('',#4722);
#4722 = AXIS2_PLACEMENT_3D('',#4723,#4724,#4725);
#4723 = CARTESIAN_POINT('',(169.79598722858,96.609128113292,7.));
#4724 = DIRECTION('',(0.258819518592,0.965925699418,0.));
#4725 = DIRECTION('',(-0.965925699418,0.258819518592,0.));
#4726 = ADVANCED_FACE('',(#4727),#4745,.F.);
#4727 = FACE_BOUND('',#4728,.F.);
#4728 = EDGE_LOOP('',(#4729,#4730,#4738,#4744));
#4729 = ORIENTED_EDGE('',*,*,#4715,.T.);
#4730 = ORIENTED_EDGE('',*,*,#4731,.T.);
#4731 = EDGE_CURVE('',#4708,#4732,#4734,.T.);
#4732 = VERTEX_POINT('',#4733);
#4733 = CARTESIAN_POINT('',(165.4461018778,95.443582131753,5.));
#4734 = LINE('',#4735,#4736);
#4735 = CARTESIAN_POINT('',(167.2845804101,97.282058861631,5.));
#4736 = VECTOR('',#4737,1.);
#4737 = DIRECTION('',(-0.707107127805,-0.707106434568,0.));
#4738 = ORIENTED_EDGE('',*,*,#4739,.F.);
#4739 = EDGE_CURVE('',#1302,#4732,#4740,.T.);
#4740 = LINE('',#4741,#4742);
#4741 = CARTESIAN_POINT('',(165.4461018778,95.443582131753,7.));
#4742 = VECTOR('',#4743,1.);
#4743 = DIRECTION('',(-0.,-0.,-1.));
#4744 = ORIENTED_EDGE('',*,*,#1309,.F.);
#4745 = PLANE('',#4746);
#4746 = AXIS2_PLACEMENT_3D('',#4747,#4748,#4749);
#4747 = CARTESIAN_POINT('',(167.2845804101,97.282058861631,7.));
#4748 = DIRECTION('',(-0.707106434568,0.707107127805,0.));
#4749 = DIRECTION('',(-0.707107127805,-0.707106434568,0.));
#4750 = ADVANCED_FACE('',(#4751),#4769,.F.);
#4751 = FACE_BOUND('',#4752,.F.);
#4752 = EDGE_LOOP('',(#4753,#4754,#4762,#4768));
#4753 = ORIENTED_EDGE('',*,*,#4739,.T.);
#4754 = ORIENTED_EDGE('',*,*,#4755,.T.);
#4755 = EDGE_CURVE('',#4732,#4756,#4758,.T.);
#4756 = VERTEX_POINT('',#4757);
#4757 = CARTESIAN_POINT('',(166.119030164,92.932174653537,5.));
#4758 = LINE('',#4759,#4760);
#4759 = CARTESIAN_POINT('',(165.4461018778,95.443582131753,5.));
#4760 = VECTOR('',#4761,1.);
#4761 = DIRECTION('',(0.258818571613,-0.96592595316,0.));
#4762 = ORIENTED_EDGE('',*,*,#4763,.F.);
#4763 = EDGE_CURVE('',#1294,#4756,#4764,.T.);
#4764 = LINE('',#4765,#4766);
#4765 = CARTESIAN_POINT('',(166.119030164,92.932174653537,7.));
#4766 = VECTOR('',#4767,1.);
#4767 = DIRECTION('',(-0.,-0.,-1.));
#4768 = ORIENTED_EDGE('',*,*,#1301,.F.);
#4769 = PLANE('',#4770);
#4770 = AXIS2_PLACEMENT_3D('',#4771,#4772,#4773);
#4771 = CARTESIAN_POINT('',(165.4461018778,95.443582131753,7.));
#4772 = DIRECTION('',(-0.96592595316,-0.258818571613,0.));
#4773 = DIRECTION('',(0.258818571613,-0.96592595316,0.));
#4774 = ADVANCED_FACE('',(#4775),#4793,.F.);
#4775 = FACE_BOUND('',#4776,.F.);
#4776 = EDGE_LOOP('',(#4777,#4778,#4786,#4792));
#4777 = ORIENTED_EDGE('',*,*,#4763,.T.);
#4778 = ORIENTED_EDGE('',*,*,#4779,.T.);
#4779 = EDGE_CURVE('',#4756,#4780,#4782,.T.);
#4780 = VERTEX_POINT('',#4781);
#4781 = CARTESIAN_POINT('',(168.63043698248,92.259243905198,5.));
#4782 = LINE('',#4783,#4784);
#4783 = CARTESIAN_POINT('',(166.119030164,92.932174653537,5.));
#4784 = VECTOR('',#4785,1.);
#4785 = DIRECTION('',(0.965925699418,-0.258819518592,0.));
#4786 = ORIENTED_EDGE('',*,*,#4787,.F.);
#4787 = EDGE_CURVE('',#1286,#4780,#4788,.T.);
#4788 = LINE('',#4789,#4790);
#4789 = CARTESIAN_POINT('',(168.63043698248,92.259243905198,7.));
#4790 = VECTOR('',#4791,1.);
#4791 = DIRECTION('',(-0.,-0.,-1.));
#4792 = ORIENTED_EDGE('',*,*,#1293,.F.);
#4793 = PLANE('',#4794);
#4794 = AXIS2_PLACEMENT_3D('',#4795,#4796,#4797);
#4795 = CARTESIAN_POINT('',(166.119030164,92.932174653537,7.));
#4796 = DIRECTION('',(-0.258819518592,-0.965925699418,0.));
#4797 = DIRECTION('',(0.965925699418,-0.258819518592,0.));
#4798 = ADVANCED_FACE('',(#4799),#4810,.F.);
#4799 = FACE_BOUND('',#4800,.F.);
#4800 = EDGE_LOOP('',(#4801,#4802,#4808,#4809));
#4801 = ORIENTED_EDGE('',*,*,#4787,.T.);
#4802 = ORIENTED_EDGE('',*,*,#4803,.T.);
#4803 = EDGE_CURVE('',#4780,#4676,#4804,.T.);
#4804 = LINE('',#4805,#4806);
#4805 = CARTESIAN_POINT('',(168.63043698248,92.259243905198,5.));
#4806 = VECTOR('',#4807,1.);
#4807 = DIRECTION('',(0.707107127805,0.707106434568,0.));
#4808 = ORIENTED_EDGE('',*,*,#4675,.F.);
#4809 = ORIENTED_EDGE('',*,*,#1285,.F.);
#4810 = PLANE('',#4811);
#4811 = AXIS2_PLACEMENT_3D('',#4812,#4813,#4814);
#4812 = CARTESIAN_POINT('',(168.63043698248,92.259243905198,7.));
#4813 = DIRECTION('',(0.707106434568,-0.707107127805,0.));
#4814 = DIRECTION('',(0.707107127805,0.707106434568,0.));
#4815 = ADVANCED_FACE('',(#4816),#4835,.F.);
#4816 = FACE_BOUND('',#4817,.T.);
#4817 = EDGE_LOOP('',(#4818,#4827,#4833,#4834));
#4818 = ORIENTED_EDGE('',*,*,#4819,.T.);
#4819 = EDGE_CURVE('',#4820,#4820,#4822,.T.);
#4820 = VERTEX_POINT('',#4821);
#4821 = CARTESIAN_POINT('',(210.32,83.33,5.2));
#4822 = CIRCLE('',#4823,1.2);
#4823 = AXIS2_PLACEMENT_3D('',#4824,#4825,#4826);
#4824 = CARTESIAN_POINT('',(209.12,83.33,5.2));
#4825 = DIRECTION('',(0.,0.,-1.));
#4826 = DIRECTION('',(1.,0.,0.));
#4827 = ORIENTED_EDGE('',*,*,#4828,.T.);
#4828 = EDGE_CURVE('',#4820,#1326,#4829,.T.);
#4829 = LINE('',#4830,#4831);
#4830 = CARTESIAN_POINT('',(210.32,83.33,0.));
#4831 = VECTOR('',#4832,1.);
#4832 = DIRECTION('',(0.,0.,1.));
#4833 = ORIENTED_EDGE('',*,*,#1325,.T.);
#4834 = ORIENTED_EDGE('',*,*,#4828,.F.);
#4835 = CYLINDRICAL_SURFACE('',#4836,1.2);
#4836 = AXIS2_PLACEMENT_3D('',#4837,#4838,#4839);
#4837 = CARTESIAN_POINT('',(209.12,83.33,0.));
#4838 = DIRECTION('',(-0.,-0.,-1.));
#4839 = DIRECTION('',(1.,0.,0.));
#4840 = ADVANCED_FACE('',(#4841),#4866,.T.);
#4841 = FACE_BOUND('',#4842,.T.);
#4842 = EDGE_LOOP('',(#4843,#4853,#4859,#4860));
#4843 = ORIENTED_EDGE('',*,*,#4844,.F.);
#4844 = EDGE_CURVE('',#4845,#4847,#4849,.T.);
#4845 = VERTEX_POINT('',#4846);
#4846 = CARTESIAN_POINT('',(211.441331,90.224341,5.2));
#4847 = VERTEX_POINT('',#4848);
#4848 = CARTESIAN_POINT('',(211.441331,75.974331,5.2));
#4849 = LINE('',#4850,#4851);
#4850 = CARTESIAN_POINT('',(211.441331,70.232156432877,5.2));
#4851 = VECTOR('',#4852,1.);
#4852 = DIRECTION('',(0.,-1.,0.));
#4853 = ORIENTED_EDGE('',*,*,#4854,.T.);
#4854 = EDGE_CURVE('',#4845,#1337,#4855,.T.);
#4855 = LINE('',#4856,#4857);
#4856 = CARTESIAN_POINT('',(211.441331,90.224341,0.));
#4857 = VECTOR('',#4858,1.);
#4858 = DIRECTION('',(0.,0.,1.));
#4859 = ORIENTED_EDGE('',*,*,#1336,.T.);
#4860 = ORIENTED_EDGE('',*,*,#4861,.F.);
#4861 = EDGE_CURVE('',#4847,#1339,#4862,.T.);
#4862 = LINE('',#4863,#4864);
#4863 = CARTESIAN_POINT('',(211.441331,75.974331,0.));
#4864 = VECTOR('',#4865,1.);
#4865 = DIRECTION('',(0.,0.,1.));
#4866 = PLANE('',#4867);
#4867 = AXIS2_PLACEMENT_3D('',#4868,#4869,#4870);
#4868 = CARTESIAN_POINT('',(211.441331,90.224341,0.));
#4869 = DIRECTION('',(1.,0.,0.));
#4870 = DIRECTION('',(0.,-1.,0.));
#4871 = ADVANCED_FACE('',(#4872),#4890,.T.);
#4872 = FACE_BOUND('',#4873,.T.);
#4873 = EDGE_LOOP('',(#4874,#4882,#4888,#4889));
#4874 = ORIENTED_EDGE('',*,*,#4875,.F.);
#4875 = EDGE_CURVE('',#4876,#4845,#4878,.T.);
#4876 = VERTEX_POINT('',#4877);
#4877 = CARTESIAN_POINT('',(225.691341,90.224341,5.2));
#4878 = LINE('',#4879,#4880);
#4879 = CARTESIAN_POINT('',(230.40758061799,90.224341,5.2));
#4880 = VECTOR('',#4881,1.);
#4881 = DIRECTION('',(-1.,0.,0.));
#4882 = ORIENTED_EDGE('',*,*,#4883,.T.);
#4883 = EDGE_CURVE('',#4876,#1347,#4884,.T.);
#4884 = LINE('',#4885,#4886);
#4885 = CARTESIAN_POINT('',(225.691341,90.224341,0.));
#4886 = VECTOR('',#4887,1.);
#4887 = DIRECTION('',(0.,0.,1.));
#4888 = ORIENTED_EDGE('',*,*,#1346,.T.);
#4889 = ORIENTED_EDGE('',*,*,#4854,.F.);
#4890 = PLANE('',#4891);
#4891 = AXIS2_PLACEMENT_3D('',#4892,#4893,#4894);
#4892 = CARTESIAN_POINT('',(225.691341,90.224341,0.));
#4893 = DIRECTION('',(0.,-1.,0.));
#4894 = DIRECTION('',(-1.,0.,0.));
#4895 = ADVANCED_FACE('',(#4896),#4914,.T.);
#4896 = FACE_BOUND('',#4897,.T.);
#4897 = EDGE_LOOP('',(#4898,#4906,#4907,#4908));
#4898 = ORIENTED_EDGE('',*,*,#4899,.F.);
#4899 = EDGE_CURVE('',#4847,#4900,#4902,.T.);
#4900 = VERTEX_POINT('',#4901);
#4901 = CARTESIAN_POINT('',(225.691341,75.974331,5.2));
#4902 = LINE('',#4903,#4904);
#4903 = CARTESIAN_POINT('',(223.28257561799,75.974331,5.2));
#4904 = VECTOR('',#4905,1.);
#4905 = DIRECTION('',(1.,0.,0.));
#4906 = ORIENTED_EDGE('',*,*,#4861,.T.);
#4907 = ORIENTED_EDGE('',*,*,#1362,.T.);
#4908 = ORIENTED_EDGE('',*,*,#4909,.F.);
#4909 = EDGE_CURVE('',#4900,#1355,#4910,.T.);
#4910 = LINE('',#4911,#4912);
#4911 = CARTESIAN_POINT('',(225.691341,75.974331,0.));
#4912 = VECTOR('',#4913,1.);
#4913 = DIRECTION('',(0.,0.,1.));
#4914 = PLANE('',#4915);
#4915 = AXIS2_PLACEMENT_3D('',#4916,#4917,#4918);
#4916 = CARTESIAN_POINT('',(211.441331,75.974331,0.));
#4917 = DIRECTION('',(0.,1.,0.));
#4918 = DIRECTION('',(1.,0.,0.));
#4919 = ADVANCED_FACE('',(#4920),#4931,.T.);
#4920 = FACE_BOUND('',#4921,.T.);
#4921 = EDGE_LOOP('',(#4922,#4928,#4929,#4930));
#4922 = ORIENTED_EDGE('',*,*,#4923,.F.);
#4923 = EDGE_CURVE('',#4900,#4876,#4924,.T.);
#4924 = LINE('',#4925,#4926);
#4925 = CARTESIAN_POINT('',(225.691341,63.107151432877,5.2));
#4926 = VECTOR('',#4927,1.);
#4927 = DIRECTION('',(0.,1.,0.));
#4928 = ORIENTED_EDGE('',*,*,#4909,.T.);
#4929 = ORIENTED_EDGE('',*,*,#1354,.T.);
#4930 = ORIENTED_EDGE('',*,*,#4883,.F.);
#4931 = PLANE('',#4932);
#4932 = AXIS2_PLACEMENT_3D('',#4933,#4934,#4935);
#4933 = CARTESIAN_POINT('',(225.691341,75.974331,0.));
#4934 = DIRECTION('',(-1.,0.,0.));
#4935 = DIRECTION('',(0.,1.,0.));
#4936 = ADVANCED_FACE('',(#4937),#4962,.T.);
#4937 = FACE_BOUND('',#4938,.T.);
#4938 = EDGE_LOOP('',(#4939,#4949,#4955,#4956));
#4939 = ORIENTED_EDGE('',*,*,#4940,.F.);
#4940 = EDGE_CURVE('',#4941,#4943,#4945,.T.);
#4941 = VERTEX_POINT('',#4942);
#4942 = CARTESIAN_POINT('',(230.491331,71.174341,5.2));
#4943 = VERTEX_POINT('',#4944);
#4944 = CARTESIAN_POINT('',(230.491331,56.924331,5.2));
#4945 = LINE('',#4946,#4947);
#4946 = CARTESIAN_POINT('',(230.491331,60.707156432877,5.2));
#4947 = VECTOR('',#4948,1.);
#4948 = DIRECTION('',(0.,-1.,0.));
#4949 = ORIENTED_EDGE('',*,*,#4950,.T.);
#4950 = EDGE_CURVE('',#4941,#1371,#4951,.T.);
#4951 = LINE('',#4952,#4953);
#4952 = CARTESIAN_POINT('',(230.491331,71.174341,0.));
#4953 = VECTOR('',#4954,1.);
#4954 = DIRECTION('',(0.,0.,1.));
#4955 = ORIENTED_EDGE('',*,*,#1370,.T.);
#4956 = ORIENTED_EDGE('',*,*,#4957,.F.);
#4957 = EDGE_CURVE('',#4943,#1373,#4958,.T.);
#4958 = LINE('',#4959,#4960);
#4959 = CARTESIAN_POINT('',(230.491331,56.924331,0.));
#4960 = VECTOR('',#4961,1.);
#4961 = DIRECTION('',(0.,0.,1.));
#4962 = PLANE('',#4963);
#4963 = AXIS2_PLACEMENT_3D('',#4964,#4965,#4966);
#4964 = CARTESIAN_POINT('',(230.491331,71.174341,0.));
#4965 = DIRECTION('',(1.,0.,0.));
#4966 = DIRECTION('',(0.,-1.,0.));
#4967 = ADVANCED_FACE('',(#4968),#4986,.T.);
#4968 = FACE_BOUND('',#4969,.T.);
#4969 = EDGE_LOOP('',(#4970,#4978,#4984,#4985));
#4970 = ORIENTED_EDGE('',*,*,#4971,.F.);
#4971 = EDGE_CURVE('',#4972,#4941,#4974,.T.);
#4972 = VERTEX_POINT('',#4973);
#4973 = CARTESIAN_POINT('',(244.741341,71.174341,5.2));
#4974 = LINE('',#4975,#4976);
#4975 = CARTESIAN_POINT('',(239.93258061799,71.174341,5.2));
#4976 = VECTOR('',#4977,1.);
#4977 = DIRECTION('',(-1.,0.,0.));
#4978 = ORIENTED_EDGE('',*,*,#4979,.T.);
#4979 = EDGE_CURVE('',#4972,#1381,#4980,.T.);
#4980 = LINE('',#4981,#4982);
#4981 = CARTESIAN_POINT('',(244.741341,71.174341,0.));
#4982 = VECTOR('',#4983,1.);
#4983 = DIRECTION('',(0.,0.,1.));
#4984 = ORIENTED_EDGE('',*,*,#1380,.T.);
#4985 = ORIENTED_EDGE('',*,*,#4950,.F.);
#4986 = PLANE('',#4987);
#4987 = AXIS2_PLACEMENT_3D('',#4988,#4989,#4990);
#4988 = CARTESIAN_POINT('',(244.741341,71.174341,0.));
#4989 = DIRECTION('',(0.,-1.,0.));
#4990 = DIRECTION('',(-1.,0.,0.));
#4991 = ADVANCED_FACE('',(#4992),#5010,.T.);
#4992 = FACE_BOUND('',#4993,.T.);
#4993 = EDGE_LOOP('',(#4994,#5002,#5003,#5004));
#4994 = ORIENTED_EDGE('',*,*,#4995,.F.);
#4995 = EDGE_CURVE('',#4943,#4996,#4998,.T.);
#4996 = VERTEX_POINT('',#4997);
#4997 = CARTESIAN_POINT('',(244.741341,56.924331,5.2));
#4998 = LINE('',#4999,#5000);
#4999 = CARTESIAN_POINT('',(232.80757561799,56.924331,5.2));
#5000 = VECTOR('',#5001,1.);
#5001 = DIRECTION('',(1.,0.,0.));
#5002 = ORIENTED_EDGE('',*,*,#4957,.T.);
#5003 = ORIENTED_EDGE('',*,*,#1396,.T.);
#5004 = ORIENTED_EDGE('',*,*,#5005,.F.);
#5005 = EDGE_CURVE('',#4996,#1389,#5006,.T.);
#5006 = LINE('',#5007,#5008);
#5007 = CARTESIAN_POINT('',(244.741341,56.924331,0.));
#5008 = VECTOR('',#5009,1.);
#5009 = DIRECTION('',(0.,0.,1.));
#5010 = PLANE('',#5011);
#5011 = AXIS2_PLACEMENT_3D('',#5012,#5013,#5014);
#5012 = CARTESIAN_POINT('',(230.491331,56.924331,0.));
#5013 = DIRECTION('',(0.,1.,0.));
#5014 = DIRECTION('',(1.,0.,0.));
#5015 = ADVANCED_FACE('',(#5016),#5027,.T.);
#5016 = FACE_BOUND('',#5017,.T.);
#5017 = EDGE_LOOP('',(#5018,#5024,#5025,#5026));
#5018 = ORIENTED_EDGE('',*,*,#5019,.F.);
#5019 = EDGE_CURVE('',#4996,#4972,#5020,.T.);
#5020 = LINE('',#5021,#5022);
#5021 = CARTESIAN_POINT('',(244.741341,53.582151432877,5.2));
#5022 = VECTOR('',#5023,1.);
#5023 = DIRECTION('',(0.,1.,0.));
#5024 = ORIENTED_EDGE('',*,*,#5005,.T.);
#5025 = ORIENTED_EDGE('',*,*,#1388,.T.);
#5026 = ORIENTED_EDGE('',*,*,#4979,.F.);
#5027 = PLANE('',#5028);
#5028 = AXIS2_PLACEMENT_3D('',#5029,#5030,#5031);
#5029 = CARTESIAN_POINT('',(244.741341,56.924331,0.));
#5030 = DIRECTION('',(-1.,0.,0.));
#5031 = DIRECTION('',(0.,1.,0.));
#5032 = ADVANCED_FACE('',(#5033),#5058,.T.);
#5033 = FACE_BOUND('',#5034,.T.);
#5034 = EDGE_LOOP('',(#5035,#5045,#5051,#5052));
#5035 = ORIENTED_EDGE('',*,*,#5036,.F.);
#5036 = EDGE_CURVE('',#5037,#5039,#5041,.T.);
#5037 = VERTEX_POINT('',#5038);
#5038 = CARTESIAN_POINT('',(249.541331,71.174341,5.2));
#5039 = VERTEX_POINT('',#5040);
#5040 = CARTESIAN_POINT('',(249.541331,56.924331,5.2));
#5041 = LINE('',#5042,#5043);
#5042 = CARTESIAN_POINT('',(249.541331,60.707156432877,5.2));
#5043 = VECTOR('',#5044,1.);
#5044 = DIRECTION('',(0.,-1.,0.));
#5045 = ORIENTED_EDGE('',*,*,#5046,.T.);
#5046 = EDGE_CURVE('',#5037,#1405,#5047,.T.);
#5047 = LINE('',#5048,#5049);
#5048 = CARTESIAN_POINT('',(249.541331,71.174341,0.));
#5049 = VECTOR('',#5050,1.);
#5050 = DIRECTION('',(0.,0.,1.));
#5051 = ORIENTED_EDGE('',*,*,#1404,.T.);
#5052 = ORIENTED_EDGE('',*,*,#5053,.F.);
#5053 = EDGE_CURVE('',#5039,#1407,#5054,.T.);
#5054 = LINE('',#5055,#5056);
#5055 = CARTESIAN_POINT('',(249.541331,56.924331,0.));
#5056 = VECTOR('',#5057,1.);
#5057 = DIRECTION('',(0.,0.,1.));
#5058 = PLANE('',#5059);
#5059 = AXIS2_PLACEMENT_3D('',#5060,#5061,#5062);
#5060 = CARTESIAN_POINT('',(249.541331,71.174341,0.));
#5061 = DIRECTION('',(1.,0.,0.));
#5062 = DIRECTION('',(0.,-1.,0.));
#5063 = ADVANCED_FACE('',(#5064),#5082,.T.);
#5064 = FACE_BOUND('',#5065,.T.);
#5065 = EDGE_LOOP('',(#5066,#5074,#5080,#5081));
#5066 = ORIENTED_EDGE('',*,*,#5067,.F.);
#5067 = EDGE_CURVE('',#5068,#5037,#5070,.T.);
#5068 = VERTEX_POINT('',#5069);
#5069 = CARTESIAN_POINT('',(263.791341,71.174341,5.2));
#5070 = LINE('',#5071,#5072);
#5071 = CARTESIAN_POINT('',(249.45758061799,71.174341,5.2));
#5072 = VECTOR('',#5073,1.);
#5073 = DIRECTION('',(-1.,0.,0.));
#5074 = ORIENTED_EDGE('',*,*,#5075,.T.);
#5075 = EDGE_CURVE('',#5068,#1415,#5076,.T.);
#5076 = LINE('',#5077,#5078);
#5077 = CARTESIAN_POINT('',(263.791341,71.174341,0.));
#5078 = VECTOR('',#5079,1.);
#5079 = DIRECTION('',(0.,0.,1.));
#5080 = ORIENTED_EDGE('',*,*,#1414,.T.);
#5081 = ORIENTED_EDGE('',*,*,#5046,.F.);
#5082 = PLANE('',#5083);
#5083 = AXIS2_PLACEMENT_3D('',#5084,#5085,#5086);
#5084 = CARTESIAN_POINT('',(263.791341,71.174341,0.));
#5085 = DIRECTION('',(0.,-1.,0.));
#5086 = DIRECTION('',(-1.,0.,0.));
#5087 = ADVANCED_FACE('',(#5088),#5106,.T.);
#5088 = FACE_BOUND('',#5089,.T.);
#5089 = EDGE_LOOP('',(#5090,#5098,#5099,#5100));
#5090 = ORIENTED_EDGE('',*,*,#5091,.F.);
#5091 = EDGE_CURVE('',#5039,#5092,#5094,.T.);
#5092 = VERTEX_POINT('',#5093);
#5093 = CARTESIAN_POINT('',(263.791341,56.924331,5.2));
#5094 = LINE('',#5095,#5096);
#5095 = CARTESIAN_POINT('',(242.33257561799,56.924331,5.2));
#5096 = VECTOR('',#5097,1.);
#5097 = DIRECTION('',(1.,0.,0.));
#5098 = ORIENTED_EDGE('',*,*,#5053,.T.);
#5099 = ORIENTED_EDGE('',*,*,#1430,.T.);
#5100 = ORIENTED_EDGE('',*,*,#5101,.F.);
#5101 = EDGE_CURVE('',#5092,#1423,#5102,.T.);
#5102 = LINE('',#5103,#5104);
#5103 = CARTESIAN_POINT('',(263.791341,56.924331,0.));
#5104 = VECTOR('',#5105,1.);
#5105 = DIRECTION('',(0.,0.,1.));
#5106 = PLANE('',#5107);
#5107 = AXIS2_PLACEMENT_3D('',#5108,#5109,#5110);
#5108 = CARTESIAN_POINT('',(249.541331,56.924331,0.));
#5109 = DIRECTION('',(0.,1.,0.));
#5110 = DIRECTION('',(1.,0.,0.));
#5111 = ADVANCED_FACE('',(#5112),#5123,.T.);
#5112 = FACE_BOUND('',#5113,.T.);
#5113 = EDGE_LOOP('',(#5114,#5120,#5121,#5122));
#5114 = ORIENTED_EDGE('',*,*,#5115,.F.);
#5115 = EDGE_CURVE('',#5092,#5068,#5116,.T.);
#5116 = LINE('',#5117,#5118);
#5117 = CARTESIAN_POINT('',(263.791341,53.582151432877,5.2));
#5118 = VECTOR('',#5119,1.);
#5119 = DIRECTION('',(0.,1.,0.));
#5120 = ORIENTED_EDGE('',*,*,#5101,.T.);
#5121 = ORIENTED_EDGE('',*,*,#1422,.T.);
#5122 = ORIENTED_EDGE('',*,*,#5075,.F.);
#5123 = PLANE('',#5124);
#5124 = AXIS2_PLACEMENT_3D('',#5125,#5126,#5127);
#5125 = CARTESIAN_POINT('',(263.791341,56.924331,0.));
#5126 = DIRECTION('',(-1.,0.,0.));
#5127 = DIRECTION('',(0.,1.,0.));
#5128 = ADVANCED_FACE('',(#5129),#5154,.T.);
#5129 = FACE_BOUND('',#5130,.T.);
#5130 = EDGE_LOOP('',(#5131,#5141,#5147,#5148));
#5131 = ORIENTED_EDGE('',*,*,#5132,.F.);
#5132 = EDGE_CURVE('',#5133,#5135,#5137,.T.);
#5133 = VERTEX_POINT('',#5134);
#5134 = CARTESIAN_POINT('',(268.591331,71.174341,5.2));
#5135 = VERTEX_POINT('',#5136);
#5136 = CARTESIAN_POINT('',(268.591331,56.924331,5.2));
#5137 = LINE('',#5138,#5139);
#5138 = CARTESIAN_POINT('',(268.591331,60.707156432877,5.2));
#5139 = VECTOR('',#5140,1.);
#5140 = DIRECTION('',(0.,-1.,0.));
#5141 = ORIENTED_EDGE('',*,*,#5142,.T.);
#5142 = EDGE_CURVE('',#5133,#1439,#5143,.T.);
#5143 = LINE('',#5144,#5145);
#5144 = CARTESIAN_POINT('',(268.591331,71.174341,0.));
#5145 = VECTOR('',#5146,1.);
#5146 = DIRECTION('',(0.,0.,1.));
#5147 = ORIENTED_EDGE('',*,*,#1438,.T.);
#5148 = ORIENTED_EDGE('',*,*,#5149,.F.);
#5149 = EDGE_CURVE('',#5135,#1441,#5150,.T.);
#5150 = LINE('',#5151,#5152);
#5151 = CARTESIAN_POINT('',(268.591331,56.924331,0.));
#5152 = VECTOR('',#5153,1.);
#5153 = DIRECTION('',(0.,0.,1.));
#5154 = PLANE('',#5155);
#5155 = AXIS2_PLACEMENT_3D('',#5156,#5157,#5158);
#5156 = CARTESIAN_POINT('',(268.591331,71.174341,0.));
#5157 = DIRECTION('',(1.,0.,0.));
#5158 = DIRECTION('',(0.,-1.,0.));
#5159 = ADVANCED_FACE('',(#5160),#5178,.T.);
#5160 = FACE_BOUND('',#5161,.T.);
#5161 = EDGE_LOOP('',(#5162,#5170,#5176,#5177));
#5162 = ORIENTED_EDGE('',*,*,#5163,.F.);
#5163 = EDGE_CURVE('',#5164,#5133,#5166,.T.);
#5164 = VERTEX_POINT('',#5165);
#5165 = CARTESIAN_POINT('',(282.841341,71.174341,5.2));
#5166 = LINE('',#5167,#5168);
#5167 = CARTESIAN_POINT('',(258.98258061799,71.174341,5.2));
#5168 = VECTOR('',#5169,1.);
#5169 = DIRECTION('',(-1.,0.,0.));
#5170 = ORIENTED_EDGE('',*,*,#5171,.T.);
#5171 = EDGE_CURVE('',#5164,#1449,#5172,.T.);
#5172 = LINE('',#5173,#5174);
#5173 = CARTESIAN_POINT('',(282.841341,71.174341,0.));
#5174 = VECTOR('',#5175,1.);
#5175 = DIRECTION('',(0.,0.,1.));
#5176 = ORIENTED_EDGE('',*,*,#1448,.T.);
#5177 = ORIENTED_EDGE('',*,*,#5142,.F.);
#5178 = PLANE('',#5179);
#5179 = AXIS2_PLACEMENT_3D('',#5180,#5181,#5182);
#5180 = CARTESIAN_POINT('',(282.841341,71.174341,0.));
#5181 = DIRECTION('',(0.,-1.,0.));
#5182 = DIRECTION('',(-1.,0.,0.));
#5183 = ADVANCED_FACE('',(#5184),#5202,.T.);
#5184 = FACE_BOUND('',#5185,.T.);
#5185 = EDGE_LOOP('',(#5186,#5194,#5195,#5196));
#5186 = ORIENTED_EDGE('',*,*,#5187,.F.);
#5187 = EDGE_CURVE('',#5135,#5188,#5190,.T.);
#5188 = VERTEX_POINT('',#5189);
#5189 = CARTESIAN_POINT('',(282.841341,56.924331,5.2));
#5190 = LINE('',#5191,#5192);
#5191 = CARTESIAN_POINT('',(251.85757561799,56.924331,5.2));
#5192 = VECTOR('',#5193,1.);
#5193 = DIRECTION('',(1.,0.,0.));
#5194 = ORIENTED_EDGE('',*,*,#5149,.T.);
#5195 = ORIENTED_EDGE('',*,*,#1464,.T.);
#5196 = ORIENTED_EDGE('',*,*,#5197,.F.);
#5197 = EDGE_CURVE('',#5188,#1457,#5198,.T.);
#5198 = LINE('',#5199,#5200);
#5199 = CARTESIAN_POINT('',(282.841341,56.924331,0.));
#5200 = VECTOR('',#5201,1.);
#5201 = DIRECTION('',(0.,0.,1.));
#5202 = PLANE('',#5203);
#5203 = AXIS2_PLACEMENT_3D('',#5204,#5205,#5206);
#5204 = CARTESIAN_POINT('',(268.591331,56.924331,0.));
#5205 = DIRECTION('',(0.,1.,0.));
#5206 = DIRECTION('',(1.,0.,0.));
#5207 = ADVANCED_FACE('',(#5208),#5219,.T.);
#5208 = FACE_BOUND('',#5209,.T.);
#5209 = EDGE_LOOP('',(#5210,#5216,#5217,#5218));
#5210 = ORIENTED_EDGE('',*,*,#5211,.F.);
#5211 = EDGE_CURVE('',#5188,#5164,#5212,.T.);
#5212 = LINE('',#5213,#5214);
#5213 = CARTESIAN_POINT('',(282.841341,53.582151432877,5.2));
#5214 = VECTOR('',#5215,1.);
#5215 = DIRECTION('',(0.,1.,0.));
#5216 = ORIENTED_EDGE('',*,*,#5197,.T.);
#5217 = ORIENTED_EDGE('',*,*,#1456,.T.);
#5218 = ORIENTED_EDGE('',*,*,#5171,.F.);
#5219 = PLANE('',#5220);
#5220 = AXIS2_PLACEMENT_3D('',#5221,#5222,#5223);
#5221 = CARTESIAN_POINT('',(282.841341,56.924331,0.));
#5222 = DIRECTION('',(-1.,0.,0.));
#5223 = DIRECTION('',(0.,1.,0.));
#5224 = ADVANCED_FACE('',(#5225),#5250,.T.);
#5225 = FACE_BOUND('',#5226,.T.);
#5226 = EDGE_LOOP('',(#5227,#5237,#5243,#5244));
#5227 = ORIENTED_EDGE('',*,*,#5228,.F.);
#5228 = EDGE_CURVE('',#5229,#5231,#5233,.T.);
#5229 = VERTEX_POINT('',#5230);
#5230 = CARTESIAN_POINT('',(287.641331,71.174341,5.2));
#5231 = VERTEX_POINT('',#5232);
#5232 = CARTESIAN_POINT('',(287.641331,56.924331,5.2));
#5233 = LINE('',#5234,#5235);
#5234 = CARTESIAN_POINT('',(287.641331,60.707156432877,5.2));
#5235 = VECTOR('',#5236,1.);
#5236 = DIRECTION('',(0.,-1.,0.));
#5237 = ORIENTED_EDGE('',*,*,#5238,.T.);
#5238 = EDGE_CURVE('',#5229,#1473,#5239,.T.);
#5239 = LINE('',#5240,#5241);
#5240 = CARTESIAN_POINT('',(287.641331,71.174341,0.));
#5241 = VECTOR('',#5242,1.);
#5242 = DIRECTION('',(0.,0.,1.));
#5243 = ORIENTED_EDGE('',*,*,#1472,.T.);
#5244 = ORIENTED_EDGE('',*,*,#5245,.F.);
#5245 = EDGE_CURVE('',#5231,#1475,#5246,.T.);
#5246 = LINE('',#5247,#5248);
#5247 = CARTESIAN_POINT('',(287.641331,56.924331,0.));
#5248 = VECTOR('',#5249,1.);
#5249 = DIRECTION('',(0.,0.,1.));
#5250 = PLANE('',#5251);
#5251 = AXIS2_PLACEMENT_3D('',#5252,#5253,#5254);
#5252 = CARTESIAN_POINT('',(287.641331,71.174341,0.));
#5253 = DIRECTION('',(1.,0.,0.));
#5254 = DIRECTION('',(0.,-1.,0.));
#5255 = ADVANCED_FACE('',(#5256),#5274,.T.);
#5256 = FACE_BOUND('',#5257,.T.);
#5257 = EDGE_LOOP('',(#5258,#5266,#5272,#5273));
#5258 = ORIENTED_EDGE('',*,*,#5259,.F.);
#5259 = EDGE_CURVE('',#5260,#5229,#5262,.T.);
#5260 = VERTEX_POINT('',#5261);
#5261 = CARTESIAN_POINT('',(301.891341,71.174341,5.2));
#5262 = LINE('',#5263,#5264);
#5263 = CARTESIAN_POINT('',(268.50758061799,71.174341,5.2));
#5264 = VECTOR('',#5265,1.);
#5265 = DIRECTION('',(-1.,0.,0.));
#5266 = ORIENTED_EDGE('',*,*,#5267,.T.);
#5267 = EDGE_CURVE('',#5260,#1483,#5268,.T.);
#5268 = LINE('',#5269,#5270);
#5269 = CARTESIAN_POINT('',(301.891341,71.174341,0.));
#5270 = VECTOR('',#5271,1.);
#5271 = DIRECTION('',(0.,0.,1.));
#5272 = ORIENTED_EDGE('',*,*,#1482,.T.);
#5273 = ORIENTED_EDGE('',*,*,#5238,.F.);
#5274 = PLANE('',#5275);
#5275 = AXIS2_PLACEMENT_3D('',#5276,#5277,#5278);
#5276 = CARTESIAN_POINT('',(301.891341,71.174341,0.));
#5277 = DIRECTION('',(0.,-1.,0.));
#5278 = DIRECTION('',(-1.,0.,0.));
#5279 = ADVANCED_FACE('',(#5280),#5298,.T.);
#5280 = FACE_BOUND('',#5281,.T.);
#5281 = EDGE_LOOP('',(#5282,#5290,#5291,#5292));
#5282 = ORIENTED_EDGE('',*,*,#5283,.F.);
#5283 = EDGE_CURVE('',#5231,#5284,#5286,.T.);
#5284 = VERTEX_POINT('',#5285);
#5285 = CARTESIAN_POINT('',(301.891341,56.924331,5.2));
#5286 = LINE('',#5287,#5288);
#5287 = CARTESIAN_POINT('',(261.38257561799,56.924331,5.2));
#5288 = VECTOR('',#5289,1.);
#5289 = DIRECTION('',(1.,0.,0.));
#5290 = ORIENTED_EDGE('',*,*,#5245,.T.);
#5291 = ORIENTED_EDGE('',*,*,#1498,.T.);
#5292 = ORIENTED_EDGE('',*,*,#5293,.F.);
#5293 = EDGE_CURVE('',#5284,#1491,#5294,.T.);
#5294 = LINE('',#5295,#5296);
#5295 = CARTESIAN_POINT('',(301.891341,56.924331,0.));
#5296 = VECTOR('',#5297,1.);
#5297 = DIRECTION('',(0.,0.,1.));
#5298 = PLANE('',#5299);
#5299 = AXIS2_PLACEMENT_3D('',#5300,#5301,#5302);
#5300 = CARTESIAN_POINT('',(287.641331,56.924331,0.));
#5301 = DIRECTION('',(0.,1.,0.));
#5302 = DIRECTION('',(1.,0.,0.));
#5303 = ADVANCED_FACE('',(#5304),#5315,.T.);
#5304 = FACE_BOUND('',#5305,.T.);
#5305 = EDGE_LOOP('',(#5306,#5312,#5313,#5314));
#5306 = ORIENTED_EDGE('',*,*,#5307,.F.);
#5307 = EDGE_CURVE('',#5284,#5260,#5308,.T.);
#5308 = LINE('',#5309,#5310);
#5309 = CARTESIAN_POINT('',(301.891341,53.582151432877,5.2));
#5310 = VECTOR('',#5311,1.);
#5311 = DIRECTION('',(0.,1.,0.));
#5312 = ORIENTED_EDGE('',*,*,#5293,.T.);
#5313 = ORIENTED_EDGE('',*,*,#1490,.T.);
#5314 = ORIENTED_EDGE('',*,*,#5267,.F.);
#5315 = PLANE('',#5316);
#5316 = AXIS2_PLACEMENT_3D('',#5317,#5318,#5319);
#5317 = CARTESIAN_POINT('',(301.891341,56.924331,0.));
#5318 = DIRECTION('',(-1.,0.,0.));
#5319 = DIRECTION('',(0.,1.,0.));
#5320 = ADVANCED_FACE('',(#5321),#5346,.T.);
#5321 = FACE_BOUND('',#5322,.T.);
#5322 = EDGE_LOOP('',(#5323,#5333,#5339,#5340));
#5323 = ORIENTED_EDGE('',*,*,#5324,.F.);
#5324 = EDGE_CURVE('',#5325,#5327,#5329,.T.);
#5325 = VERTEX_POINT('',#5326);
#5326 = CARTESIAN_POINT('',(230.491331,90.224341,5.2));
#5327 = VERTEX_POINT('',#5328);
#5328 = CARTESIAN_POINT('',(230.491331,75.974331,5.2));
#5329 = LINE('',#5330,#5331);
#5330 = CARTESIAN_POINT('',(230.491331,70.232156432877,5.2));
#5331 = VECTOR('',#5332,1.);
#5332 = DIRECTION('',(0.,-1.,0.));
#5333 = ORIENTED_EDGE('',*,*,#5334,.T.);
#5334 = EDGE_CURVE('',#5325,#1507,#5335,.T.);
#5335 = LINE('',#5336,#5337);
#5336 = CARTESIAN_POINT('',(230.491331,90.224341,0.));
#5337 = VECTOR('',#5338,1.);
#5338 = DIRECTION('',(0.,0.,1.));
#5339 = ORIENTED_EDGE('',*,*,#1506,.T.);
#5340 = ORIENTED_EDGE('',*,*,#5341,.F.);
#5341 = EDGE_CURVE('',#5327,#1509,#5342,.T.);
#5342 = LINE('',#5343,#5344);
#5343 = CARTESIAN_POINT('',(230.491331,75.974331,0.));
#5344 = VECTOR('',#5345,1.);
#5345 = DIRECTION('',(0.,0.,1.));
#5346 = PLANE('',#5347);
#5347 = AXIS2_PLACEMENT_3D('',#5348,#5349,#5350);
#5348 = CARTESIAN_POINT('',(230.491331,90.224341,0.));
#5349 = DIRECTION('',(1.,0.,0.));
#5350 = DIRECTION('',(0.,-1.,0.));
#5351 = ADVANCED_FACE('',(#5352),#5370,.T.);
#5352 = FACE_BOUND('',#5353,.T.);
#5353 = EDGE_LOOP('',(#5354,#5362,#5368,#5369));
#5354 = ORIENTED_EDGE('',*,*,#5355,.F.);
#5355 = EDGE_CURVE('',#5356,#5325,#5358,.T.);
#5356 = VERTEX_POINT('',#5357);
#5357 = CARTESIAN_POINT('',(244.741341,90.224341,5.2));
#5358 = LINE('',#5359,#5360);
#5359 = CARTESIAN_POINT('',(239.93258061799,90.224341,5.2));
#5360 = VECTOR('',#5361,1.);
#5361 = DIRECTION('',(-1.,0.,0.));
#5362 = ORIENTED_EDGE('',*,*,#5363,.T.);
#5363 = EDGE_CURVE('',#5356,#1517,#5364,.T.);
#5364 = LINE('',#5365,#5366);
#5365 = CARTESIAN_POINT('',(244.741341,90.224341,0.));
#5366 = VECTOR('',#5367,1.);
#5367 = DIRECTION('',(0.,0.,1.));
#5368 = ORIENTED_EDGE('',*,*,#1516,.T.);
#5369 = ORIENTED_EDGE('',*,*,#5334,.F.);
#5370 = PLANE('',#5371);
#5371 = AXIS2_PLACEMENT_3D('',#5372,#5373,#5374);
#5372 = CARTESIAN_POINT('',(244.741341,90.224341,0.));
#5373 = DIRECTION('',(0.,-1.,0.));
#5374 = DIRECTION('',(-1.,0.,0.));
#5375 = ADVANCED_FACE('',(#5376),#5394,.T.);
#5376 = FACE_BOUND('',#5377,.T.);
#5377 = EDGE_LOOP('',(#5378,#5386,#5387,#5388));
#5378 = ORIENTED_EDGE('',*,*,#5379,.F.);
#5379 = EDGE_CURVE('',#5327,#5380,#5382,.T.);
#5380 = VERTEX_POINT('',#5381);
#5381 = CARTESIAN_POINT('',(244.741341,75.974331,5.2));
#5382 = LINE('',#5383,#5384);
#5383 = CARTESIAN_POINT('',(232.80757561799,75.974331,5.2));
#5384 = VECTOR('',#5385,1.);
#5385 = DIRECTION('',(1.,0.,0.));
#5386 = ORIENTED_EDGE('',*,*,#5341,.T.);
#5387 = ORIENTED_EDGE('',*,*,#1532,.T.);
#5388 = ORIENTED_EDGE('',*,*,#5389,.F.);
#5389 = EDGE_CURVE('',#5380,#1525,#5390,.T.);
#5390 = LINE('',#5391,#5392);
#5391 = CARTESIAN_POINT('',(244.741341,75.974331,0.));
#5392 = VECTOR('',#5393,1.);
#5393 = DIRECTION('',(0.,0.,1.));
#5394 = PLANE('',#5395);
#5395 = AXIS2_PLACEMENT_3D('',#5396,#5397,#5398);
#5396 = CARTESIAN_POINT('',(230.491331,75.974331,0.));
#5397 = DIRECTION('',(0.,1.,0.));
#5398 = DIRECTION('',(1.,0.,0.));
#5399 = ADVANCED_FACE('',(#5400),#5411,.T.);
#5400 = FACE_BOUND('',#5401,.T.);
#5401 = EDGE_LOOP('',(#5402,#5408,#5409,#5410));
#5402 = ORIENTED_EDGE('',*,*,#5403,.F.);
#5403 = EDGE_CURVE('',#5380,#5356,#5404,.T.);
#5404 = LINE('',#5405,#5406);
#5405 = CARTESIAN_POINT('',(244.741341,63.107151432877,5.2));
#5406 = VECTOR('',#5407,1.);
#5407 = DIRECTION('',(0.,1.,0.));
#5408 = ORIENTED_EDGE('',*,*,#5389,.T.);
#5409 = ORIENTED_EDGE('',*,*,#1524,.T.);
#5410 = ORIENTED_EDGE('',*,*,#5363,.F.);
#5411 = PLANE('',#5412);
#5412 = AXIS2_PLACEMENT_3D('',#5413,#5414,#5415);
#5413 = CARTESIAN_POINT('',(244.741341,75.974331,0.));
#5414 = DIRECTION('',(-1.,0.,0.));
#5415 = DIRECTION('',(0.,1.,0.));
#5416 = ADVANCED_FACE('',(#5417),#5442,.T.);
#5417 = FACE_BOUND('',#5418,.T.);
#5418 = EDGE_LOOP('',(#5419,#5429,#5435,#5436));
#5419 = ORIENTED_EDGE('',*,*,#5420,.F.);
#5420 = EDGE_CURVE('',#5421,#5423,#5425,.T.);
#5421 = VERTEX_POINT('',#5422);
#5422 = CARTESIAN_POINT('',(249.541331,90.224341,5.2));
#5423 = VERTEX_POINT('',#5424);
#5424 = CARTESIAN_POINT('',(249.541331,75.974331,5.2));
#5425 = LINE('',#5426,#5427);
#5426 = CARTESIAN_POINT('',(249.541331,70.232156432877,5.2));
#5427 = VECTOR('',#5428,1.);
#5428 = DIRECTION('',(0.,-1.,0.));
#5429 = ORIENTED_EDGE('',*,*,#5430,.T.);
#5430 = EDGE_CURVE('',#5421,#1541,#5431,.T.);
#5431 = LINE('',#5432,#5433);
#5432 = CARTESIAN_POINT('',(249.541331,90.224341,0.));
#5433 = VECTOR('',#5434,1.);
#5434 = DIRECTION('',(0.,0.,1.));
#5435 = ORIENTED_EDGE('',*,*,#1540,.T.);
#5436 = ORIENTED_EDGE('',*,*,#5437,.F.);
#5437 = EDGE_CURVE('',#5423,#1543,#5438,.T.);
#5438 = LINE('',#5439,#5440);
#5439 = CARTESIAN_POINT('',(249.541331,75.974331,0.));
#5440 = VECTOR('',#5441,1.);
#5441 = DIRECTION('',(0.,0.,1.));
#5442 = PLANE('',#5443);
#5443 = AXIS2_PLACEMENT_3D('',#5444,#5445,#5446);
#5444 = CARTESIAN_POINT('',(249.541331,90.224341,0.));
#5445 = DIRECTION('',(1.,0.,0.));
#5446 = DIRECTION('',(0.,-1.,0.));
#5447 = ADVANCED_FACE('',(#5448),#5466,.T.);
#5448 = FACE_BOUND('',#5449,.T.);
#5449 = EDGE_LOOP('',(#5450,#5458,#5464,#5465));
#5450 = ORIENTED_EDGE('',*,*,#5451,.F.);
#5451 = EDGE_CURVE('',#5452,#5421,#5454,.T.);
#5452 = VERTEX_POINT('',#5453);
#5453 = CARTESIAN_POINT('',(263.791341,90.224341,5.2));
#5454 = LINE('',#5455,#5456);
#5455 = CARTESIAN_POINT('',(249.45758061799,90.224341,5.2));
#5456 = VECTOR('',#5457,1.);
#5457 = DIRECTION('',(-1.,0.,0.));
#5458 = ORIENTED_EDGE('',*,*,#5459,.T.);
#5459 = EDGE_CURVE('',#5452,#1551,#5460,.T.);
#5460 = LINE('',#5461,#5462);
#5461 = CARTESIAN_POINT('',(263.791341,90.224341,0.));
#5462 = VECTOR('',#5463,1.);
#5463 = DIRECTION('',(0.,0.,1.));
#5464 = ORIENTED_EDGE('',*,*,#1550,.T.);
#5465 = ORIENTED_EDGE('',*,*,#5430,.F.);
#5466 = PLANE('',#5467);
#5467 = AXIS2_PLACEMENT_3D('',#5468,#5469,#5470);
#5468 = CARTESIAN_POINT('',(263.791341,90.224341,0.));
#5469 = DIRECTION('',(0.,-1.,0.));
#5470 = DIRECTION('',(-1.,0.,0.));
#5471 = ADVANCED_FACE('',(#5472),#5490,.T.);
#5472 = FACE_BOUND('',#5473,.T.);
#5473 = EDGE_LOOP('',(#5474,#5482,#5483,#5484));
#5474 = ORIENTED_EDGE('',*,*,#5475,.F.);
#5475 = EDGE_CURVE('',#5423,#5476,#5478,.T.);
#5476 = VERTEX_POINT('',#5477);
#5477 = CARTESIAN_POINT('',(263.791341,75.974331,5.2));
#5478 = LINE('',#5479,#5480);
#5479 = CARTESIAN_POINT('',(242.33257561799,75.974331,5.2));
#5480 = VECTOR('',#5481,1.);
#5481 = DIRECTION('',(1.,0.,0.));
#5482 = ORIENTED_EDGE('',*,*,#5437,.T.);
#5483 = ORIENTED_EDGE('',*,*,#1566,.T.);
#5484 = ORIENTED_EDGE('',*,*,#5485,.F.);
#5485 = EDGE_CURVE('',#5476,#1559,#5486,.T.);
#5486 = LINE('',#5487,#5488);
#5487 = CARTESIAN_POINT('',(263.791341,75.974331,0.));
#5488 = VECTOR('',#5489,1.);
#5489 = DIRECTION('',(0.,0.,1.));
#5490 = PLANE('',#5491);
#5491 = AXIS2_PLACEMENT_3D('',#5492,#5493,#5494);
#5492 = CARTESIAN_POINT('',(249.541331,75.974331,0.));
#5493 = DIRECTION('',(0.,1.,0.));
#5494 = DIRECTION('',(1.,0.,0.));
#5495 = ADVANCED_FACE('',(#5496),#5507,.T.);
#5496 = FACE_BOUND('',#5497,.T.);
#5497 = EDGE_LOOP('',(#5498,#5504,#5505,#5506));
#5498 = ORIENTED_EDGE('',*,*,#5499,.F.);
#5499 = EDGE_CURVE('',#5476,#5452,#5500,.T.);
#5500 = LINE('',#5501,#5502);
#5501 = CARTESIAN_POINT('',(263.791341,63.107151432877,5.2));
#5502 = VECTOR('',#5503,1.);
#5503 = DIRECTION('',(0.,1.,0.));
#5504 = ORIENTED_EDGE('',*,*,#5485,.T.);
#5505 = ORIENTED_EDGE('',*,*,#1558,.T.);
#5506 = ORIENTED_EDGE('',*,*,#5459,.F.);
#5507 = PLANE('',#5508);
#5508 = AXIS2_PLACEMENT_3D('',#5509,#5510,#5511);
#5509 = CARTESIAN_POINT('',(263.791341,75.974331,0.));
#5510 = DIRECTION('',(-1.,0.,0.));
#5511 = DIRECTION('',(0.,1.,0.));
#5512 = ADVANCED_FACE('',(#5513),#5538,.T.);
#5513 = FACE_BOUND('',#5514,.T.);
#5514 = EDGE_LOOP('',(#5515,#5525,#5531,#5532));
#5515 = ORIENTED_EDGE('',*,*,#5516,.F.);
#5516 = EDGE_CURVE('',#5517,#5519,#5521,.T.);
#5517 = VERTEX_POINT('',#5518);
#5518 = CARTESIAN_POINT('',(268.591331,90.224341,5.2));
#5519 = VERTEX_POINT('',#5520);
#5520 = CARTESIAN_POINT('',(268.591331,75.974331,5.2));
#5521 = LINE('',#5522,#5523);
#5522 = CARTESIAN_POINT('',(268.591331,70.232156432877,5.2));
#5523 = VECTOR('',#5524,1.);
#5524 = DIRECTION('',(0.,-1.,0.));
#5525 = ORIENTED_EDGE('',*,*,#5526,.T.);
#5526 = EDGE_CURVE('',#5517,#1575,#5527,.T.);
#5527 = LINE('',#5528,#5529);
#5528 = CARTESIAN_POINT('',(268.591331,90.224341,0.));
#5529 = VECTOR('',#5530,1.);
#5530 = DIRECTION('',(0.,0.,1.));
#5531 = ORIENTED_EDGE('',*,*,#1574,.T.);
#5532 = ORIENTED_EDGE('',*,*,#5533,.F.);
#5533 = EDGE_CURVE('',#5519,#1577,#5534,.T.);
#5534 = LINE('',#5535,#5536);
#5535 = CARTESIAN_POINT('',(268.591331,75.974331,0.));
#5536 = VECTOR('',#5537,1.);
#5537 = DIRECTION('',(0.,0.,1.));
#5538 = PLANE('',#5539);
#5539 = AXIS2_PLACEMENT_3D('',#5540,#5541,#5542);
#5540 = CARTESIAN_POINT('',(268.591331,90.224341,0.));
#5541 = DIRECTION('',(1.,0.,0.));
#5542 = DIRECTION('',(0.,-1.,0.));
#5543 = ADVANCED_FACE('',(#5544),#5562,.T.);
#5544 = FACE_BOUND('',#5545,.T.);
#5545 = EDGE_LOOP('',(#5546,#5554,#5560,#5561));
#5546 = ORIENTED_EDGE('',*,*,#5547,.F.);
#5547 = EDGE_CURVE('',#5548,#5517,#5550,.T.);
#5548 = VERTEX_POINT('',#5549);
#5549 = CARTESIAN_POINT('',(282.841341,90.224341,5.2));
#5550 = LINE('',#5551,#5552);
#5551 = CARTESIAN_POINT('',(258.98258061799,90.224341,5.2));
#5552 = VECTOR('',#5553,1.);
#5553 = DIRECTION('',(-1.,0.,0.));
#5554 = ORIENTED_EDGE('',*,*,#5555,.T.);
#5555 = EDGE_CURVE('',#5548,#1585,#5556,.T.);
#5556 = LINE('',#5557,#5558);
#5557 = CARTESIAN_POINT('',(282.841341,90.224341,0.));
#5558 = VECTOR('',#5559,1.);
#5559 = DIRECTION('',(0.,0.,1.));
#5560 = ORIENTED_EDGE('',*,*,#1584,.T.);
#5561 = ORIENTED_EDGE('',*,*,#5526,.F.);
#5562 = PLANE('',#5563);
#5563 = AXIS2_PLACEMENT_3D('',#5564,#5565,#5566);
#5564 = CARTESIAN_POINT('',(282.841341,90.224341,0.));
#5565 = DIRECTION('',(0.,-1.,0.));
#5566 = DIRECTION('',(-1.,0.,0.));
#5567 = ADVANCED_FACE('',(#5568),#5586,.T.);
#5568 = FACE_BOUND('',#5569,.T.);
#5569 = EDGE_LOOP('',(#5570,#5578,#5579,#5580));
#5570 = ORIENTED_EDGE('',*,*,#5571,.F.);
#5571 = EDGE_CURVE('',#5519,#5572,#5574,.T.);
#5572 = VERTEX_POINT('',#5573);
#5573 = CARTESIAN_POINT('',(282.841341,75.974331,5.2));
#5574 = LINE('',#5575,#5576);
#5575 = CARTESIAN_POINT('',(251.85757561799,75.974331,5.2));
#5576 = VECTOR('',#5577,1.);
#5577 = DIRECTION('',(1.,0.,0.));
#5578 = ORIENTED_EDGE('',*,*,#5533,.T.);
#5579 = ORIENTED_EDGE('',*,*,#1600,.T.);
#5580 = ORIENTED_EDGE('',*,*,#5581,.F.);
#5581 = EDGE_CURVE('',#5572,#1593,#5582,.T.);
#5582 = LINE('',#5583,#5584);
#5583 = CARTESIAN_POINT('',(282.841341,75.974331,0.));
#5584 = VECTOR('',#5585,1.);
#5585 = DIRECTION('',(0.,0.,1.));
#5586 = PLANE('',#5587);
#5587 = AXIS2_PLACEMENT_3D('',#5588,#5589,#5590);
#5588 = CARTESIAN_POINT('',(268.591331,75.974331,0.));
#5589 = DIRECTION('',(0.,1.,0.));
#5590 = DIRECTION('',(1.,0.,0.));
#5591 = ADVANCED_FACE('',(#5592),#5603,.T.);
#5592 = FACE_BOUND('',#5593,.T.);
#5593 = EDGE_LOOP('',(#5594,#5600,#5601,#5602));
#5594 = ORIENTED_EDGE('',*,*,#5595,.F.);
#5595 = EDGE_CURVE('',#5572,#5548,#5596,.T.);
#5596 = LINE('',#5597,#5598);
#5597 = CARTESIAN_POINT('',(282.841341,63.107151432877,5.2));
#5598 = VECTOR('',#5599,1.);
#5599 = DIRECTION('',(0.,1.,0.));
#5600 = ORIENTED_EDGE('',*,*,#5581,.T.);
#5601 = ORIENTED_EDGE('',*,*,#1592,.T.);
#5602 = ORIENTED_EDGE('',*,*,#5555,.F.);
#5603 = PLANE('',#5604);
#5604 = AXIS2_PLACEMENT_3D('',#5605,#5606,#5607);
#5605 = CARTESIAN_POINT('',(282.841341,75.974331,0.));
#5606 = DIRECTION('',(-1.,0.,0.));
#5607 = DIRECTION('',(0.,1.,0.));
#5608 = ADVANCED_FACE('',(#5609),#5628,.F.);
#5609 = FACE_BOUND('',#5610,.T.);
#5610 = EDGE_LOOP('',(#5611,#5620,#5626,#5627));
#5611 = ORIENTED_EDGE('',*,*,#5612,.T.);
#5612 = EDGE_CURVE('',#5613,#5613,#5615,.T.);
#5613 = VERTEX_POINT('',#5614);
#5614 = CARTESIAN_POINT('',(286.51,83.13,5.2));
#5615 = CIRCLE('',#5616,1.2);
#5616 = AXIS2_PLACEMENT_3D('',#5617,#5618,#5619);
#5617 = CARTESIAN_POINT('',(285.31,83.13,5.2));
#5618 = DIRECTION('',(0.,0.,-1.));
#5619 = DIRECTION('',(1.,0.,0.));
#5620 = ORIENTED_EDGE('',*,*,#5621,.T.);
#5621 = EDGE_CURVE('',#5613,#1609,#5622,.T.);
#5622 = LINE('',#5623,#5624);
#5623 = CARTESIAN_POINT('',(286.51,83.13,0.));
#5624 = VECTOR('',#5625,1.);
#5625 = DIRECTION('',(0.,0.,1.));
#5626 = ORIENTED_EDGE('',*,*,#1608,.T.);
#5627 = ORIENTED_EDGE('',*,*,#5621,.F.);
#5628 = CYLINDRICAL_SURFACE('',#5629,1.2);
#5629 = AXIS2_PLACEMENT_3D('',#5630,#5631,#5632);
#5630 = CARTESIAN_POINT('',(285.31,83.13,0.));
#5631 = DIRECTION('',(-0.,-0.,-1.));
#5632 = DIRECTION('',(1.,0.,0.));
#5633 = ADVANCED_FACE('',(#5634),#5659,.T.);
#5634 = FACE_BOUND('',#5635,.T.);
#5635 = EDGE_LOOP('',(#5636,#5646,#5652,#5653));
#5636 = ORIENTED_EDGE('',*,*,#5637,.F.);
#5637 = EDGE_CURVE('',#5638,#5640,#5642,.T.);
#5638 = VERTEX_POINT('',#5639);
#5639 = CARTESIAN_POINT('',(287.641331,90.224341,5.2));
#5640 = VERTEX_POINT('',#5641);
#5641 = CARTESIAN_POINT('',(287.641331,75.974331,5.2));
#5642 = LINE('',#5643,#5644);
#5643 = CARTESIAN_POINT('',(287.641331,70.232156432877,5.2));
#5644 = VECTOR('',#5645,1.);
#5645 = DIRECTION('',(0.,-1.,0.));
#5646 = ORIENTED_EDGE('',*,*,#5647,.T.);
#5647 = EDGE_CURVE('',#5638,#1620,#5648,.T.);
#5648 = LINE('',#5649,#5650);
#5649 = CARTESIAN_POINT('',(287.641331,90.224341,0.));
#5650 = VECTOR('',#5651,1.);
#5651 = DIRECTION('',(0.,0.,1.));
#5652 = ORIENTED_EDGE('',*,*,#1619,.T.);
#5653 = ORIENTED_EDGE('',*,*,#5654,.F.);
#5654 = EDGE_CURVE('',#5640,#1622,#5655,.T.);
#5655 = LINE('',#5656,#5657);
#5656 = CARTESIAN_POINT('',(287.641331,75.974331,0.));
#5657 = VECTOR('',#5658,1.);
#5658 = DIRECTION('',(0.,0.,1.));
#5659 = PLANE('',#5660);
#5660 = AXIS2_PLACEMENT_3D('',#5661,#5662,#5663);
#5661 = CARTESIAN_POINT('',(287.641331,90.224341,0.));
#5662 = DIRECTION('',(1.,0.,0.));
#5663 = DIRECTION('',(0.,-1.,0.));
#5664 = ADVANCED_FACE('',(#5665),#5683,.T.);
#5665 = FACE_BOUND('',#5666,.T.);
#5666 = EDGE_LOOP('',(#5667,#5675,#5681,#5682));
#5667 = ORIENTED_EDGE('',*,*,#5668,.F.);
#5668 = EDGE_CURVE('',#5669,#5638,#5671,.T.);
#5669 = VERTEX_POINT('',#5670);
#5670 = CARTESIAN_POINT('',(301.891341,90.224341,5.2));
#5671 = LINE('',#5672,#5673);
#5672 = CARTESIAN_POINT('',(268.50758061799,90.224341,5.2));
#5673 = VECTOR('',#5674,1.);
#5674 = DIRECTION('',(-1.,0.,0.));
#5675 = ORIENTED_EDGE('',*,*,#5676,.T.);
#5676 = EDGE_CURVE('',#5669,#1630,#5677,.T.);
#5677 = LINE('',#5678,#5679);
#5678 = CARTESIAN_POINT('',(301.891341,90.224341,0.));
#5679 = VECTOR('',#5680,1.);
#5680 = DIRECTION('',(0.,0.,1.));
#5681 = ORIENTED_EDGE('',*,*,#1629,.T.);
#5682 = ORIENTED_EDGE('',*,*,#5647,.F.);
#5683 = PLANE('',#5684);
#5684 = AXIS2_PLACEMENT_3D('',#5685,#5686,#5687);
#5685 = CARTESIAN_POINT('',(301.891341,90.224341,0.));
#5686 = DIRECTION('',(0.,-1.,0.));
#5687 = DIRECTION('',(-1.,0.,0.));
#5688 = ADVANCED_FACE('',(#5689),#5707,.T.);
#5689 = FACE_BOUND('',#5690,.T.);
#5690 = EDGE_LOOP('',(#5691,#5699,#5700,#5701));
#5691 = ORIENTED_EDGE('',*,*,#5692,.F.);
#5692 = EDGE_CURVE('',#5640,#5693,#5695,.T.);
#5693 = VERTEX_POINT('',#5694);
#5694 = CARTESIAN_POINT('',(301.891341,75.974331,5.2));
#5695 = LINE('',#5696,#5697);
#5696 = CARTESIAN_POINT('',(261.38257561799,75.974331,5.2));
#5697 = VECTOR('',#5698,1.);
#5698 = DIRECTION('',(1.,0.,0.));
#5699 = ORIENTED_EDGE('',*,*,#5654,.T.);
#5700 = ORIENTED_EDGE('',*,*,#1645,.T.);
#5701 = ORIENTED_EDGE('',*,*,#5702,.F.);
#5702 = EDGE_CURVE('',#5693,#1638,#5703,.T.);
#5703 = LINE('',#5704,#5705);
#5704 = CARTESIAN_POINT('',(301.891341,75.974331,0.));
#5705 = VECTOR('',#5706,1.);
#5706 = DIRECTION('',(0.,0.,1.));
#5707 = PLANE('',#5708);
#5708 = AXIS2_PLACEMENT_3D('',#5709,#5710,#5711);
#5709 = CARTESIAN_POINT('',(287.641331,75.974331,0.));
#5710 = DIRECTION('',(0.,1.,0.));
#5711 = DIRECTION('',(1.,0.,0.));
#5712 = ADVANCED_FACE('',(#5713),#5724,.T.);
#5713 = FACE_BOUND('',#5714,.T.);
#5714 = EDGE_LOOP('',(#5715,#5721,#5722,#5723));
#5715 = ORIENTED_EDGE('',*,*,#5716,.F.);
#5716 = EDGE_CURVE('',#5693,#5669,#5717,.T.);
#5717 = LINE('',#5718,#5719);
#5718 = CARTESIAN_POINT('',(301.891341,63.107151432877,5.2));
#5719 = VECTOR('',#5720,1.);
#5720 = DIRECTION('',(0.,1.,0.));
#5721 = ORIENTED_EDGE('',*,*,#5702,.T.);
#5722 = ORIENTED_EDGE('',*,*,#1637,.T.);
#5723 = ORIENTED_EDGE('',*,*,#5676,.F.);
#5724 = PLANE('',#5725);
#5725 = AXIS2_PLACEMENT_3D('',#5726,#5727,#5728);
#5726 = CARTESIAN_POINT('',(301.891341,75.974331,0.));
#5727 = DIRECTION('',(-1.,0.,0.));
#5728 = DIRECTION('',(0.,1.,0.));
#5729 = ADVANCED_FACE('',(#5730),#5755,.F.);
#5730 = FACE_BOUND('',#5731,.F.);
#5731 = EDGE_LOOP('',(#5732,#5740,#5748,#5754));
#5732 = ORIENTED_EDGE('',*,*,#5733,.T.);
#5733 = EDGE_CURVE('',#1654,#5734,#5736,.T.);
#5734 = VERTEX_POINT('',#5735);
#5735 = CARTESIAN_POINT('',(308.27612802086,92.932172065454,5.));
#5736 = LINE('',#5737,#5738);
#5737 = CARTESIAN_POINT('',(308.27612802086,92.932172065454,7.));
#5738 = VECTOR('',#5739,1.);
#5739 = DIRECTION('',(-0.,-0.,-1.));
#5740 = ORIENTED_EDGE('',*,*,#5741,.T.);
#5741 = EDGE_CURVE('',#5734,#5742,#5744,.T.);
#5742 = VERTEX_POINT('',#5743);
#5743 = CARTESIAN_POINT('',(308.94905794848,95.44357910385,5.));
#5744 = LINE('',#5745,#5746);
#5745 = CARTESIAN_POINT('',(308.27612802086,92.932172065454,5.));
#5746 = VECTOR('',#5747,1.);
#5747 = DIRECTION('',(0.258819202932,0.965925783999,0.));
#5748 = ORIENTED_EDGE('',*,*,#5749,.F.);
#5749 = EDGE_CURVE('',#1656,#5742,#5750,.T.);
#5750 = LINE('',#5751,#5752);
#5751 = CARTESIAN_POINT('',(308.94905794848,95.44357910385,7.));
#5752 = VECTOR('',#5753,1.);
#5753 = DIRECTION('',(-0.,-0.,-1.));
#5754 = ORIENTED_EDGE('',*,*,#1653,.F.);
#5755 = PLANE('',#5756);
#5756 = AXIS2_PLACEMENT_3D('',#5757,#5758,#5759);
#5757 = CARTESIAN_POINT('',(308.27612802086,92.932172065454,7.));
#5758 = DIRECTION('',(0.965925783999,-0.258819202932,0.));
#5759 = DIRECTION('',(0.258819202932,0.965925783999,0.));
#5760 = ADVANCED_FACE('',(#5761),#5779,.F.);
#5761 = FACE_BOUND('',#5762,.F.);
#5762 = EDGE_LOOP('',(#5763,#5764,#5772,#5778));
#5763 = ORIENTED_EDGE('',*,*,#5749,.T.);
#5764 = ORIENTED_EDGE('',*,*,#5765,.T.);
#5765 = EDGE_CURVE('',#5742,#5766,#5768,.T.);
#5766 = VERTEX_POINT('',#5767);
#5767 = CARTESIAN_POINT('',(307.1105806178,97.282057035338,5.));
#5768 = LINE('',#5769,#5770);
#5769 = CARTESIAN_POINT('',(308.94905794848,95.44357910385,5.));
#5770 = VECTOR('',#5771,1.);
#5771 = DIRECTION('',(-0.707106665647,0.707106896726,0.));
#5772 = ORIENTED_EDGE('',*,*,#5773,.F.);
#5773 = EDGE_CURVE('',#1688,#5766,#5774,.T.);
#5774 = LINE('',#5775,#5776);
#5775 = CARTESIAN_POINT('',(307.1105806178,97.282057035338,7.));
#5776 = VECTOR('',#5777,1.);
#5777 = DIRECTION('',(-0.,-0.,-1.));
#5778 = ORIENTED_EDGE('',*,*,#1695,.F.);
#5779 = PLANE('',#5780);
#5780 = AXIS2_PLACEMENT_3D('',#5781,#5782,#5783);
#5781 = CARTESIAN_POINT('',(308.94905794848,95.44357910385,7.));
#5782 = DIRECTION('',(0.707106896726,0.707106665647,0.));
#5783 = DIRECTION('',(-0.707106665647,0.707106896726,0.));
#5784 = ADVANCED_FACE('',(#5785),#5803,.F.);
#5785 = FACE_BOUND('',#5786,.F.);
#5786 = EDGE_LOOP('',(#5787,#5788,#5796,#5802));
#5787 = ORIENTED_EDGE('',*,*,#5773,.T.);
#5788 = ORIENTED_EDGE('',*,*,#5789,.T.);
#5789 = EDGE_CURVE('',#5766,#5790,#5792,.T.);
#5790 = VERTEX_POINT('',#5791);
#5791 = CARTESIAN_POINT('',(304.59917335949,96.609127928429,5.));
#5792 = LINE('',#5793,#5794);
#5793 = CARTESIAN_POINT('',(307.1105806178,97.282057035338,5.));
#5794 = VECTOR('',#5795,1.);
#5795 = DIRECTION('',(-0.965925868579,-0.258818887273,0.));
#5796 = ORIENTED_EDGE('',*,*,#5797,.F.);
#5797 = EDGE_CURVE('',#1680,#5790,#5798,.T.);
#5798 = LINE('',#5799,#5800);
#5799 = CARTESIAN_POINT('',(304.59917335949,96.609127928429,7.));
#5800 = VECTOR('',#5801,1.);
#5801 = DIRECTION('',(-0.,-0.,-1.));
#5802 = ORIENTED_EDGE('',*,*,#1687,.F.);
#5803 = PLANE('',#5804);
#5804 = AXIS2_PLACEMENT_3D('',#5805,#5806,#5807);
#5805 = CARTESIAN_POINT('',(307.1105806178,97.282057035338,7.));
#5806 = DIRECTION('',(-0.258818887273,0.965925868579,0.));
#5807 = DIRECTION('',(-0.965925868579,-0.258818887273,0.));
#5808 = ADVANCED_FACE('',(#5809),#5827,.F.);
#5809 = FACE_BOUND('',#5810,.F.);
#5810 = EDGE_LOOP('',(#5811,#5812,#5820,#5826));
#5811 = ORIENTED_EDGE('',*,*,#5797,.T.);
#5812 = ORIENTED_EDGE('',*,*,#5813,.T.);
#5813 = EDGE_CURVE('',#5790,#5814,#5816,.T.);
#5814 = VERTEX_POINT('',#5815);
#5815 = CARTESIAN_POINT('',(303.92624343187,94.097720890032,5.));
#5816 = LINE('',#5817,#5818);
#5817 = CARTESIAN_POINT('',(304.59917335949,96.609127928429,5.));
#5818 = VECTOR('',#5819,1.);
#5819 = DIRECTION('',(-0.258819202932,-0.965925783999,0.));
#5820 = ORIENTED_EDGE('',*,*,#5821,.F.);
#5821 = EDGE_CURVE('',#1672,#5814,#5822,.T.);
#5822 = LINE('',#5823,#5824);
#5823 = CARTESIAN_POINT('',(303.92624343187,94.097720890032,7.));
#5824 = VECTOR('',#5825,1.);
#5825 = DIRECTION('',(-0.,-0.,-1.));
#5826 = ORIENTED_EDGE('',*,*,#1679,.F.);
#5827 = PLANE('',#5828);
#5828 = AXIS2_PLACEMENT_3D('',#5829,#5830,#5831);
#5829 = CARTESIAN_POINT('',(304.59917335949,96.609127928429,7.));
#5830 = DIRECTION('',(-0.965925783999,0.258819202932,0.));
#5831 = DIRECTION('',(-0.258819202932,-0.965925783999,0.));
#5832 = ADVANCED_FACE('',(#5833),#5851,.F.);
#5833 = FACE_BOUND('',#5834,.F.);
#5834 = EDGE_LOOP('',(#5835,#5836,#5844,#5850));
#5835 = ORIENTED_EDGE('',*,*,#5821,.T.);
#5836 = ORIENTED_EDGE('',*,*,#5837,.T.);
#5837 = EDGE_CURVE('',#5814,#5838,#5840,.T.);
#5838 = VERTEX_POINT('',#5839);
#5839 = CARTESIAN_POINT('',(305.76472076255,92.259242958545,5.));
#5840 = LINE('',#5841,#5842);
#5841 = CARTESIAN_POINT('',(303.92624343187,94.097720890032,5.));
#5842 = VECTOR('',#5843,1.);
#5843 = DIRECTION('',(0.707106665647,-0.707106896726,0.));
#5844 = ORIENTED_EDGE('',*,*,#5845,.F.);
#5845 = EDGE_CURVE('',#1664,#5838,#5846,.T.);
#5846 = LINE('',#5847,#5848);
#5847 = CARTESIAN_POINT('',(305.76472076255,92.259242958545,7.));
#5848 = VECTOR('',#5849,1.);
#5849 = DIRECTION('',(-0.,-0.,-1.));
#5850 = ORIENTED_EDGE('',*,*,#1671,.F.);
#5851 = PLANE('',#5852);
#5852 = AXIS2_PLACEMENT_3D('',#5853,#5854,#5855);
#5853 = CARTESIAN_POINT('',(303.92624343187,94.097720890032,7.));
#5854 = DIRECTION('',(-0.707106896726,-0.707106665647,0.));
#5855 = DIRECTION('',(0.707106665647,-0.707106896726,0.));
#5856 = ADVANCED_FACE('',(#5857),#5868,.F.);
#5857 = FACE_BOUND('',#5858,.F.);
#5858 = EDGE_LOOP('',(#5859,#5860,#5866,#5867));
#5859 = ORIENTED_EDGE('',*,*,#5845,.T.);
#5860 = ORIENTED_EDGE('',*,*,#5861,.T.);
#5861 = EDGE_CURVE('',#5838,#5734,#5862,.T.);
#5862 = LINE('',#5863,#5864);
#5863 = CARTESIAN_POINT('',(305.76472076255,92.259242958545,5.));
#5864 = VECTOR('',#5865,1.);
#5865 = DIRECTION('',(0.965925868579,0.258818887273,0.));
#5866 = ORIENTED_EDGE('',*,*,#5733,.F.);
#5867 = ORIENTED_EDGE('',*,*,#1663,.F.);
#5868 = PLANE('',#5869);
#5869 = AXIS2_PLACEMENT_3D('',#5870,#5871,#5872);
#5870 = CARTESIAN_POINT('',(305.76472076255,92.259242958545,7.));
#5871 = DIRECTION('',(0.258818887273,-0.965925868579,0.));
#5872 = DIRECTION('',(0.965925868579,0.258818887273,0.));
#5873 = ADVANCED_FACE('',(#5874,#5902,#5908,#5911,#5917,#5923,#5929,
    #5935,#5938,#5944,#5950,#5956,#5962,#5968,#5971,#5977,#5983,#5989,
    #5992,#5998,#6004,#6010,#6013,#6019,#6025,#6031,#6037,#6043,#6049,
    #6055,#6061,#6064),#6070,.F.);
#5874 = FACE_BOUND('',#5875,.F.);
#5875 = EDGE_LOOP('',(#5876,#5877,#5878,#5879,#5880,#5881,#5882,#5883,
    #5884,#5885,#5886,#5887,#5888,#5889,#5890,#5891,#5892,#5893,#5894,
    #5895,#5896,#5897,#5898,#5899,#5900,#5901));
#5876 = ORIENTED_EDGE('',*,*,#2067,.F.);
#5877 = ORIENTED_EDGE('',*,*,#2025,.T.);
#5878 = ORIENTED_EDGE('',*,*,#1943,.T.);
#5879 = ORIENTED_EDGE('',*,*,#2351,.T.);
#5880 = ORIENTED_EDGE('',*,*,#2399,.T.);
#5881 = ORIENTED_EDGE('',*,*,#2448,.T.);
#5882 = ORIENTED_EDGE('',*,*,#2497,.T.);
#5883 = ORIENTED_EDGE('',*,*,#2521,.T.);
#5884 = ORIENTED_EDGE('',*,*,#2473,.F.);
#5885 = ORIENTED_EDGE('',*,*,#2423,.T.);
#5886 = ORIENTED_EDGE('',*,*,#2375,.F.);
#5887 = ORIENTED_EDGE('',*,*,#2327,.F.);
#5888 = ORIENTED_EDGE('',*,*,#2303,.F.);
#5889 = ORIENTED_EDGE('',*,*,#2261,.T.);
#5890 = ORIENTED_EDGE('',*,*,#2237,.F.);
#5891 = ORIENTED_EDGE('',*,*,#2200,.T.);
#5892 = ORIENTED_EDGE('',*,*,#2159,.F.);
#5893 = ORIENTED_EDGE('',*,*,#2117,.T.);
#5894 = ORIENTED_EDGE('',*,*,#2083,.F.);
#5895 = ORIENTED_EDGE('',*,*,#1720,.F.);
#5896 = ORIENTED_EDGE('',*,*,#2734,.F.);
#5897 = ORIENTED_EDGE('',*,*,#2710,.F.);
#5898 = ORIENTED_EDGE('',*,*,#2686,.F.);
#5899 = ORIENTED_EDGE('',*,*,#2662,.F.);
#5900 = ORIENTED_EDGE('',*,*,#2638,.F.);
#5901 = ORIENTED_EDGE('',*,*,#1786,.T.);
#5902 = FACE_BOUND('',#5903,.F.);
#5903 = EDGE_LOOP('',(#5904,#5905,#5906,#5907));
#5904 = ORIENTED_EDGE('',*,*,#2926,.T.);
#5905 = ORIENTED_EDGE('',*,*,#2895,.T.);
#5906 = ORIENTED_EDGE('',*,*,#2950,.T.);
#5907 = ORIENTED_EDGE('',*,*,#2974,.T.);
#5908 = FACE_BOUND('',#5909,.F.);
#5909 = EDGE_LOOP('',(#5910));
#5910 = ORIENTED_EDGE('',*,*,#2991,.T.);
#5911 = FACE_BOUND('',#5912,.F.);
#5912 = EDGE_LOOP('',(#5913,#5914,#5915,#5916));
#5913 = ORIENTED_EDGE('',*,*,#3047,.T.);
#5914 = ORIENTED_EDGE('',*,*,#3016,.T.);
#5915 = ORIENTED_EDGE('',*,*,#3071,.T.);
#5916 = ORIENTED_EDGE('',*,*,#3095,.T.);
#5917 = FACE_BOUND('',#5918,.F.);
#5918 = EDGE_LOOP('',(#5919,#5920,#5921,#5922));
#5919 = ORIENTED_EDGE('',*,*,#3329,.F.);
#5920 = ORIENTED_EDGE('',*,*,#3360,.F.);
#5921 = ORIENTED_EDGE('',*,*,#3408,.F.);
#5922 = ORIENTED_EDGE('',*,*,#3384,.F.);
#5923 = FACE_BOUND('',#5924,.F.);
#5924 = EDGE_LOOP('',(#5925,#5926,#5927,#5928));
#5925 = ORIENTED_EDGE('',*,*,#3112,.F.);
#5926 = ORIENTED_EDGE('',*,*,#3143,.F.);
#5927 = ORIENTED_EDGE('',*,*,#3191,.F.);
#5928 = ORIENTED_EDGE('',*,*,#3167,.F.);
#5929 = FACE_BOUND('',#5930,.F.);
#5930 = EDGE_LOOP('',(#5931,#5932,#5933,#5934));
#5931 = ORIENTED_EDGE('',*,*,#3208,.F.);
#5932 = ORIENTED_EDGE('',*,*,#3239,.F.);
#5933 = ORIENTED_EDGE('',*,*,#3287,.F.);
#5934 = ORIENTED_EDGE('',*,*,#3263,.F.);
#5935 = FACE_BOUND('',#5936,.F.);
#5936 = EDGE_LOOP('',(#5937));
#5937 = ORIENTED_EDGE('',*,*,#3304,.T.);
#5938 = FACE_BOUND('',#5939,.F.);
#5939 = EDGE_LOOP('',(#5940,#5941,#5942,#5943));
#5940 = ORIENTED_EDGE('',*,*,#3425,.F.);
#5941 = ORIENTED_EDGE('',*,*,#3456,.F.);
#5942 = ORIENTED_EDGE('',*,*,#3504,.F.);
#5943 = ORIENTED_EDGE('',*,*,#3480,.F.);
#5944 = FACE_BOUND('',#5945,.F.);
#5945 = EDGE_LOOP('',(#5946,#5947,#5948,#5949));
#5946 = ORIENTED_EDGE('',*,*,#3665,.F.);
#5947 = ORIENTED_EDGE('',*,*,#3696,.F.);
#5948 = ORIENTED_EDGE('',*,*,#3744,.F.);
#5949 = ORIENTED_EDGE('',*,*,#3720,.F.);
#5950 = FACE_BOUND('',#5951,.F.);
#5951 = EDGE_LOOP('',(#5952,#5953,#5954,#5955));
#5952 = ORIENTED_EDGE('',*,*,#3761,.F.);
#5953 = ORIENTED_EDGE('',*,*,#3792,.F.);
#5954 = ORIENTED_EDGE('',*,*,#3840,.F.);
#5955 = ORIENTED_EDGE('',*,*,#3816,.F.);
#5956 = FACE_BOUND('',#5957,.F.);
#5957 = EDGE_LOOP('',(#5958,#5959,#5960,#5961));
#5958 = ORIENTED_EDGE('',*,*,#3857,.F.);
#5959 = ORIENTED_EDGE('',*,*,#3888,.F.);
#5960 = ORIENTED_EDGE('',*,*,#3936,.F.);
#5961 = ORIENTED_EDGE('',*,*,#3912,.F.);
#5962 = FACE_BOUND('',#5963,.F.);
#5963 = EDGE_LOOP('',(#5964,#5965,#5966,#5967));
#5964 = ORIENTED_EDGE('',*,*,#3953,.F.);
#5965 = ORIENTED_EDGE('',*,*,#3984,.F.);
#5966 = ORIENTED_EDGE('',*,*,#4032,.F.);
#5967 = ORIENTED_EDGE('',*,*,#4008,.F.);
#5968 = FACE_BOUND('',#5969,.F.);
#5969 = EDGE_LOOP('',(#5970));
#5970 = ORIENTED_EDGE('',*,*,#4049,.T.);
#5971 = FACE_BOUND('',#5972,.F.);
#5972 = EDGE_LOOP('',(#5973,#5974,#5975,#5976));
#5973 = ORIENTED_EDGE('',*,*,#4074,.F.);
#5974 = ORIENTED_EDGE('',*,*,#4105,.F.);
#5975 = ORIENTED_EDGE('',*,*,#4153,.F.);
#5976 = ORIENTED_EDGE('',*,*,#4129,.F.);
#5977 = FACE_BOUND('',#5978,.F.);
#5978 = EDGE_LOOP('',(#5979,#5980,#5981,#5982));
#5979 = ORIENTED_EDGE('',*,*,#4170,.F.);
#5980 = ORIENTED_EDGE('',*,*,#4201,.F.);
#5981 = ORIENTED_EDGE('',*,*,#4249,.F.);
#5982 = ORIENTED_EDGE('',*,*,#4225,.F.);
#5983 = FACE_BOUND('',#5984,.F.);
#5984 = EDGE_LOOP('',(#5985,#5986,#5987,#5988));
#5985 = ORIENTED_EDGE('',*,*,#4266,.F.);
#5986 = ORIENTED_EDGE('',*,*,#4297,.F.);
#5987 = ORIENTED_EDGE('',*,*,#4345,.F.);
#5988 = ORIENTED_EDGE('',*,*,#4321,.F.);
#5989 = FACE_BOUND('',#5990,.F.);
#5990 = EDGE_LOOP('',(#5991));
#5991 = ORIENTED_EDGE('',*,*,#4362,.T.);
#5992 = FACE_BOUND('',#5993,.F.);
#5993 = EDGE_LOOP('',(#5994,#5995,#5996,#5997));
#5994 = ORIENTED_EDGE('',*,*,#4387,.F.);
#5995 = ORIENTED_EDGE('',*,*,#4418,.F.);
#5996 = ORIENTED_EDGE('',*,*,#4466,.F.);
#5997 = ORIENTED_EDGE('',*,*,#4442,.F.);
#5998 = FACE_BOUND('',#5999,.F.);
#5999 = EDGE_LOOP('',(#6000,#6001,#6002,#6003));
#6000 = ORIENTED_EDGE('',*,*,#4483,.F.);
#6001 = ORIENTED_EDGE('',*,*,#4514,.F.);
#6002 = ORIENTED_EDGE('',*,*,#4562,.F.);
#6003 = ORIENTED_EDGE('',*,*,#4538,.F.);
#6004 = FACE_BOUND('',#6005,.F.);
#6005 = EDGE_LOOP('',(#6006,#6007,#6008,#6009));
#6006 = ORIENTED_EDGE('',*,*,#4579,.F.);
#6007 = ORIENTED_EDGE('',*,*,#4610,.F.);
#6008 = ORIENTED_EDGE('',*,*,#4658,.F.);
#6009 = ORIENTED_EDGE('',*,*,#4634,.F.);
#6010 = FACE_BOUND('',#6011,.F.);
#6011 = EDGE_LOOP('',(#6012));
#6012 = ORIENTED_EDGE('',*,*,#4819,.T.);
#6013 = FACE_BOUND('',#6014,.F.);
#6014 = EDGE_LOOP('',(#6015,#6016,#6017,#6018));
#6015 = ORIENTED_EDGE('',*,*,#4844,.F.);
#6016 = ORIENTED_EDGE('',*,*,#4875,.F.);
#6017 = ORIENTED_EDGE('',*,*,#4923,.F.);
#6018 = ORIENTED_EDGE('',*,*,#4899,.F.);
#6019 = FACE_BOUND('',#6020,.F.);
#6020 = EDGE_LOOP('',(#6021,#6022,#6023,#6024));
#6021 = ORIENTED_EDGE('',*,*,#4940,.F.);
#6022 = ORIENTED_EDGE('',*,*,#4971,.F.);
#6023 = ORIENTED_EDGE('',*,*,#5019,.F.);
#6024 = ORIENTED_EDGE('',*,*,#4995,.F.);
#6025 = FACE_BOUND('',#6026,.F.);
#6026 = EDGE_LOOP('',(#6027,#6028,#6029,#6030));
#6027 = ORIENTED_EDGE('',*,*,#5036,.F.);
#6028 = ORIENTED_EDGE('',*,*,#5067,.F.);
#6029 = ORIENTED_EDGE('',*,*,#5115,.F.);
#6030 = ORIENTED_EDGE('',*,*,#5091,.F.);
#6031 = FACE_BOUND('',#6032,.F.);
#6032 = EDGE_LOOP('',(#6033,#6034,#6035,#6036));
#6033 = ORIENTED_EDGE('',*,*,#5132,.F.);
#6034 = ORIENTED_EDGE('',*,*,#5163,.F.);
#6035 = ORIENTED_EDGE('',*,*,#5211,.F.);
#6036 = ORIENTED_EDGE('',*,*,#5187,.F.);
#6037 = FACE_BOUND('',#6038,.F.);
#6038 = EDGE_LOOP('',(#6039,#6040,#6041,#6042));
#6039 = ORIENTED_EDGE('',*,*,#5228,.F.);
#6040 = ORIENTED_EDGE('',*,*,#5259,.F.);
#6041 = ORIENTED_EDGE('',*,*,#5307,.F.);
#6042 = ORIENTED_EDGE('',*,*,#5283,.F.);
#6043 = FACE_BOUND('',#6044,.F.);
#6044 = EDGE_LOOP('',(#6045,#6046,#6047,#6048));
#6045 = ORIENTED_EDGE('',*,*,#5324,.F.);
#6046 = ORIENTED_EDGE('',*,*,#5355,.F.);
#6047 = ORIENTED_EDGE('',*,*,#5403,.F.);
#6048 = ORIENTED_EDGE('',*,*,#5379,.F.);
#6049 = FACE_BOUND('',#6050,.F.);
#6050 = EDGE_LOOP('',(#6051,#6052,#6053,#6054));
#6051 = ORIENTED_EDGE('',*,*,#5420,.F.);
#6052 = ORIENTED_EDGE('',*,*,#5451,.F.);
#6053 = ORIENTED_EDGE('',*,*,#5499,.F.);
#6054 = ORIENTED_EDGE('',*,*,#5475,.F.);
#6055 = FACE_BOUND('',#6056,.F.);
#6056 = EDGE_LOOP('',(#6057,#6058,#6059,#6060));
#6057 = ORIENTED_EDGE('',*,*,#5516,.F.);
#6058 = ORIENTED_EDGE('',*,*,#5547,.F.);
#6059 = ORIENTED_EDGE('',*,*,#5595,.F.);
#6060 = ORIENTED_EDGE('',*,*,#5571,.F.);
#6061 = FACE_BOUND('',#6062,.F.);
#6062 = EDGE_LOOP('',(#6063));
#6063 = ORIENTED_EDGE('',*,*,#5612,.T.);
#6064 = FACE_BOUND('',#6065,.F.);
#6065 = EDGE_LOOP('',(#6066,#6067,#6068,#6069));
#6066 = ORIENTED_EDGE('',*,*,#5637,.F.);
#6067 = ORIENTED_EDGE('',*,*,#5668,.F.);
#6068 = ORIENTED_EDGE('',*,*,#5716,.F.);
#6069 = ORIENTED_EDGE('',*,*,#5692,.F.);
#6070 = PLANE('',#6071);
#6071 = AXIS2_PLACEMENT_3D('',#6072,#6073,#6074);
#6072 = CARTESIAN_POINT('',(235.12382023599,50.239971865754,5.2));
#6073 = DIRECTION('',(0.,0.,1.));
#6074 = DIRECTION('',(1.,0.,0.));
#6075 = ADVANCED_FACE('',(#6076),#6087,.F.);
#6076 = FACE_BOUND('',#6077,.F.);
#6077 = EDGE_LOOP('',(#6078,#6079,#6085,#6086));
#6078 = ORIENTED_EDGE('',*,*,#1862,.F.);
#6079 = ORIENTED_EDGE('',*,*,#6080,.T.);
#6080 = EDGE_CURVE('',#1855,#1962,#6081,.T.);
#6081 = LINE('',#6082,#6083);
#6082 = CARTESIAN_POINT('',(164.078828,56.329331960767,2.5));
#6083 = VECTOR('',#6084,1.);
#6084 = DIRECTION('',(1.,0.,0.));
#6085 = ORIENTED_EDGE('',*,*,#1961,.T.);
#6086 = ORIENTED_EDGE('',*,*,#1903,.F.);
#6087 = CYLINDRICAL_SURFACE('',#6088,0.5);
#6088 = AXIS2_PLACEMENT_3D('',#6089,#6090,#6091);
#6089 = CARTESIAN_POINT('',(164.078828,56.329331960767,2.));
#6090 = DIRECTION('',(-1.,0.,0.));
#6091 = DIRECTION('',(0.,-1.,0.));
#6092 = ADVANCED_FACE('',(#6093),#6104,.F.);
#6093 = FACE_BOUND('',#6094,.F.);
#6094 = EDGE_LOOP('',(#6095,#6096,#6102,#6103));
#6095 = ORIENTED_EDGE('',*,*,#1854,.F.);
#6096 = ORIENTED_EDGE('',*,*,#6097,.T.);
#6097 = EDGE_CURVE('',#1846,#1971,#6098,.T.);
#6098 = LINE('',#6099,#6100);
#6099 = CARTESIAN_POINT('',(164.078828,47.329331960769,2.5));
#6100 = VECTOR('',#6101,1.);
#6101 = DIRECTION('',(1.,0.,0.));
#6102 = ORIENTED_EDGE('',*,*,#1970,.T.);
#6103 = ORIENTED_EDGE('',*,*,#6080,.F.);
#6104 = PLANE('',#6105);
#6105 = AXIS2_PLACEMENT_3D('',#6106,#6107,#6108);
#6106 = CARTESIAN_POINT('',(164.078828,47.329331960769,2.5));
#6107 = DIRECTION('',(0.,0.,1.));
#6108 = DIRECTION('',(0.,1.,0.));
#6109 = ADVANCED_FACE('',(#6110),#6116,.F.);
#6110 = FACE_BOUND('',#6111,.F.);
#6111 = EDGE_LOOP('',(#6112,#6113,#6114,#6115));
#6112 = ORIENTED_EDGE('',*,*,#1845,.F.);
#6113 = ORIENTED_EDGE('',*,*,#2289,.T.);
#6114 = ORIENTED_EDGE('',*,*,#1978,.T.);
#6115 = ORIENTED_EDGE('',*,*,#6097,.F.);
#6116 = CYLINDRICAL_SURFACE('',#6117,0.5);
#6117 = AXIS2_PLACEMENT_3D('',#6118,#6119,#6120);
#6118 = CARTESIAN_POINT('',(164.078828,47.329331960769,2.));
#6119 = DIRECTION('',(-1.,0.,0.));
#6120 = DIRECTION('',(0.,-1.,0.));
#6121 = ADVANCED_FACE('',(#6122,#6130),#6133,.T.);
#6122 = FACE_BOUND('',#6123,.T.);
#6123 = EDGE_LOOP('',(#6124,#6125,#6126,#6127,#6128,#6129));
#6124 = ORIENTED_EDGE('',*,*,#2759,.T.);
#6125 = ORIENTED_EDGE('',*,*,#2783,.T.);
#6126 = ORIENTED_EDGE('',*,*,#2807,.T.);
#6127 = ORIENTED_EDGE('',*,*,#2831,.T.);
#6128 = ORIENTED_EDGE('',*,*,#2855,.T.);
#6129 = ORIENTED_EDGE('',*,*,#2879,.T.);
#6130 = FACE_BOUND('',#6131,.T.);
#6131 = EDGE_LOOP('',(#6132));
#6132 = ORIENTED_EDGE('',*,*,#2538,.F.);
#6133 = PLANE('',#6134);
#6134 = AXIS2_PLACEMENT_3D('',#6135,#6136,#6137);
#6135 = CARTESIAN_POINT('',(238.542699653,50.413407585755,5.));
#6136 = DIRECTION('',(0.,0.,1.));
#6137 = DIRECTION('',(1.,0.,0.));
#6138 = ADVANCED_FACE('',(#6139,#6147),#6150,.T.);
#6139 = FACE_BOUND('',#6140,.T.);
#6140 = EDGE_LOOP('',(#6141,#6142,#6143,#6144,#6145,#6146));
#6141 = ORIENTED_EDGE('',*,*,#3529,.T.);
#6142 = ORIENTED_EDGE('',*,*,#3553,.T.);
#6143 = ORIENTED_EDGE('',*,*,#3577,.T.);
#6144 = ORIENTED_EDGE('',*,*,#3601,.T.);
#6145 = ORIENTED_EDGE('',*,*,#3625,.T.);
#6146 = ORIENTED_EDGE('',*,*,#3649,.T.);
#6147 = FACE_BOUND('',#6148,.T.);
#6148 = EDGE_LOOP('',(#6149));
#6149 = ORIENTED_EDGE('',*,*,#2563,.F.);
#6150 = PLANE('',#6151);
#6151 = AXIS2_PLACEMENT_3D('',#6152,#6153,#6154);
#6152 = CARTESIAN_POINT('',(238.542699653,50.413407585755,5.));
#6153 = DIRECTION('',(0.,0.,1.));
#6154 = DIRECTION('',(1.,0.,0.));
#6155 = ADVANCED_FACE('',(#6156,#6164),#6167,.T.);
#6156 = FACE_BOUND('',#6157,.T.);
#6157 = EDGE_LOOP('',(#6158,#6159,#6160,#6161,#6162,#6163));
#6158 = ORIENTED_EDGE('',*,*,#4683,.T.);
#6159 = ORIENTED_EDGE('',*,*,#4707,.T.);
#6160 = ORIENTED_EDGE('',*,*,#4731,.T.);
#6161 = ORIENTED_EDGE('',*,*,#4755,.T.);
#6162 = ORIENTED_EDGE('',*,*,#4779,.T.);
#6163 = ORIENTED_EDGE('',*,*,#4803,.T.);
#6164 = FACE_BOUND('',#6165,.T.);
#6165 = EDGE_LOOP('',(#6166));
#6166 = ORIENTED_EDGE('',*,*,#2588,.F.);
#6167 = PLANE('',#6168);
#6168 = AXIS2_PLACEMENT_3D('',#6169,#6170,#6171);
#6169 = CARTESIAN_POINT('',(238.542699653,50.413407585755,5.));
#6170 = DIRECTION('',(0.,0.,1.));
#6171 = DIRECTION('',(1.,0.,0.));
#6172 = ADVANCED_FACE('',(#6173,#6181),#6184,.T.);
#6173 = FACE_BOUND('',#6174,.T.);
#6174 = EDGE_LOOP('',(#6175,#6176,#6177,#6178,#6179,#6180));
#6175 = ORIENTED_EDGE('',*,*,#5741,.T.);
#6176 = ORIENTED_EDGE('',*,*,#5765,.T.);
#6177 = ORIENTED_EDGE('',*,*,#5789,.T.);
#6178 = ORIENTED_EDGE('',*,*,#5813,.T.);
#6179 = ORIENTED_EDGE('',*,*,#5837,.T.);
#6180 = ORIENTED_EDGE('',*,*,#5861,.T.);
#6181 = FACE_BOUND('',#6182,.T.);
#6182 = EDGE_LOOP('',(#6183));
#6183 = ORIENTED_EDGE('',*,*,#2613,.F.);
#6184 = PLANE('',#6185);
#6185 = AXIS2_PLACEMENT_3D('',#6186,#6187,#6188);
#6186 = CARTESIAN_POINT('',(238.542699653,50.413407585755,5.));
#6187 = DIRECTION('',(0.,0.,1.));
#6188 = DIRECTION('',(1.,0.,0.));
#6189 = ( GEOMETRIC_REPRESENTATION_CONTEXT(3) 
GLOBAL_UNCERTAINTY_ASSIGNED_CONTEXT((#6193)) 
GLOBAL_UNIT_ASSIGNED_CONTEXT((#6190,#6191,#6192)) REPRESENTATION_CONTEXT
('Context #1','3D Context with UNIT and UNCERTAINTY') );
#6190 = ( LENGTH_UNIT() NAMED_UNIT(*) SI_UNIT(.MILLI.,.METRE.) );
#6191 = ( NAMED_UNIT(*) PLANE_ANGLE_UNIT() SI_UNIT($,.RADIAN.) );
#6192 = ( NAMED_UNIT(*) SI_UNIT($,.STERADIAN.) SOLID_ANGLE_UNIT() );
#6193 = UNCERTAINTY_MEASURE_WITH_UNIT(LENGTH_MEASURE(2.E-05),#6190,
  'distance_accuracy_value','confusion accuracy');
#6194 = PRODUCT_RELATED_PRODUCT_CATEGORY('part',$,(#7));
#6195 = MECHANICAL_DESIGN_GEOMETRIC_PRESENTATION_REPRESENTATION('',(
    #6196),#6189);
#6196 = STYLED_ITEM('color',(#6197),#15);
#6197 = PRESENTATION_STYLE_ASSIGNMENT((#6198,#6204));
#6198 = SURFACE_STYLE_USAGE(.BOTH.,#6199);
#6199 = SURFACE_SIDE_STYLE('',(#6200));
#6200 = SURFACE_STYLE_FILL_AREA(#6201);
#6201 = FILL_AREA_STYLE('',(#6202));
#6202 = FILL_AREA_STYLE_COLOUR('',#6203);
#6203 = COLOUR_RGB('',0.447058818107,0.474509808674,0.501960817233);
#6204 = CURVE_STYLE('',#6205,POSITIVE_LENGTH_MEASURE(0.1),#6206);
#6205 = DRAUGHTING_PRE_DEFINED_CURVE_FONT('continuous');
#6206 = COLOUR_RGB('',9.803921802644E-02,9.803921802644E-02,
  9.803921802644E-02);
ENDSEC;
END-ISO-10303-21;
